{
  "Hopper-v4": {
    "DCPPO_ImpS_Power": {
      "seeds": [
        2696.4512457725623,
        2735.1315103537736,
        3200.009947597403,
        2884.3165586546047,
        2928.994965880354
      ],
      "mean": 2888.9808456517394,
      "std": 178.38119432790532,
      "n_seeds": 5
    },
    "DCPPO_ImpS_Linear": {
      "seeds": [
        3507.6865819875406,
        2183.518450057115,
        3385.37623387423,
        1268.0966257565328,
        2902.165128661404
      ],
      "mean": 2649.3686040673647,
      "std": 832.7366581650908,
      "n_seeds": 5
    }
  },
  "Walker2d-v4": {
    "DCPPO_ImpS_Power": {
      "seeds": [
        3590.285751552589,
        1697.1086773925067,
        2910.7750607008375,
        3543.3518958265245,
        1159.314583464651
      ],
      "mean": 2580.167193787422,
      "std": 985.4928022352466,
      "n_seeds": 5
    },
    "DCPPO_ImpS_Linear": {
      "seeds": [
        2098.937715124872,
        1452.8421010929237,
        2173.551134369284,
        706.2740912229604,
        1280.5109634056207
      ],
      "mean": 1542.423201043132,
      "std": 544.7566429432169,
      "n_seeds": 5
    }
  },
  "HalfCheetah-v4": {
    "DCPPO_ImpS_Power": {
      "seeds": [
        917.3430013198019,
        592.5955223489998,
        1294.5099248824563,
        1345.2555044203723,
        1295.2580333316187
      ],
      "mean": 1088.9923972606498,
      "std": 292.0024381485905,
      "n_seeds": 5
    },
    "DCPPO_ImpS_Linear": {
      "seeds": [
        945.6497143556553,
        1083.255329509302,
        973.2185987264827,
        852.0285058618708,
        1630.6954489412954
      ],
      "mean": 1096.9695194789215,
      "std": 276.86080284083755,
      "n_seeds": 5
    }
  }
}