{
  "env": "Walker2d-v4",
  "agent": "BHVF",
  "seed": 1,
  "config": {
    "hidden_dim": 256,
    "lr": 0.0003,
    "gamma": 0.99,
    "lam": 0.95,
    "eps_clip": 0.2,
    "n_epochs": 10,
    "batch_size": 64,
    "n_steps": 2048,
    "ent_coef": 0.0,
    "vf_coef": 0.5,
    "max_grad_norm": 0.5,
    "use_obs_norm": true,
    "use_adv_norm": true,
    "use_lr_anneal": true,
    "total_timesteps": 50000,
    "eval_freq": 20480,
    "n_eval_episodes": 10,
    "eval_mode": "deterministic_mean",
    "scr_ema_alpha": 0.1,
    "scr_relax": 0.05,
    "clip_c": 2.5,
    "use_dcppo_s": false,
    "dcppo_w_min": 0.1
  },
  "total_steps": 51200,
  "elapsed_s": 38.39480400085449,
  "final_reward": 306.3652453659343,
  "max_reward": 347.7858509578732,
  "eval_rewards": [
    273.4400095301489,
    297.8698756097809,
    347.7858509578732
  ],
  "eval_steps": [
    2048,
    22528,
    43008
  ],
  "episode_rewards": [
    24.89777941907333,
    11.289452255966136,
    58.07720446154596,
    17.722973066365423,
    88.76367478660946,
    14.664404285008255,
    43.72158362567919,
    294.1246181718921,
    19.695231670247576,
    35.95105970394067,
    17.562612764628366,
    201.52748580666295,
    162.56476262079272,
    232.2222186909478,
    278.4901218225368,
    379.5562811710709,
    81.65208792679752,
    290.544555430696,
    8.33217487597963,
    45.52531017160574,
    23.297924654400948,
    57.91813377247283,
    1.9045496437993208,
    148.26725905032825,
    291.3888501849683,
    214.67656656504246,
    31.904958456085602,
    211.5784789160689,
    30.63993417233822,
    56.86378798736107,
    55.97685574513877,
    399.262277663449,
    21.68313839448781,
    260.6870050250221,
    225.8930122830535,
    275.5086090477593,
    14.561740463398248,
    49.66134169838433,
    106.75693807363307,
    278.92938183122834,
    183.48911790938035,
    37.63404610565737,
    441.0851357539962,
    420.5198834306509,
    74.21460668885153,
    43.05129734859309,
    182.2531016263812,
    257.5366060376811,
    104.82845006121174,
    352.0777559392247,
    -1.4518773056490908,
    54.217145909683715,
    143.91908060928,
    108.44907598994276,
    287.68454440329634,
    327.498706845329,
    280.6543841926928,
    207.3555319520889,
    29.172087875185316,
    562.9635949349918,
    428.6144105100201,
    150.67564467258597,
    147.4225115428379,
    363.8297923760845,
    275.78720501737195,
    224.03317401287802,
    25.621099684102685,
    61.660147867715125,
    263.36528217473676,
    401.0344629755517,
    320.9438127343351,
    328.02230794666235,
    573.6966908804055,
    389.86177862820233,
    354.1161768620709,
    350.7703341835227,
    245.05489212319378,
    67.2450755333249,
    160.93181563738614,
    254.41938086692218,
    47.09129040486793,
    413.23062000794215,
    293.27714034564036,
    44.89696576119521,
    213.8909640534089,
    304.7939486026851,
    276.09654531239886,
    255.95982128801933,
    362.67017303164863,
    157.16319594038657,
    126.80772366588744,
    276.5579565610247,
    45.77441410133394,
    345.07659446988487,
    82.30846191597959,
    295.469354802023,
    195.8554852517371,
    17.502757623873052,
    325.5915642110023,
    627.9233557583664,
    351.5685140993521,
    292.9850164504697,
    314.4986645964773,
    461.57497127741203,
    310.30659701133123,
    109.68760131166299,
    102.23019503039677,
    467.9103701993263,
    298.60650304049483,
    304.7072650876983,
    33.311645647515135,
    490.7299925649111,
    421.0664666512912,
    477.1254283064372,
    356.97202787642794,
    299.9782951107532,
    390.50578248846546,
    367.55370010335,
    260.17595649387295,
    82.65203869115227,
    176.69071876489318,
    425.02438399363905,
    461.10122819888267,
    324.31820812610135,
    78.83877430446414,
    229.71843374248243,
    252.75100504985608,
    301.6853380440124,
    134.18018067889,
    582.4553026643973,
    309.350909545412,
    201.47995209282004,
    376.12757257758176,
    252.70971905454059,
    335.9274048439311,
    588.0631925332352,
    561.9391791146097,
    146.4857388140393,
    56.64494461498502,
    177.77921607237312,
    291.7464898090071,
    287.6892055434971,
    228.40266800891087,
    279.791563011576,
    366.76594693065954,
    237.85113423918537,
    164.75083716645,
    322.8389095065564,
    47.66689264133876,
    168.902127311166,
    46.203391115665944,
    266.2795926985256,
    664.1137827827564,
    368.3096809225609,
    358.5703558776389,
    270.4289201101473,
    265.19369553583624,
    322.0293773701692,
    307.1630617792731,
    268.5674669015296,
    368.22066140836046,
    279.57538952717147,
    409.3519334540667,
    350.1856161855177,
    617.2907272078705,
    225.9353939832401,
    391.8027894863568,
    364.05182692479804,
    366.9092160391547,
    405.5584065858872,
    290.8080082215461,
    160.6658630128501,
    354.07083853753954,
    330.4304029715347,
    393.0767596378466,
    286.338462851777,
    48.378419907895406,
    441.878665890525,
    139.46866577198782,
    93.15535761111545,
    301.41225009909,
    109.49845562009037,
    254.02032253037106,
    312.34252527736413,
    249.29320594684935,
    409.44896751211473,
    424.3662625178574,
    387.8982491780393,
    269.72144030977853,
    96.12010892453934,
    493.74720296980735,
    564.5968559760082,
    268.7556744935148,
    358.83774872275535,
    336.62133946781194,
    326.3417218432011,
    358.23478145656014,
    257.57997441934003,
    286.6793436730575,
    305.1704965930267
  ],
  "bhvf_diagnostics": [
    {
      "step": 2048,
      "scr": 0.978360962925187,
      "sigma_V": 3.581869612203369,
      "sigma_G": 4.570987234578857,
      "sigma_e": 1.3683109293447266,
      "alpha_star": 0.5,
      "c_mc": 0.5,
      "ev_now": -0.049659799355836975,
      "clip_ratio": 0.41455078125
    },
    {
      "step": 22528,
      "scr": 0.7970953600748948,
      "sigma_V": 31.66191865013672,
      "sigma_G": 46.823413858876954,
      "sigma_e": 19.62378315235141,
      "alpha_star": 0.4464837493224491,
      "c_mc": 0.5,
      "ev_now": 0.3883879226798074,
      "clip_ratio": 0.21826171875
    },
    {
      "step": 43008,
      "scr": 0.6736813753130317,
      "sigma_V": 23.40738297508789,
      "sigma_G": 35.52339554833008,
      "sigma_e": 25.376035856747826,
      "alpha_star": 0.36321410945547505,
      "c_mc": 0.5,
      "ev_now": 0.49624046477036243,
      "clip_ratio": 0.03125
    }
  ]
}