{
  "env": "Walker2d-v4",
  "agent": "BHVF",
  "seed": 0,
  "config": {
    "hidden_dim": 256,
    "lr": 0.0003,
    "gamma": 0.99,
    "lam": 0.95,
    "eps_clip": 0.2,
    "n_epochs": 10,
    "batch_size": 64,
    "n_steps": 2048,
    "ent_coef": 0.0,
    "vf_coef": 0.5,
    "max_grad_norm": 0.5,
    "use_obs_norm": true,
    "use_adv_norm": true,
    "use_lr_anneal": true,
    "total_timesteps": 50000,
    "eval_freq": 20480,
    "n_eval_episodes": 10,
    "eval_mode": "deterministic_mean",
    "scr_ema_alpha": 0.1,
    "scr_relax": 0.05,
    "clip_c": 2.5,
    "use_dcppo_s": false,
    "dcppo_w_min": 0.1
  },
  "total_steps": 51200,
  "elapsed_s": 38.92445611953735,
  "final_reward": 329.53750629834184,
  "max_reward": 390.70851277849226,
  "eval_rewards": [
    270.1195454970265,
    327.7844606195067,
    390.70851277849226
  ],
  "eval_steps": [
    2048,
    22528,
    43008
  ],
  "episode_rewards": [
    33.973077471314255,
    3.6372932607927857,
    19.939821021441976,
    70.81343224493843,
    59.9916814085323,
    56.508899676810735,
    215.80000135203613,
    23.101966686273666,
    273.3284625348983,
    28.251452192941944,
    14.676229115238236,
    20.01755669432899,
    218.4021303435018,
    328.6928672230459,
    80.5776441390671,
    42.78966333123234,
    186.52191551514292,
    42.99093411718268,
    2.6890133290365874,
    38.95372505526506,
    31.545200641042367,
    116.61217198125422,
    99.48042214630154,
    221.05505608428615,
    258.6476634880243,
    248.72850951401196,
    2.115679015988602,
    17.68605210918955,
    184.1368307407184,
    255.84884407662236,
    69.19853637403268,
    130.48370134824444,
    378.9162829036916,
    100.81895985590702,
    32.05558717312357,
    213.00732272333892,
    48.420660653307856,
    47.72141422159111,
    440.63234494086066,
    364.50155656627965,
    41.387932206381315,
    315.65709664395916,
    62.36501318837476,
    9.939008439631953,
    85.84610009294931,
    347.31098380325943,
    359.9826346620346,
    52.73585774065484,
    283.3008226733004,
    42.53566780820995,
    224.5178646995446,
    226.26387848086466,
    71.25945142132655,
    322.55835439586707,
    42.63846091080636,
    251.96162158315624,
    261.8659653247334,
    338.50630550111106,
    262.4626560241445,
    119.5321773323326,
    301.8531066433095,
    483.4388562516926,
    199.16955583736151,
    20.198587894538775,
    124.42704948147937,
    286.99385741271715,
    32.08787183904325,
    409.78163808779493,
    330.7844832808656,
    82.81966117630441,
    240.0907902631457,
    92.0307696769827,
    467.270867265469,
    349.9736143862405,
    401.84943702181954,
    372.84891010821343,
    334.342241972033,
    504.88684000556054,
    216.01492785240924,
    345.3165413352964,
    259.4975782916587,
    270.36310074704005,
    325.9386626523965,
    307.25512458087644,
    32.58281458332848,
    209.33212817885666,
    296.73049347175845,
    195.62544630418216,
    352.52469738701893,
    303.6166339139062,
    420.6010074259352,
    243.67829612616748,
    340.055054603922,
    281.2420387987372,
    97.73588876231153,
    13.138765723224049,
    64.69487882411681,
    597.2448906140277,
    248.63770155976093,
    257.0675867714707,
    388.1620163568173,
    215.1897491509045,
    115.63845855187591,
    323.8508188676261,
    389.3370445494725,
    62.34346184173224,
    150.9617489556106,
    277.76716781655944,
    322.8588175422161,
    363.21223273307226,
    618.991974002298,
    325.32254253518164,
    255.024170010165,
    310.7692752487133,
    333.3186060250899,
    413.38687765613327,
    419.1103732421892,
    378.7644667350838,
    108.88265145532,
    345.3963067260822,
    249.64116835692164,
    207.61595444529468,
    578.2197705209744,
    131.85440514330136,
    383.86032915881833,
    277.2544603900241,
    322.4183251216738,
    453.8835543684969,
    333.63895323287,
    317.1720273387472,
    433.4043822758529,
    264.6495214673193,
    47.37534460059401,
    414.90103143275087,
    379.92179663991504,
    296.1863071558688,
    561.8991207449949,
    290.46540400652447,
    270.16446447208824,
    363.00052898044476,
    347.5985476699865,
    352.6542080326093,
    256.80949979436275,
    291.15702169459774,
    223.91609330496553,
    322.47610387783436,
    264.2531245590422,
    400.44488398389353,
    146.0730134761099,
    451.1330961322653,
    358.1213175556843,
    264.852171512535,
    123.86861102550246,
    440.10952483472926,
    401.4461822114128,
    304.4099640044578,
    357.14647486038183,
    335.8912806268541,
    415.67142760622335,
    253.89526463797128,
    366.55111011560336,
    467.3594741148058,
    471.27278082396987,
    409.52552917172164,
    330.32935737963714,
    102.01006794339632,
    280.9468350296746,
    289.13752605379403,
    289.82024252033926,
    310.1968953678743,
    262.2309273376438,
    418.6218148095436,
    326.2143817434517,
    409.81913954726156,
    366.93569371685646,
    418.3016755266774,
    103.0523588409282,
    345.1708256165553,
    308.3428423997951,
    471.6031467390759,
    459.03337466839065,
    425.7066604092417,
    513.4489678169095,
    300.21936673813184,
    235.88801870747818,
    311.7888831339296,
    353.50439376703486,
    431.7392562507157,
    278.7522020421596,
    349.2292066237736,
    363.44669546968686,
    411.4184143646395,
    382.88814426336825,
    579.1315576089974,
    374.0402511341177,
    384.2101570725039,
    482.8313983578643,
    405.47560100399795,
    332.8829287940949,
    391.10207957778033
  ],
  "bhvf_diagnostics": [
    {
      "step": 2048,
      "scr": 0.9790973925014774,
      "sigma_V": 3.393895159230957,
      "sigma_G": 4.290780077443848,
      "sigma_e": 1.3363415251241455,
      "alpha_star": 0.5,
      "c_mc": 0.5,
      "ev_now": -0.03414296608579259,
      "clip_ratio": 0.38671875
    },
    {
      "step": 22528,
      "scr": 0.7805584464055573,
      "sigma_V": 33.70865632103516,
      "sigma_G": 39.31776429222656,
      "sigma_e": 17.703376910568178,
      "alpha_star": 0.423443828606976,
      "c_mc": 0.5,
      "ev_now": 0.33947837097107725,
      "clip_ratio": 0.3271484375
    },
    {
      "step": 43008,
      "scr": 0.6161964347209705,
      "sigma_V": 20.34651757286621,
      "sigma_G": 37.91001893089844,
      "sigma_e": 22.52728898420065,
      "alpha_star": 0.33091746323161314,
      "c_mc": 0.4705760981547459,
      "ev_now": 0.6298874384713674,
      "clip_ratio": 0.033203125
    }
  ]
}