{
  "env": "HalfCheetah-v4",
  "agent": "Optimal_HCGAE_v2_NoGate",
  "seed": 3,
  "config": {
    "hidden_dim": 256,
    "use_obs_norm": true,
    "use_adv_norm": true,
    "use_lr_anneal": true,
    "eval_mode": "deterministic_mean"
  },
  "total_steps": 501760,
  "final_reward": 1535.1582467327357,
  "max_reward": 1550.87706227022,
  "best10_mean": 1516.5829771637805,
  "eval_rewards": [
    -0.9937887060276365,
    -1.0956393131414208,
    -5.263366424561698,
    -10.749424641396685,
    -11.44477300821039,
    -68.78029465159409,
    299.3669754178879,
    663.0350414209877,
    765.6660381338913,
    651.4793319982433,
    717.2247344574401,
    744.0088928423395,
    924.8101884965574,
    1015.7132985569957,
    1012.776697285972,
    1068.4059050466242,
    988.6573569893886,
    1121.2148344532925,
    1185.1024888928873,
    1224.8682720238905,
    1229.2911791450642,
    1273.8218405483824,
    1322.6625585408515,
    1338.8841802216634,
    1336.0718199260398,
    1312.72684336285,
    1355.0811574685645,
    1369.7686079794287,
    1354.716512843177,
    1364.7864365872683,
    1357.924941015439,
    1408.6536178392785,
    1419.7289532154257,
    1454.790278612188,
    1454.2514617050085,
    1474.624040938019,
    1456.325386412839,
    1478.3466278268454,
    1463.692190310847,
    1465.2873714995155,
    1480.9095662838056,
    1508.0995596240691,
    1495.618064032431,
    1527.0647202069765,
    1513.6789192221272,
    1534.2715330654792,
    1541.8319259592092,
    1550.87706227022,
    1535.1317931466424
  ],
  "eval_steps": [
    10240,
    20480,
    30720,
    40960,
    51200,
    61440,
    71680,
    81920,
    92160,
    102400,
    112640,
    122880,
    133120,
    143360,
    153600,
    163840,
    174080,
    184320,
    194560,
    204800,
    215040,
    225280,
    235520,
    245760,
    256000,
    266240,
    276480,
    286720,
    296960,
    307200,
    317440,
    327680,
    337920,
    348160,
    358400,
    368640,
    378880,
    389120,
    399360,
    409600,
    419840,
    430080,
    440320,
    450560,
    460800,
    471040,
    481280,
    491520,
    501760
  ],
  "episode_rewards": [
    -567.9100635394446,
    -688.3902932556291,
    -665.2192979994912,
    -681.1706882202539,
    -634.9715890967354,
    -658.6702306727411,
    -688.4738903572486,
    -704.5829304690182,
    -529.8306957554445,
    -629.2953987868634,
    -587.4477961684405,
    -566.14909025952,
    -508.17632898302577,
    -571.2713460521607,
    -585.5900516580176,
    -838.7602045845312,
    -566.2801026640041,
    -639.9806783469938,
    -491.70578951081353,
    -496.32010077793063,
    -676.1582553115069,
    -544.2444890061208,
    -574.509368689051,
    -535.7751664883889,
    -446.3066210113713,
    -579.1032149157486,
    -541.6096463303234,
    -550.7976286296985,
    -489.5624618965083,
    -497.9901684783601,
    -458.44717689373226,
    -558.7328289056376,
    -425.35231198926886,
    -486.3133995705052,
    -509.91723504979336,
    -538.2732536876351,
    -505.3804400028823,
    -471.1410628462368,
    -421.7640251807691,
    -445.363690852527,
    -403.6246717599977,
    -423.57183167367475,
    -378.04673627138305,
    -400.65837250961016,
    -321.68949563329465,
    -366.37175868357826,
    -311.9244104495547,
    -509.74053904954167,
    -316.55294322935805,
    -344.64646802464586,
    -315.8642026299724,
    -286.044985764093,
    -215.9129965443442,
    -258.48833072405773,
    -280.17007396048234,
    -295.49108200586494,
    -342.64681237368285,
    -292.88658321040856,
    -296.78659578829695,
    -246.371111086379,
    -240.77477198576003,
    -276.74728226899987,
    -193.63496171520453,
    -152.66037631814686,
    -268.14195227610287,
    -447.0378390528637,
    -189.8729267604108,
    -222.13663488844804,
    -206.72629936806143,
    -190.60837428589272,
    -283.9920391792621,
    -336.0135249919645,
    -214.13509143153038,
    -247.67429820574546,
    -110.85755719243502,
    -147.37310192324176,
    -200.7770180250843,
    -142.67113104582566,
    -142.6737759426363,
    -179.16542582392694,
    -117.02742177638358,
    -114.74799241071287,
    -156.98582758641535,
    -12.238905965537493,
    -151.02399698066688,
    -141.0371762268165,
    -95.89245861619175,
    -161.10956446554997,
    -117.04588387623927,
    -5.756989237805874,
    -73.37562266048799,
    -11.684679346679523,
    -27.326871321071415,
    -74.63811992789938,
    -67.15949334121515,
    -23.15722706264944,
    -54.29392882094042,
    -11.75077110339365,
    -10.719258369283876,
    -32.44829756754992,
    50.12386069759294,
    -16.457625671203694,
    -71.13159180577294,
    53.95733732688864,
    76.02480178008808,
    73.81315692941932,
    54.71610159868312,
    32.82346921785643,
    34.0314859930263,
    35.30683254860139,
    71.26609662812714,
    86.80363934674389,
    164.61769020655248,
    70.37710146681813,
    6.732183368727611,
    222.2770568615042,
    84.68960803048739,
    122.34347429602302,
    151.3389222583613,
    177.52386863498393,
    138.08993151594598,
    187.63185416991124,
    213.48504060224093,
    212.05526971718479,
    144.09649833085223,
    57.79544885684635,
    163.0608547404317,
    207.48132953692442,
    193.55474855164874,
    212.2958822422669,
    185.9955572153521,
    245.7360664846412,
    233.82875017515917,
    227.61816026777427,
    225.45205308818797,
    237.21767648467394,
    242.76120794566415,
    243.9872981553924,
    198.4726197260347,
    204.2700341495604,
    349.33213902164493,
    285.8485153818447,
    259.1452966645578,
    268.2215877507267,
    324.10547450722385,
    328.16429869682634,
    293.28122104275843,
    309.07137461812215,
    374.87466494905357,
    398.7641213506464,
    357.9377975309055,
    358.0770059539488,
    414.4624453462994,
    405.4586100941665,
    488.47595654487384,
    356.26484420263984,
    519.0568749538584,
    387.24022726612475,
    398.97360112529896,
    392.8339892260679,
    509.5643083233935,
    399.42204613048074,
    485.4887381402202,
    371.249755276817,
    559.3077336859511,
    462.17892088362305,
    521.7170995912645,
    468.1855003642807,
    501.58488800429944,
    529.2255055939108,
    511.3841329342651,
    484.3158589781542,
    552.5991114163203,
    512.3737432820425,
    489.90536999480605,
    488.08149444514925,
    576.0201420239166,
    518.8785102183695,
    585.4825752941053,
    540.3983777727183,
    515.4972038060462,
    616.9905188328923,
    574.9583727886284,
    530.4631213335307,
    557.1914894057137,
    639.9149471430445,
    590.3857978935062,
    643.9544585851196,
    608.2360701537996,
    567.5632235969533,
    586.6230427220613,
    686.4237586505218,
    671.8608128849929,
    644.0668779012328,
    668.445639088497,
    687.5415312075299,
    680.5299221945346,
    658.4447329845985,
    644.0022942510052,
    712.5315640556089,
    698.9243296202563,
    630.6404118542675,
    743.0729156049706,
    686.3361515193878,
    686.095711878034,
    724.244388880478,
    789.8819255583263,
    745.4508248505854,
    730.7358670676555,
    713.2324953171941,
    798.1142457819207,
    839.1818792823487,
    810.4184707791131,
    747.2906214740551,
    780.3397228346054,
    771.6807107590928,
    803.6790789418292,
    740.2179623861754,
    830.6317616466152,
    799.4103189373807,
    836.2385245128738,
    763.7191858463098,
    807.6207893759308,
    799.0770401669878,
    879.4547202346089,
    731.294541952598,
    799.8411152621334,
    889.0228010623553,
    846.0311432676892,
    865.1064830749843,
    895.3605717599943,
    832.761697738661,
    876.43659299315,
    847.685648387127,
    867.6797114989636,
    933.1107879511655,
    908.5082288307074,
    927.6217935643539,
    834.2875798764802,
    879.4175502521507,
    913.2120983973047,
    850.3757100761485,
    911.6721342963641,
    917.219553244269,
    866.569595225956,
    913.4853468527847,
