{
  "env": "HalfCheetah-v4",
  "agent": "Optimal_HCGAE_v2_NoGate",
  "seed": 1,
  "config": {
    "hidden_dim": 256,
    "use_obs_norm": true,
    "use_adv_norm": true,
    "use_lr_anneal": true,
    "eval_mode": "deterministic_mean"
  },
  "total_steps": 501760,
  "final_reward": 1653.7451318414574,
  "max_reward": 1668.988450531472,
  "best10_mean": 1648.4503026190148,
  "eval_rewards": [
    -3.81428785172884,
    -21.090165885541523,
    -30.08138524779589,
    -89.80609921430005,
    -37.83796189153568,
    -31.82986302013226,
    -168.56548891649174,
    556.7049912658831,
    960.2437297314548,
    -119.03581311089442,
    1064.6663667772314,
    1207.866006465133,
    1094.9509061557342,
    644.4080177467815,
    665.294007439237,
    1349.7584422377035,
    1324.2372060322487,
    1352.3462897804975,
    1345.8474481702165,
    1393.274588215183,
    1401.2908658016834,
    1436.8460422700289,
    1453.4639737524378,
    1472.7175043500247,
    1473.0765274552302,
    1498.7696519876586,
    1475.88762149219,
    1478.7916298040705,
    1499.7655116842673,
    1529.8006926049316,
    1540.3934252380498,
    1557.1132658499191,
    1586.5141042793189,
    1567.9540793472252,
    1543.1596526354701,
    1573.8029958983348,
    1588.3548990695035,
    1616.2546113190594,
    1600.7168996439295,
    1644.8344912860648,
    1653.356231132671,
    1646.1927716118905,
    1635.400941436618,
    1635.9929315156182,
    1651.033614140982,
    1619.4273415280236,
    1661.4541916954408,
    1667.8220613113685,
    1668.988450531472
  ],
  "eval_steps": [
    10240,
    20480,
    30720,
    40960,
    51200,
    61440,
    71680,
    81920,
    92160,
    102400,
    112640,
    122880,
    133120,
    143360,
    153600,
    163840,
    174080,
    184320,
    194560,
    204800,
    215040,
    225280,
    235520,
    245760,
    256000,
    266240,
    276480,
    286720,
    296960,
    307200,
    317440,
    327680,
    337920,
    348160,
    358400,
    368640,
    378880,
    389120,
    399360,
    409600,
    419840,
    430080,
    440320,
    450560,
    460800,
    471040,
    481280,
    491520,
    501760
  ],
  "episode_rewards": [
    -657.9782685246163,
    -663.2367793784111,
    -669.8077547950388,
    -730.7991234620716,
    -658.6914695258364,
    -704.2427803618875,
    -614.8907389498772,
    -675.0449444115319,
    -703.5365073482569,
    -648.0550680740611,
    -549.2881966906574,
    -561.2850951371718,
    -530.8833816597735,
    -514.0585570940059,
    -728.5072443318853,
    -456.55233734995596,
    -578.172814797791,
    -469.19879395808084,
    -519.4137212832828,
    -592.8808517281147,
    -520.5270086985088,
    -419.9836299080342,
    -426.7316521810278,
    -471.00401918927486,
    -540.5750616980606,
    -467.74073314800205,
    -404.0109995807833,
    -423.0985511444296,
    -501.37958490069263,
    -378.9988585983849,
    -439.81797055936636,
    -393.61481631457417,
    -462.8874739649729,
    -438.35698078024024,
    -447.18107515647455,
    -397.71715057850054,
    -460.00643373834424,
    -371.4195445036125,
    -338.7986890691577,
    -340.899487733905,
    -353.495963203699,
    -319.2221870656972,
    -361.27140963770404,
    -316.50168130526185,
    -330.23320372116893,
    -329.09233664559264,
    -404.419831270348,
    -277.21635044332356,
    -342.084273419573,
    -220.63565114480406,
    -279.16403959082766,
    -321.577087596175,
    -271.7382016467311,
    -267.0322591639741,
    -275.72422265513455,
    -226.38313324915168,
    -233.4925398967425,
    -218.67042961101174,
    -324.0816358899535,
    -236.599973906262,
    -205.96441257664767,
    -276.2062364065948,
    -223.92914689036718,
    -142.20182716695376,
    -208.76813752584331,
    -258.715876947451,
    -159.67478118327793,
    -88.20846242613358,
    -161.0276652666538,
    -181.39893716304007,
    -113.16780730266244,
    -150.7411530394922,
    -124.030859096998,
    -87.7663215241489,
    -87.99436441548495,
    -95.02728767295899,
    -134.8292087397786,
    -154.00621561934165,
    -24.89811325797174,
    -77.33121886058632,
    -64.36512477512096,
    -62.38396912947362,
    -56.777561568092814,
    -50.17240143837039,
    -46.10325967449596,
    12.00133102497051,
    -24.791569248504185,
    70.37600948349588,
    24.894403206319137,
    26.016865145454407,
    117.32699161966029,
    46.36709304679956,
    94.27753213281831,
    66.53392065602313,
    111.88958653450796,
    158.9664795888785,
    104.53488186164512,
    142.78880438845974,
    145.84090587935768,
    76.64189934653747,
    146.37970358354772,
    215.76719327423785,
    112.77823435492617,
    232.1755581243911,
    188.73565257491614,
    214.57855343312153,
    188.08776556254674,
    221.53724493071698,
    264.80021359854294,
    388.2038915155838,
    283.27374319524233,
    228.73175638696355,
    369.2633687928477,
    405.45772928976197,
    374.2939232328961,
    342.1340899697215,
    363.26214935259804,
    368.8046761066885,
    345.66711169078553,
    265.6776409279102,
    406.08969946532926,
    471.1395358661165,
    313.7674718525698,
    414.5797179618781,
    493.3403682035692,
    509.0496377750109,
    498.0999307589394,
    500.899315719499,
    456.1650095926258,
    540.0778086952946,
    517.8471137428775,
    504.981063436431,
    513.7485776739778,
    556.578592024125,
    579.2739663973169,
    593.7775824669967,
    583.0012174468562,
    428.33893560607765,
    604.5264354738024,
    657.7443990769079,
    609.9311804739731,
    681.1052160158633,
    545.8157861423299,
    613.6923967761882,
    532.7581108263395,
    584.2437952790867,
    710.6681294146777,
    711.2698742980166,
    694.9820440752541,
    688.0483327324787,
    740.3430959146525,
    702.8504060326815,
    696.8992347685327,
    707.1249630829964,
    749.1736393422678,
    724.7006492812354,
    752.915678811539,
    741.4907608363804,
    747.8097078982535,
    653.699476032529,
    772.7069156927658,
    752.9186973804674,
    821.113549977892,
    823.2258325751968,
    787.7352179520005,
    813.9411409857981,
    851.0200076619792,
    812.3178727132521,
    791.0552995280398,
    846.6188231069665,
    744.256111002526,
    702.2910775447998,
    889.0865102919885,
    876.8503427266178,
    893.7743761841119,
    854.4791481882195,
    881.2900540757385,
    817.1519041116774,
    792.7800245979188,
    812.0740802661933,
    797.8774388173895,
    931.6762486423675,
    922.0168681023604,
    906.3213121464443,
    947.1098904980546,
    875.8312042512871,
    889.7764178426686,
    923.8209238065328,
    819.4710842029481,
    875.0661689924855,
    891.1946642816976,
    873.1821131853354,
    950.0508099304029,
    862.2799432561853,
    913.555387828215,
    877.7981860032286,
    929.8482839781409,
    941.2847419774355,
    931.7100812236029,
    928.117776375714,
    949.4297538982671,
    972.5000899296429,
    959.4302717192388,
    961.4175092761826,
    944.3026211253257,
    921.6513376858983,
    968.9375138055125,
    1036.2146947284846,
    997.3632221252328,
    1060.42563132421,
    985.1039045689818,
    986.0156359497526,
    982.5719756885734,
    1029.7835739490708,
    950.834877747126,
    1009.1514468552978,
    1027.3923296362,
    1064.82128324163,
    1025.0276516596623,
    999.1664741590735,
    1035.6108792756063,
    1032.5149957790536,
    1030.4333420373966,
    1072.9414559668785,
    1046.9392712628287,
    1075.060705206247,
    1068.181866234903,
    1088.8289893452668,
    1016.870056393684,
    1089.8035732253738,
    1114.6087777332211,
    1058.3832434327599,
    1060.3952211021845,
    1066.5720763660606,
    1123.9562133355155,
    1044.9299852785282,
    1021.4114921115405,
    1074.0346349991419,
    1015.8617755834108,
    1072.1806054237695,
    1033.7557621619449,
    1061.606495567804,
    1118.356617270221,
    1140.901668106601,
    1113.1886267674074,
    1139.373030102593,
