{
  "env": "HalfCheetah-v4",
  "agent": "Optimal_PPO",
  "seed": 17,
  "config": {
    "hidden_dim": 256,
    "lr": 0.0003,
    "gamma": 0.99,
    "lam": 0.95,
    "eps_clip": 0.2,
    "n_epochs": 10,
    "batch_size": 64,
    "n_steps": 2048,
    "ent_coef": 0.0,
    "vf_coef": 0.5,
    "max_grad_norm": 0.5,
    "use_obs_norm": true,
    "use_adv_norm": true,
    "use_lr_anneal": true,
    "use_vclip": false,
    "device": "cpu",
    "total_timesteps": 1000000,
    "eval_freq": 20480,
    "n_eval_episodes": 10,
    "eval_mode": "deterministic_mean"
  },
  "total_steps": 1001472,
  "elapsed_s": 2249.793037176132,
  "final_reward": 5179.110953873434,
  "peak_reward": 5179.110953873434,
  "max_reward": 5392.175781304853,
  "eval_rewards": [
    -0.6379232075885116,
    -24.94283330262721,
    -17.248469018535804,
    947.6809708314188,
    1278.679172851548,
    1576.0317220281254,
    1662.4609815542212,
    1785.3883991663915,
    1735.4299841927264,
    1946.9252450005927,
    2267.1830572583094,
    2476.9228925715383,
    2773.3578806013456,
    2974.827958767375,
    2900.889820494105,
    3120.9281913168534,
    3281.5627774136437,
    3391.6319035645574,
    3481.78628322511,
    3557.4104082639024,
    3657.9337015839183,
    3436.61980926227,
    3689.6653770700723,
    3764.561309882246,
    3988.139420225164,
    4057.427302249337,
    4117.018141131102,
    4297.13254479513,
    3908.8312028676132,
    4317.7390341844,
    4250.123022999263,
    4404.85531009445,
    4526.824859602152,
    4635.669824192881,
    4683.713160910653,
    4658.018959368461,
    4688.99913469296,
    4806.963432717772,
    4942.743695878563,
    4990.631671124376,
    5083.999037570322,
    5026.505699519895,
    5176.9125808584595,
    5139.181472208647,
    5185.033127529699,
    5155.724012384753,
    5316.751491487456,
    5392.175781304853,
    5324.194664745875
  ],
  "eval_steps": [
    2048,
    22528,
    43008,
    63488,
    83968,
    104448,
    124928,
    145408,
    165888,
    186368,
    206848,
    227328,
    247808,
    268288,
    288768,
    309248,
    329728,
    350208,
    370688,
    391168,
    411648,
    432128,
    452608,
    473088,
    493568,
    514048,
    534528,
    555008,
    575488,
    595968,
    616448,
    636928,
    657408,
    677888,
    698368,
    718848,
    739328,
    759808,
    780288,
    800768,
    821248,
    841728,
    862208,
    882688,
    903168,
    923648,
    944128,
    964608,
    985088
  ],
  "episode_rewards": [
    4372.389071844581,
    4521.1418763554575,
    4462.984238770489,
    4369.930639087472,
    3981.5926147704163,
    4246.655710217497,
    4386.042465430239,
    4523.712181155956,
    4312.559743896425,
    4250.156674676097,
    4425.6318479641095,
    2437.3918979428067,
    4390.560521373859,
    4438.577649602608,
    4459.84431763224,
    4137.836818844862,
    4518.928903374798,
    4280.886854880505,
    4387.497217422933,
    4464.73481671316,
    4405.431484545296,
    4479.57705251014,
    4664.825997233621,
    4296.597090554874,
    4399.390265494628,
    4702.165677322416,
    4644.586385980862,
    4314.768644712333,
    4276.81877938291,
    4407.150767783373,
    4501.873858955642,
    4529.651439444919,
    4529.244538674971,
    4493.044272964308,
    4354.58605531221,
    4635.365853762097,
    4640.433720368255,
    4384.633570882005,
    3807.5948747392176,
    4322.619749120466,
    4187.325302547343,
    4037.8029126933034,
    4436.887882876824,
    4445.686011564145,
    4431.4906519413225,
    4265.734873631965,
    4411.364541315341,
    4361.691812145001,
    4509.7156723115195,
    4639.317853148363,
    4404.433880608087,
    4351.262614769966,
    4281.113489618385,
    1510.6784657596008,
    4492.356714385534,
    4585.345804340623,
    4435.02345072989,
    4247.054886348646,
    4584.674694946375,
    4430.356173946319,
    4807.736739176622,
    4136.202452669612,
    4555.747668148514,
    4336.40499765113,
    4567.494136547672,
    4369.894739677366,
    4271.797599637033,
    4349.366067979512,
    4438.470337138443,
    4507.945681484476,
    4294.118171216389,
    4703.039374686891,
    4387.1761659098465,
    4499.045178043382,
    4343.235848666478,
    4518.9581767581185,
    4634.429963463631,
    4361.52765954151,
    4451.731604664699,
    4062.1744245629666,
    4559.662962273473,
    4623.626067756158,
    4390.327611416267,
    4319.073073325502,
    4350.50453549802,
    4714.590187790813,
    350.4390618003915,
    4234.787062330973,
    4480.211942325147,
    4772.486178600834,
    4539.934930768864,
    4377.009207690429,
    4120.592594068046,
    4489.812915553717,
    4651.737406268795,
    4584.324028724709,
    4672.510215317347,
    4555.1167534954175,
    4757.8774565110625,
    4631.249724029116,
    4739.012258533917,
    4705.9955706417795,
    4551.56612942798,
    4567.689153127241,
    4572.834789078708,
    4767.545506590926,
    4474.57056624472,
    3865.805285285081,
    4429.187071542524,
    4687.404695349217,
    4442.04506490315,
    4751.704037509279,
    4631.910730407292,
    4624.917593535388,
    2727.036338117297,
    4704.774570440492,
    4653.212226468735,
    4719.432941784934,
    4767.723888759465,
    3812.102252874718,
    4551.809851203017,
    4448.779475150204,
    4599.9498430280855,
    4619.355478819409,
    4678.657251029075,
    907.0502163255001,
    4728.707393759036,
    4498.956690752865,
    905.7508525808287,
    228.91715400271647,
    4393.000720448919,
    4227.629318848441,
    4619.539738605132,
    4560.73555619365,
    4452.1028414264865,
    4656.066421684605,
    4449.092351181606,
    4663.501923990097,
    4539.770644759934,
    4611.312135303441,
    4752.293526413207,
    4773.517399964168,
    4235.2598371510485,
    4627.158956122823,
    4538.804703515944,
    4577.7230268725425,
    4456.870729097428,
    3373.6291030373677,
    4548.7153017245255,
    4749.283978850577,
    4597.241525108295,
    4421.56283385765,
    4485.765296170097,
    4601.864689051838,
    4740.703222436638,
    4707.019593757674,
    4859.695590349421,
    4381.228527271273,
    4922.196410789939,
    4499.643305709263,
    4749.653736433894,
    2344.4358994058043,
    4807.311501556067,
    4853.176296749614,
    4565.7801916239605,
    4445.320448442917,
    4652.230531933915,
    4463.021765480785,
    4320.112829866898,
    4646.669951411697,
    4947.17907217942,
    4728.994592262806,
    4776.943682141206,
    4127.261937296078,
    5190.6389595211585,
    4729.897385077295,
    4560.268942153494,
    4627.263297730986,
    4733.251049578058,
    4666.920055167054,
    4552.8444015444275,
    4943.776958278224,
    4691.764105565176,
    4735.567693040882,
    4850.49511377588,
    172.96215272652475,
    4715.510618324093,
    713.8872213838802,
    4776.616196839683,
    2148.3608952941645,
    4566.818301851132,
    4746.978046669042,
    4809.6020753405,
    3475.5279532831332,
    4918.414121011775,
    4728.60203847949,
    4483.1173759508565,
    4567.244121741572,
    4604.254002698919,
    4853.832395222801
  ],