{
  "env": "HalfCheetah-v4",
  "agent": "Optimal_PPO",
  "seed": 16,
  "config": {
    "hidden_dim": 256,
    "lr": 0.0003,
    "gamma": 0.99,
    "lam": 0.95,
    "eps_clip": 0.2,
    "n_epochs": 10,
    "batch_size": 64,
    "n_steps": 2048,
    "ent_coef": 0.0,
    "vf_coef": 0.5,
    "max_grad_norm": 0.5,
    "use_obs_norm": true,
    "use_adv_norm": true,
    "use_lr_anneal": true,
    "use_vclip": false,
    "device": "cpu",
    "total_timesteps": 1000000,
    "eval_freq": 20480,
    "n_eval_episodes": 10,
    "eval_mode": "deterministic_mean"
  },
  "total_steps": 1001472,
  "elapsed_s": 1687.9093430042267,
  "final_reward": 1830.3717018785105,
  "peak_reward": 1821.5780129712718,
  "max_reward": 1847.7195642432332,
  "eval_rewards": [
    -1.1615275773725577,
    -26.400925739825674,
    -9.419547423583428,
    -33.490424299293956,
    810.7011005216272,
    1043.0844758796409,
    1190.5361211952168,
    1265.22931352949,
    1294.5118850564718,
    1379.9854844225822,
    1411.536898052266,
    1428.6915511680393,
    1359.7107115257227,
    1447.130485524795,
    1470.6666744552597,
    847.1054327525762,
    1549.1216721207002,
    1524.047567865689,
    1550.9722928828605,
    1607.0772733632177,
    1599.7538471761113,
    1595.21435172042,
    1611.9584359988546,
    1653.9496737312518,
    1667.9953135342373,
    1672.299287178493,
    1678.9063792916809,
    1677.8328089839047,
    1597.2284027791986,
    942.9140325007727,
    1715.4671260384257,
    1676.2313915773059,
    1710.019911824083,
    1747.8079362126205,
    1764.604991710395,
    1784.1315811805162,
    1763.0595532643747,
    1791.7054784911572,
    1806.6964557350123,
    1813.6709822593461,
    1803.7420043899588,
    1820.5430530764813,
    1847.7195642432332,
    1834.111436626266,
    1835.8651012458806,
    1827.4264744732986,
    1834.2995791720828,
    1843.6054480454034,
    1842.7333752531515
  ],
  "eval_steps": [
    2048,
    22528,
    43008,
    63488,
    83968,
    104448,
    124928,
    145408,
    165888,
    186368,
    206848,
    227328,
    247808,
    268288,
    288768,
    309248,
    329728,
    350208,
    370688,
    391168,
    411648,
    432128,
    452608,
    473088,
    493568,
    514048,
    534528,
    555008,
    575488,
    595968,
    616448,
    636928,
    657408,
    677888,
    698368,
    718848,
    739328,
    759808,
    780288,
    800768,
    821248,
    841728,
    862208,
    882688,
    903168,
    923648,
    944128,
    964608,
    985088
  ],
  "episode_rewards": [
    1632.8430224030658,
    1635.558653094833,
    1700.8915343946437,
    1684.5270296780734,
    1675.8506444965292,
    1536.9459743389316,
    1687.3613521141456,
    1647.267307283312,
    1675.5678834959658,
    1638.3777455490892,
    1661.2948344008034,
    1618.086119794752,
    1687.0248985079133,
    1618.1172845521264,
    1655.0426155857874,
    1656.9299825245243,
    1714.1300795718528,
    1629.7040395841923,
    1674.0253614815115,
    1645.8385644748946,
    1633.471456801271,
    1623.0344902728152,
    1675.449603029248,
    1612.7958855365714,
    1701.7993110996783,
    1662.7632875233508,
    1632.017270794256,
    1670.1823618127935,
    1692.8609136425102,
    1677.4422275086654,
    1688.5983525996173,
    1643.5919207854654,
    1687.3591537007349,
    1699.9434284102167,
    1681.0474590524582,
    1673.1284970027664,
    1657.8207188966453,
    1665.3548161472777,
    1660.1302073512934,
    1662.5718726516618,
    1696.4494949971406,
    1695.4561220216872,
    1716.676484384504,
    1708.4906645284916,
    1642.3727889844615,
    1685.2223115542383,
    1666.948091175746,
    1660.6897892328054,
    1667.177134515998,
    1689.3270322078797,
    1682.7715002609714,
    1684.2878329077087,
    1664.8982773032424,
    1668.0047551158607,
    1714.0917886802467,
    1652.7370690753257,
    1633.3369246166685,
    1650.4744971336154,
    1673.3826286128915,
    1680.5838744327673,
    1690.750879265568,
    1667.5818595206506,
    1717.662433800201,
    1651.7123426241133,
    1668.1066410337319,
    1683.581412263244,
    1669.1303189220582,
    1681.7975806726588,
    1673.7138386686445,
    1654.253194022682,
    1681.6695752048818,
    1717.9647814225407,
    1709.3138666575128,
    1669.3274016357614,
    1654.7362041949882,
    1690.8009999069127,
    1689.5615167585406,
    1737.2362929522167,
    1690.9964244884377,
    1678.9766957560132,
    1716.6624607053084,
    1704.8366077781573,
    1730.3458855703832,
    1670.107050439741,
    1684.6484145187821,
    1685.0252967513945,
    1718.5191961740752,
    1704.9828759631487,
    1679.458943466429,
    1701.8913098018832,
    1745.349712809287,
    1655.510077005236,
    1661.0912521396506,
    1687.319012737956,
    1696.5941731877986,
    1691.6896651218551,
    1666.1804956136564,
    1683.581383337108,
    1690.8278687107147,
    1676.4154768781123,
    1647.041687371764,
    1716.702931739637,
    1714.8545584825931,
    1739.7355564751365,
    1691.5320310275663,
    1651.5750263128457,
    1672.3533498434927,
    1717.7991826906075,
    1677.1182475891283,
    1734.6629948571288,
    1689.8778583727767,
    1627.0492522532927,
    1704.1148669580668,
    1711.1982352587745,
    1673.1278442026094,
    1675.3426663926075,
    1690.2569927076718,
    1631.4381223310165,
    1715.8443859637791,
    1716.6571468087407,
    1727.4833232188253,
    1672.4111219205174,
    1729.2402068025422,
    1730.4032369242022,
    1688.0173829305622,
    1741.4304466874491,
    1690.6823074801487,
    1699.0465320842213,
    1679.984235233634,
    1685.091197534541,
    1718.24196516467,
    1712.3677687033164,
    1706.6578574463783,
    1728.7444980876987,
    1693.0161331348136,
    1743.923693429911,
    1714.0486823407139,
    1709.2292704006966,
    1702.6844039431999,
    1666.5268519031881,
    1701.6397690046315,
    1706.2492739539814,
    1707.317073252897,
    1723.3359881359552,
    1718.7164810416987,
    1712.4989413108892,
    1697.3953797140205,
    1726.1913751661214,
    1682.0239351321113,
    1662.277097399686,
    1739.0470557188742,
    1692.6118295865856,
    1742.2349847389103,
    1745.2344093143302,
    1707.1748251072233,
    1665.0318072472874,
    1706.151727239077,
    1705.0531274587656,
    1740.9652896377263,
    1705.4155134584953,
    1691.0564119859114,
    1714.3099665066877,
    1698.9859918613174,
    1710.0408011790394,
    1751.736428466421,
    1708.0006053385869,
    1697.2742980414275,
    1738.7708499755445,
    1727.90430870852,
    1674.8367960613741,
    1715.8022170062245,
    1726.5372267028602,
    1691.999732816575,
    1646.4792389851996,
    1683.0066429401243,
    1759.7814952883186,
    1722.6310065148978,
    1744.3149426800587,
    1717.9027734137637,
    1765.6347248501002,
    1740.480591444821,
    1685.931432809345,
    1717.2063077593914,
    1711.1761030848124,
    1699.9119553780472,
    1664.138143150683,
    1690.2470877711967,
    1725.5859497642373,
    1695.7502818509213,
    1738.1525257401988,
    1703.2872815868104,
    1705.6587922586248,
    1748.104874915359,
    1691.0433433951148,
    1651.008529310296,
    1689.9586837365916,
    1708.9674470028592,
    1708.3174000554563,
    1702.2488174087798,
    1724.3241605445533
  ],