{
  "env": "HalfCheetah-v4",
  "agent": "Optimal_PPO",
  "seed": 10,
  "config": {
    "hidden_dim": 256,
    "lr": 0.0003,
    "gamma": 0.99,
    "lam": 0.95,
    "eps_clip": 0.2,
    "n_epochs": 10,
    "batch_size": 64,
    "n_steps": 2048,
    "ent_coef": 0.0,
    "vf_coef": 0.5,
    "max_grad_norm": 0.5,
    "use_obs_norm": true,
    "use_adv_norm": true,
    "use_lr_anneal": true,
    "use_vclip": false,
    "device": "cpu",
    "total_timesteps": 1000000,
    "eval_freq": 20480,
    "n_eval_episodes": 10,
    "eval_mode": "deterministic_mean"
  },
  "total_steps": 1001472,
  "elapsed_s": 2583.306869983673,
  "final_reward": 1842.0153643552826,
  "peak_reward": 1842.0153643552826,
  "max_reward": 1860.8690940418153,
  "eval_rewards": [
    -0.8177252661215704,
    60.62589474372843,
    -335.2149874052736,
    114.58936598769117,
    1108.0692218745423,
    1082.9405669721036,
    1100.668296772539,
    1191.0415206571154,
    1340.0188125016261,
    1358.5275802547592,
    1259.5073001570931,
    1495.9539521845243,
    1504.4637894348355,
    1574.8447511535496,
    1585.680518371853,
    1620.4115771226238,
    1578.7164547402585,
    1630.2648216443445,
    1619.294464476331,
    1659.0529497908842,
    1656.5406385098954,
    1690.8026072759942,
    1656.2593717243722,
    1693.0538788416993,
    1694.8676628499775,
    1707.8715266221855,
    1702.7160405364775,
    1704.894135463793,
    1720.5012810113883,
    1731.05950256009,
    1721.439581158696,
    1750.0634406158292,
    1766.709937763973,
    1784.8924042479678,
    1792.4469194583794,
    1807.7259517642538,
    1791.102127209942,
    1793.958354730071,
    1823.3921475776344,
    1826.142545523408,
    1822.8682735929565,
    1838.637282918838,
    1820.7528800143348,
    1852.0953671065795,
    1842.47368796998,
    1858.7455154186457,
    1857.7765217986864,
    1860.8690940418153,
    1839.7924751675807
  ],
  "eval_steps": [
    2048,
    22528,
    43008,
    63488,
    83968,
    104448,
    124928,
    145408,
    165888,
    186368,
    206848,
    227328,
    247808,
    268288,
    288768,
    309248,
    329728,
    350208,
    370688,
    391168,
    411648,
    432128,
    452608,
    473088,
    493568,
    514048,
    534528,
    555008,
    575488,
    595968,
    616448,
    636928,
    657408,
    677888,
    698368,
    718848,
    739328,
    759808,
    780288,
    800768,
    821248,
    841728,
    862208,
    882688,
    903168,
    923648,
    944128,
    964608,
    985088
  ],
  "episode_rewards": [
    1669.770123614687,
    1661.9245174231032,
    1322.1601460142012,
    1671.4314455392077,
    1642.3524317368942,
    1675.9181535730036,
    1663.8778298921534,
    1688.9864530571717,
    1635.2832349807866,
    1672.3636741082935,
    1722.1101888542862,
    1659.5055599182913,
    1649.0448469691778,
    1685.6769606989305,
    1653.2821299657328,
    1756.858779051496,
    1654.6142665981922,
    1673.0904647982015,
    1634.796078778122,
    1672.7633189772093,
    1678.3885326522955,
    1675.3888098184466,
    1674.6408010905786,
    1650.6136077966326,
    1704.491775232491,
    1711.48225301898,
    1691.6165884843488,
    1639.6678380230198,
    1663.767145682417,
    1709.0414982745176,
    1644.6531875054225,
    1745.3089997346617,
    1722.6585753478719,
    1729.31957681124,
    1653.383949669025,
    1686.6965502181586,
    1668.7448065457593,
    1718.9890712146253,
    1644.3824705080053,
    1644.0782880074116,
    1688.055502558811,
    1762.9349045034326,
    1693.4564687671036,
    1703.9498572338116,
    1723.7648427568456,
    1763.6775276470312,
    1711.7509047346232,
    1686.6921946764749,
    1736.6565009587916,
    1686.330572769106,
    1716.5419287868444,
    1635.187772332759,
    1751.1761404610102,
    1695.0372068030474,
    1714.6815393955735,
    1687.6998119865327,
    1622.239989536315,
    1724.4372702931846,
    1741.0207583569359,
    1668.8700511943218,
    1661.475498732911,
    1713.2704422020734,
    1650.9402832272583,
    1663.2121186907032,
    1598.236276245572,
    1712.2340932307989,
    1639.1050894163664,
    1759.9939754207976,
    1719.712650962822,
    1764.2434062737645,
    1829.3766842659131,
    1713.007230331064,
    1715.0722822504442,
    1720.1029403617513,
    1720.8081879429092,
    1653.077951040066,
    1744.0086868028875,
    1727.0641832423196,
    1697.1978989608308,
    1704.9377925733634,
    1729.7377860049846,
    1708.2414957890464,
    1774.3649081445828,
    1749.7204150138284,
    1712.8433744597592,
    1696.9634061906165,
    1709.3169497771075,
    1767.8164502376173,
    1721.694188219077,
    1704.5627642013678,
    1698.4833840355022,
    1726.3406119692947,
    1748.288349563102,
    1719.4748036856888,
    1744.2548334231997,
    1680.5964990785749,
    1713.496183947601,
    1718.4344783462661,
    1710.4934902526993,
    1736.3085173082313,
    1712.5239750845933,
    1730.3952401068882,
    1758.5094908936953,
    1763.719853048778,
    1667.6524368646376,
    1772.0061711132535,
    1693.7789591844758,
    1741.1156419894464,
    1690.738224966598,
    1689.684587817697,
    1767.9393061806686,
    1743.380674543011,
    1660.1884449510583,
    1718.4129997767502,
    1723.6516517858931,
    1715.459089796008,
    1671.5529799759072,
    1757.6520670815462,
    1739.921939434713,
    1697.7149703293019,
    1725.2062168800053,
    1719.6456653299376,
    1727.6428282078996,
    1783.613496102698,
    1737.8901276505244,
    1743.0525784090576,
    1762.2161780210727,
    1703.3399772319644,
    1722.385997653288,
    1669.5974308435561,
    1690.7150883628462,
    982.3464352874182,
    1732.9211884010647,
    1755.9759357842456,
    1654.755793256081,
    1682.1454797548586,
    1696.2966613452563,
    1751.4127910903821,
    1684.065393175727,
    1712.2057669564247,
    1679.353371623753,
    1701.9429891995176,
    1764.9809895368596,
    1791.7045078571596,
    1762.5099671556732,
    1815.228215488758,
    1768.9822367370537,
    1734.335126287536,
    1765.5463637271312,
    1694.531800067687,
    1756.2151355859169,
    1792.947042241745,
    1799.1482896551881,
    1710.4251555221122,
    1690.773908730952,
    1686.7768368968523,
    1765.7952489442036,
    1746.7058068626802,
    1743.4651313001336,
    1687.734372192199,
    1749.0368290498807,
    1734.386569789882,
    1739.503740970033,
    1771.7780407869611,
    1727.1677752396108,
    1730.5023236592474,
    1766.9818305367419,
    1795.2919406919104,
    1727.167648095742,
    1718.5656550731733,
    1731.979654020094,
    1730.0838724921286,
    1748.5444257084046,
    1689.8127519956774,
    1743.6747236789454,
    1754.7428128847316,
    1756.0658922800314,
    1753.4998030650995,
    1817.6539797259102,
    1714.6443854813049,
    1753.9455350352769,
    1811.1795396239077,
    1747.5511135434967,
    1769.581982268447,
    1711.8062066140644,
    1727.6120699581982,
    1734.4525159083528,
    1805.8657556152393,
    1691.7273765666396,
    1729.5261361039409,
    1739.9990556969578,
    1686.3028057363083,
    1745.4719973154215,
    1735.1372460629964,
    1745.073678142369,
    1717.3284030209568,
    1728.5912114255054,
    1750.4824750103724,
    1761.4366888624322,
    1739.080694016236
  ],