{
  "env": "HalfCheetah-v4",
  "agent": "Optimal_PPO",
  "seed": 0,
  "config": {
    "hidden_dim": 256,
    "lr": 0.0003,
    "gamma": 0.99,
    "lam": 0.95,
    "eps_clip": 0.2,
    "n_epochs": 10,
    "batch_size": 64,
    "n_steps": 2048,
    "ent_coef": 0.0,
    "vf_coef": 0.5,
    "max_grad_norm": 0.5,
    "use_obs_norm": true,
    "use_adv_norm": true,
    "use_lr_anneal": true,
    "use_vclip": false,
    "device": "cpu",
    "total_timesteps": 1000000,
    "eval_freq": 20480,
    "n_eval_episodes": 10,
    "eval_mode": "deterministic_mean"
  },
  "total_steps": 1001472,
  "elapsed_s": 2550.341506242752,
  "final_reward": 4837.9900145593665,
  "peak_reward": 4837.9900145593665,
  "max_reward": 4985.721479669929,
  "eval_rewards": [
    -0.9458959325777304,
    -29.749108011953133,
    -24.48133908201553,
    -35.59402331528684,
    130.2345418048546,
    707.1686271377786,
    1158.524040399898,
    1332.6748005203935,
    1538.2507892054043,
    1645.9172707014727,
    1761.4069832053199,
    1974.962618623548,
    2121.922159644502,
    2214.2398170050474,
    2211.7213699174886,
    2660.3427041601676,
    2883.2483037998295,
    3078.627573092695,
    3400.7390631867993,
    3411.0702137135368,
    3589.877199723653,
    3653.5098284094265,
    3806.657573974954,
    3837.3186029532394,
    3985.9669861340944,
    3965.7437643367716,
    4125.063783361373,
    4214.6986777587945,
    4280.167128211755,
    4386.892072278857,
    4423.998387254933,
    4467.134293044694,
    4446.09609917761,
    4596.374806379411,
    4573.426849654967,
    4640.1422636441075,
    4588.167221220561,
    4689.362033017017,
    4682.874046764222,
    4682.30693755302,
    4682.309066777087,
    4776.537446076649,
    4794.129922860342,
    4821.094863708053,
    4825.6118436480665,
    4920.183888515921,
    4925.814589510513,
    4985.721479669929,
    4966.190107274091
  ],
  "eval_steps": [
    2048,
    22528,
    43008,
    63488,
    83968,
    104448,
    124928,
    145408,
    165888,
    186368,
    206848,
    227328,
    247808,
    268288,
    288768,
    309248,
    329728,
    350208,
    370688,
    391168,
    411648,
    432128,
    452608,
    473088,
    493568,
    514048,
    534528,
    555008,
    575488,
    595968,
    616448,
    636928,
    657408,
    677888,
    698368,
    718848,
    739328,
    759808,
    780288,
    800768,
    821248,
    841728,
    862208,
    882688,
    903168,
    923648,
    944128,
    964608,
    985088
  ],
  "episode_rewards": [
    4457.351523943698,
    4301.747062758198,
    4228.860289813496,
    4323.6735908869605,
    4154.144483026979,
    4205.996146604524,
    4250.238598716205,
    4247.046632846913,
    4366.564650815798,
    4356.006707707546,
    4260.283643307653,
    4277.2238582184755,
    4203.99089492173,
    4264.740617286819,
    4192.178543053163,
    4191.870703403766,
    4349.209305429723,
    4192.895466036551,
    4222.224390727676,
    4311.332431925826,
    4268.840329556504,
    4297.596421327715,
    4285.657326245459,
    4342.888854903881,
    4257.584295149597,
    4111.73490093255,
    4168.606606331153,
    4244.058440507856,
    4393.432160475716,
    4227.266146064195,
    4294.898588188363,
    4272.979151022597,
    4182.230375348591,
    4217.772116142872,
    1903.146840857397,
    3123.3582989847678,
    4330.476553080206,
    4353.062503405685,
    3225.4196919634164,
    4239.123047017989,
    4291.705828281007,
    4311.439759608235,
    4325.399914898746,
    4113.348637458217,
    4297.527463978656,
    4319.887771406434,
    4151.341716507552,
    4348.887709818192,
    4257.061637152493,
    4274.884191722941,
    4203.573165957394,
    4245.992905902155,
    4405.400850393733,
    4392.794961668519,
    4376.15310156745,
    4378.85633289917,
    2642.265955873104,
    4347.786558629558,
    4373.891385897737,
    4370.837455511452,
    4254.791113130952,
    4172.435937382394,
    4405.0489919655865,
    1924.1249076033923,
    3908.675922370124,
    4145.277712970222,
    4251.991475089695,
    4261.923641461738,
    4416.467123781564,
    4376.946533672261,
    4392.314468995243,
    4312.822131254588,
    4450.8446618546095,
    4311.4796519560205,
    4242.916927394421,
    4351.088358661572,
    4296.492323585987,
    4477.888151199618,
    4334.687340193795,
    4354.587163516183,
    4460.207401511272,
    4301.939058037094,
    4307.513672530344,
    4407.110958248584,
    4375.653282760777,
    4249.235626784375,
    4430.386355483945,
    4407.590464872058,
    4410.883297641231,
    4134.477224399492,
    4376.303277144963,
    4497.4865396672585,
    4310.967567931909,
    4306.841476635552,
    4292.653016788851,
    4357.1941177622375,
    4193.481283667982,
    4505.052910058066,
    1979.0419137524889,
    4376.9147084254055,
    4391.267553921578,
    4294.9993029779935,
    4261.830790224757,
    4464.238288437019,
    4404.861655178201,
    4350.216971119195,
    4325.107417068091,
    4520.818495653892,
    4563.34735715371,
    4314.666746542056,
    4406.778299413785,
    4484.710727609696,
    4363.150519976519,
    4458.953824812763,
    4297.842492941275,
    4295.760330068989,
    4348.496846592566,
    4448.681243308789,
    4551.156503179752,
    4463.118176845852,
    4480.093848765702,
    4389.172806942874,
    4464.830310303482,
    4381.466798896659,
    1294.3925151407118,
    4534.283432826659,
    4437.40851944581,
    4515.529950008058,
    4518.67284385475,
    4469.400106103498,
    4260.655638421792,
    4243.676896850045,
    4431.278567702622,
    1906.8415402676317,
    4292.030250248583,
    4218.300125571628,
    4463.462564235922,
    4413.611600309134,
    4532.783242960095,
    4514.165899032605,
    4311.175289693793,
    4412.3689950063335,
    4195.167206371375,
    4508.710460597898,
    4500.44463743159,
    4452.102995238489,
    4371.50895041512,
    4459.885153255006,
    4418.459194272119,
    1991.2103589586982,
    4423.499733381209,
    555.8839261021909,
    568.7283267531852,
    4412.038127820303,
    4428.631534478396,
    4299.480957668878,
    4345.3782906007855,
    4397.837594018405,
    4488.94980088572,
    3774.809179521111,
    4536.452284008704,
    4531.180111759026,
    4429.367566240092,
    4347.851461166651,
    4509.336912851089,
    4433.835442400934,
    4488.5431085153805,
    4464.600214273638,
    4511.119314115847,
    4332.213383079051,
    4486.284711675513,
    4592.517898740775,
    4435.292058021794,
    4562.409319290569,
    4493.659628199382,
    3201.476981954549,
    4425.059457625045,
    4342.432581851157,
    2412.644750336552,
    4477.16173026047,
    4415.996591808355,
    4360.372661810498,
    4617.323855482599,
    4468.872524938134,
    4448.218183701868,
    4483.914467109837,
    4419.657674320026,
    4474.681123268199,
    4620.897529083865,
    4509.970870939118,
    4297.2610075783905,
    4526.342675627819,
    1345.7060237979185,
    4591.747875678215,
    3166.6488194910858,
    4396.083538355811,
    4297.1692908137275,
    4512.143735258408,
    4486.846545565748,
    4338.164277040277
  ],