{
  "env": "HalfCheetah-v4",
  "agent": "Optimal_PPO",
  "seed": 9,
  "config": {
    "hidden_dim": 256,
    "lr": 0.0003,
    "gamma": 0.99,
    "lam": 0.95,
    "eps_clip": 0.2,
    "n_epochs": 10,
    "batch_size": 64,
    "n_steps": 2048,
    "ent_coef": 0.0,
    "vf_coef": 0.5,
    "max_grad_norm": 0.5,
    "use_obs_norm": true,
    "use_adv_norm": true,
    "use_lr_anneal": true,
    "use_vclip": false,
    "device": "cpu",
    "total_timesteps": 1000000,
    "eval_freq": 20480,
    "n_eval_episodes": 10,
    "eval_mode": "deterministic_mean"
  },
  "total_steps": 1001472,
  "elapsed_s": 2592.4183530807495,
  "final_reward": 1801.0040756015667,
  "peak_reward": 1801.0040756015667,
  "max_reward": 1841.6037581979485,
  "eval_rewards": [
    -0.9291722196037636,
    -20.280949842237803,
    -37.25480090309925,
    39.886580289061826,
    914.0520505590648,
    1057.6028178790352,
    1168.4752022129987,
    1224.741953959366,
    1336.4774464368918,
    1294.8605750091483,
    1364.558660039006,
    1418.2094093231858,
    1444.6019135535469,
    1466.6588158229515,
    1429.622921558981,
    1476.9438754129537,
    1505.1924451165064,
    1546.789011765075,
    1342.1009961240677,
    1568.4895921398763,
    1553.81363827415,
    1393.1228309579744,
    863.4302290933389,
    1419.2076240649671,
    1261.1275513890062,
    1466.8207462644673,
    1652.959417183562,
    1467.7115884149284,
    1652.1270882482575,
    1694.1288957012061,
    1703.8346636301608,
    1570.104111970388,
    907.9893718513835,
    1384.9131655809765,
    1686.0069492367304,
    1735.014577489348,
    1731.9428080345413,
    1760.2745408754386,
    1752.8554272154888,
    1748.787668544214,
    1783.5871702440368,
    1783.4976278242116,
    1799.2057065307254,
    1782.0523222736508,
    1786.9075913099005,
    1828.339766414608,
    1841.6037581979485,
    1825.3387509419485,
    1830.720393734425
  ],
  "eval_steps": [
    2048,
    22528,
    43008,
    63488,
    83968,
    104448,
    124928,
    145408,
    165888,
    186368,
    206848,
    227328,
    247808,
    268288,
    288768,
    309248,
    329728,
    350208,
    370688,
    391168,
    411648,
    432128,
    452608,
    473088,
    493568,
    514048,
    534528,
    555008,
    575488,
    595968,
    616448,
    636928,
    657408,
    677888,
    698368,
    718848,
    739328,
    759808,
    780288,
    800768,
    821248,
    841728,
    862208,
    882688,
    903168,
    923648,
    944128,
    964608,
    985088
  ],
  "episode_rewards": [
    1641.58888216521,
    1654.3829316030944,
    1645.9091730492182,
    1672.4335194823673,
    1559.0123171861032,
    1685.0465656455892,
    1627.3175606452478,
    1646.9275061443482,
    1615.2105477717832,
    1642.830082101709,
    1677.3740901818553,
    1625.1841795942867,
    1666.4166846677367,
    1628.9636722199273,
    1634.4880817597962,
    1572.4040691641453,
    1722.9415974760884,
    1688.3742714945258,
    1704.0225041479634,
    1080.6925115724553,
    1683.1060689269543,
    1693.5559277514303,
    1669.3308499703621,
    1508.5462910383594,
    1679.3865723495146,
    1652.7965447331878,
    1688.6002170701324,
    1673.1668003898599,
    1682.5070585825517,
    1673.052034385751,
    1680.5622855072497,
    1671.7897139770282,
    1727.0664983099143,
    1670.9080541141707,
    1678.4833430657413,
    1619.7497023957342,
    1648.5131972411225,
    1685.5729763172124,
    1680.7435006674293,
    1215.797057991702,
    1686.942083361154,
    1664.4788712104908,
    1623.9210774453998,
    1663.5411024761709,
    1500.4489433088117,
    1518.2115727994258,
    1682.2406506959746,
    1664.610442914064,
    1637.0095910658283,
    1478.466934589084,
    1718.6433522275356,
    1697.7365688763955,
    1661.571682333983,
    1642.5522728050632,
    1692.2620801768937,
    1698.0898093912147,
    1713.7172376547232,
    1676.2728719224508,
    1661.109068825408,
    1668.078033113295,
    1709.739441511314,
    1547.614425354659,
    1721.4944857683624,
    1691.784342512242,
    1681.6661553250049,
    1671.2766804461262,
    1679.4040393541363,
    1466.3665781198324,
    1667.2286350920583,
    1665.0424827860759,
    1680.7445083804234,
    1679.7464631961882,
    1704.4284913224913,
    1730.0314287892645,
    1674.7428467995383,
    1565.838051004237,
    1665.908376566031,
    1635.8148336472298,
    1713.748044111979,
    1724.0418322611145,
    1681.1857840622033,
    1728.1558021078692,
    1706.6816984890982,
    1731.1000339036766,
    1725.4681086691737,
    1740.304745520663,
    1700.736996288114,
    1701.831005160415,
    1724.5242110026234,
    1652.5392099985847,
    1725.2106272933588,
    1631.404581432542,
    1722.806352257735,
    1688.9961406698892,
    1661.7436743173912,
    1595.3852046394625,
    1678.1974232239936,
    1663.2626715097567,
    1695.7437204833714,
    1708.9520175369476,
    1403.4156117258233,
    1639.813086724961,
    1755.2316494629106,
    1702.0192021558935,
    1723.4139248318875,
    1698.4092846622245,
    1637.1930737560815,
    1721.9738093680644,
    1690.7540837427994,
    1716.7007364930157,
    1719.0666164856827,
    1663.9802905260835,
    1695.079622022618,
    1755.3697893951955,
    1697.6613656688157,
    1684.3708102138526,
    1700.434299236541,
    1696.3055321644624,
    1724.4747110957703,
    1731.7728826164064,
    1685.2917512344522,
    1610.297517360142,
    1756.259760815583,
    1604.3687667592321,
    1694.104663547852,
    1714.9038768627333,
    1676.053142524324,
    1765.8377980651635,
    1684.8808165393598,
    1717.8589691660654,
    1742.3002953099679,
    1714.8685136394258,
    1689.6293849088631,
    1709.7921304704078,
    1627.84965293898,
    1695.180375271975,
    1711.3155835757696,
    1735.1391673967082,
    1665.197844678125,
    1702.1933823523298,
    1723.8362850519152,
    1709.0213692790296,
    1496.956506542566,
    1681.9998156937952,
    1655.3077719903802,
    1736.307117577126,
    1586.6773431783242,
    1660.9752898139686,
    1730.3811718427598,
    1745.1487247024647,
    1666.9329383864538,
    1724.7447034947654,
    1705.2489299879123,
    1744.9376613315221,
    1759.8444501766812,
    1702.9003084020717,
    1724.0783372332687,
    1591.7996596803969,
    1692.7957555967234,
    1687.9368488018968,
    1714.8187469307757,
    1711.9690795313977,
    1705.019697635564,
    1708.1412992845756,
    1743.7033943109534,
    1705.3688044795965,
    1663.0811692693035,
    1696.9457444129398,
    1705.0477781275647,
    1712.660970784939,
    1667.9778433361348,
    1739.971358788937,
    1671.797202204195,
    1752.9700877622327,
    1695.1816128751464,
    1700.9840792830485,
    1683.1167614643673,
    1782.3916628047546,
    1666.9549991401525,
    1732.3661948359643,
    1679.2664992968898,
    1688.1071593782203,
    1693.0563647717931,
    1721.5362038320254,
    1669.558783438162,
    1726.8917215691583,
    1741.5647170318957,
    1747.463735681974,
    1761.2803023983065,
    1680.0636840953046,
    1690.2913624495957,
    1755.9944047059932,
    1755.0264302603691,
    1766.2211037231996,
    1676.2555173571259,
    1738.8200046967395,
    1759.1628322644451,
    1784.5611486422274,
    1721.1896173908078,
    1722.660307416683
  ],