{
  "env": "HalfCheetah-v4",
  "agent": "BHVF_V6",
  "seed": 1,
  "config": {
    "hidden_dim": 256,
    "lr": 0.0003,
    "gamma": 0.99,
    "lam": 0.95,
    "eps_clip": 0.2,
    "n_epochs": 10,
    "batch_size": 64,
    "n_steps": 2048,
    "ent_coef": 0.0,
    "vf_coef": 0.5,
    "max_grad_norm": 0.5,
    "use_obs_norm": true,
    "use_adv_norm": true,
    "use_lr_anneal": true,
    "total_timesteps": 50000,
    "eval_freq": 20480,
    "n_eval_episodes": 10,
    "eval_mode": "deterministic_mean",
    "scr_ema_alpha": 0.1,
    "clip_c": 2.5,
    "use_dcppo_s": false,
    "dcppo_w_min": 0.1
  },
  "total_steps": 51200,
  "elapsed_s": 55.40527701377869,
  "final_reward": -23.762488386024085,
  "max_reward": -1.4648156542548256,
  "eval_rewards": [
    -1.4648156542548256,
    -12.72226698832836,
    -57.10038251548906
  ],
  "eval_steps": [
    2048,
    22528,
    43008
  ],
  "episode_rewards": [
    -638.208807579934,
    -662.5572555087367,
    -680.9966944048894,
    -506.53252335652627,
    -608.2907299192394,
    -598.3124581746125,
    -522.0098084998341,
    -570.9582266703533,
    -629.7160207431353,
    -498.4350224701538,
    -519.5231970668015,
    -538.298265996362,
    -512.1715839174271,
    -566.5313259910533,
    -511.044699266081,
    -484.5553997962822,
    -494.4975388416688,
    -493.92404773488033,
    -479.7239780866649,
    -514.7349655194406,
    -411.9391088004132,
    -462.4888960068165,
    -425.1019353946255,
    -429.24885096268713,
    -593.6945596226673,
    -422.6930157854594,
    -381.65923345906566,
    -379.26998145192596,
    -395.62555202347187,
    -471.68186456740125,
    -401.3159433094894,
    -473.65009135975197,
    -407.4092591596114,
    -396.08802811128595,
    -440.1692703831389,
    -394.735196544757,
    -477.2307998264763,
    -440.16406597447246,
    -366.7938594230745,
    -377.9625405202024,
    -401.744306331424,
    -340.11253152668047,
    -419.58976196336477,
    -381.57532570974814,
    -339.85505846710225,
    -349.36420183150307,
    -363.0854601989189,
    -293.3037391923064,
    -349.67889036472803,
    -379.7799368075576,
    -356.80101719731374
  ],
  "bhvf_diagnostics": [
    {
      "step": 2048,
      "scr": 0.0,
      "sigma_V": 63.55075455711914,
      "sigma_G": 14.007861147390138,
      "sigma_e": 2.302320958183838,
      "alpha_star": 0.2,
      "c_mc": 0.2,
      "ev_now": -0.002192544814248576,
      "clip_ratio": 0.99267578125
    },
    {
      "step": 22528,
      "scr": 0.0,
      "sigma_V": 5.229098330007324,
      "sigma_G": 6.9484243492944335,
      "sigma_e": 7.964866664407623,
      "alpha_star": 0.06973568802000003,
      "c_mc": 0.06973568802000003,
      "ev_now": -0.03238320239979009,
      "clip_ratio": 0.021484375
    },
    {
      "step": 43008,
      "scr": 0.0,
      "sigma_V": 8.632650385366212,
      "sigma_G": 10.207141886220704,
      "sigma_e": 9.722207062712446,
      "alpha_star": 0.02431533091811388,
      "c_mc": 0.02431533091811388,
      "ev_now": 0.05602865421747816,
      "clip_ratio": 0.02294921875
    }
  ]
}