{
  "env": "HalfCheetah-v4",
  "agent": "HCGAE_Optimal_GRPO",
  "seed": 8,
  "config": {
    "hidden_dim": 256,
    "lr": 0.0003,
    "gamma": 0.99,
    "lam": 0.95,
    "eps_clip": 0.2,
    "n_epochs": 10,
    "batch_size": 64,
    "n_steps": 2048,
    "ent_coef": 0.0,
    "vf_coef": 0.5,
    "max_grad_norm": 0.5,
    "use_obs_norm": true,
    "use_adv_norm": true,
    "use_lr_anneal": true,
    "use_vclip": false,
    "device": "cpu",
    "total_timesteps": 1500000,
    "eval_freq": 20480,
    "n_eval_episodes": 10,
    "eval_mode": "deterministic_mean"
  },
  "total_steps": 1501184,
  "elapsed_s": 1451.1904718875885,
  "final_reward": 1800.6782902582374,
  "peak_reward": 1800.6782902582374,
  "max_reward": 1822.7054289280538,
  "eval_rewards": [
    -1.1465104749681987,
    -21.999430716595732,
    -27.780291082830956,
    -76.00452204938058,
    -68.2911784986907,
    -76.40463636791802,
    -88.50443883145664,
    1009.5482409803178,
    1124.222674923626,
    1201.5654770636384,
    1224.6357985745758,
    1349.615987691319,
    1175.0233319398635,
    1243.69548409942,
    1343.1803533012223,
    1412.771388529713,
    1415.5368029829613,
    1436.195761514066,
    1457.7595725909757,
    1462.595804893887,
    1490.1460605965951,
    1472.926954943733,
    1506.374982152193,
    1509.8002873454875,
    1594.5353184087862,
    1552.1912018642913,
    1611.3753396860625,
    1616.290287591082,
    1632.0925163321285,
    1640.0722381182604,
    1593.959694734367,
    1650.4638194910658,
    1662.0117800126404,
    1671.0341841555958,
    1249.420206896672,
    1645.2447337080052,
    1604.2390579692974,
    1642.614623144529,
    1639.7997034354769,
    1619.74215939777,
    1645.6256043860035,
    1665.195808560331,
    1664.0183731076108,
    1690.85377725559,
    1685.1950464943488,
    1697.0282728603827,
    1672.4708203767182,
    1687.4058508150188,
    1713.931363052979,
    1700.0744922049166,
    1708.5944731973789,
    1720.473128892365,
    1714.4102946010257,
    1733.7848248361029,
    1719.282483960491,
    1715.4803798560176,
    1726.6943272265387,
    1723.8301619663828,
    1751.2366597336427,
    1749.0730745807382,
    1764.4999329990442,
    1783.3625177065992,
    1761.6192672055538,
    1785.3585228134184,
    1796.115983293687,
    1792.600359725484,
    1768.3104397550646,
    1789.6170131346764,
    1797.8606796222462,
    1799.1309485999282,
    1816.4898109837236,
    1804.9354602022624,
    1822.7054289280538,
    1819.0167783372478
  ],
  "eval_steps": [
    2048,
    22528,
    43008,
    63488,
    83968,
    104448,
    124928,
    145408,
    165888,
    186368,
    206848,
    227328,
    247808,
    268288,
    288768,
    309248,
    329728,
    350208,
    370688,
    391168,
    411648,
    432128,
    452608,
    473088,
    493568,
    514048,
    534528,
    555008,
    575488,
    595968,
    616448,
    636928,
    657408,
    677888,
    698368,
    718848,
    739328,
    759808,
    780288,
    800768,
    821248,
    841728,
    862208,
    882688,
    903168,
    923648,
    944128,
    964608,
    985088,
    1005568,
    1026048,
    1046528,
    1067008,
    1087488,
    1107968,
    1128448,
    1148928,
    1169408,
    1189888,
    1210368,
    1230848,
    1251328,
    1271808,
    1292288,
    1312768,
    1333248,
    1353728,
    1374208,
    1394688,
    1415168,
    1435648,
    1456128,
    1476608,
    1497088
  ],
  "episode_rewards": [
    1646.182172406795,
    1646.4966379934574,
    1641.1385453124549,
    1691.121062546486,
    1633.5843256478495,
    1699.5916953525025,
    1671.2700966620055,
    1643.8264081323946,
    1700.0072946348312,
    1694.8145778945068,
    1664.564029429895,
    1685.9399574704573,
    1671.6687536907268,
    1650.8899776908222,
    1643.1629676736454,
    1698.5308643498154,
    1707.9824490450223,
    1682.3412636619119,
    1686.0405220899586,
    1684.4383252183416,
    1671.8021054786025,
    1619.7148739221761,
    1699.3126654227133,
    1683.638202584077,
    1722.7131540012272,
    1618.8846548467013,
    1703.3014110005565,
    1661.8206020004259,
    1629.4370856292596,
    1683.929806809252,
    1680.0020037982977,
    1662.1422354783429,
    1695.3050914651865,
    1676.3933620957491,
    1634.0373773408348,
    1680.1341485032679,
    1645.4717930673157,
    1702.4556497698686,
    1693.5435244391088,
    1690.4401479732066,
    1717.5626078912942,
    1708.7612167690954,
    1660.5348991984108,
    1642.780168427193,
    1695.6491247520537,
    1681.6576313830146,
    1654.3560083025168,
    1664.579323793081,
    1685.3937876241555,
    1686.9022452524182,
    1679.418941520947,
    1698.5433029960031,
    1698.3292355135816,
    1686.147009375738,
    1713.8550097191064,
    1709.632975418677,
    1675.3785464913256,
    1665.8476081725676,
    1672.2525118103565,
    1665.4383758777813,
    1693.0253394137326,
    1697.5465556009594,
    1680.3613076700537,
    1634.0682290490536,
    1642.3716848483293,
    1664.832715302218,
    1713.6050461155687,
    1663.6129068902542,
    1688.8761826879193,
    1705.4609830309341,
    1726.3777090929007,
    1693.3266945114142,
    1681.234737260992,
    1647.7010251011416,
    1641.8537787255898,
    1673.5576773137589,
    1666.8781473035313,
    1686.4164694850767,
    1682.9886227538082,
    1706.4211867927684,
    1653.2772443089339,
    1717.9914622951726,
    1689.041405148196,
    1685.9658404965203,
    1702.251770152504,
    1654.0324103077996,
    1656.7048151850863,
    1712.6285956590839,
    1685.6285387716086,
    1703.645594069535,
    1733.9813336526422,
    1643.9288730325138,
    1656.0697676167442,
    1656.7410520212104,
    1607.6842840513918,
    1662.9694133116989,
    1683.888774007537,
    1726.6348676927005,
    1697.484201363074,
    1702.3113988183093,
    1690.5734997293255,
    1669.2891852605649,
    1687.2523490154015,
    1662.1106195081322,
    1694.724198813469,
    1701.5567063046387,
    1685.9761578426337,
    1660.6743566971784,
    1720.5407916639695,
    1669.3724349949223,
    1662.4961088409775,
    1690.4681332263708,
    1670.8403424459289,
    1659.1444796749468,
    1667.1362440480677,
    1681.77958491906,
    1669.8494781902868,
    1688.2646651174844,
    1711.4156034745756,
    1704.762644759922,
    1659.8416162797641,
    1719.3932541997528,
    1680.803345202251,
    1687.552010725275,
    1683.2854154739302,
    1680.7364680950955,
    1721.3027177992751,
    1695.251716161077,
    1710.8239020733265,
    1727.6066455240998,
    1707.123055721431,
    1650.809625631469,
    1728.1789785222013,
    1727.313637925632,
    1678.1999089256542,
    1674.1531276768906,
    1701.0632966055155,
    1664.1872426698135,
    1679.6926153503798,
    1691.9343633541455,
    1715.8509529093953,
    1668.9763814627004,
    1691.5086854908084,
    1711.1280747945186,
    1709.7074909060443,
    1697.5301961045643,
    1709.1089575163396,
    1705.1436967026664,
    1728.545435821374,
    1715.3311719897818,
    1621.2791017002453,
    1681.4210909358942,
    1737.6559226917773,
    1667.010570923235,
    1666.1232122135496,
    1711.259437066031,
    1605.750318466143,
    1719.420045936843,
    1707.6604862400918,
    1697.1459898883195,
    1723.723807607994,
    1700.710963642779,
    1691.7551782315586,
    1739.2377626886928,
    1643.3528413280367,
    1692.3696325663093,
    1713.8331906097221,
    1663.0198535289603,
    1661.3620920132716,
    1717.775633751363,
    1707.1953865449775,
    1738.4954065764343,
    1724.4089540307257,
    1720.0705590012276,
    1676.2343076800876,
    1714.4643638252044,
    1703.7355077613838,
    1674.9833653511726,
    1703.1497339433713,
    1706.1185993616878,
    1699.975455774961,
    1733.333129344373,
    1736.0254847910435,
    1694.5682986312654,
    1718.478574092986,
    1716.3427526177898,
    1710.6659716162048,
    1689.7386597819238,
    1751.9420538474762,
    1673.089616406838,
