{
  "env": "HalfCheetah-v4",
  "agent": "HCGAE_Optimal_GRPO",
  "seed": 5,
  "config": {
    "hidden_dim": 256,
    "lr": 0.0003,
    "gamma": 0.99,
    "lam": 0.95,
    "eps_clip": 0.2,
    "n_epochs": 10,
    "batch_size": 64,
    "n_steps": 2048,
    "ent_coef": 0.0,
    "vf_coef": 0.5,
    "max_grad_norm": 0.5,
    "use_obs_norm": true,
    "use_adv_norm": true,
    "use_lr_anneal": true,
    "use_vclip": false,
    "device": "cpu",
    "total_timesteps": 1500000,
    "eval_freq": 20480,
    "n_eval_episodes": 10,
    "eval_mode": "deterministic_mean"
  },
  "total_steps": 1501184,
  "elapsed_s": 1426.706170797348,
  "final_reward": 1892.0801467902525,
  "peak_reward": 1873.853017349392,
  "max_reward": 1909.9671013036907,
  "eval_rewards": [
    -0.8242748700166695,
    -30.297930445020274,
    -116.26630463098539,
    -187.11181150075578,
    768.2252631328906,
    974.9777466946541,
    663.2863810623852,
    1291.07196883339,
    -121.79291073759778,
    1453.267077748983,
    1497.8909400575842,
    1556.1009516791362,
    1598.6535620544612,
    1604.5947916670607,
    1650.9126540196964,
    1643.3402527382489,
    502.2594785049861,
    1281.597214204639,
    692.740898253766,
    875.498416720294,
    1445.298152319247,
    1464.0982439339734,
    1649.6497223415463,
    1613.6226367017623,
    1445.4710741612498,
    1460.6159121132919,
    -264.87538417071397,
    -66.36594672403403,
    1672.0941981399083,
    1282.5101109529837,
    1676.7292148547792,
    1692.9312905243787,
    1693.176615802211,
    1303.8636324118684,
    477.8925625644054,
    1759.4198613920598,
    1742.8279811599327,
    1740.6599122026448,
    1772.7935052231223,
    1744.8406355341017,
    1775.7295606554264,
    1772.723435450606,
    1791.3898550434074,
    1744.955442333146,
    1746.534230151597,
    1710.5849473759286,
    1733.934753810286,
    1763.8140557057814,
    1770.1346266917,
    1782.9768985531423,
    1774.282356056648,
    1778.236792327812,
    1805.9102192113871,
    1815.0787507408525,
    1821.9503792596624,
    1814.3813723573408,
    1828.701555170069,
    1834.0158265662944,
    1857.9847830797564,
    1844.7205151691664,
    1867.7983313638501,
    1890.1685729142555,
    1909.9671013036907,
    1901.8468300455784,
    1893.9093984524945,
    1872.2077857651707,
    1865.9110288336626,
    1897.6694272199843,
    1883.758981965706,
    1909.192381725879,
    1888.3463076422734,
    1907.8157652640646,
    1902.5677077104865,
    1899.4226833228051
  ],
  "eval_steps": [
    2048,
    22528,
    43008,
    63488,
    83968,
    104448,
    124928,
    145408,
    165888,
    186368,
    206848,
    227328,
    247808,
    268288,
    288768,
    309248,
    329728,
    350208,
    370688,
    391168,
    411648,
    432128,
    452608,
    473088,
    493568,
    514048,
    534528,
    555008,
    575488,
    595968,
    616448,
    636928,
    657408,
    677888,
    698368,
    718848,
    739328,
    759808,
    780288,
    800768,
    821248,
    841728,
    862208,
    882688,
    903168,
    923648,
    944128,
    964608,
    985088,
    1005568,
    1026048,
    1046528,
    1067008,
    1087488,
    1107968,
    1128448,
    1148928,
    1169408,
    1189888,
    1210368,
    1230848,
    1251328,
    1271808,
    1292288,
    1312768,
    1333248,
    1353728,
    1374208,
    1394688,
    1415168,
    1435648,
    1456128,
    1476608,
    1497088
  ],
  "episode_rewards": [
    1770.7083152946768,
    1764.0549553332842,
    1722.182385354512,
    1741.5222829132347,
    1762.4190356705674,
    1726.8378218137814,
    1822.1069158032046,
    1694.5350100532987,
    1743.2172619436917,
    1788.4713658505746,
    1733.569648214548,
    1763.522616251398,
    1720.6472768426077,
    1731.8370532810277,
    1851.4241830665246,
    1881.2303975858904,
    1759.430903708006,
    1800.2924800817964,
    1738.2162350042588,
    1786.0794683040192,
    1686.3345372544695,
    1738.4864262267233,
    1748.7993774701467,
    1713.4429392302018,
    1787.3878840028776,
    1764.1469886039072,
    1772.3481200704523,
    1795.6428606064756,
    1796.4980418538526,
    1762.3772805378628,
    1658.932826960389,
    1737.4949566255423,
    1694.8519888408339,
    1709.4170633176088,
    1746.4367262253177,
    1780.646781433687,
    1744.3243089182906,
    1735.0992175079841,
    1756.417845650126,
    1787.4333403978987,
    1779.7968326683747,
    1753.6088196940714,
    1773.8017038253129,
    1766.2720112654247,
    1666.9764128937647,
    1781.1374970747179,
    1795.2303061421906,
    1785.0244807363567,
    1744.1111363990194,
    1834.1017194660326,
    1784.762631777145,
    1715.768715667186,
    1772.0502939458027,
    1737.0632446373825,
    1728.372873843783,
    1677.1766414328556,
    1758.4271641734365,
    1737.2496683144398,
    1721.6399096864975,
    1761.4589988683683,
    1753.8332422465683,
    1768.1188361112409,
    1785.5945952767217,
    1761.1074728805638,
    1752.7148089220366,
    1825.8909497052596,
    1776.212530810683,
    1654.0401572491778,
    1791.1682424898995,
    1781.7711721603062,
    1754.0871614871253,
    1835.1412854177515,
    1761.730815626302,
    1738.4809027652464,
    1823.312080021246,
    1786.575952889346,
    1714.6626267487761,
    1655.307320062408,
    1668.2121203464092,
    1814.128188494977,
    1813.228502188463,
    1729.2782262579403,
    1695.1124693931422,
    1813.3080543589706,
    1803.2949889075428,
    1661.0538582390232,
    1795.9954507116336,
    1746.9424429132266,
    1811.5382679825254,
    1830.9264464579894,
    1787.7972230134264,
    1785.6868807464807,
    1742.3996849803793,
    1679.8662589045973,
    1781.20675630343,
    1809.3254915281545,
    1732.0858624949858,
    1754.0622256069114,
    1861.0327327613224,
    1778.7400966626776,
    1721.2565429769513,
    1781.015802370928,
    1785.5741094204484,
    1760.494820477043,
    1808.3321891304545,
    1852.6964093164654,
    1808.7816246859468,
    1723.1418174822172,
    1801.3260373397145,
    1835.701277519788,
    1754.9896219034792,
    1746.4133742101978,
    1835.9127067113961,
    1812.4868969395495,
    1779.40681439716,
    1852.6577629901042,
    1755.0892720118013,
    1865.66695955358,
    1802.8382565335871,
    1768.6843141751096,
    1821.103646059657,
    1794.3617388414013,
    1752.1154602452984,
    1806.0051766258766,
    1814.8754212176032,
    1781.6943779288454,
    1806.9824347910337,
    1787.0672880442964,
    1722.8494553124256,
    1715.8468486853412,
    1845.116265205744,
    1776.411898152247,
    1795.129133979423,
    1802.8186761528832,
    1839.2485417764083,
    1815.7851874529288,
    1781.9919867520996,
    1782.5821195182673,
    1807.7799515426009,
    1775.1792038662759,
    1766.4435161395797,
    1790.9617819470247,
    1764.4534020198628,
    1769.279572367711,
    1752.6405461816332,
    1790.2515468443248,
    1785.387724609667,
    1748.0821486695522,
    1753.4673777589467,
    1778.1413220764864,
    1805.6513703741145,
    1758.6008463137232,
    1830.5212333471713,
    1772.3957680349508,
    1566.6053967671105,
    1816.9440636463014,
    1774.662707974012,
    1771.5125723972383,
    1775.3123111651219,
    1794.949237382303,
    1787.0442441381545,
    1734.306806008187,
    1787.8342229257348,
    1823.4996716106602,
    1790.28496875424,
    1759.51047132363,
    1847.2477658719538,
    1826.917082816679,
    1825.2407656962193,
    1770.0463952633904,
    1805.2186568732154,
    1771.1010694646893,
    1761.6048806024392,
    1800.988388191272,
    1785.7348514234484,
    1763.1381794505646,
    1711.325197767727,
    1783.9541712525481,
    1746.2486730806265,
    1749.825127740309,
    1745.3259447376015,
    1772.7601164882335,
    1763.1810907924466,
    1809.1214561354511,
    1789.6440185907952,
    1805.8294119446077,
    1751.5273298912487,
    1841.320716511073,
    1846.3635984378973,
    1812.286039369441,
