{
  "env": "HalfCheetah-v4",
  "agent": "HCGAE_Optimal_GRPO",
  "seed": 12,
  "config": {
    "hidden_dim": 256,
    "lr": 0.0003,
    "gamma": 0.99,
    "lam": 0.95,
    "eps_clip": 0.2,
    "n_epochs": 10,
    "batch_size": 64,
    "n_steps": 2048,
    "ent_coef": 0.0,
    "vf_coef": 0.5,
    "max_grad_norm": 0.5,
    "use_obs_norm": true,
    "use_adv_norm": true,
    "use_lr_anneal": true,
    "use_vclip": false,
    "device": "cpu",
    "total_timesteps": 1500000,
    "eval_freq": 20480,
    "n_eval_episodes": 10,
    "eval_mode": "deterministic_mean"
  },
  "total_steps": 1501184,
  "elapsed_s": 1612.8874309062958,
  "final_reward": 3915.7094262040314,
  "peak_reward": 3915.7094262040314,
  "max_reward": 4173.107327514306,
  "eval_rewards": [
    -1.5028989685940508,
    -56.771489355725464,
    -13.757140232015056,
    -10.040260104030102,
    404.1396087164826,
    9.47005698329583,
    507.1558636856156,
    814.1311686188963,
    846.6644367386973,
    992.1663960850925,
    1340.1655746535862,
    1617.5951362149947,
    1806.1215900826232,
    2254.88344234307,
    2315.558669029952,
    2275.153945550782,
    2325.942020660227,
    2358.206052189971,
    2493.3426370907223,
    2585.8330744305554,
    2624.804133127652,
    2714.3433673422855,
    2731.948844447473,
    2099.9124018199977,
    2852.499839766093,
    3035.7599066853563,
    2810.885369976345,
    3106.144995205547,
    3202.7418264997104,
    3287.7433037690635,
    3353.778627537945,
    3450.8460073762603,
    3370.0939683942606,
    3459.8383351408834,
    3546.8115772852916,
    3269.549503845029,
    3050.087447320284,
    3271.463286636532,
    3662.7255009268993,
    3388.3648349844016,
    3478.2072813309505,
    3543.539775697679,
    3630.411298104369,
    3581.900181381353,
    3547.896161809121,
    3592.7939949824186,
    3594.037089043718,
    3604.963243678376,
    3694.944143950306,
    3649.069833908978,
    3503.868492937449,
    3803.934919461301,
    3836.724811614307,
    3789.8059424726343,
    3474.48049950813,
    3181.015086947861,
    3365.2886527992464,
    3995.0988213288083,
    3409.94725898572,
    3806.132798341869,
    3592.2026982436255,
    3721.8985667821316,
    3712.3450780944704,
    3544.2323119834705,
    3772.9809581244817,
    3881.6788342356676,
    3987.840208424256,
    4052.9588018218055,
    3487.878045688445,
    3902.4759050776947,
    3740.3776881661734,
    4149.991122384692,
    4007.805370602791,
    4173.107327514306
  ],
  "eval_steps": [
    2048,
    22528,
    43008,
    63488,
    83968,
    104448,
    124928,
    145408,
    165888,
    186368,
    206848,
    227328,
    247808,
    268288,
    288768,
    309248,
    329728,
    350208,
    370688,
    391168,
    411648,
    432128,
    452608,
    473088,
    493568,
    514048,
    534528,
    555008,
    575488,
    595968,
    616448,
    636928,
    657408,
    677888,
    698368,
    718848,
    739328,
    759808,
    780288,
    800768,
    821248,
    841728,
    862208,
    882688,
    903168,
    923648,
    944128,
    964608,
    985088,
    1005568,
    1026048,
    1046528,
    1067008,
    1087488,
    1107968,
    1128448,
    1148928,
    1169408,
    1189888,
    1210368,
    1230848,
    1251328,
    1271808,
    1292288,
    1312768,
    1333248,
    1353728,
    1374208,
    1394688,
    1415168,
    1435648,
    1456128,
    1476608,
    1497088
  ],
  "episode_rewards": [
    3892.2764076246776,
    3883.9620993014114,
    1509.8503633938624,
    3827.310505274212,
    3998.159030845833,
    3811.7928756369797,
    3764.1563944636337,
    512.5227197569668,
    3738.9797279280688,
    3453.831986954513,
    3926.9725460981285,
    3650.450991733568,
    673.8272388159442,
    3424.1837957708804,
    3235.876264473349,
    3732.9885455191093,
    3826.7972842904865,
    3671.0780712747064,
    3814.924663431415,
    3013.3422643098534,
    379.91093558180376,
    3964.425611305876,
    3919.2214809181705,
    530.1530919832571,
    3446.0999002057897,
    3827.5034110246106,
    389.92518778381145,
    2089.600375197922,
    3913.791126700001,
    1717.7063107416857,
    3742.390612692962,
    3710.5515204667045,
    3676.0553419466137,
    3781.0438004271205,
    2407.7633311527707,
    3746.7315590108437,
    3556.8545302853418,
    3528.2593695205137,
    1866.2623731955093,
    495.87774259314443,
    3622.057173801132,
    2494.9880281247624,
    3964.1218897621984,
    2909.5043194544805,
    179.87133468023467,
    3580.4343481142864,
    3857.6413858508063,
    1442.7098488152585,
    3654.1427214621294,
    3449.6219885986557,
    2848.3522340693385,
    3627.7115302380525,
    3976.4541744306393,
    852.8507601351666,
    755.2212177750336,
    3908.1458478021455,
    1726.6780143541162,
    1021.2087760290224,
    1222.9510359202964,
    3945.0102020599816,
    3849.059496779688,
    1065.7602698481624,
    3813.9118778847965,
    2955.0372553446623,
    3623.2384191619253,
    3485.1038727452133,
    3960.1356161152376,
    3744.388479819315,
    649.6593684963847,
    3616.229940236579,
    347.3855925349738,
    3539.4485042982406,
    2849.294988150715,
    4006.2054277915267,
    3776.4674161286343,
    3734.855882528512,
    666.5303195500163,
    3348.0871382277046,
    3875.2849636890223,
    3799.607171811414,
    3996.2215195855497,
    3469.7118863768183,
    3257.4808020653077,
    1441.844849694674,
    3739.86752294584,
    1196.2339601029198,
    1904.7902812108548,
    3967.175018613274,
    3688.8671083972686,
    3884.8449178906944,
    1815.6591318842145,
    2719.98789590201,
    2337.0868559996397,
    3774.72226653821,
    3075.7321628133755,
    1357.7346470862972,
    3800.555675259192,
    3135.063021033909,
    3984.102837279282,
    2164.7442768159135,
    3605.0481445851015,
    506.9419741388281,
    3718.604002279106,
    2352.6775354604547,
    3818.080791899576,
    3938.303667626766,
    255.2531277146908,
    3795.08126834071,
    3660.994460678312,
    3861.2345446936324,
    3074.3393222348054,
    2962.19280719978,
    3833.988782496397,
    3749.6937888541606,
    3251.0983557836425,
    3900.966819580485,
    3979.9245818315817,
    1826.2428573975815,
    3729.3500685785566,
    3808.812083379224,
    3623.203286519584,
    3740.537446545692,
    1609.3462330860345,
    3672.3360168494196,
    3514.1816563239645,
    3792.0962532834333,
    459.82198038972285,
    1044.288998677027,
    983.8887521635609,
    3779.059081575435,
    3872.545363218441,
    3768.5746515124147,
    3710.496890750862,
    3843.8827839884752,
    2813.2120094788384,
    3459.499573280034,
    1128.7004433963734,
    3322.380404850194,
    3817.422669295484,
    3863.7885786826264,
    3704.123139945726,
    3732.292648298314,
    713.1784362425492,
    1449.1408203259498,
    3745.8998577777793,
    3989.487027560856,
    718.324229294426,
    2806.151769404214,
    3819.671511738672,
    3547.358594411075,
    1414.948778774018,
    3861.066324283944,
    3517.9019987209754,
    3799.865551080067,
    3783.3265435262106,
    3802.8725616934344,
    374.38696204743735,
    3017.2133996174075,
    3735.1886909231603,
    3754.232384792862,
    2761.070520730028,
    3728.4854075630087,
    874.9582322104227,
    3607.721491777665,
    3976.1561101209763,
    3833.0319357727763,
    3628.009460403491,
    3774.3431950602944,
    3105.9739148308527,
    3797.408597200203,
    3935.910793153882,
    2455.6067794147903,
    3707.444455605361,
    978.8579011904874,
    3795.413576358009,
    3646.5608014407408,
    195.91135997193155,
    4039.0021053398723,
    734.2153531820202,
    3656.2642978790795,
    3734.873799035242,
    3990.1792450724997,
    2518.8939712247525,
    4000.3126397614715,
    3941.459396764363,
    3663.5097425503236,
    3936.3275883185966,
    1057.451455489472,
    3894.238512903812,
    -150.74976180139092,
    1671.7030249068619,
    3724.0170446924235,
    2799.1420483820325,
