{
  "env": "HalfCheetah-v4",
  "agent": "HCGAE_Optimal_GRPO",
  "seed": 14,
  "config": {
    "hidden_dim": 256,
    "lr": 0.0003,
    "gamma": 0.99,
    "lam": 0.95,
    "eps_clip": 0.2,
    "n_epochs": 10,
    "batch_size": 64,
    "n_steps": 2048,
    "ent_coef": 0.0,
    "vf_coef": 0.5,
    "max_grad_norm": 0.5,
    "use_obs_norm": true,
    "use_adv_norm": true,
    "use_lr_anneal": true,
    "use_vclip": false,
    "device": "cpu",
    "total_timesteps": 1500000,
    "eval_freq": 20480,
    "n_eval_episodes": 10,
    "eval_mode": "deterministic_mean"
  },
  "total_steps": 1501184,
  "elapsed_s": 1655.6248450279236,
  "final_reward": 1895.4828736325985,
  "peak_reward": 1895.4828736325985,
  "max_reward": 1932.7319302454853,
  "eval_rewards": [
    -0.594027301953692,
    -24.126358982378566,
    43.31517963926295,
    -49.3010934655925,
    -98.8302037656397,
    -94.36002727610717,
    1060.8731626868903,
    1210.0995727791042,
    -45.21201336314308,
    1324.12443628774,
    1277.915132178287,
    1411.3924505034101,
    1085.3792116541686,
    1420.2862591451014,
    1457.090720040936,
    1483.7590011489742,
    1504.156499365104,
    1513.9340264214075,
    1337.7774234977037,
    1512.3659654486269,
    1203.8094995305432,
    1392.5392702611844,
    1577.865997806075,
    1572.4436437653812,
    1428.2532160999613,
    1632.750830746945,
    1682.1196151115378,
    1641.1345464379506,
    1660.0003181741854,
    1656.0489656670372,
    1619.1008152778581,
    1652.894294189621,
    1665.1316362684604,
    1664.6123227761648,
    1690.176512754145,
    1693.764340160145,
    1691.2479568793701,
    1714.4981850253491,
    1710.636644103523,
    1711.7608801956717,
    1543.4424862816977,
    1747.1984896188144,
    1763.1720876430522,
    1463.0857718945713,
    1733.6610153677327,
    1719.41013690905,
    1714.3993202846643,
    1765.772775450189,
    1721.051503723334,
    1755.8673959242212,
    1780.2865288817884,
    1549.809402632353,
    1769.016203028047,
    1750.7311219951303,
    1556.2670275220748,
    1792.5002478876,
    1817.1802568041762,
    1808.3991083035442,
    1802.856975988654,
    1817.4680468943698,
    1808.1663304658548,
    1823.6526012423867,
    1607.5334781656786,
    1616.9536971164175,
    1853.021325977207,
    1869.251814015445,
    1868.9381415530838,
    1907.1194301090266,
    1893.4459760309273,
    1890.5666223158162,
    1898.881384914499,
    1915.4060994427498,
    1925.4660117217459,
    1932.7319302454853
  ],
  "eval_steps": [
    2048,
    22528,
    43008,
    63488,
    83968,
    104448,
    124928,
    145408,
    165888,
    186368,
    206848,
    227328,
    247808,
    268288,
    288768,
    309248,
    329728,
    350208,
    370688,
    391168,
    411648,
    432128,
    452608,
    473088,
    493568,
    514048,
    534528,
    555008,
    575488,
    595968,
    616448,
    636928,
    657408,
    677888,
    698368,
    718848,
    739328,
    759808,
    780288,
    800768,
    821248,
    841728,
    862208,
    882688,
    903168,
    923648,
    944128,
    964608,
    985088,
    1005568,
    1026048,
    1046528,
    1067008,
    1087488,
    1107968,
    1128448,
    1148928,
    1169408,
    1189888,
    1210368,
    1230848,
    1251328,
    1271808,
    1292288,
    1312768,
    1333248,
    1353728,
    1374208,
    1394688,
    1415168,
    1435648,
    1456128,
    1476608,
    1497088
  ],
  "episode_rewards": [
    1762.089180090038,
    1730.2125843189676,
    1765.3180833727706,
    1803.8985636637835,
    1767.6934936358682,
    1758.145255173515,
    1725.4883932247972,
    1820.5753508898363,
    1704.2499073729828,
    1777.1658257129711,
    1741.9205366033416,
    1734.3475121589433,
    1800.8846454757859,
    1769.5973461315773,
    1699.477843559202,
    1714.9140190249002,
    1787.802626276662,
    1727.5575755436225,
    1726.007423832999,
    1694.7317061487652,
    1708.8321972323274,
    1750.3451018845376,
    1755.8618018162304,
    1741.2663776855031,
    1697.3328356786697,
    1746.2751371244292,
    1660.0941231627041,
    1791.288821500744,
    1728.9748070947899,
    1648.7892168625774,
    1651.66755774323,
    1705.5108962456188,
    1712.2960234409143,
    1707.3986532962306,
    1719.915360933777,
    1785.5986763529206,
    1722.9801852716112,
    1748.5769238529183,
    1803.5595834122478,
    1686.8943506815378,
    1755.4590246081343,
    1793.1745253272056,
    1747.3841270445896,
    1763.6194937389282,
    1716.6456254462885,
    1730.143015763674,
    1765.817212201854,
    1754.3543321366014,
    1748.8626789132875,
    1750.1679494348662,
    1756.9877691808924,
    1787.6221347082558,
    1695.8554878301227,
    1754.4957891934876,
    1731.312560918761,
    1716.2066961485739,
    1804.7015909977213,
    1775.3075932257536,
    1870.9086961331693,
    1758.0247449295473,
    1781.815725640946,
    1809.9795714860886,
    1787.412042536213,
    1743.5549432113942,
    1764.867886370213,
    1794.7865543758217,
    1776.0375290627485,
    1795.624088269113,
    1744.1660244458503,
    1822.552664101402,
    1771.389530654848,
    1779.455931816326,
    1826.5056289854324,
    1763.217540906744,
    1724.5515303884754,
    1779.6028088784194,
    1782.766321341267,
    1716.315477321351,
    1775.616623320001,
    1777.442130930932,
    1758.5234188218506,
    1825.5383438607644,
    1782.08547777324,
    1742.8340653649368,
    1743.4834934096768,
    1756.2763957631714,
    1782.5906316821913,
    1745.8063196615376,
    1820.7366693898866,
    1710.0633233336137,
    1846.9972172103435,
    1698.3082873350913,
    1714.1972002907578,
    1730.0913614864987,
    1767.9067840009222,
    1821.0900412600292,
    1794.1459553773834,
    1755.305777498636,
    1824.2309742556977,
    1852.8629820416434,
    1695.81755699283,
    1797.0919541707449,
    1760.6760856301723,
    1821.1472563400694,
    1789.9388451106743,
    1744.4080899538685,
    1825.2188516384563,
    1769.6037441513731,
    1875.458277280968,
    1782.3440261639798,
    1758.6333120964075,
    1772.049098355344,
    1748.6893696466268,
    1752.8228507571393,
    1683.4224925981541,
    1822.0578931352522,
    1802.136588628169,
    1818.6106790195038,
    1801.3460605454445,
    1758.4337124998729,
    1821.0830187011782,
    1814.6311884200968,
    1828.6920016096453,
    1746.673151754243,
    1804.3653859542096,
    1697.642303247791,
    1781.3378229965379,
    1759.6100301168242,
    1779.5995486328623,
    1729.312791224974,
    1863.3928654195436,
    1748.2427909236817,
    1817.040619362213,
    1717.389286705666,
    1724.1444394523494,
    1815.2485198387267,
    1817.071082288622,
    -463.9412865779837,
    1822.8802561455298,
    1804.225153244792,
    1786.2222055436762,
    1798.979635306469,
    1847.005180217172,
    1729.6139097961711,
    1772.6074880336469,
    1789.2798254920624,
    1818.7441611260986,
    1765.9638083670243,
    1792.6833374417704,
    1796.1418415332596,
    1838.5821595448992,
    1749.658875013067,
    1842.720177364839,
    1780.6736429341352,
    1833.5653117404324,
    1787.0222865371509,
    1794.6669971178817,
    1682.4030003064863,
    -452.29919849850273,
    1837.5948520560482,
    1804.5874431326156,
    1735.432159178728,
    1794.6205445127734,
    1850.4064065996922,
    1794.2797726119052,
    1800.5207434511126,
    1757.0040136955038,
    1789.0805049510932,
    1758.0539624205073,
    1819.9834727449174,
    1824.3956798510726,
    1861.3747496443007,
    1800.8232024614765,
    1833.1067294643656,
    1750.6150976085416,
    1795.972974185861,
    1753.227997661573,
    1729.9326455658847,
    1746.989589347702,
    1726.235925728486,
    1769.0731785249081,
    1757.0165868508793,
    1810.9084083881503,
    1802.240443075453,
    1817.8196425564813,
    1758.7710946453635,
    1754.2614085369498,
    1805.5057062414699,
    1815.6107077045694,
    1815.5658691428396,
