{
  "env": "HalfCheetah-v4",
  "agent": "HCGAE_Optimal_GRPO",
  "seed": 9,
  "config": {
    "hidden_dim": 256,
    "lr": 0.0003,
    "gamma": 0.99,
    "lam": 0.95,
    "eps_clip": 0.2,
    "n_epochs": 10,
    "batch_size": 64,
    "n_steps": 2048,
    "ent_coef": 0.0,
    "vf_coef": 0.5,
    "max_grad_norm": 0.5,
    "use_obs_norm": true,
    "use_adv_norm": true,
    "use_lr_anneal": true,
    "use_vclip": false,
    "device": "cpu",
    "total_timesteps": 1500000,
    "eval_freq": 20480,
    "n_eval_episodes": 10,
    "eval_mode": "deterministic_mean"
  },
  "total_steps": 1501184,
  "elapsed_s": 1469.4914388656616,
  "final_reward": 4019.826497495315,
  "peak_reward": 4019.826497495315,
  "max_reward": 4135.215150852391,
  "eval_rewards": [
    -0.8604225101541518,
    -10.337603335835599,
    -27.899689600656455,
    323.6687770910821,
    553.4367845066438,
    1057.5204599107394,
    1504.9483106048574,
    1870.5687015169838,
    2105.748101393961,
    2248.1433551584614,
    2392.922938603588,
    2722.545365590512,
    2753.9105372055546,
    2989.876984063868,
    3108.000883749138,
    3207.1045682452595,
    3124.7615188707273,
    3165.219621372526,
    3083.3979991506044,
    3300.1508926369547,
    3374.102886183608,
    3388.5067906376607,
    3311.3089932302473,
    3293.073692496388,
    3169.573844479676,
    3358.0627455256317,
    3491.5403984955165,
    2730.112028743679,
    3612.9588296793036,
    3470.710639739386,
    3642.056295237525,
    3554.045565615238,
    3610.260004925795,
    3678.5554339464056,
    3681.9578446967816,
    3773.2407134483647,
    3797.4057138825315,
    3841.712780346746,
    3729.049886820576,
    3855.0799371426447,
    3805.318752407373,
    3775.2819710040917,
    3820.6989483973935,
    3841.207933921936,
    3871.0822329608973,
    3922.9779799799517,
    3900.8435717527236,
    3889.1095728422733,
    3907.465661946474,
    3609.8282163730737,
    3894.0117909631163,
    3917.6197797614705,
    3962.4373133539593,
    3982.849609057984,
    3725.2715752943673,
    4060.960651408798,
    3713.3467853259126,
    3528.5271494465424,
    4040.1440088153495,
    4026.6673368511533,
    4008.1129761773836,
    3934.834975928231,
    4006.4544316810643,
    3733.8375969207164,
    3858.3129387951317,
    4064.220103741575,
    4051.189379590681,
    4105.851650502515,
    4130.707332210582,
    3707.2188579035974,
    4088.1115844207643,
    4135.215150852391,
    4120.551567144406,
    3936.8864097915007
  ],
  "eval_steps": [
    2048,
    22528,
    43008,
    63488,
    83968,
    104448,
    124928,
    145408,
    165888,
    186368,
    206848,
    227328,
    247808,
    268288,
    288768,
    309248,
    329728,
    350208,
    370688,
    391168,
    411648,
    432128,
    452608,
    473088,
    493568,
    514048,
    534528,
    555008,
    575488,
    595968,
    616448,
    636928,
    657408,
    677888,
    698368,
    718848,
    739328,
    759808,
    780288,
    800768,
    821248,
    841728,
    862208,
    882688,
    903168,
    923648,
    944128,
    964608,
    985088,
    1005568,
    1026048,
    1046528,
    1067008,
    1087488,
    1107968,
    1128448,
    1148928,
    1169408,
    1189888,
    1210368,
    1230848,
    1251328,
    1271808,
    1292288,
    1312768,
    1333248,
    1353728,
    1374208,
    1394688,
    1415168,
    1435648,
    1456128,
    1476608,
    1497088
  ],
  "episode_rewards": [
    3621.2010255292425,
    2962.298649540782,
    3575.950799247253,
    3836.7133381298245,
    3016.703960561096,
    3534.4742355832905,
    3646.79490177231,
    3829.256209752688,
    3833.5802109349634,
    3724.699230756358,
    3589.1105131267354,
    1822.7761043571202,
    2100.4890466637717,
    3786.017106857014,
    3678.593960943066,
    3956.2054392077,
    3661.0796272780717,
    3522.2225609393695,
    4011.043046390325,
    3747.0504562889414,
    2156.4417186171927,
    3890.93121223969,
    3850.055818394631,
    3638.955467252084,
    3843.3559689343324,
    3652.958887242283,
    3799.842641232823,
    2678.3970530466204,
    2426.5123295311814,
    3929.357230905611,
    3831.984017443469,
    3842.2877710695784,
    3880.0945923600834,
    3861.050171029907,
    3694.6916370686167,
    3888.348086106701,
    2490.3482126661324,
    3884.921327647271,
    3796.265753169804,
    3402.273229931446,
    3818.5817511573623,
    3758.413086893225,
    3803.7938280440776,
    573.7231693733129,
    3855.507516760867,
    3750.1169397474127,
    3784.119885297427,
    3764.541718139364,
    3835.5913870659324,
    3976.43040069908,
    3634.511632201835,
    3904.849220270634,
    3819.0803877141366,
    3882.255465573349,
    1344.1676471268559,
    3013.21917924263,
    4042.357155933244,
    432.5983468787698,
    3753.7079331286914,
    3915.964915021761,
    1278.452224192843,
    3793.5423217067446,
    3769.2583029544617,
    1896.0168187632714,
    3767.9048971002735,
    3909.4291526657166,
    3783.2308488256704,
    3955.654516508993,
    3784.26461882323,
    2394.6411190259096,
    3755.855733744716,
    3797.622287682832,
    3321.32092674534,
    3792.8606647177294,
    3975.4140964540234,
    1979.5788301002026,
    3044.356626070104,
    515.5270709616891,
    3883.7002163576826,
    3808.97725376108,
    3609.8952939460905,
    3859.3724251736667,
    3922.1879396732993,
    3849.1263867200123,
    456.67454026824885,
    3759.766166991484,
    3928.2986611612814,
    3591.8778801641165,
    3793.2180736984624,
    3798.793792381613,
    3040.8306518538025,
    3804.506991585634,
    3917.2288231634684,
    3804.6984942258932,
    3791.17629545771,
    3791.5661973912643,
    376.47391905260866,
    3871.06675008175,
    3664.6098714067043,
    3750.207093677537,
    4034.8528045978587,
    3734.581118603208,
    3841.607624564793,
    3991.050618748496,
    3725.113577035951,
    3744.3813001398967,
    3763.4378017211366,
    3864.1220361127666,
    3875.3769802940146,
    3928.3311916205603,
    3829.641187787028,
    3543.905063589758,
    3981.0499877416823,
    3919.913326742456,
    3907.689595692556,
    3750.6737506456047,
    3774.3234335804054,
    3785.588790500445,
    3877.25837374465,
    3792.409730831284,
    3762.0083619362813,
    3740.433327269636,
    3653.4654364564576,
    3876.2161506947373,
    3879.975000531634,
    343.52504842638234,
    3807.817852663868,
    3693.8387944473516,
    4019.4979468843053,
    3755.9011076160564,
    3818.75815207357,
    3812.199139416619,
    3988.4797454516274,
    3679.5515780846927,
    3786.708552242983,
    3805.3534860350833,
    3894.4940073297716,
    3790.078466979158,
    3902.6275205523957,
    3865.5817068440565,
    3936.918958225091,
    3843.9514588702855,
    3800.514626574995,
    3842.72883978171,
    3770.7751749994222,
    1204.2759148909226,
    3954.4775890994597,
    2073.5415499825476,
    3733.0817055952184,
    4013.506982629546,
    3956.5558035961485,
    3821.84865139927,
    3774.8039395214732,
    3904.5555484630695,
    3950.059922276068,
    3900.6392149648045,
    3654.335410336532,
    3887.9448549907956,
    3837.0541590524094,
    3681.0150386489754,
    3812.3751599813686,
    3900.698922347321,
    3921.400877381243,
    3923.8226532648832,
    3958.170731409978,
    1899.865006345316,
    3854.5242944287997,
    3931.6069331478893,
    3918.6812757300395,
    3945.851360014576,
    3597.3037654192567,
    3851.670793555157,
    2518.5482719454894,
    3967.078929498039,
    3838.1859172938084,
    3906.583204790608,
    2579.487263769862,
    3740.051171209746,
    3831.0719800387847,
    3686.585634748623,
    3921.7226202047364,
    3493.258377140324,
    2707.412217987488,
    3929.105989818358,
    3948.3552280291606,
    3760.481661393345,
    3829.5669221621883,
    3960.0277947585705,
    3991.3293947369,
    3948.009460412934,
    3851.199834779314,
    3951.403586454696,
    3671.971767632419,
