{
  "env": "Hopper-v4",
  "agent": "Standard_PPO",
  "seed": 26,
  "total_steps": 301056,
  "final_reward": 1275.3257888057085,
  "eval_rewards": [
    110.9159903442818,
    210.9717479347806,
    320.0113822013448,
    354.93585551874185,
    387.5456846985249,
    468.517317307605,
    529.8638712871189,
    711.4191819970747,
    1092.9542449911896,
    703.5548266240578,
    981.5073174301997,
    898.7205544914754,
    1062.5900654660638,
    1059.8743842525448,
    1006.3149769090103,
    912.0769050643421,
    934.0566065749766,
    1190.3816155784818,
    1423.8876876415384,
    1294.8243212663585,
    1081.1037419724933,
    1045.9158931362126,
    979.0292364531044,
    925.1935443007305,
    1421.1112755185804,
    1221.5131929273225,
    1534.3478680426056,
    965.8362404350315,
    1233.8203671050026
  ],
  "eval_steps": [
    10240,
    20480,
    30720,
    40960,
    51200,
    61440,
    71680,
    81920,
    92160,
    102400,
    112640,
    122880,
    133120,
    143360,
    153600,
    163840,
    174080,
    184320,
    194560,
    204800,
    215040,
    225280,
    235520,
    245760,
    256000,
    266240,
    276480,
    286720,
    296960
  ],
  "elapsed_s": 263.64321994781494,
  "ev_final": 0.0
}