{
  "env": "Hopper-v4",
  "agent": "Standard_PPO",
  "seed": 24,
  "total_steps": 301056,
  "final_reward": 1835.405870834876,
  "eval_rewards": [
    118.74692797594567,
    212.56877491828854,
    339.8935111659622,
    370.0034999939937,
    446.0355736431152,
    882.4615931571889,
    688.7177776477749,
    807.4046282352684,
    961.9872081484825,
    1277.8692434562554,
    1346.8172968201839,
    1891.0333557681424,
    852.4190688215913,
    697.5267835748734,
    1941.2767478599035,
    1923.0052337366692,
    1577.421671713467,
    1310.0956689132604,
    1485.3365420086798,
    1169.9299135672886,
    1890.137813744829,
    1833.4510311142215,
    2070.3248591755078,
    2291.2667889353734,
    1841.5299905369611,
    1836.0780374454703,
    1918.1822433589791,
    2200.283637822511,
    1380.9554450104586
  ],
  "eval_steps": [
    10240,
    20480,
    30720,
    40960,
    51200,
    61440,
    71680,
    81920,
    92160,
    102400,
    112640,
    122880,
    133120,
    143360,
    153600,
    163840,
    174080,
    184320,
    194560,
    204800,
    215040,
    225280,
    235520,
    245760,
    256000,
    266240,
    276480,
    286720,
    296960
  ],
  "elapsed_s": 220.5698218345642,
  "ev_final": 0.0
}