{
  "env": "Hopper-v4",
  "agent": "Standard_PPO",
  "seed": 18,
  "total_steps": 301056,
  "final_reward": 2030.3832088729737,
  "eval_rewards": [
    141.25824959628343,
    274.2565655559181,
    322.13869897287896,
    428.72173563566076,
    525.2137061030822,
    663.1093365530712,
    1203.5327128892545,
    1101.5534196898693,
    1113.674497669518,
    1130.2780375574478,
    967.3406824135755,
    986.8184685926639,
    1556.5625785696986,
    1632.778958960813,
    1445.929265613867,
    1197.0663283592066,
    1237.0685790607563,
    1315.4250638698798,
    2747.2610624802282,
    2234.9912912834116,
    1377.087404744737,
    1725.915253339675,
    2391.276015950587,
    1948.6679437064772,
    1364.8992665137414,
    2329.140604025685,
    2621.0162072894705,
    1504.6875536574148,
    2332.1724128785563
  ],
  "eval_steps": [
    10240,
    20480,
    30720,
    40960,
    51200,
    61440,
    71680,
    81920,
    92160,
    102400,
    112640,
    122880,
    133120,
    143360,
    153600,
    163840,
    174080,
    184320,
    194560,
    204800,
    215040,
    225280,
    235520,
    245760,
    256000,
    266240,
    276480,
    286720,
    296960
  ],
  "elapsed_s": 122.95956683158875,
  "ev_final": 0.0
}