{
  "env": "Hopper-v4",
  "agent": "Standard_PPO",
  "seed": 23,
  "total_steps": 301056,
  "final_reward": 1850.3463187084235,
  "eval_rewards": [
    104.66595493759512,
    221.33562975517566,
    346.92272524014777,
    419.40627545540764,
    517.0308463179791,
    624.8699208153434,
    791.426845454262,
    1087.6671629512018,
    1296.4458385756382,
    1222.8958438164275,
    890.1389007514757,
    1142.8789161989394,
    1213.457073071564,
    1080.2880419197754,
    977.666311674325,
    1659.6713025996964,
    1651.9491848207028,
    1625.8101294784997,
    1675.408876200619,
    1095.6791016514912,
    1565.3897986663378,
    1999.3041210393324,
    1488.1247396833219,
    1724.5060907123293,
    1516.9593625577309,
    1831.6532973021374,
    2178.355380922331,
    2293.8310569983555,
    1430.9324957615636
  ],
  "eval_steps": [
    10240,
    20480,
    30720,
    40960,
    51200,
    61440,
    71680,
    81920,
    92160,
    102400,
    112640,
    122880,
    133120,
    143360,
    153600,
    163840,
    174080,
    184320,
    194560,
    204800,
    215040,
    225280,
    235520,
    245760,
    256000,
    266240,
    276480,
    286720,
    296960
  ],
  "elapsed_s": 178.20566391944885,
  "ev_final": 0.0
}