{
  "env": "Hopper-v4",
  "agent": "Standard_PPO",
  "seed": 10,
  "total_steps": 301056,
  "final_reward": 1388.362399384931,
  "eval_rewards": [
    121.92321351626033,
    243.9906051248532,
    332.8041398642722,
    432.1996627024625,
    512.7562297983802,
    604.9521001626618,
    709.0737933266671,
    827.1763259037896,
    960.0199865810744,
    987.0331346401401,
    1054.7379943635506,
    904.7717210260204,
    935.451659175175,
    869.5607670785023,
    835.5766171992466,
    906.9204636383884,
    906.2156625352115,
    1110.4575254343567,
    1252.7424253887334,
    1090.7045091678624,
    974.5909940645815,
    1071.7192965934996,
    2069.219768732526,
    2197.3329394591583,
    1767.6901178441353,
    1310.985920174024,
    1210.437881474094,
    1102.368112577352,
    1550.32996485505
  ],
  "eval_steps": [
    10240,
    20480,
    30720,
    40960,
    51200,
    61440,
    71680,
    81920,
    92160,
    102400,
    112640,
    122880,
    133120,
    143360,
    153600,
    163840,
    174080,
    184320,
    194560,
    204800,
    215040,
    225280,
    235520,
    245760,
    256000,
    266240,
    276480,
    286720,
    296960
  ],
  "elapsed_s": 128.35824990272522,
  "ev_final": 0.0
}