{
  "env": "Hopper-v4",
  "agent": "Standard_PPO",
  "seed": 0,
  "total_steps": 301056,
  "final_reward": 1440.57304689921,
  "eval_rewards": [
    101.32939741825652,
    229.58496362153932,
    314.13391461152594,
    349.61095462442734,
    355.3881471642256,
    421.23942162065305,
    546.160014398175,
    772.8196310609468,
    850.4579670718997,
    951.0914946250198,
    1075.037341119565,
    1188.74757684172,
    1298.8958432738652,
    984.4773996141136,
    1215.4150903722252,
    1152.348613668621,
    1182.0494836605867,
    1336.9906383793998,
    1092.5584136343084,
    1335.2033144942113,
    1631.275675281569,
    2018.5177656785932,
    1381.5299751225623,
    1694.0207440898698,
    2000.98213119585,
    1491.4388005604867,
    1428.321594689666,
    1452.9916810379107,
    829.1310270121379
  ],
  "eval_steps": [
    10240,
    20480,
    30720,
    40960,
    51200,
    61440,
    71680,
    81920,
    92160,
    102400,
    112640,
    122880,
    133120,
    143360,
    153600,
    163840,
    174080,
    184320,
    194560,
    204800,
    215040,
    225280,
    235520,
    245760,
    256000,
    266240,
    276480,
    286720,
    296960
  ],
  "elapsed_s": 127.5796160697937,
  "ev_final": 0.0
}