{
  "env": "Hopper-v4",
  "agent": "Standard_PPO",
  "seed": 7,
  "total_steps": 301056,
  "final_reward": 1585.7969885314562,
  "eval_rewards": [
    167.25129730318082,
    230.36859313123267,
    314.54089589589006,
    353.0987532096268,
    378.81806752248133,
    428.0694831288727,
    530.1691998740979,
    609.8786376668207,
    767.0622162159518,
    818.0518123712217,
    1336.8694269547543,
    1240.212226581726,
    1432.1167019451007,
    1502.1386210025225,
    1473.1782606923352,
    1252.8684874804826,
    1328.6765416823614,
    1196.6334580505682,
    1110.3982406683779,
    1132.0921018893657,
    1264.3089055334262,
    1267.681848687424,
    1716.0067472224923,
    1308.4336272614346,
    1413.1615608144436,
    1216.6588507953493,
    1118.396512562145,
    2224.5924177663323,
    1956.1756007190095
  ],
  "eval_steps": [
    10240,
    20480,
    30720,
    40960,
    51200,
    61440,
    71680,
    81920,
    92160,
    102400,
    112640,
    122880,
    133120,
    143360,
    153600,
    163840,
    174080,
    184320,
    194560,
    204800,
    215040,
    225280,
    235520,
    245760,
    256000,
    266240,
    276480,
    286720,
    296960
  ],
  "elapsed_s": 135.56062388420105,
  "ev_final": 0.0
}