{
  "env": "Hopper-v4",
  "agent": "Standard_PPO",
  "seed": 9,
  "total_steps": 301056,
  "final_reward": 1374.9936480066176,
  "eval_rewards": [
    98.7241876905744,
    217.1518503329396,
    343.5104556789951,
    446.6703145172135,
    452.6014723143092,
    605.2975062797398,
    707.9734609012097,
    716.1832105633381,
    982.3964985070372,
    1335.055137285372,
    847.1647943472419,
    860.3659282629754,
    1411.857123498753,
    1152.0287126788112,
    1201.7327420987585,
    1124.022305061059,
    1353.7118656359532,
    1250.4552339011077,
    942.7251458943865,
    1096.758489588004,
    1176.123513521566,
    1288.81516814859,
    1639.7151979812493,
    1307.908150070792,
    1079.407854953592,
    1514.693352654324,
    1284.922315031995,
    1768.6897920964816,
    1227.2549252966953
  ],
  "eval_steps": [
    10240,
    20480,
    30720,
    40960,
    51200,
    61440,
    71680,
    81920,
    92160,
    102400,
    112640,
    122880,
    133120,
    143360,
    153600,
    163840,
    174080,
    184320,
    194560,
    204800,
    215040,
    225280,
    235520,
    245760,
    256000,
    266240,
    276480,
    286720,
    296960
  ],
  "elapsed_s": 130.21654200553894,
  "ev_final": 0.0
}