{
  "env": "Hopper-v4",
  "agent": "Standard_PPO",
  "seed": 8,
  "total_steps": 301056,
  "final_reward": 1570.8289603537746,
  "eval_rewards": [
    143.82697229717792,
    197.25174404785804,
    287.73315788855956,
    433.22536298860916,
    537.2417032957155,
    758.3673864145919,
    941.3583992914628,
    727.6412772254923,
    835.7516345808208,
    955.6520761315927,
    1181.229198170448,
    849.1759610426079,
    1069.01090042675,
    749.794645136418,
    1294.0727280484773,
    1343.115482920567,
    1341.8169034176558,
    1407.8393493616502,
    1460.981138667955,
    1232.62667842791,
    1143.4396707162082,
    1455.5141226734152,
    2081.4814836246014,
    2349.9176381662196,
    1103.5525193178669,
    2604.3043551210662,
    1391.9659703578714,
    1462.5245508513294,
    1291.7974061207387
  ],
  "eval_steps": [
    10240,
    20480,
    30720,
    40960,
    51200,
    61440,
    71680,
    81920,
    92160,
    102400,
    112640,
    122880,
    133120,
    143360,
    153600,
    163840,
    174080,
    184320,
    194560,
    204800,
    215040,
    225280,
    235520,
    245760,
    256000,
    266240,
    276480,
    286720,
    296960
  ],
  "elapsed_s": 137.93194770812988,
  "ev_final": 0.0
}