{
  "env": "Hopper-v4",
  "agent": "Standard_PPO",
  "seed": 12,
  "total_steps": 301056,
  "final_reward": 1742.8259140552134,
  "eval_rewards": [
    107.0146740345272,
    260.0899579568215,
    294.53800308715984,
    399.2330400043725,
    590.315000749637,
    781.1469653295387,
    1179.9158232068537,
    709.1786112651638,
    1117.0868272054745,
    1203.297060759714,
    1195.3484538727641,
    1364.770407386028,
    2064.504331441425,
    1143.1698793922205,
    1383.048477388731,
    1630.0781552720641,
    1888.3648951564458,
    1613.8508497377265,
    1654.7812043863232,
    1574.4713745929032,
    1916.4290821533698,
    2457.0525470734547,
    2384.0525391337815,
    2126.354761796864,
    1239.0932309422471,
    1788.7344042372883,
    2309.3785970727326,
    1932.303412456876,
    1444.6199255669223
  ],
  "eval_steps": [
    10240,
    20480,
    30720,
    40960,
    51200,
    61440,
    71680,
    81920,
    92160,
    102400,
    112640,
    122880,
    133120,
    143360,
    153600,
    163840,
    174080,
    184320,
    194560,
    204800,
    215040,
    225280,
    235520,
    245760,
    256000,
    266240,
    276480,
    286720,
    296960
  ],
  "elapsed_s": 131.49231004714966,
  "ev_final": 0.0
}