{
  "env": "Hopper-v4",
  "agent": "Standard_PPO",
  "seed": 27,
  "total_steps": 301056,
  "final_reward": 1527.1162276961015,
  "eval_rewards": [
    129.73730043379834,
    230.6177958895455,
    327.6178623230036,
    359.0902254727204,
    476.0085801557783,
    609.7351931850221,
    920.7182105030585,
    869.9131122429283,
    914.3989188055672,
    989.4255820702014,
    985.2339994181187,
    1736.062553614068,
    933.4248441997228,
    1129.5930312266378,
    1280.799171423708,
    1085.4962632404863,
    1211.1850352301515,
    1413.035286686296,
    2114.0109022717365,
    2500.171469876507,
    1672.778736825379,
    1896.8669978539867,
    2321.153614423876,
    1593.56215429041,
    2322.1405137231186,
    1568.6380119348453,
    977.515198999846,
    1323.4567866181949,
    1443.8306272045024
  ],
  "eval_steps": [
    10240,
    20480,
    30720,
    40960,
    51200,
    61440,
    71680,
    81920,
    92160,
    102400,
    112640,
    122880,
    133120,
    143360,
    153600,
    163840,
    174080,
    184320,
    194560,
    204800,
    215040,
    225280,
    235520,
    245760,
    256000,
    266240,
    276480,
    286720,
    296960
  ],
  "elapsed_s": 264.19650506973267,
  "ev_final": 0.0
}