{
  "env": "Hopper-v4",
  "agent": "Standard_PPO",
  "seed": 13,
  "total_steps": 301056,
  "final_reward": 1595.5735081944647,
  "eval_rewards": [
    129.8568800119208,
    240.89569859762895,
    329.1289630241406,
    367.1458951987225,
    564.7245237266159,
    730.7753739184618,
    827.0572245448753,
    901.9773726997734,
    824.3251853270671,
    929.3740617433417,
    960.4262542427814,
    1011.7649423991879,
    1409.2231645345014,
    1371.0696416589587,
    1371.6939584607915,
    1541.9600387151536,
    1509.3686406246024,
    1001.4730749085205,
    1090.0911941499437,
    1411.8252751449857,
    1446.9893944945773,
    1109.3108431589649,
    1875.0057391709997,
    1179.214719892299,
    1152.962328202877,
    1727.3012953426467,
    1861.147308374541,
    1664.2706836674129,
    1572.1859253848454
  ],
  "eval_steps": [
    10240,
    20480,
    30720,
    40960,
    51200,
    61440,
    71680,
    81920,
    92160,
    102400,
    112640,
    122880,
    133120,
    143360,
    153600,
    163840,
    174080,
    184320,
    194560,
    204800,
    215040,
    225280,
    235520,
    245760,
    256000,
    266240,
    276480,
    286720,
    296960
  ],
  "elapsed_s": 128.5180859565735,
  "ev_final": 0.0
}