{
  "env": "Hopper-v4",
  "agent": "Standard_PPO",
  "seed": 15,
  "total_steps": 301056,
  "final_reward": 1326.2642717789113,
  "eval_rewards": [
    109.07799106865359,
    229.92407562594036,
    330.9993809785606,
    393.3150409774897,
    438.4153546112392,
    782.7933354807474,
    925.6217438742158,
    894.4765144674733,
    1055.6347777477772,
    929.3417960335175,
    907.1286141299506,
    1138.9821116172475,
    995.361559634994,
    968.5545578372639,
    1088.4251588408424,
    1096.5633381803095,
    1105.9747264441742,
    918.8215086934533,
    1173.2900488066912,
    1117.9237671413398,
    1309.2198957254482,
    980.9086600537621,
    1546.0131111761332,
    1368.268010496306,
    1088.1413088905078,
    1632.481768837394,
    1134.4764772823248,
    1411.1433193154883,
    1365.0784845688418
  ],
  "eval_steps": [
    10240,
    20480,
    30720,
    40960,
    51200,
    61440,
    71680,
    81920,
    92160,
    102400,
    112640,
    122880,
    133120,
    143360,
    153600,
    163840,
    174080,
    184320,
    194560,
    204800,
    215040,
    225280,
    235520,
    245760,
    256000,
    266240,
    276480,
    286720,
    296960
  ],
  "elapsed_s": 118.25667095184326,
  "ev_final": 0.0
}