{
  "env": "Hopper-v4",
  "agent": "Standard_PPO",
  "seed": 3,
  "total_steps": 301056,
  "final_reward": 1844.707871853417,
  "eval_rewards": [
    118.15483303050576,
    224.4831356529118,
    311.3693391342369,
    331.34007910656175,
    405.7177374675653,
    607.2468354335713,
    964.7076934814843,
    880.514147915417,
    1050.9819465931218,
    1090.0287686083745,
    1029.7311513471025,
    1370.0863932867944,
    1611.8977100113923,
    2018.7796184461354,
    1134.3554185128153,
    2571.6023702396424,
    2147.863455263307,
    1539.0559821339907,
    2797.9389265007862,
    1904.4904722206206,
    2474.063456073121,
    1474.727922184728,
    1074.5540984103072,
    2178.0083616474394,
    1648.7224882393152,
    2247.197084074629,
    2100.7673808008167,
    1297.2653039908082,
    1929.5871021615153
  ],
  "eval_steps": [
    10240,
    20480,
    30720,
    40960,
    51200,
    61440,
    71680,
    81920,
    92160,
    102400,
    112640,
    122880,
    133120,
    143360,
    153600,
    163840,
    174080,
    184320,
    194560,
    204800,
    215040,
    225280,
    235520,
    245760,
    256000,
    266240,
    276480,
    286720,
    296960
  ],
  "elapsed_s": 131.26145005226135,
  "ev_final": 0.0
}