{
  "env": "Hopper-v4",
  "agent": "Standard_GRPO_NoTrick",
  "seed": 6,
  "config": {
    "hidden_dim": 256,
    "lr": 0.0003,
    "gamma": 0.99,
    "lam": 0.95,
    "eps_clip": 0.2,
    "n_epochs": 10,
    "batch_size": 64,
    "n_steps": 2048,
    "ent_coef": 0.0,
    "vf_coef": 0.5,
    "max_grad_norm": 0.5,
    "use_obs_norm": true,
    "use_adv_norm": true,
    "use_lr_anneal": true,
    "use_vclip": false,
    "device": "cpu",
    "total_timesteps": 1500000,
    "eval_freq": 20480,
    "n_eval_episodes": 10,
    "eval_mode": "deterministic_mean"
  },
  "total_steps": 1501184,
  "elapsed_s": 1558.9950368404388,
  "final_reward": 1270.2273834969867,
  "peak_reward": 1987.2624543208153,
  "max_reward": 2585.8308548478576,
  "eval_rewards": [
    83.32921721635708,
    310.7791266118951,
    333.68349702606343,
    340.61981199712545,
    367.73387184566184,
    352.5677613479634,
    378.8134334823574,
    345.89684448139354,
    335.35125096624444,
    605.3314168710874,
    540.0518995280565,
    391.74474097806507,
    379.24592304949704,
    2173.7667949401334,
    723.6121148900962,
    2071.709209967951,
    944.1469223727447,
    1054.1949054995719,
    2394.529284090625,
    2324.3165424528806,
    1032.458625107734,
    2234.5264214777435,
    2527.208561269296,
    1693.4449139292512,
    1694.8595363565917,
    807.9458062430969,
    604.4189894825018,
    1092.5989845648169,
    2005.9554389593977,
    1475.7260740945953,
    2297.5672676102813,
    1780.6887362050634,
    2300.212246751876,
    2544.051512657228,
    1795.4786199845316,
    1499.2745972238922,
    1614.8824778475814,
    2585.8308548478576,
    2088.966922486498,
    1453.3059162294398,
    1450.45614120875,
    2540.165253970494,
    2529.715756411085,
    2177.747964941544,
    2438.511541159857,
    1823.5666062389598,
    1419.6866410576629,
    881.7894772193829,
    1019.2466704941687,
    680.2807169109909,
    704.1462975084598,
    1455.7749540646284,
    2233.3986715744813,
    1264.2835308460226,
    1568.4319101515835,
    2109.749818837869,
    2542.5902265373466,
    1584.3029154640817,
    1296.255387936405,
    1559.0490864119317,
    2446.593953380709,
    1444.1090937211413,
    1529.8470686879637,
    1079.173014001292,
    1177.6916922991722,
    1913.7997876201484,
    725.5348506076122,
    837.8711472445881,
    1710.8786616645862,
    1118.7055536700195,
    2030.7388002429773,
    968.8820074602958,
    1061.8566091065725,
    1156.3147250538932
  ],
  "eval_steps": [
    2048,
    22528,
    43008,
    63488,
    83968,
    104448,
    124928,
    145408,
    165888,
    186368,
    206848,
    227328,
    247808,
    268288,
    288768,
    309248,
    329728,
    350208,
    370688,
    391168,
    411648,
    432128,
    452608,
    473088,
    493568,
    514048,
    534528,
    555008,
    575488,
    595968,
    616448,
    636928,
    657408,
    677888,
    698368,
    718848,
    739328,
    759808,
    780288,
    800768,
    821248,
    841728,
    862208,
    882688,
    903168,
    923648,
    944128,
    964608,
    985088,
    1005568,
    1026048,
    1046528,
    1067008,
    1087488,
    1107968,
    1128448,
    1148928,
    1169408,
    1189888,
    1210368,
    1230848,
    1251328,
    1271808,
    1292288,
    1312768,
    1333248,
    1353728,
    1374208,
    1394688,
    1415168,
    1435648,
    1456128,
    1476608,
    1497088
  ],
  "episode_rewards": [
    623.7088645387452,
    832.0301832754188,
    1914.2404699367062,
    918.9664810509062,
    2199.621098939336,
    706.9590075813879,
    702.5235393758431,
    2860.8097602170665,
    583.4523741525546,
    633.7524996848039,
    2718.062649800778,
    424.2839235677831,
    2797.4703978287735,
    2086.7134809189183,
    792.8361423315694,
    979.0081985857456,
    2177.5304250893055,
    1756.5330972572567,
    869.6951152330035,
    1739.5959218778723,
    678.8720564053934,
    993.5712279006053,
    1349.730626923762,
    2303.1145310070046,
    887.2543794195471,
    2944.422183508368,
    1459.4081722992569,
    697.8813567827872,
    68.08396557009125,
    2889.0833087409364,
    991.9443141203188,
    656.7133082527035,
    2980.2728916552724,
    1495.439749019813,
    1240.2168782514295,
    953.7813437385691,
    1818.8562556628594,
    1308.6221152868482,
    1414.3664926881559,
    2662.6960690135825,
    2841.7495029323213,
    660.5480649593197,
    1268.409670049657,
    950.4023940652215,
    2336.8964812393256,
    737.8046096733738,
    974.690769491475,
    1433.7799686888966,
    1328.3727738612436,
    2913.8291683579287,
    1344.7050126866463,
    2347.328825093049,
    1396.2248040759305,
    1511.1601140104917,
    1042.3671732745365,
    72.71366187256356,
    2643.2032897126,
    2603.5042617459667,
    990.4792389788174,
    2972.764599517784,
    2626.927547026905,
    1844.9894324938734,
    1392.4726015940334,
    2572.497200624766,
    1090.7842750075636,
    2755.596705944805,
    1540.799151161794,
    1131.862864912969,
    960.0015319501941,
    972.5065381504537,
    730.3996888000307,
    1262.4484805655661,
    1245.052271235546,
    1147.05382875089,
    1331.6598874833637,
    1631.6247668240458,
    991.9653418954366,
    873.0290285437289,
    1341.6662942495022,
    1083.1279107722262,
    878.3537606147454,
    1878.6479739883841,
    854.9936092459067,
    1239.9314738476087,
    2936.72525630354,
    1232.867449938566,
    546.2630573264191,
    1193.62536541861,
    693.0469303514694,
    1520.699041302869,
    726.3472130732483,
    1170.2772842843108,
    1755.3639565185008,
    2609.2023861574085,
    684.0665820892877,
    1760.5649746442393,
    923.832362330752,
    1784.8284492138057,
    1423.3259645343776,
    691.5343539485393,
    998.2599573016529,
    126.77173002805993,
    896.821357982409,
    789.4070618052292,
    80.96034434900172,
    1536.8621378347743,
    1275.3757905213092,
    1489.4108773396517,
    1145.9137178111835,
    1235.8801770148916,
    803.9787664895072,
    951.1953346620917,
    2624.5667820323006,
    2304.4951495658315,
    708.4598771790752,
    716.1933183735189,
    843.0548440148525,
    1285.0687398694515,
    1043.9320435921763,
    874.8334900287917,
    685.1552186485775,
    885.6072765157074,
    2508.359307423428,
    1243.6628972927247,
    1884.3035109492757,
    692.9159167385919,
    716.0467831788717,
    1220.158696604554,
    1728.453503304187,
    1167.7664524481295,
    1629.9648135219154,
    1442.6214837949203,
    1331.1495204581806,
    700.6552923456296,
    1388.7475304717593,
    984.1438561592695,
    1538.2886132684498,
    1817.987957469492,
    2745.736535549034,
    659.5114156589196,
    1319.7491441714812,
    1394.621105943067,
    1262.123487615499,
    1207.5232532211821,
    1507.5771293440835,
    1207.862710649315,
    2355.1164631756787,
    713.6129762182163,
    1036.0225050156419,
    1110.1329856417794,
    1047.825073531432,
    738.5950308362035,
    1546.6591505855824,
    972.008505836431,
    1017.239353318172,
    1009.6397429314757,
    690.8696585028363,
    718.602263783262,
    746.7524658318075,
    1540.434267421908,
    770.864656642981,
    2066.269831563469,
    1106.5145530550155,
    714.9037052900488,
    1024.52629396803,
    1104.9277013606074,
    1335.7877899243208,
    1115.1140622499358,
    741.2292369508352,
    1292.112863435862,
    991.0708281675879,
    1686.0741215298851,
    740.3466992499796,
    642.1758676610132,
    1048.3799970889513,
    1030.820412980494,
    91.05417062555199,
    777.8245775710859,
    1319.6642865180645,
    1506.1389073233554,
    730.1431115131359,
    105.08389180784309,
    728.5560396623321,
    920.7709369424017,
    744.5930017470133,
    999.5149772736021,
    433.144370187467,
    1261.2372821105469,
    1081.3058898228019,
    107.53192756572447,
    1613.2265028437964,
    755.0925650488333,
    498.13688919283663,
    732.1907191927257,
