{
  "env": "Hopper-v4",
  "agent": "Standard_GRPO_NoTrick",
  "seed": 7,
  "config": {
    "hidden_dim": 256,
    "lr": 0.0003,
    "gamma": 0.99,
    "lam": 0.95,
    "eps_clip": 0.2,
    "n_epochs": 10,
    "batch_size": 64,
    "n_steps": 2048,
    "ent_coef": 0.0,
    "vf_coef": 0.5,
    "max_grad_norm": 0.5,
    "use_obs_norm": true,
    "use_adv_norm": true,
    "use_lr_anneal": true,
    "use_vclip": false,
    "device": "cpu",
    "total_timesteps": 1500000,
    "eval_freq": 20480,
    "n_eval_episodes": 10,
    "eval_mode": "deterministic_mean"
  },
  "total_steps": 1501184,
  "elapsed_s": 1599.4083063602448,
  "final_reward": 2588.5267855406105,
  "peak_reward": 2588.5267855406105,
  "max_reward": 3032.513891013307,
  "eval_rewards": [
    83.63667521733491,
    227.90874927600345,
    256.8608511090515,
    337.62803238476243,
    338.0206425854393,
    448.68221933057623,
    439.0527778020249,
    1686.6590859878718,
    2034.113755435065,
    2048.664538417753,
    2217.8880133195707,
    2179.4803035296645,
    1013.998196125719,
    2469.758373266632,
    976.8772288126108,
    1799.7948053395066,
    2104.655047656197,
    2293.328984158788,
    2468.9037577811314,
    935.4871820009305,
    1920.2177644658157,
    2143.7952255719542,
    2328.982801961897,
    2089.91088869083,
    2362.994756345558,
    1437.1020180900055,
    2087.6279398823435,
    1317.9335597051336,
    707.8522247617539,
    715.3870305832482,
    772.2772289862984,
    1678.9871593775504,
    2488.292106772848,
    1617.6944487678563,
    2906.5777479247454,
    671.8507942060298,
    2620.7172837555518,
    1959.3160590462835,
    880.8218912236855,
    1777.6307547113702,
    845.8621761851458,
    1240.7363961419794,
    996.9842287458326,
    2747.0354777415505,
    2637.1253054115377,
    923.3968362833496,
    1270.56721450652,
    2557.633539869072,
    2573.976646684562,
    2900.1478011496292,
    2173.3406104872565,
    2637.806511471315,
    691.9729020078839,
    605.0635155536874,
    901.2081528392422,
    2378.553878911676,
    1475.9432286833032,
    2502.339727766229,
    2692.748423744601,
    2946.7691220339098,
    3008.7632351425063,
    2890.644045855816,
    1697.1756241756236,
    937.0358032104559,
    2375.780554468435,
    1844.0060278061967,
    2700.835899005075,
    2594.2466749158584,
    2763.770714936784,
    2718.6385774847877,
    2819.1669136409737,
    2246.591800891424,
    2789.716801243264,
    3032.513891013307
  ],
  "eval_steps": [
    2048,
    22528,
    43008,
    63488,
    83968,
    104448,
    124928,
    145408,
    165888,
    186368,
    206848,
    227328,
    247808,
    268288,
    288768,
    309248,
    329728,
    350208,
    370688,
    391168,
    411648,
    432128,
    452608,
    473088,
    493568,
    514048,
    534528,
    555008,
    575488,
    595968,
    616448,
    636928,
    657408,
    677888,
    698368,
    718848,
    739328,
    759808,
    780288,
    800768,
    821248,
    841728,
    862208,
    882688,
    903168,
    923648,
    944128,
    964608,
    985088,
    1005568,
    1026048,
    1046528,
    1067008,
    1087488,
    1107968,
    1128448,
    1148928,
    1169408,
    1189888,
    1210368,
    1230848,
    1251328,
    1271808,
    1292288,
    1312768,
    1333248,
    1353728,
    1374208,
    1394688,
    1415168,
    1435648,
    1456128,
    1476608,
    1497088
  ],
  "episode_rewards": [
    2944.2155856054974,
    2840.4476168421324,
    839.4736533432855,
    1495.3682551945246,
    1544.1664455920022,
    810.9590932002659,
    887.4994338876276,
    2929.0112281547476,
    1537.7162026031126,
    1911.2710469153683,
    1753.516580817589,
    2253.3283520247605,
    1807.1648455295867,
    888.4732152830246,
    2981.9695239564176,
    2405.680939069901,
    1235.2394819319177,
    848.0262704517438,
    564.7957795884107,
    2779.3705015746186,
    1258.7703260994965,
    524.02267037341,
    2866.591288005852,
    559.1374148387093,
    719.5979955774114,
    2820.1215024126327,
    628.7251466206798,
    268.8675062504879,
    1079.953368097554,
    1016.7410135516068,
    405.11759195099506,
    488.9178634235261,
    1571.8372109165016,
    750.6728326371435,
    2923.9374089404387,
    1758.3949124724527,
    2292.9003831339533,
    694.4258697916988,
    1385.7899931828622,
    552.3341618109919,
    2937.0873796273518,
    918.7950855851954,
    2929.2456556609477,
    1118.4164540332024,
    2691.9243435455087,
    1179.1661596018434,
    694.2123367752795,
    679.2964340948917,
    767.0970260445536,
    1877.2242813039497,
    786.3096703408659,
    1017.7180263323232,
    2962.823096620835,
    2137.74834441133,
    792.7030592180964,
    2944.202797149654,
    805.2952617449391,
    503.58662912846796,
    141.7068916091662,
    2898.019025483261,
    683.0249454038736,
    755.8360864458882,
    914.1027222791397,
    543.9113528304397,
    803.3091699917026,
    3034.5663329220365,
    3024.9021360193133,
    2993.497566110129,
    1099.93093279052,
    820.7816588920656,
    399.2949435071218,
    129.6051037317914,
    1800.7807385259712,
    2810.2303938045043,
    2839.9803831383097,
    2972.5782341091667,
    2431.275093730247,
    1294.2538976589935,
    2911.121864493656,
    2940.6751105039157,
    151.54302872925726,
    1126.114910679172,
    718.434013934037,
    2422.4991508663816,
    616.6826469321787,
    140.2116924768402,
    379.31599093090114,
    930.6596337427844,
    2908.989200694746,
    1273.5702761886305,
    668.3752530275058,
    859.561015478915,
    2934.3546357840796,
    2829.9746429582983,
    905.6550846402197,
    537.3606354428434,
    904.7394513980225,
    2946.023577782539,
    2925.39011777114,
    994.3720162151793,
    1815.5440857169274,
    2859.2495261045037,
    2816.0727978947625,
    2353.1403101617616,
    285.876496286606,
    2895.8071639751483,
    762.343194031923,
    1959.2932062879875,
    2927.0868559523515,
    532.7351169218758,
    1183.630730418049,
    881.5463338881169,
    725.2130531715052,
    643.4079581389432,
    815.2567473534195,
    2901.791648736619,
    560.9692774847155,
    1242.946981519147,
    729.3715471200053,
    2556.9793704043354,
    2845.6003616189073,
    2979.122090994565,
    1053.9484297296126,
    2889.3297400155616,
    1456.1045933969604,
    695.8435323056339,
    3036.2362561975683,
    885.1233014259535,
    1847.2739015798386,
    2949.508602190115,
    2952.81365895378,
    2965.4255470208473,
    2430.1212182343706,
    1761.7462091294415,
    775.6853272814055,
    709.9803437085321,
    990.8584695619774,
    853.2692397137411,
    1920.1232734463101,
    579.9455739559224,
    812.4385560236793,
    1024.4808900676637,
    525.3046088290596,
    2890.130770267866,
    937.6114951956611,
    2928.0176425379686,
    1267.4979755229297,
    2525.126159116517,
    1191.0393867848402,
    1768.1680882429987,
    1806.9876538648782,
    543.0113165706167,
    2203.6680889593763,
    1005.6351221393743,
    859.8464372963672,
    1330.8652662962083,
    650.7626497313678,
    2600.778670259228,
    2942.611808214272,
    1303.3963522638571,
    911.2826345723472,
    1724.944257841484,
    2969.637105294681,
    734.0856908894617,
    3028.5114521296423,
    2127.88272380323,
    2979.379214583465,
    709.2558417233596,
    2954.5425423659913,
    2901.1831738105157,
    825.5817552414361,
    2965.1177974130196,
    2591.505644090998,
    2900.2234753063653,
    2958.308418929728,
    2947.1734819192775,
    883.3556757592493,
    860.9116576055217,
    899.2625683492478,
    771.4368200938319,
    1828.6914338091015,
    1321.901288817743,
    749.2127333465504,
    2978.900828563748,
    3004.3000816316217,
    1533.3959408757123,
    2577.3628390966624,
    608.801829128841,
    2915.4301878611504,
    2866.5687808632642,
    2994.462459660257,
    2945.7539996223873,
    2005.3471356986668,
    2966.280265685722,
