{
  "env": "Hopper-v4",
  "agent": "Standard_GRPO_NoTrick",
  "seed": 4,
  "config": {
    "hidden_dim": 256,
    "lr": 0.0003,
    "gamma": 0.99,
    "lam": 0.95,
    "eps_clip": 0.2,
    "n_epochs": 10,
    "batch_size": 64,
    "n_steps": 2048,
    "ent_coef": 0.0,
    "vf_coef": 0.5,
    "max_grad_norm": 0.5,
    "use_obs_norm": true,
    "use_adv_norm": true,
    "use_lr_anneal": true,
    "use_vclip": false,
    "device": "cpu",
    "total_timesteps": 1500000,
    "eval_freq": 20480,
    "n_eval_episodes": 10,
    "eval_mode": "deterministic_mean"
  },
  "total_steps": 1501184,
  "elapsed_s": 1555.565200805664,
  "final_reward": 1369.0616859034144,
  "peak_reward": 1497.1846292036826,
  "max_reward": 2796.2150664490646,
  "eval_rewards": [
    84.12685377126338,
    213.22747753430008,
    258.98042831849136,
    324.3481960361465,
    713.6922805112843,
    417.5109557735435,
    418.88310600979196,
    409.8558631587066,
    846.3332052252875,
    829.4923861350201,
    656.6135647301692,
    777.8743669658695,
    1936.6388071876668,
    1889.247016237529,
    2125.12047462823,
    2249.3778758539283,
    2360.3954980612275,
    2436.3637769911843,
    2105.036397096428,
    2457.792327505648,
    2337.633857586239,
    2038.7699427564978,
    2168.837013165091,
    1359.3950062943009,
    1781.693415986391,
    1353.1948814818043,
    2490.3591376302907,
    2516.7160714191646,
    2615.129490837647,
    2340.3066608984495,
    2550.433387777149,
    2350.836570874909,
    901.2836200385569,
    578.309299192655,
    1662.8863178299077,
    1227.7692233790494,
    2320.916833662265,
    2012.5518902642457,
    2371.7699599672405,
    2327.2095712046353,
    2236.708216874805,
    2294.8445022404203,
    2308.9040873602776,
    2271.3008690768925,
    2018.8804994018756,
    2095.4368304659533,
    2098.5197987828406,
    2250.0203721085595,
    2565.6483892498136,
    2724.0904910163313,
    2442.7994753076173,
    2233.783605683448,
    2441.0389634544504,
    2380.2559488180464,
    2666.0732170680576,
    1533.6108453601908,
    1049.654249585937,
    1063.9978128598127,
    1277.1951923666315,
    2344.0379408605777,
    868.0969929646132,
    2063.9291079713225,
    819.0439710160558,
    2236.109989820704,
    699.3356470617224,
    2684.2603638992264,
    2318.66770136472,
    2796.2150664490646,
    801.9806351554668,
    757.7148796960405,
    963.8347407857182,
    894.68329678811,
    802.4068463685062,
    971.5176814655686
  ],
  "eval_steps": [
    2048,
    22528,
    43008,
    63488,
    83968,
    104448,
    124928,
    145408,
    165888,
    186368,
    206848,
    227328,
    247808,
    268288,
    288768,
    309248,
    329728,
    350208,
    370688,
    391168,
    411648,
    432128,
    452608,
    473088,
    493568,
    514048,
    534528,
    555008,
    575488,
    595968,
    616448,
    636928,
    657408,
    677888,
    698368,
    718848,
    739328,
    759808,
    780288,
    800768,
    821248,
    841728,
    862208,
    882688,
    903168,
    923648,
    944128,
    964608,
    985088,
    1005568,
    1026048,
    1046528,
    1067008,
    1087488,
    1107968,
    1128448,
    1148928,
    1169408,
    1189888,
    1210368,
    1230848,
    1251328,
    1271808,
    1292288,
    1312768,
    1333248,
    1353728,
    1374208,
    1394688,
    1415168,
    1435648,
    1456128,
    1476608,
    1497088
  ],
  "episode_rewards": [
    1339.389570041819,
    929.0289232328504,
    1166.2437535644228,
    350.1947015644923,
    507.14105502702324,
    359.9130423726705,
    323.62343591529833,
    803.4102031010689,
    680.1241075002698,
    589.6989386283361,
    632.9935564489134,
    986.812348902512,
    882.0509604687294,
    830.3935894209877,
    540.2274557342282,
    549.4950150128217,
    847.0944722684577,
    505.448515177334,
    749.8904034353178,
    902.0585348524213,
    616.9161965749784,
    459.07816582735904,
    704.9316126686276,
    519.0560113841267,
    551.0465655708739,
    712.1752083588972,
    432.59418741506556,
    738.9054139966728,
    418.4061709146048,
    445.6762890695744,
    452.7827322851955,
    697.8023800901785,
    638.0327727082358,
    613.7406404496344,
    630.5912759942341,
    692.3498205922369,
    1428.0428758793314,
    959.0649767213677,
    579.2147117487184,
    620.2954673972986,
    672.3410429075013,
    1239.916755508581,
    560.9222135955405,
    834.6469423069414,
    665.2933326752026,
    657.0320606288806,
    936.7614458163721,
    600.6148427483964,
    1106.4860079206608,
    645.3674720727493,
    743.373569234524,
    1101.2030364507277,
    711.4235878616024,
    485.41195628071785,
    1004.0854746434466,
    742.3505112492735,
    904.1990287533819,
    1004.2396600550657,
    997.9307880014941,
    1636.9677280305448,
    1033.9764821829776,
    620.3628024805133,
    1021.8504163561771,
    685.8689757007699,
    676.7216766020993,
    726.9279311955978,
    774.9654687219715,
    723.1243465735532,
    582.7122591911113,
    1010.7835186699456,
    844.0955805202587,
    609.310268076945,
    615.7851476676823,
    1264.4882489002243,
    745.7073743090841,
    414.1425061135234,
    890.3793819689561,
    652.1368743990226,
    613.922576828756,
    729.1027753962786,
    586.018381068659,
    702.0887610791157,
    642.4742298428904,
    663.6428291953788,
    893.7130138134897,
    861.041472207755,
    894.2740751437349,
    358.66631355555177,
    413.0804763384083,
    480.6648375180467,
    632.5274204417002,
    719.0675985993727,
    708.1492552788953,
    136.05289634429593,
    431.23444112460345,
    795.4371710444374,
    450.41918029861637,
    962.3737712362298,
    518.2568988956001,
    663.1343629744523,
    698.0315696366698,
    771.7745341893708,
    700.6064097443048,
    501.2246037247073,
    822.134770754664,
    968.7483346717786,
    665.3193530620255,
    655.4557400658148,
    1315.3823981810795,
    458.5958099672538,
    697.8477330173506,
    707.1419579316239,
    359.4467036872298,
    694.2139029427385,
    1111.8083997828937,
    874.8874640105369,
    835.6895752387125,
    701.3264978644247,
    619.2175008733284,
    534.092471960239,
    756.5722042837125,
    681.876913452299,
    579.6627960797116,
    657.0868286287605,
    159.82919952280685,
    697.9134677631483,
    877.670841042404,
    743.4034604273975,
    825.6365500160572,
    1016.4844305722861,
    708.7277149976981,
    780.0364072701129,
    636.4771155938204,
    816.460801418198,
    1213.4881608036615,
    869.2596006512583,
    756.3435980317369,
    942.0387684208116,
    1160.9311074246837,
    789.0507332921225,
    993.3346440343596,
    911.4996779191966,
    824.2814624636579,
    885.3101352568111,
    622.0911636169658,
    159.77419486847882,
    89.01721551576232,
    704.0565075706344,
    669.8420018379846,
    546.9393205001408,
    1332.6718035781407,
    804.871200254441,
    729.7178986162413,
    691.4920223152263,
    859.857634491456,
    748.7589045227678,
    926.8002843865157,
    525.1294582005456,
    366.11737960810353,
    707.5808274975832,
    141.42589968656912,
    594.0868806055615,
    593.5102635280527,
    589.952637190551,
    815.8514990311194,
    624.598627412553,
    622.4883867090489,
    786.2612830903606,
    983.8306600951232,
    746.5768488123383,
    758.854655738491,
    708.2618864777289,
    841.2425408267844,
    147.50718549292776,
    755.8960783304035,
    908.7118329222584,
    1031.5444493585,
    671.8325631021372,
    611.9250659399947,
    1909.8407942593503,
    881.5168133087993,
    859.6950071918873,
    471.6686124789675,
    762.8259210917375,
    870.0719146660426,
    867.736523737247,
    735.4262485838609,
    771.9772007601799,
    709.3500562578656,
    837.0903587601682,
    139.123811493231,
    675.0685615378786,
    942.591396539185,
    873.6324171213704,
    629.9582270106084,
    724.0527029382746,
    508.9044486339584,
