{"env": "Hopper-v4", "agent": "Standard_GRPO_NoTrick", "seed": 14, "total_steps": 903168, "eval_rewards": [70.24043722676518, 213.04202773915068, 218.49398663544002, 278.1088393063578, 316.69806978925027, 300.7614581357484, 384.32050363066537, 417.2773874502238, 423.0918743044216, 458.2277132761674, 917.4421286403592, 808.690190669986, 437.65468261112085, 1022.2911760168083, 594.5151213297377, 734.5624703127938, 737.2289875625695, 971.130206641414, 958.1831935059942, 977.3251184868193, 723.8836220974956, 786.1634280980862, 744.6773812487448, 738.6577863989156, 726.6585760851225, 691.8507010019235, 596.9150967224839, 673.892971447595, 463.050017633216, 678.4008656594488, 1015.268834387481, 880.1390337078101, 1104.4896638573166, 1025.0735330792336, 1674.1057857038297, 2171.0885625000083, 1093.0041521780997, 1193.0571610290112, 1664.7818506460967, 2214.3938170999545, 1257.8147062335906, 867.056075050314, 752.4175211036554, 871.409611422444, 825.5877218907619], "eval_steps": [2048, 22528, 43008, 63488, 83968, 104448, 124928, 145408, 165888, 186368, 206848, 227328, 247808, 268288, 288768, 309248, 329728, 350208, 370688, 391168, 411648, 432128, 452608, 473088, 493568, 514048, 534528, 555008, 575488, 595968, 616448, 636928, 657408, 677888, 698368, 718848, 739328, 759808, 780288, 800768, 821248, 841728, 862208, 882688, 903168], "peak_reward": 1375.9129242967006}