{
  "env": "Hopper-v4",
  "agent": "Standard_GRPO_NoTrick",
  "seed": 3,
  "config": {
    "hidden_dim": 256,
    "lr": 0.0003,
    "gamma": 0.99,
    "lam": 0.95,
    "eps_clip": 0.2,
    "n_epochs": 10,
    "batch_size": 64,
    "n_steps": 2048,
    "ent_coef": 0.0,
    "vf_coef": 0.5,
    "max_grad_norm": 0.5,
    "use_obs_norm": true,
    "use_adv_norm": true,
    "use_lr_anneal": true,
    "use_vclip": false,
    "device": "cpu",
    "total_timesteps": 1500000,
    "eval_freq": 20480,
    "n_eval_episodes": 10,
    "eval_mode": "deterministic_mean"
  },
  "total_steps": 1501184,
  "elapsed_s": 1573.2931089401245,
  "final_reward": 2239.9186374806295,
  "peak_reward": 1548.0152469124741,
  "max_reward": 2781.8281359925345,
  "eval_rewards": [
    129.96008797206667,
    233.34386542815423,
    283.5968362953505,
    383.3538753937439,
    403.381567941738,
    414.1601756563171,
    359.65811890198216,
    408.5329864917511,
    440.8008738734769,
    611.7427403524064,
    550.5125495832142,
    440.52188715440354,
    441.0689313862514,
    469.8470267568533,
    457.0133329762745,
    955.7212491760838,
    520.1219309006071,
    488.06772263347455,
    498.6618269547824,
    750.1358591082511,
    722.2782638318265,
    706.6825512877087,
    701.3923952869519,
    891.3589351585091,
    702.891777326617,
    708.0622970227184,
    722.8060539184,
    950.8926758131632,
    716.6368482510853,
    905.2762769947425,
    1019.8201598566553,
    604.2707042426839,
    1281.009279469239,
    1870.004920865596,
    1046.9449511900025,
    493.41321562249584,
    746.3317363719491,
    691.1430245775514,
    667.2611596988769,
    656.0390681087258,
    587.0349309982861,
    824.0316542214975,
    764.1809808984842,
    600.3394132554843,
    559.4437666413776,
    648.9570839927787,
    680.6698304642474,
    666.9759379926297,
    636.5395927408287,
    748.8734262351056,
    714.5888306311331,
    678.182312095478,
    720.6010466890323,
    686.3679065915591,
    582.9885000409276,
    602.4381439783112,
    673.5993772784186,
    937.2395709371287,
    648.7101142994194,
    658.0533955832653,
    634.6826119638678,
    633.6859692633649,
    650.2246780658331,
    718.1487298182401,
    2215.6962305620987,
    2781.8281359925345,
    1999.8450212337866,
    1762.1767716764716,
    2048.4807711505355,
    2035.3835493980102,
    2369.821837624167,
    2707.4245507550804,
    2394.936287722491,
    2083.593218691117
  ],
  "eval_steps": [
    2048,
    22528,
    43008,
    63488,
    83968,
    104448,
    124928,
    145408,
    165888,
    186368,
    206848,
    227328,
    247808,
    268288,
    288768,
    309248,
    329728,
    350208,
    370688,
    391168,
    411648,
    432128,
    452608,
    473088,
    493568,
    514048,
    534528,
    555008,
    575488,
    595968,
    616448,
    636928,
    657408,
    677888,
    698368,
    718848,
    739328,
    759808,
    780288,
    800768,
    821248,
    841728,
    862208,
    882688,
    903168,
    923648,
    944128,
    964608,
    985088,
    1005568,
    1026048,
    1046528,
    1067008,
    1087488,
    1107968,
    1128448,
    1148928,
    1169408,
    1189888,
    1210368,
    1230848,
    1251328,
    1271808,
    1292288,
    1312768,
    1333248,
    1353728,
    1374208,
    1394688,
    1415168,
    1435648,
    1456128,
    1476608,
    1497088
  ],
  "episode_rewards": [
    493.43892344887536,
    1694.1978508758853,
    1683.6212102250229,
    1814.4616093401444,
    1860.7100119970164,
    850.086054889831,
    854.263035170113,
    857.2063482182791,
    3008.197213196885,
    479.01870064019283,
    2990.3579545267785,
    826.4564960541069,
    1413.1818034165854,
    1634.4441635113587,
    713.3310787919593,
    1639.6566499687833,
    573.8150251299829,
    582.3668649696406,
    1138.9695305835494,
    1709.5010379334697,
    1474.974489298206,
    1700.4062436811143,
    359.2303815571684,
    1364.868346226969,
    1358.4313844032233,
    848.8214822919209,
    824.6727738839577,
    1235.7639593112808,
    1127.5605181469762,
    1072.5438250265167,
    831.0976805603879,
    851.7652734598613,
    806.2795387906752,
    631.8488437912489,
    632.1444982513402,
    1999.631631346531,
    872.8888825813679,
    1375.8134025244865,
    1345.5022605528318,
    896.3642990237411,
    1169.256008750069,
    888.455414575565,
    687.2566411084325,
    1137.0358812023826,
    1559.9536883347992,
    1640.3858268242345,
    725.9612213111938,
    2420.683423955577,
    591.2898050326128,
    814.8833479883699,
    573.2820464484514,
    2131.6868316334426,
    2509.025626596538,
    1156.8053233374387,
    536.3194803398571,
    2448.3643961109155,
    564.9642694193399,
    1072.0955768990686,
    962.8121299999771,
    932.2487669449176,
    2749.626374557437,
    790.0143782329817,
    870.5108727446171,
    1416.6591945651996,
    585.0060899737484,
    1166.2624087336696,
    556.3703939105899,
    591.4247759153544,
    1472.2405214476657,
    829.8887368230077,
    1953.127936223826,
    2729.837651637612,
    1144.9808900783198,
    819.7485180320765,
    1403.2708343795757,
    841.9085521423767,
    1119.9398782893463,
    572.749651670687,
    835.2886867400504,
    789.0287850964118,
    2409.090665939608,
    2809.813733273049,
    1101.9861813654627,
    597.1179454722643,
    1339.5049370622878,
    349.33212755259984,
    2349.7838266481394,
    2069.3625862520894,
    1300.1993099948254,
    712.9248686734759,
    1119.1027514050006,
    1142.4352003169706,
    2900.7785841865875,
    1232.0031578528865,
    2842.466892247677,
    1825.7823619476499,
    2153.01815117607,
    2539.3832777133157,
    1893.511027028495,
    595.1937914367618,
    1111.6783986501534,
    1159.070243078352,
    732.3047347023387,
    1069.7852872963276,
    1793.4469317001992,
    558.1797955264681,
    1134.9936729376107,
    2849.686673015845,
    2670.742241091918,
    2096.2985064377904,
    2780.882820380139,
    489.47961836266893,
    273.2438728310513,
    236.48580245599453,
    633.5092364369626,
    794.7772587964422,
    1997.038495850091,
    2339.5598679352233,
    675.8163771671044,
    813.6541403268316,
    580.0313710232095,
    841.450583058602,
    2638.5696136438705,
    2061.1554763296176,
    549.047524615284,
    1241.7227753602633,
    1271.8945611587633,
    1867.623814406952,
    2122.592272404251,
    1632.0173772344688,
    326.8812499536929,
    539.6089039585177,
    1135.6585494095152,
    2893.7643205204567,
    844.7774699690427,
    2887.469118110018,
    1362.895074290939,
    1112.4837583346623,
    1352.6169058962062,
    322.6017654775598,
    2121.958615824607,
    2335.6560844239066,
    1439.885641326756,
    447.648372658562,
    347.77819335809835,
    581.0749951935367,
    1058.440454684245,
    1171.1069083636305,
    573.9049683361069,
    1077.9625134302873,
    860.9792893852838,
    1411.8833014247994,
    1725.7699482403696,
    320.84712509416215,
    302.4271033316093,
    557.5141070016581,
    2426.5270177792154,
    1301.1681351855175,
    2750.4671362328354,
    609.4860555222743,
    1713.0283382049147,
    1630.7943403050144,
    1379.8207827082695,
    1203.2538543769938,
    913.311647266093,
    1707.1184819874827,
    1934.950612641217,
    1539.5546296963985,
    1116.3802375770883,
    571.225523613166,
    861.1936720308846,
    1884.0413916736811,
    2947.9230230747958,
    583.3974556107597,
    2862.8229951748276,
    2824.4552361732226,
    402.01429987045856,
    2082.7072439484664,
    1445.3038905534684,
    2961.736495236881,
    600.3950594744952,
    779.8065070951116,
    1906.9269250237655,
    1455.3098325478873,
    2109.4438966161697,
    561.6089825638384,
    826.7829658108158,
    785.9248975731005,
    1889.4906698077386,
    1361.9783472774363,
    1941.1971373221838,
    1849.206558342923,
    592.1698234128586,
    1626.579242982099,
    916.3613787476775,
