{
  "env": "Hopper-v4",
  "agent": "Standard_GRPO_NoTrick",
  "seed": 9,
  "config": {
    "hidden_dim": 256,
    "lr": 0.0003,
    "gamma": 0.99,
    "lam": 0.95,
    "eps_clip": 0.2,
    "n_epochs": 10,
    "batch_size": 64,
    "n_steps": 2048,
    "ent_coef": 0.0,
    "vf_coef": 0.5,
    "max_grad_norm": 0.5,
    "use_obs_norm": true,
    "use_adv_norm": true,
    "use_lr_anneal": true,
    "use_vclip": false,
    "device": "cpu",
    "total_timesteps": 1500000,
    "eval_freq": 20480,
    "n_eval_episodes": 10,
    "eval_mode": "deterministic_mean"
  },
  "total_steps": 1501184,
  "elapsed_s": 1534.6959600448608,
  "final_reward": 1162.2692756793908,
  "peak_reward": 2034.1358679612727,
  "max_reward": 2735.103379989382,
  "eval_rewards": [
    91.36853756387224,
    288.7267870817435,
    332.67253260575524,
    347.7716793390073,
    363.9867295741472,
    476.13741777889516,
    431.87821073399016,
    837.265704208723,
    1887.9826242937877,
    695.1084194892966,
    531.3130399244541,
    461.51581770794564,
    555.6391614016424,
    535.6676622083241,
    466.61254451455136,
    792.5097814485916,
    566.475725713992,
    780.3454568048483,
    1457.5232685133512,
    2433.9254576551166,
    1770.7282491611215,
    1860.8362432488543,
    1333.7708381386697,
    945.5869358804136,
    1040.1173095848494,
    764.2047875589258,
    815.9723319119394,
    710.425236229456,
    1097.5447788314764,
    1335.1681477801617,
    967.5885015689079,
    2072.8124250581614,
    1029.5825272457523,
    2270.803484083482,
    2327.811846165993,
    2735.103379989382,
    2338.825536769036,
    2406.3003204268275,
    2276.225086644771,
    1916.3055716604126,
    2130.217279937092,
    1822.8888850316175,
    2168.961167638009,
    1756.8195751808962,
    1259.548523401933,
    1323.725039966386,
    630.3807150558966,
    859.7729364320357,
    2047.959424603237,
    2160.485975973813,
    968.2113904646543,
    785.8288047352065,
    2495.190930072335,
    2344.0525654957682,
    1497.4308842320484,
    1212.9275006328485,
    1671.4397035307331,
    820.7038336065394,
    1963.7048788584557,
    2049.220249616824,
    2272.2328772027504,
    2492.436579264915,
    1286.1656588260917,
    1368.8804025460754,
    1018.3193821894231,
    935.2615584727537,
    884.0761163655612,
    971.7631469367,
    1182.3161516853313,
    736.9694431994209,
    1641.8704315084742,
    2180.7186827304595,
    1406.4886878101145,
    664.90915589567
  ],
  "eval_steps": [
    2048,
    22528,
    43008,
    63488,
    83968,
    104448,
    124928,
    145408,
    165888,
    186368,
    206848,
    227328,
    247808,
    268288,
    288768,
    309248,
    329728,
    350208,
    370688,
    391168,
    411648,
    432128,
    452608,
    473088,
    493568,
    514048,
    534528,
    555008,
    575488,
    595968,
    616448,
    636928,
    657408,
    677888,
    698368,
    718848,
    739328,
    759808,
    780288,
    800768,
    821248,
    841728,
    862208,
    882688,
    903168,
    923648,
    944128,
    964608,
    985088,
    1005568,
    1026048,
    1046528,
    1067008,
    1087488,
    1107968,
    1128448,
    1148928,
    1169408,
    1189888,
    1210368,
    1230848,
    1251328,
    1271808,
    1292288,
    1312768,
    1333248,
    1353728,
    1374208,
    1394688,
    1415168,
    1435648,
    1456128,
    1476608,
    1497088
  ],
  "episode_rewards": [
    997.9413157506588,
    1865.7051961738125,
    425.0966988674697,
    879.321204998033,
    1315.8671158660009,
    2338.3454780513352,
    861.8392541333363,
    1475.526846991901,
    754.0765232982715,
    2043.038405884864,
    1420.8832075460457,
    947.4485284763972,
    1033.4027163645244,
    748.8445320362601,
    980.553314718438,
    948.7724301923928,
    1564.3754178152356,
    430.8413500843672,
    637.4928514010224,
    1187.5121348853552,
    1068.8022146662156,
    715.5409830767644,
    915.7054178799938,
    580.249070821357,
    942.3891973411122,
    732.8121181354104,
    1754.160991883498,
    719.7062883319351,
    1282.2493373408124,
    811.0393807458505,
    957.8161028099046,
    985.1383048800054,
    693.6803225714882,
    709.1111743334999,
    1246.9384209302405,
    921.9025606629103,
    686.5303394169031,
    622.867596495086,
    683.4341322933275,
    712.6908951261912,
    770.4480195352917,
    1240.5765145847452,
    970.4948585912877,
    945.7825438531903,
    805.0913382938569,
    983.299649627884,
    1255.8169501900159,
    694.6022693630531,
    529.4682510416977,
    706.5472574578955,
    1148.3944382176792,
    721.0113198092447,
    697.3302528835827,
    661.2095831397884,
    1260.8869853639962,
    753.5198613532808,
    729.5590590194081,
    1274.6639275613875,
    873.7062525619741,
    1778.600152652241,
    2019.1822117667805,
    700.1391662358253,
    961.8190560168404,
    1012.1187729002852,
    728.8725589544774,
    1483.367965386579,
    409.4949474262426,
    2602.4921655610306,
    181.25214819063598,
    981.8894323512596,
    946.8350846163754,
    940.4014343523597,
    1012.5128530622206,
    704.0798968556162,
    961.3164718518009,
    2487.254675635478,
    1503.978224260902,
    981.4916412267327,
    684.2451480413206,
    2500.9832449540254,
    1596.5929363174214,
    973.5859502048364,
    2815.6929810347333,
    2509.243291419467,
    681.4564414552219,
    1022.9345726121303,
    675.3104641389124,
    2822.0872346641218,
    2841.7404509274334,
    976.6571284602354,
    1293.348025538552,
    2797.80640197249,
    2718.9709905550853,
    2641.1322562519645,
    1885.5093348397288,
    1591.2487120636479,
    973.5792847596066,
    1026.4917339942888,
    565.1017175966479,
    1497.0618961946973,
    952.403604777518,
    420.31540636244773,
    689.4093729265923,
    684.8711341236556,
    1003.7073431008813,
    742.3147866827919,
    1004.4360348109775,
    728.6180376532204,
    1324.086357444789,
    2796.2433043599567,
    2766.0476761775253,
    2528.617001902428,
    2637.8186192678163,
    2355.0132992608715,
    2845.6190763102873,
    2875.4648521201084,
    1112.46095191246,
    2169.6251656610434,
    2616.123479598598,
    1889.1457599142072,
    698.1879324604745,
    703.2624507887217,
    1298.1343020260258,
    126.32911362768454,
    804.1706559594414,
    2636.305843463272,
    1789.0758173506824,
    717.921347553053,
    2664.1624571680954,
    989.029338341828,
    2351.673578486457,
    945.0442707395946,
    2663.797024416989,
    1794.7962081738563,
    1266.1705341288823,
    2632.12947748856,
    662.5240471041075,
    1271.0683654676684,
    2159.9410920754103,
    2263.60374227303,
    2734.2505092158135,
    2886.8063006492443,
    1009.6003850126417,
    2628.054933018672,
    2688.5849074820935,
    842.6696112042889,
    1254.4433314544751,
    1303.7023417233727,
    779.5968950725155,
    2580.762365631218,
    721.5155413944867,
    875.7575475189464,
    701.0264188701675,
    585.761825616477,
    2821.0196539993417,
    1232.2155852518033,
    2044.4467597397602,
    686.818648592706,
    492.42383922712776,
    711.6428902879883,
    1254.4069860912455,
    670.8118321704229,
    920.6990613875066,
    2880.2664876998633,
    560.6276025026118,
    2318.91054503398,
    2750.476816358683,
    885.194005039336,
    2045.2323867349828,
    851.0659994681105,
    891.0402013437525,
    983.2543994958512,
    2358.82607152678,
    658.5662775908661,
    872.8581706699679,
    675.9205871025254,
    635.3839157336141,
    2184.697990886807,
    2665.2253225296286,
    622.1167267121128,
    413.53652309377964,
    2737.9522107099147,
    2158.7321659761997,
    523.403951853903,
    902.9314098117658,
    1634.108045659619,
    791.4420654790512,
    991.6936074096692,
    548.2268652767619,
    1590.0400761235305,
    592.1838407331452,
    2053.9699056463824,
    1712.7201211933573,
    1477.3565442262543,
    720.156220580131,
