{
  "env": "Hopper-v4",
  "agent": "Optimal_HCGAE_v4",
  "seed": 4,
  "config": {
    "hidden_dim": 256,
    "use_obs_norm": true,
    "use_adv_norm": true,
    "use_lr_anneal": true,
    "eval_mode": "deterministic_mean"
  },
  "total_steps": 500000,
  "final_reward": 3605.0113560119726,
  "eval_rewards": [
    230.7485172303981,
    219.33100551521153,
    283.454785605419,
    340.33174599145593,
    432.9845561646616,
    485.968872645811,
    543.2497196969118,
    632.9992758444772,
    633.8979601871748,
    662.2283630943333,
    682.9565844786995,
    839.6112416731145,
    948.2139534045625,
    971.8020141566549,
    964.7328050748534,
    1081.379437953616,
    971.8896009523685,
    1081.1787615833464,
    1277.5079518046593,
    1827.2207370975204,
    3050.63897839472,
    3252.588135995985,
    3257.9940105697015,
    3245.603631696385,
    3311.40105389171,
    3180.4617912207723,
    3280.3759884801125,
    3443.0064824881165,
    3465.6433720860186,
    3511.685061914076,
    3518.31148214158,
    3543.0184726470734,
    3565.317552728708,
    3218.7983946844797,
    3594.0300212614143,
    3579.4095384983034,
    3593.9780371821435,
    3583.004614630193,
    3587.543270231488,
    3586.1461085002243,
    3591.648088933148,
    3530.586348564854,
    3602.644397050638,
    1492.6163252873969,
    3601.680402448532,
    3605.4478470494987,
    3612.502240457048,
    3601.4445192007433,
    3603.9817709040385
  ],
  "eval_steps": [
    10240,
    20480,
    30720,
    40960,
    51200,
    61440,
    71680,
    81920,
    92160,
    102400,
    112640,
    122880,
    133120,
    143360,
    153600,
    163840,
    174080,
    184320,
    194560,
    204800,
    215040,
    225280,
    235520,
    245760,
    256000,
    266240,
    276480,
    286720,
    296960,
    307200,
    317440,
    327680,
    337920,
    348160,
    358400,
    368640,
    378880,
    389120,
    399360,
    409600,
    419840,
    430080,
    440320,
    450560,
    460800,
    471040,
    481280,
    491520,
    500000
  ],
  "elapsed_s": 463.6
}