{
  "env": "Hopper-v4",
  "agent": "Optimal_HCGAE_v2",
  "seed": 4,
  "config": {
    "hidden_dim": 256,
    "use_obs_norm": true,
    "use_adv_norm": true,
    "use_lr_anneal": true,
    "eval_mode": "deterministic_mean_post_update"
  },
  "total_steps": 500000,
  "final_reward": 3011.304959264934,
  "eval_rewards": [
    148.2516263385731,
    212.93058733604767,
    370.577410510966,
    414.660186551303,
    414.1382874091907,
    609.8233510447396,
    819.2151059885904,
    858.629298218867,
    946.461503458286,
    1011.6067109732824,
    961.3427648708821,
    970.7289843344652,
    890.0005071346943,
    955.4596755431834,
    970.4598363671872,
    1110.7234953303428,
    1398.5502528177342,
    1499.31222378981,
    1261.2316745077007,
    1600.423586916828,
    1464.7457260916863,
    3236.933776097315,
    3198.52280255857,
    3196.218318875385,
    3251.9395819947895,
    3215.7123977954834,
    3243.815497207193,
    3256.2318213554327,
    3256.7475814137138,
    3263.0171848829114,
    3288.579087845714,
    3296.4956346748754,
    3319.8278200840955,
    3348.529693679576,
    1287.2504863288627,
    3371.681901667692,
    3360.2776156465634,
    3361.5181415469583,
    3378.0753831909437,
    3091.9266046770344,
    3404.609789128125,
    3064.843566071054,
    3342.6728290445403,
    3444.2345397047466,
    3457.020237166581,
    3461.3757908401376,
    2944.0742083036325,
    2015.774005634258,
    3178.2805543800596
  ],
  "eval_steps": [
    10240,
    20480,
    30720,
    40960,
    51200,
    61440,
    71680,
    81920,
    92160,
    102400,
    112640,
    122880,
    133120,
    143360,
    153600,
    163840,
    174080,
    184320,
    194560,
    204800,
    215040,
    225280,
    235520,
    245760,
    256000,
    266240,
    276480,
    286720,
    296960,
    307200,
    317440,
    327680,
    337920,
    348160,
    358400,
    368640,
    378880,
    389120,
    399360,
    409600,
    419840,
    430080,
    440320,
    450560,
    460800,
    471040,
    481280,
    491520,
    500000
  ],
  "elapsed_s": 338.8
}