{
  "eval_rewards": [
    -9.92753579153972,
    231.1604788338549,
    329.0673018194596,
    385.1614654658598,
    382.30593990295205,
    493.3638645241308,
    341.92029286178933,
    341.7833096134292,
    402.52939875277906,
    665.8800704884379,
    849.7511257754599,
    685.093638084059,
    852.8003921658335,
    1032.7321456861132,
    985.6634625241228,
    1056.6615507724127,
    1146.363752141974,
    888.7251404012644,
    1042.9250404085471,
    957.6237930259955,
    720.6619728062601,
    733.398195647859,
    659.4631092382926,
    453.8182853372923,
    530.2002698147215,
    356.540603828804,
    787.4905440778646,
    648.0535041259699,
    768.7042440467552,
    894.0223587594235,
    1626.8502811464884,
    816.2737312738749,
    897.2362045779289,
    812.9853808272109,
    1361.782229349677,
    1342.4640546947826,
    1000.736697223412,
    1140.8794938276617,
    953.5913286737475,
    1193.7785457226796,
    854.8682704813307,
    430.98993189723785,
    480.2501064472036,
    1098.2327931291618,
    956.2575061662649,
    731.578833592014,
    749.3434102048839,
    1027.5012645657953,
    1297.8402452326525,
    860.8436707367812,
    735.818668236707,
    827.7377071169254,
    787.47582975924,
    867.8733945997732,
    774.1672592681853,
    863.2271881514223,
    901.502798455618,
    849.9008759660792,
    852.084053928839,
    1250.4886082843836,
    829.5059848931062,
    1020.9321619201877,
    867.3427069409481,
    924.0784983759429,
    893.1699604411499,
    859.2679239201095,
    891.7076594214217,
    1082.7376090610805,
    1115.532435277179,
    1003.4396994220444,
    889.7500180339742,
    997.5188968623664,
    873.4952853546699,
    947.898683789105,
    869.9024219120947,
    1300.3565721179416,
    1076.8005715543406,
    1335.5087137850535,
    1195.7019648885594,
    942.2574327943333,
    786.539010824559,
    1032.070788991144,
    921.1365284317205,
    1066.3151579924095,
    1165.928312835867,
    1093.574787985626,
    1039.508591619904,
    982.5230031355406,
    1212.060342774339,
    1017.6524739909098,
    973.6587196420512,
    986.7712706096252,
    980.9192384698879,
    952.6122854109074,
    1068.8219677615812,
    1001.7960028658775,
    969.6227124861869
  ],
  "eval_steps": [
    10240,
    20480,
    30720,
    40960,
    51200,
    61440,
    71680,
    81920,
    92160,
    102400,
    112640,
    122880,
    133120,
    143360,
    153600,
    163840,
    174080,
    184320,
    194560,
    204800,
    215040,
    225280,
    235520,
    245760,
    256000,
    266240,
    276480,
    286720,
    296960,
    307200,
    317440,
    327680,
    337920,
    348160,
    358400,
    368640,
    378880,
    389120,
    399360,
    409600,
    419840,
    430080,
    440320,
    450560,
    460800,
    471040,
    481280,
    491520,
    501760,
    512000,
    522240,
    532480,
    542720,
    552960,
    563200,
    573440,
    583680,
    593920,
    604160,
    614400,
    624640,
    634880,
    645120,
    655360,
    665600,
    675840,
    686080,
    696320,
    706560,
    716800,
    727040,
    737280,
    747520,
    757760,
    768000,
    778240,
    788480,
    798720,
    808960,
    819200,
    829440,
    839680,
    849920,
    860160,
    870400,
    880640,
    890880,
    901120,
    911360,
    921600,
    931840,
    942080,
    952320,
    962560,
    972800,
    983040,
    993280
  ],
  "final_reward": 1021.9009583161499,
  "last5_mean": 994.7544413988883
}