{
  "env": "Humanoid-v4",
  "agent": "Optimal_HCGAE_Optimal",
  "seed": 1,
  "config": {
    "hidden_dim": 256,
    "lr": 0.0003,
    "gamma": 0.99,
    "lam": 0.95,
    "eps_clip": 0.2,
    "n_epochs": 10,
    "batch_size": 64,
    "n_steps": 2048,
    "ent_coef": 0.0,
    "vf_coef": 0.5,
    "max_grad_norm": 0.5,
    "use_obs_norm": true,
    "use_adv_norm": true,
    "use_lr_anneal": true,
    "use_vclip": false,
    "device": "cpu",
    "total_timesteps": 1000000,
    "eval_freq": 20480,
    "n_eval_episodes": 10,
    "eval_mode": "deterministic_mean"
  },
  "total_steps": 1001472,
  "elapsed_s": 2034.4478273391724,
  "final_reward": 727.8120839185643,
  "peak_reward": 765.7796197359069,
  "max_reward": 902.1852436664678,
  "eval_rewards": [
    225.6524488537146,
    473.0433087746534,
    357.43693745728416,
    436.5314531204569,
    422.37502552824134,
    436.221946863718,
    444.15899103663185,
    414.8407156622581,
    430.1177266621524,
    498.53329651103576,
    503.90339151781643,
    553.7836763384371,
    404.56693191640954,
    537.0130900520093,
    472.9883680828295,
    483.74427394150837,
    526.0719507316866,
    571.5540941122974,
    605.855208477083,
    578.0872073694712,
    498.81408671714337,
    481.9929001140983,
    467.2940824070125,
    529.0373103859094,
    605.4845279220616,
    525.3724719704649,
    592.0236433640249,
    705.423060220037,
    641.5421643389773,
    625.7983768241169,
    712.5991314042426,
    616.7535660074416,
    633.3312180136298,
    646.3181517434507,
    690.1859492461261,
    708.5415591124736,
    774.0812009444834,
    728.0601687446344,
    819.7621433286258,
    902.1852436664678,
    797.2165569320525,
    743.4128118946807,
    727.2961873932876,
    767.0543760962375,
    693.3616257704274,
    691.9239027485614,
    645.0291784167155,
    650.9204533793654,
    659.7205028878475
  ],
  "eval_steps": [
    2048,
    22528,
    43008,
    63488,
    83968,
    104448,
    124928,
    145408,
    165888,
    186368,
    206848,
    227328,
    247808,
    268288,
    288768,
    309248,
    329728,
    350208,
    370688,
    391168,
    411648,
    432128,
    452608,
    473088,
    493568,
    514048,
    534528,
    555008,
    575488,
    595968,
    616448,
    636928,
    657408,
    677888,
    698368,
    718848,
    739328,
    759808,
    780288,
    800768,
    821248,
    841728,
    862208,
    882688,
    903168,
    923648,
    944128,
    964608,
    985088
  ],
  "episode_rewards": [
    602.0788278489015,
    761.1077426186172,
    800.1423581908291,
    552.5335007201022,
    523.301289533767,
    655.6893936083616,
    1016.8838594341029,
    836.9350070037885,
    844.2307503105751,
    711.2731451504937,
    500.27010654857867,
    837.852782697346,
    750.1105087834102,
    561.8516419534121,
    705.2909658180256,
    688.3697043987058,
    598.4957172884577,
    869.4163565243202,
    737.3036126099191,
    901.4236733807305,
    559.4541682367941,
    499.65610746315735,
    727.9032890271596,
    588.657780434804,
    865.900373070705,
    606.5635928402236,
    820.5156257236044,
    546.2057812092412,
    697.656971614616,
    615.0392964225238,
    588.2698487187812,
    660.2412480054577,
    728.7218540802028,
    596.9114149334563,
    663.6220660677261,
    647.0676848516317,
    488.0984655684223,
    836.3760962211318,
    593.6920318421633,
    836.4992206858235,
    978.3719676781865,
    476.3958202015505,
    474.1777064947285,
    630.1373140690304,
    758.6312074355093,
    669.4535957345934,
    469.5451760922407,
    530.9590614606036,
    896.5429385584855,
    804.7210057979158,
    796.3404801473389,
    543.2278893182349,
    609.5755756037887,
    636.3130312278572,
    612.5311353673502,
    504.98410477809847,
    468.8026720139996,
    557.9385718603581,
    546.4751093324062,
    747.5082932039652,
    716.5450914806181,
    878.7615727694034,
    571.1156251878783,
    756.9284231728242,
    550.572298280931,
    734.3146880213594,
    883.7153275462798,
    666.1678165656342,
    777.148182399783,
    838.2878556714319,
    782.1105717685364,
    666.9701002593257,
    642.1559183383437,
    880.6369033091638,
    833.679942696989,
    785.0985346799333,
    606.3399920906853,
    772.0990236745213,
    393.0108949290424,
    668.246149166729,
    624.9783756523344,
    488.66829776836295,
    912.9572002371496,
    696.243500829446,
    545.1833306979851,
    891.0790371667596,
    736.2023143199206,
    855.367700356671,
    594.9082739932829,
    819.9189543085863,
    743.0632392848946,
    757.2181926203726,
    587.3870634635573,
    377.83474684948237,
    621.5656319619337,
    867.3079027882122,
    670.7367970388335,
    633.1492800130399,
    793.0905391721552,
    781.02149712348,
    864.0842172842583,
    544.0414113465556,
    1020.6444425342773,
    509.36418105208423,
    537.9643887672316,
    560.6510410589212,
    705.3524644566759,
    908.8523612524601,
    676.2832052562339,
    1040.2227375912885,
    878.9880524294908,
    592.7884666080978,
    456.4321956763887,
    875.0708405751627,
    804.1528348481428,
    604.7056664370343,
    633.7122423336386,
    445.90029649348514,
    464.2275780652732,
    1134.2796632060024,
    598.4963439201654,
    953.4159052137903,
    649.1762141812056,
    807.2012920394577,
    1041.1746284542967,
    820.3243481052547,
    502.1825085577364,
    745.009560955598,
    455.8758442082369,
    644.7991920999821,
    655.450187623737,
    676.1464377235128,
    496.32293305943733,
    463.4158433633743,
    895.6252500979896,
    503.2794616286468,
    742.24155805129,
    654.49755811173,
    882.5921501114148,
    585.2902600680887,
    542.5589732102204,
    843.8162981482758,
    613.3848201101096,
    984.6259459577202,
    644.625695591639,
    583.502971679367,
    583.816270949359,
    1022.2118899421515,
    533.6690697340413,
    631.5243719748943,
    655.0856581155037,
    709.8568708641756,
    751.8597412449766,
    656.7163613805313,
    563.549619426672,
    650.837579005806,
    753.21274283674,
    772.9800750467114,
    806.2279192605677,
    749.1816129271501,
    598.9164488020003,
    475.8103049114718,
    780.9245964295045,
    646.8852213774962,
    1102.953022726832,
    634.8036248495531,
    673.5762381567328,
    1133.771703639771,
    611.8951166578103,
    498.7234036982384,
    821.0268597377182,
    660.1325533829387,
    799.5678189482339,
    635.1839385303746,
    944.3935958217901,
    1167.97938147033,
    582.0550274566781,
    762.3227688165491,
    724.0715232266396,
    515.9685545635336,
    938.7126453459283,
    536.6038963719658,
    711.7819909760073,
    528.0953047244767,
    656.4122721348008,
    715.7092002836632,
    1101.890276974587,
    846.8440482511477,
    583.1934153000473,
    610.833418309815,
    533.2811569974313,
    516.0156204522494,
    976.5325766155165,
    1294.777387493502,
    569.7504332922471,
    868.901742084957,
    596.8741531481503,
    662.7782764466751,
    474.8044343679145,
    662.963826295249
  ],
  "diagnostics": [
    {
      "step": 2048,
      "scr_ema": 1.068757439746144,
      "ev_ema": -0.0009374153471103486,
      "g_std_ema": 4.00431022744043
    },
    {
      "step": 22528,
      "scr_ema": 0.5832649238164523,
      "ev_ema": 0.2322632908362855,
      "g_std_ema": 33.410577059291356
    },
    {
      "step": 43008,
      "scr_ema": 0.3418238428545978,
      "ev_ema": 0.40976439606142545,
      "g_std_ema": 57.36094897872354
    },
    {
      "step": 63488,
      "scr_ema": 0.28526322121109066,
      "ev_ema": 0.5479011911790529,
      "g_std_ema": 71.56387527298293
    },
    {
      "step": 83968,
      "scr_ema": 0.2268207017106374,
      "ev_ema": 0.6540064902848102,
      "g_std_ema": 78.73450849121276
    },
    {
      "step": 104448,
      "scr_ema": 0.19040976948430796,
      "ev_ema": 0.7076403196656113,