{
  "env": "Humanoid-v4",
  "agent": "Optimal_HCGAE_Optimal",
  "seed": 4,
  "config": {
    "hidden_dim": 256,
    "lr": 0.0003,
    "gamma": 0.99,
    "lam": 0.95,
    "eps_clip": 0.2,
    "n_epochs": 10,
    "batch_size": 64,
    "n_steps": 2048,
    "ent_coef": 0.0,
    "vf_coef": 0.5,
    "max_grad_norm": 0.5,
    "use_obs_norm": true,
    "use_adv_norm": true,
    "use_lr_anneal": true,
    "use_vclip": false,
    "device": "cpu",
    "total_timesteps": 1000000,
    "eval_freq": 20480,
    "n_eval_episodes": 10,
    "eval_mode": "deterministic_mean"
  },
  "total_steps": 1001472,
  "elapsed_s": 2066.459007024765,
  "final_reward": 657.8004306875455,
  "peak_reward": 657.8004306875455,
  "max_reward": 756.9667795965172,
  "eval_rewards": [
    229.79714751087846,
    324.55475622527115,
    239.71796433112186,
    381.79212278469936,
    474.7958297504404,
    350.5744809904058,
    458.6506427172012,
    556.5647323434034,
    560.1561463001174,
    524.2656875226455,
    530.7063394779353,
    456.36330804442906,
    544.2633571174872,
    458.61146160444105,
    521.7119074571008,
    566.2889327336916,
    583.8766781643377,
    588.8627653001652,
    547.8890133095102,
    556.6514511524076,
    514.7652388879885,
    601.9866471469247,
    509.17399103495364,
    608.6907345226194,
    670.1519901000972,
    538.6252145249425,
    705.4530651423969,
    594.004620777394,
    579.1063846249555,
    723.9460769849773,
    584.1760644163078,
    649.7551702652052,
    639.7244909658505,
    639.972597148631,
    719.290225939934,
    593.7163365335653,
    587.647364884122,
    606.8606204577842,
    597.3576920393074,
    639.3314001849187,
    637.2256118860812,
    718.1323569883274,
    603.1370743028978,
    657.2220696541642,
    640.2908059180136,
    756.9667795965172,
    736.380357292084,
    624.4188787064617,
    564.8989723459886
  ],
  "eval_steps": [
    2048,
    22528,
    43008,
    63488,
    83968,
    104448,
    124928,
    145408,
    165888,
    186368,
    206848,
    227328,
    247808,
    268288,
    288768,
    309248,
    329728,
    350208,
    370688,
    391168,
    411648,
    432128,
    452608,
    473088,
    493568,
    514048,
    534528,
    555008,
    575488,
    595968,
    616448,
    636928,
    657408,
    677888,
    698368,
    718848,
    739328,
    759808,
    780288,
    800768,
    821248,
    841728,
    862208,
    882688,
    903168,
    923648,
    944128,
    964608,
    985088
  ],
  "episode_rewards": [
    557.9455759002499,
    943.023265108625,
    497.8563924577064,
    723.0748263777897,
    760.0325127107419,
    621.4597072267719,
    832.9403483615073,
    618.0991487293837,
    513.517219391476,
    428.0372883132784,
    674.3789119778901,
    657.5617152789564,
    531.7788344246508,
    680.7287133598472,
    630.09263833874,
    497.4747851909403,
    437.0875595429705,
    544.1949997288128,
    448.6062808429785,
    584.5913634973916,
    641.006505515824,
    555.6537045011561,
    411.93534013150565,
    775.4781745724795,
    576.4955890005838,
    748.2519098134186,
    656.2212492237181,
    553.3891136857129,
    840.2165882891868,
    510.3460217063658,
    658.6661155186619,
    625.6387161249158,
    406.1164396565147,
    722.6639145815496,
    528.9548291769255,
    723.6916870292879,
    425.7205028791593,
    653.7840496905017,
    538.9704678285367,
    461.1526484614898,
    681.5144189523959,
    858.3975590105129,
    618.350370039737,
    433.5526744506827,
    482.2057417009232,
    504.73281241915663,
    650.1732099695136,
    618.4331935433194,
    616.4030243320015,
    725.2803640976392,
    497.0668622464564,
    490.4718170423439,
    525.8224609430061,
    597.1244500564854,
    741.5642729724913,
    662.2730784698119,
    670.4588550072384,
    627.6401264853533,
    486.7498296218122,
    667.2932246365203,
    860.3539974240332,
    535.8143330580244,
    777.8919660547118,
    521.8928458813739,
    423.9745709133962,
    614.7102179355546,
    628.7340675787282,
    720.4526181489481,
    613.4348454768362,
    630.2654723601487,
    462.9477133927363,
    485.62960987934866,
    588.1733521066533,
    488.62667376759765,
    489.96064690722756,
    563.2547089022091,
    808.0970519399722,
    1000.2675488827474,
    481.3830129725077,
    625.2048788001384,
    404.36092263874144,
    547.078577515146,
    659.6193175363813,
    752.9124569304312,
    553.5600686011254,
    668.5563692064275,
    821.5717166638832,
    756.1270514169912,
    947.7818740061481,
    600.7589776548427,
    666.4511406609364,
    866.5060468887552,
    1453.5782162528453,
    481.1032222366015,
    509.6769563005772,
    880.5616062706401,
    511.1183548700096,
    623.5877196144461,
    699.2799707002243,
    646.326459532692,
    618.5740132769135,
    588.0302791604468,
    509.1685065608877,
    541.0150587662888,
    818.2248416531629,
    483.67510779907394,
    461.3692637052396,
    637.4396955268667,
    542.3670345752938,
    354.8816585989634,
    716.1183797791808,
    548.5250269354547,
    516.7698831252598,
    852.0956540842576,
    617.5623788689817,
    640.5899565326191,
    535.456365994154,
    626.663935670571,
    505.6927341896446,
    622.216151645698,
    556.5332366823945,
    1000.0277249104361,
    712.1445469243305,
    622.599794973806,
    644.3903672951097,
    682.4018499002394,
    554.1034569778316,
    547.6448922614497,
    811.7304730033597,
    536.3007103890798,
    401.3548328476925,
    540.9895173125323,
    964.6315689738608,
    466.1004708552902,
    522.9941666473444,
    524.0956041837742,
    584.666702293613,
    594.4285084642796,
    656.6876882240265,
    470.04690706195237,
    970.1187223297093,
    596.6753278166182,
    525.5732895546569,
    712.3580815176276,
    562.7910793106288,
    1002.4258948494532,
    471.76851234632187,
    682.3224416106832,
    510.47955929484067,
    763.4683519329743,
    394.4091271953305,
    526.9316764863349,
    725.0404255955126,
    721.56053364082,
    685.1125330889163,
    677.482768936828,
    536.4090456877537,
    599.8381850714615,
    670.8415743738084,
    506.6946739829453,
    543.7951139831758,
    644.7256308174467,
    536.2189557400188,
    596.0928836258792,
    578.1105145609592,
    695.9956054725601,
    510.8177166486456,
    531.9736686033276,
    509.76458439731704,
    503.3535326757281,
    748.3977684329006,
    1050.7175367833045,
    522.233663447043,
    508.1991756375993,
    805.7086641934523,
    539.4557249052491,
    571.2750237031045,
    394.62874408615363,
    672.7858648564726,
    792.5248002451705,
    736.432886307139,
    599.8298893221934,
    516.3309637141745,
    394.8011742705071,
    488.91325079675596,
    703.5573089875132,
    534.9252223634409,
    958.6210587387042,
    407.48885697223983,
    577.7795514409678,
    633.2331659167751,
    637.1142451547232,
    505.4036039915159,
    537.093056931877,
    670.8251806180123,
    772.6369882388466,
    488.46548791629135,
    573.7239135064244,
    586.1195516939758,
    457.28057704993194
  ],
  "diagnostics": [
    {
      "step": 2048,
      "scr_ema": 1.066186391889946,
      "ev_ema": -0.00035141589423750565,
      "g_std_ema": 4.294943238304688
    },
    {
      "step": 22528,
      "scr_ema": 0.5799252157664981,
      "ev_ema": 0.21623713310571602,
      "g_std_ema": 34.941145944073675
    },
    {
      "step": 43008,
      "scr_ema": 0.43359478685266395,
      "ev_ema": 0.4015199472183132,
      "g_std_ema": 58.40039358702075
    },
    {
      "step": 63488,
      "scr_ema": 0.2883867759328185,
      "ev_ema": 0.5475884261929483,
      "g_std_ema": 70.7685243111671
    },
    {
      "step": 83968,
      "scr_ema": 0.20128105846847932,
      "ev_ema": 0.6495886915212544,
      "g_std_ema": 77.94896511493091
    },
    {
      "step": 104448,
      "scr_ema": 0.2037845393654441,
      "ev_ema": 0.7115901242598052,