{
  "env": "Humanoid-v4",
  "agent": "Optimal_HCGAE_Optimal",
  "seed": 15,
  "config": {
    "hidden_dim": 256,
    "lr": 0.0003,
    "gamma": 0.99,
    "lam": 0.95,
    "eps_clip": 0.2,
    "n_epochs": 10,
    "batch_size": 64,
    "n_steps": 2048,
    "ent_coef": 0.0,
    "vf_coef": 0.5,
    "max_grad_norm": 0.5,
    "use_obs_norm": true,
    "use_adv_norm": true,
    "use_lr_anneal": true,
    "use_vclip": false,
    "device": "cpu",
    "total_timesteps": 1000000,
    "eval_freq": 20480,
    "n_eval_episodes": 10,
    "eval_mode": "deterministic_mean"
  },
  "total_steps": 1001472,
  "elapsed_s": 1999.5867462158203,
  "final_reward": 616.3976912538279,
  "peak_reward": 616.3976912538279,
  "max_reward": 668.5608262417071,
  "eval_rewards": [
    206.54328267997533,
    286.1253960449326,
    287.35380858196834,
    400.2499206976874,
    518.3162322910244,
    572.7722292396516,
    573.8239422579543,
    427.9088339044303,
    505.91778537919447,
    517.0674603262099,
    520.2216093408949,
    505.4354727202788,
    526.6762278176731,
    468.82504613392996,
    556.3469407919667,
    486.2090138497344,
    487.77101404570004,
    489.118920963779,
    453.1050607753008,
    444.70751233699366,
    484.68184473622915,
    528.6324300603686,
    483.59007731101326,
    573.117568184609,
    542.405494984855,
    491.52027232371546,
    590.6499205812289,
    565.4961121299673,
    567.5195425881604,
    577.3063126372732,
    521.2382723067005,
    533.1894574012928,
    552.8833017498147,
    629.0143167325766,
    593.560652959355,
    625.9394589648462,
    544.9898866781838,
    585.504116592568,
    612.9599956952745,
    563.8353986776978,
    655.2680672525614,
    541.621791712692,
    593.5445875625173,
    611.9920241900556,
    627.409636322093,
    651.2572919622908,
    598.004607514793,
    668.5608262417071,
    652.4826811018715
  ],
  "eval_steps": [
    2048,
    22528,
    43008,
    63488,
    83968,
    104448,
    124928,
    145408,
    165888,
    186368,
    206848,
    227328,
    247808,
    268288,
    288768,
    309248,
    329728,
    350208,
    370688,
    391168,
    411648,
    432128,
    452608,
    473088,
    493568,
    514048,
    534528,
    555008,
    575488,
    595968,
    616448,
    636928,
    657408,
    677888,
    698368,
    718848,
    739328,
    759808,
    780288,
    800768,
    821248,
    841728,
    862208,
    882688,
    903168,
    923648,
    944128,
    964608,
    985088
  ],
  "episode_rewards": [
    652.4132636120098,
    961.7806110578804,
    764.3676957973472,
    726.1525376482438,
    510.8228944443574,
    624.2441229480927,
    572.7760906419542,
    569.5997424394719,
    530.7185843151531,
    338.80382670327015,
    586.1846310818636,
    520.6508056663702,
    387.87981482247807,
    522.6769009617577,
    510.0826144629164,
    633.5508485126975,
    669.6421424256513,
    563.7209711836275,
    513.0465409753427,
    520.7823323910928,
    737.7321666729017,
    654.5739508741359,
    1167.7011114042243,
    673.8073346713079,
    635.3722800477037,
    728.5124531241703,
    590.792703647463,
    598.8037533350163,
    722.8110187909541,
    560.166218201081,
    694.8171517497597,
    716.8374952478765,
    621.7927812083335,
    414.0956776542135,
    419.73597562500936,
    422.3005163957304,
    561.8623801415483,
    680.2972165525463,
    484.71555431768587,
    547.7443059591413,
    805.2120471255354,
    766.1869071007521,
    724.5397508149856,
    791.9188809208648,
    986.0762903174904,
    689.6315119887372,
    632.0665135255051,
    572.2259113229459,
    611.0576070049016,
    530.8305914009068,
    589.0383243937075,
    675.8338518478563,
    644.6085930058367,
    607.1553579099797,
    644.3464433353845,
    519.8581564961078,
    610.013823946599,
    597.50437882349,
    638.1641016554845,
    670.1588330107245,
    648.2865065652238,
    598.3632762440321,
    891.4646539957033,
    658.7130760398978,
    603.144488731607,
    705.5316051498664,
    671.2604582735923,
    566.463697832597,
    598.8812436526304,
    502.67580772455165,
    359.532284923926,
    748.6319822291393,
    910.4384410484622,
    485.05907016470326,
    556.8632397685976,
    593.6458660404455,
    471.65488367512467,
    518.1181177254605,
    505.209898208556,
    468.4461227555978,
    462.6022723746869,
    679.6812555292053,
    541.1927787525575,
    735.6171310346825,
    550.201900085217,
    489.8763027549396,
    632.4436400858216,
    557.5771229977295,
    779.7668876261389,
    507.6166514406966,
    599.7218572226473,
    606.4243554582976,
    427.11834285979313,
    847.1013240494766,
    794.2697720305437,
    930.7681851794489,
    494.29562515098013,
    508.1502988999887,
    965.871256863161,
    584.5569270608337,
    666.6992146686956,
    545.3580249423651,
    636.3782108953974,
    631.1152578822665,
    728.3712556999949,
    637.1120767130857,
    795.3776244759906,
    676.5461681578042,
    544.3069910515638,
    503.49790639335924,
    611.6566255866935,
    538.777400986114,
    538.592223341787,
    479.4220340572448,
    409.1494460959238,
    599.1826059989052,
    760.7861928678954,
    522.5660742354736,
    735.9302463098729,
    648.9003551483154,
    610.9930673672654,
    596.9942993763581,
    555.288528398522,
    633.6485515715306,
    882.8412852083177,
    482.76896166778505,
    832.125563266462,
    580.4808765981637,
    518.642122122488,
    428.29046359291783,
    929.8055802924471,
    592.2285430679801,
    705.0458257121285,
    604.7197322313939,
    501.48976945259085,
    634.9430805671861,
    763.9117834943626,
    797.9142656982249,
    599.498685227601,
    324.06491366330533,
    489.1494973840963,
    580.4745248975321,
    581.9084621329131,
    664.2333266698222,
    599.0050889449349,
    844.4049298886509,
    503.8707611456574,
    415.4127735702096,
    419.66299533100846,
    701.8145886147645,
    704.6386152368326,
    627.852610764633,
    782.6390005946548,
    675.0357851521226,
    495.4438721852833,
    642.7400450740463,
    510.7944061024265,
    563.7817659334028,
    514.8694475818072,
    507.83069763327063,
    722.4467383990137,
    583.5809482109505,
    477.4036478557653,
    596.6143586734214,
    713.0580761593611,
    717.8894993278612,
    613.1037984316206,
    754.6597186784057,
    614.2798749549822,
    486.2780763648316,
    698.1662975646536,
    491.9170482714685,
    487.56206000262915,
    625.4717579999354,
    698.4495912491931,
    588.9613921494463,
    587.5181755922362,
    658.6332957283764,
    602.8687459873344,
    726.8234710659307,
    727.5789299049221,
    276.106569183497,
    458.7135947372777,
    533.2858511674817,
    875.3755796958852,
    634.3304689869242,
    430.4158720350746,
    643.0218531922498,
    668.2240032656249,
    596.7178125469325,
    534.885285595467,
    782.3698066346174,
    681.0629034542317,
    548.8057146276766,
    708.801109247231,
    506.27383137762723,
    554.916218123281,
    594.3326801015847,
    610.0240925499305,
    643.3572132149151
  ],
  "diagnostics": [
    {
      "step": 2048,
      "scr_ema": 1.0671069225979648,
      "ev_ema": -0.0004532085071714987,
      "g_std_ema": 4.104000474022461
    },
    {
      "step": 22528,
      "scr_ema": 0.6133660517362398,
      "ev_ema": 0.21069651226042382,
      "g_std_ema": 36.34083722422977
    },
    {
      "step": 43008,
      "scr_ema": 0.34417615782805167,
      "ev_ema": 0.40415131132315046,
      "g_std_ema": 58.87529812919808
    },
    {
      "step": 63488,
      "scr_ema": 0.20341925955756554,
      "ev_ema": 0.5407386412626192,
      "g_std_ema": 72.87663340377809
    },
    {
      "step": 83968,
      "scr_ema": 0.20713616065245508,
      "ev_ema": 0.6490303362522323,
      "g_std_ema": 79.40560604057144
    },
    {
      "step": 104448,
      "scr_ema": 0.1635226717238238,
      "ev_ema": 0.7174400108984066,