{
  "env": "Humanoid-v4",
  "agent": "Optimal_HCGAE_Optimal",
  "seed": 2,
  "config": {
    "hidden_dim": 256,
    "lr": 0.0003,
    "gamma": 0.99,
    "lam": 0.95,
    "eps_clip": 0.2,
    "n_epochs": 10,
    "batch_size": 64,
    "n_steps": 2048,
    "ent_coef": 0.0,
    "vf_coef": 0.5,
    "max_grad_norm": 0.5,
    "use_obs_norm": true,
    "use_adv_norm": true,
    "use_lr_anneal": true,
    "use_vclip": false,
    "device": "cpu",
    "total_timesteps": 1000000,
    "eval_freq": 20480,
    "n_eval_episodes": 10,
    "eval_mode": "deterministic_mean"
  },
  "total_steps": 1001472,
  "elapsed_s": 2022.583890914917,
  "final_reward": 621.8589853608071,
  "peak_reward": 609.6107631820057,
  "max_reward": 699.2319059412451,
  "eval_rewards": [
    245.33606688269,
    303.3565219068123,
    315.57306475751926,
    322.58890248092064,
    499.95122348481925,
    374.9723676372229,
    501.0185055091092,
    547.9481959352009,
    542.0597664040204,
    502.27820908560125,
    467.2844196261999,
    493.91399723195116,
    510.73697028653595,
    495.4469443525266,
    536.2771349841433,
    515.0041102808752,
    509.44187307556297,
    484.5194289812763,
    550.0633423195209,
    558.6492051230209,
    605.5115304958151,
    601.1754996736671,
    637.2962733599593,
    574.3750803660712,
    605.7980434121348,
    616.0844916315289,
    653.6847607607809,
    634.715577992283,
    591.6480604301668,
    571.0627370110903,
    561.8763257191745,
    636.2257973691196,
    604.7832028047653,
    535.1451477951063,
    604.457085319888,
    519.9030194558728,
    577.6051042502834,
    553.3778084445883,
    677.1737213985971,
    652.0338765192803,
    699.2319059412451,
    642.7977363140794,
    576.8903189361739,
    575.7673082827489,
    621.3268322771876,
    565.8474740070203,
    647.5937680194085,
    664.8944124032963,
    572.2062209076315
  ],
  "eval_steps": [
    2048,
    22528,
    43008,
    63488,
    83968,
    104448,
    124928,
    145408,
    165888,
    186368,
    206848,
    227328,
    247808,
    268288,
    288768,
    309248,
    329728,
    350208,
    370688,
    391168,
    411648,
    432128,
    452608,
    473088,
    493568,
    514048,
    534528,
    555008,
    575488,
    595968,
    616448,
    636928,
    657408,
    677888,
    698368,
    718848,
    739328,
    759808,
    780288,
    800768,
    821248,
    841728,
    862208,
    882688,
    903168,
    923648,
    944128,
    964608,
    985088
  ],
  "episode_rewards": [
    525.8813651888187,
    824.5420886681541,
    621.8818707596749,
    562.0738951961704,
    603.4766772059356,
    744.4139293274909,
    763.4270131628539,
    393.71627516286105,
    662.3174386327257,
    594.367114970735,
    765.1784210323204,
    658.5781677299994,
    596.7034659167633,
    923.0556489723572,
    429.21784720173423,
    526.6052316195411,
    481.8257752798074,
    556.8884693666723,
    601.6226772524792,
    506.86276171114605,
    548.0493871936429,
    493.9008717747435,
    581.4870017811543,
    574.6889210000717,
    484.65190400539365,
    657.7552117235623,
    693.8450341941809,
    664.1852455384177,
    477.78858446808266,
    492.1239167250396,
    568.8124915342552,
    587.1223920953308,
    763.1378341008132,
    495.8702523335773,
    596.841846092461,
    738.0201582749614,
    508.1551456376285,
    842.8778951134237,
    444.24510683625755,
    584.5839334318908,
    583.4702542526175,
    671.9060511610246,
    396.8420190491252,
    600.0839547222989,
    638.719177383874,
    294.87943491579506,
    730.045885858805,
    649.4018448962297,
    745.2680110200973,
    990.5112159274537,
    825.2097398530299,
    481.909608819978,
    662.6630779199273,
    541.4089650974092,
    403.8679658836662,
    480.73360157242837,
    607.301194192419,
    852.483539801658,
    561.0267554666634,
    612.208745618424,
    732.09523400175,
    572.6763414629869,
    969.8192316716285,
    440.4076891313907,
    693.6059546780315,
    892.9921737227718,
    567.9541262691057,
    797.2270033512477,
    589.5655619291626,
    716.813027947131,
    853.1018252390439,
    642.9933635197748,
    435.52508855710715,
    584.6107821315278,
    319.2418229447945,
    490.27782591054785,
    494.26520808057404,
    408.05385669063446,
    853.4961234288161,
    1217.1861203152466,
    679.7200558419788,
    597.6848704322384,
    548.463150403221,
    395.6608662744656,
    567.4657109467854,
    821.4672089936498,
    803.9306834248677,
    490.21758143658565,
    612.2979372844856,
    833.2684138974258,
    1008.1543500655697,
    764.9427873197834,
    638.0838656630701,
    597.0592139480991,
    597.3739094141042,
    900.9226993020629,
    792.6808996178289,
    826.1161662035456,
    606.8684724809685,
    578.4466501789676,
    568.40023302288,
    826.180188244406,
    444.0119449908448,
    789.6185233061435,
    505.85516172061364,
    618.9464315664949,
    512.1059683402605,
    967.1498583570964,
    717.4969024608699,
    464.2539086005107,
    616.2068774064496,
    703.1079031357347,
    714.951123507994,
    539.9922740000097,
    603.7729815936676,
    606.353649261383,
    729.7095813471204,
    937.6951549997551,
    539.3086693746104,
    455.1267010920023,
    586.4130595739064,
    822.4758472140057,
    589.8488644585947,
    306.2218449251444,
    868.076327227923,
    575.7968857311448,
    640.7529176420339,
    547.4700189628093,
    733.5789644414696,
    738.7299914510702,
    620.0245545793676,
    578.244168297447,
    653.828719562456,
    595.3314010832182,
    704.2437405727555,
    748.057749696698,
    773.4428056479474,
    731.4396341808995,
    523.290237619327,
    512.5951305599466,
    580.1650838658389,
    484.8417831632823,
    491.6889201423719,
    554.322522400213,
    575.6896937148487,
    841.3206515463137,
    789.0615773831836,
    652.3786356474627,
    596.612467177593,
    622.6652849742977,
    658.2667530953385,
    528.1344958165461,
    668.0705917716735,
    528.6347751164328,
    613.3292754956401,
    640.6430034430196,
    507.8892911154576,
    600.2861062242824,
    583.773068545,
    694.4718632453041,
    504.59067153023915,
    927.2103043701608,
    542.7833398728817,
    455.34990979987157,
    353.1290258510754,
    459.75722194109323,
    738.3353193791105,
    338.860054704462,
    648.1057410907698,
    498.29921782985014,
    580.6772611064457,
    770.8084675890561,
    870.4206167852948,
    605.1344405373611,
    539.6308413008633,
    673.8895947090433,
    664.1797489858822,
    657.6572090518603,
    620.751571400724,
    700.0951111879372,
    365.43211111657956,
    484.28814493116386,
    581.6839996176011,
    708.9664638003401,
    725.9055472721046,
    716.7481368139694,
    864.1448461156252,
    668.3604656757825,
    620.849951829629,
    368.38649116218477,
    406.3717200853947,
    701.3457640213028,
    760.9289685905653,
    671.8227534231821,
    782.3202684147368,
    484.1347335772348,
    764.8510318771546,
    580.0890946447229,
    816.3002143909166,
    615.1636642752027
  ],
  "diagnostics": [
    {
      "step": 2048,
      "scr_ema": 1.0668492265267102,
      "ev_ema": -0.0006463679389784538,
      "g_std_ema": 4.480937958763672
    },
    {
      "step": 22528,
      "scr_ema": 0.5837191606597214,
      "ev_ema": 0.21802056429470268,
      "g_std_ema": 35.18077510939683
    },
    {
      "step": 43008,
      "scr_ema": 0.32723223493546666,
      "ev_ema": 0.39738540288934476,
      "g_std_ema": 60.11712683264159
    },
    {
      "step": 63488,
      "scr_ema": 0.2783877986957534,
      "ev_ema": 0.54923467355075,
      "g_std_ema": 73.26317702383247
    },
    {
      "step": 83968,
      "scr_ema": 0.18772357472214873,
      "ev_ema": 0.6523908018868239,
      "g_std_ema": 82.216177734265
    },
    {
      "step": 104448,
      "scr_ema": 0.192129491596857,
      "ev_ema": 0.7246980801143462,