{
  "env": "Humanoid-v4",
  "agent": "Optimal_HCGAE_Optimal",
  "seed": 0,
  "config": {
    "hidden_dim": 256,
    "lr": 0.0003,
    "gamma": 0.99,
    "lam": 0.95,
    "eps_clip": 0.2,
    "n_epochs": 10,
    "batch_size": 64,
    "n_steps": 2048,
    "ent_coef": 0.0,
    "vf_coef": 0.5,
    "max_grad_norm": 0.5,
    "use_obs_norm": true,
    "use_adv_norm": true,
    "use_lr_anneal": true,
    "use_vclip": false,
    "device": "cpu",
    "total_timesteps": 1000000,
    "eval_freq": 20480,
    "n_eval_episodes": 10,
    "eval_mode": "deterministic_mean"
  },
  "total_steps": 1001472,
  "elapsed_s": 1979.5596950054169,
  "final_reward": 634.112936436947,
  "peak_reward": 621.9556906485357,
  "max_reward": 690.3642665426263,
  "eval_rewards": [
    164.10061998523747,
    301.2111107933689,
    328.851613527789,
    420.39129994101984,
    408.4695782348219,
    503.45410557507546,
    466.8523205690216,
    432.6144298704068,
    450.79180334788526,
    535.6549811144233,
    549.8597880894865,
    488.6144231316869,
    480.43883163919566,
    525.6684855587525,
    535.8337436121699,
    550.2316763032188,
    553.4841873298267,
    544.2297753750502,
    556.6092209789356,
    528.4311594591943,
    458.4163850028734,
    494.8677558918988,
    583.150280206495,
    475.65832163347375,
    488.6832913166976,
    588.7666458681379,
    588.618772436534,
    532.4039981688327,
    595.6177165342189,
    549.5196449437469,
    589.4653908956697,
    593.4250479037888,
    600.9857327143291,
    684.8655413753215,
    615.4185557158074,
    598.719452583947,
    601.0644498220086,
    562.3185481750536,
    573.3826109441295,
    668.289879635981,
    627.5045574197782,
    604.090096982329,
    690.3642665426263,
    638.7899787051072,
    592.574129963021,
    649.5411924446205,
    612.7016456727108,
    614.2880078388225,
    642.9856091644743
  ],
  "eval_steps": [
    2048,
    22528,
    43008,
    63488,
    83968,
    104448,
    124928,
    145408,
    165888,
    186368,
    206848,
    227328,
    247808,
    268288,
    288768,
    309248,
    329728,
    350208,
    370688,
    391168,
    411648,
    432128,
    452608,
    473088,
    493568,
    514048,
    534528,
    555008,
    575488,
    595968,
    616448,
    636928,
    657408,
    677888,
    698368,
    718848,
    739328,
    759808,
    780288,
    800768,
    821248,
    841728,
    862208,
    882688,
    903168,
    923648,
    944128,
    964608,
    985088
  ],
  "episode_rewards": [
    513.9347990427052,
    569.241727202554,
    606.0887783352788,
    546.5427849617514,
    628.8891190336418,
    706.3669157530995,
    680.1126576498468,
    556.929600149788,
    619.965678372385,
    707.7194638037865,
    661.5509992254488,
    553.2376505336348,
    851.400716531742,
    498.68345303592815,
    776.6648649625198,
    1028.8679880871125,
    620.538839640303,
    558.1655995792148,
    626.6677381794527,
    580.5602721343788,
    557.3868168042771,
    452.87337859942625,
    383.4311606287759,
    752.5398802924504,
    578.8891119389132,
    647.7079397446512,
    570.5890247218933,
    490.2835948753347,
    705.1911877377215,
    582.360621003805,
    777.0284007327509,
    602.8058203848929,
    854.284978863621,
    599.2934064237494,
    505.8384244799599,
    663.4361506361125,
    631.6858355345885,
    559.7370824496788,
    794.509979008608,
    597.0865633470647,
    655.4279947251019,
    580.4566293727474,
    450.28739360969956,
    617.9169160121753,
    1186.9202922800728,
    593.8629346449483,
    637.1013377028036,
    590.4465754227621,
    710.6524685403052,
    499.9996707884105,
    563.3133518936176,
    763.6018279856328,
    673.6194586234208,
    711.9987914381941,
    633.0541080580964,
    765.2809512720457,
    541.0844442527776,
    623.4306696999855,
    614.7149666482666,
    606.0303523905824,
    730.9357015103898,
    734.02143501764,
    734.8197770061295,
    568.4642775811277,
    563.0896793884441,
    333.7675165979794,
    943.1671205246028,
    699.0835802884616,
    514.5029288015826,
    716.9788925272818,
    522.1028326276571,
    691.1896341159519,
    506.49414466110125,
    716.3986316466852,
    496.66297065067334,
    635.3111446867144,
    563.3902664300135,
    506.7889207801618,
    562.4395030576921,
    849.2934922259395,
    816.9499644130514,
    680.2269563645142,
    421.4581174271561,
    542.4819188274828,
    631.2189358641584,
    591.2488014708711,
    681.429862096179,
    566.0948342141058,
    698.1348779454642,
    525.3956600248638,
    527.0298225011095,
    597.3028936898137,
    683.7735914096866,
    844.8635413304269,
    852.0143502523009,
    600.9771592090742,
    584.6881910578848,
    652.9526083011332,
    602.3959203929269,
    678.043763472773,
    785.4226390681881,
    527.8192752997684,
    558.2455085950605,
    678.0784947706544,
    526.2360063354392,
    750.2344039524803,
    1079.4940820578076,
    659.7903065547035,
    659.6876588748189,
    475.5697019221337,
    604.0245562263917,
    451.28126076806495,
    620.0340505366256,
    757.3097164482327,
    537.3782107007469,
    794.8989360765479,
    942.3069367608341,
    448.0674503494966,
    591.925441066702,
    629.7409087078862,
    467.33646914880165,
    670.8252934813469,
    624.2094936934367,
    964.5422052354933,
    647.7673321905621,
    632.8605047866782,
    669.1072654212204,
    555.1258577971885,
    764.4284678700631,
    984.8030522101585,
    696.5769095278043,
    766.6980933557527,
    524.9233039383772,
    684.3153503878142,
    605.0775185253035,
    655.0610499201434,
    815.4322031411192,
    751.5669563445426,
    526.5490671282214,
    512.3222328802564,
    631.149426488235,
    553.7813906151415,
    563.1201265307777,
    584.3590094679417,
    823.7491489511985,
    510.7015300833703,
    1023.4416469803754,
    747.3371400609943,
    669.7422653083509,
    866.8027363542636,
    934.0341494107699,
    608.490906761554,
    530.5187575008823,
    761.1267504913807,
    579.391667128684,
    710.7555388507504,
    574.3570406480505,
    576.8626345325139,
    854.8011769748141,
    612.6707899580964,
    640.1069940948536,
    548.9856989113133,
    871.8867940545845,
    584.1283492250333,
    682.3821630558325,
    651.7884376775355,
    594.1907943267973,
    808.2049626977947,
    774.2618044864505,
    530.1899581866551,
    554.8879828152351,
    614.6806769177875,
    562.4138532726419,
    684.0809773654096,
    564.9366578245,
    599.2900199197593,
    626.9770409425957,
    663.1857903704507,
    721.4481888974798,
    590.1362326054091,
    436.3055840374897,
    680.1022464750479,
    446.020448729951,
    519.8572487244307,
    720.431469777322,
    787.4768915691253,
    597.8565190528682,
    717.3816947639666,
    843.0636889438622,
    766.3316634292728,
    791.1607527185915,
    512.3976184948908,
    770.9000998185003,
    622.342818885241,
    512.9166841060213,
    585.8573361793445,
    506.1691013257728,
    639.9415611808605,
    617.2225140696629,
    529.8662656426196
  ],
  "diagnostics": [
    {
      "step": 2048,
      "scr_ema": 1.068519134525635,
      "ev_ema": -0.000310211620521883,
      "g_std_ema": 4.195540238426759
    },
    {
      "step": 22528,
      "scr_ema": 0.5656070383535565,
      "ev_ema": 0.21819798038295518,
      "g_std_ema": 34.25240382430079
    },
    {
      "step": 43008,
      "scr_ema": 0.3653046822369215,
      "ev_ema": 0.38988391463758654,
      "g_std_ema": 57.83947743629209
    },
    {
      "step": 63488,
      "scr_ema": 0.2632654685510895,
      "ev_ema": 0.5092250288042074,
      "g_std_ema": 73.30439966565065
    },
    {
      "step": 83968,
      "scr_ema": 0.22951688299462586,
      "ev_ema": 0.6183070313385195,
      "g_std_ema": 83.11749895568445
    },
    {
      "step": 104448,
      "scr_ema": 0.23986863106801698,
      "ev_ema": 0.6937582700582565,