{
  "env": "Walker2d-v4",
  "agent": "Standard_PPO",
  "seed": 4,
  "config": {
    "hidden_dim": 256,
    "lr": 0.0003,
    "gamma": 0.99,
    "lam": 0.95,
    "eps_clip": 0.2,
    "n_epochs": 10,
    "batch_size": 64,
    "n_steps": 2048,
    "ent_coef": 0.0,
    "vf_coef": 0.5,
    "max_grad_norm": 0.5,
    "use_obs_norm": false,
    "use_adv_norm": false,
    "use_lr_anneal": false,
    "total_timesteps": 1000000,
    "eval_freq": 20480,
    "n_eval_episodes": 10,
    "eval_mode": "deterministic_mean",
    "scr_ema_alpha": null,
    "clip_c": null,
    "use_dcppo_s": false,
    "dcppo_w_min": 0.1
  },
  "total_steps": 1001472,
  "elapsed_s": 2791.9992167949677,
  "final_reward": 1384.3857309989519,
  "max_reward": 2212.7742992875405,
  "eval_rewards": [
    268.82610528152514,
    320.4818064562558,
    291.94276266289927,
    394.7241179424383,
    402.1112006624745,
    431.3580043997555,
    481.0321894135419,
    457.1679823111955,
    485.245956633541,
    496.2391198639817,
    1094.0851483471245,
    1006.8011863575211,
    1879.4372937367602,
    1338.3387091529255,
    1193.0287063057099,
    2141.5583272764443,
    1166.6737038036533,
    2051.499623403972,
    2212.7742992875405,
    1487.7817730095674,
    2015.08916490202,
    1816.4455659346172,
    2004.0915939578795,
    2108.102645078874,
    1264.6488875307684,
    1646.5191220711458,
    882.4516667610629,
    1835.641447699485,
    1545.2709244518815,
    1813.3870581207134,
    1417.077042923486,
    2138.511241358746,
    1378.659724133079,
    1760.2925590561167,
    1817.5492952890768,
    1464.1928030625338,
    1056.257613735072,
    1455.4735792854465,
    1478.1191025426908,
    1522.5348796758924,
    1510.1044814990382,
    1473.494908903152,
    1240.4889460982747,
    1046.4758603585792,
    1427.0468769235351,
    1843.726115166214,
    1697.911763529472,
    1207.494340934338,
    874.5791369010242
  ],
  "eval_steps": [
    2048,
    22528,
    43008,
    63488,
    83968,
    104448,
    124928,
    145408,
    165888,
    186368,
    206848,
    227328,
    247808,
    268288,
    288768,
    309248,
    329728,
    350208,
    370688,
    391168,
    411648,
    432128,
    452608,
    473088,
    493568,
    514048,
    534528,
    555008,
    575488,
    595968,
    616448,
    636928,
    657408,
    677888,
    698368,
    718848,
    739328,
    759808,
    780288,
    800768,
    821248,
    841728,
    862208,
    882688,
    903168,
    923648,
    944128,
    964608,
    985088
  ],
  "episode_rewards": [
    2632.8065283495303,
    404.05685193118444,
    1319.131878969845,
    1870.0845376513453,
    1612.7800227704822,
    627.7515127075259,
    2592.5260153261515,
    1234.1922405493572,
    1843.1142641054244,
    2746.318516008605,
    1602.9480052911817,
    2659.1583701232767,
    484.7293409514442,
    1593.105255203331,
    2828.5783892023383,
    2121.3366735380814,
    712.3528402178629,
    1215.5707039391386,
    540.6365318844776,
    500.1982946822695,
    1612.574281256928,
    643.1192559986526,
    1495.661412361657,
    674.7830069840521,
    3229.8816124276905,
    700.3957755139742,
    949.6949378194391,
    1002.4841267557733,
    1637.1110471931056,
    2936.0895283628515,
    632.6713580282016,
    2812.4435970299523,
    1011.0839239568216,
    751.1294443267648,
    397.2187458740499,
    2202.95772723199,
    1438.800531782141,
    2172.5130902360575,
    989.7088638877391,
    2190.6613728242337,
    440.562651900396,
    2785.571896931483,
    1632.4666960247969,
    1631.0329654672385,
    1159.7554816965805,
    2861.719686507782,
    608.0498810748501,
    3027.480112897175,
    2882.014863783304,
    1462.695089291085,
    741.5520181010336,
    2545.415106498595,
    2776.408045683899,
    1039.4212196542899,
    1420.2914006759315,
    2035.613514140187,
    2796.1516466670937,
    3237.065212559903,
    3013.3224531337464,
    672.6574718461673,
    811.5436789502223,
    1885.678354699898,
    1016.4829262986322,
    1388.408391076743,
    1950.1412808623015,
    867.8706348806302,
    1656.8916211477829,
    2150.02003385706,
    780.7047158538359,
    906.006837041136,
    735.5841954650032,
    976.7871739799402,
    862.698244808107,
    999.0234132433333,
    1638.797437690662,
    1211.4097299431894,
    613.8412206219466,
    1237.2976481890175,
    2990.102107652298,
    464.81569694788845,
    766.637852409749,
    598.1470864365043,
    648.1707905532452,
    495.8369854869305,
    3227.661372671001,
    2922.329656168261,
    3024.7330754501922,
    1616.4650078917232,
    3106.7307503246066,
    3073.9994776671447,
    1252.3754919530209,
    1089.9849352406954,
    3312.82464873877,
    756.9610897731835,
    1105.5734275571567,
    871.7374126098547,
    1303.7868391074528,
    1287.2275073097924,
    1780.0594999140064,
    1316.5028483678798,
    1751.6525404955503,
    822.8801856622205,
    2100.7665359285193,
    821.4806445404466,
    1960.2119614590642,
    1139.9789715257268,
    943.1336483861409,
    2001.7677444747817,
    1151.3444187413763,
    1140.1396649167446,
    737.8163374550209,
    2148.035250903498,
    1968.4505145215132,
    877.5162255476026,
    1269.1630237393533,
    3106.0579762483003,
    907.1251430393609,
    666.4053367820239,
    2302.727756322659,
    1141.2829609242503,
    1755.126749973966,
    1321.5943866598775,
    1462.133270427541,
    945.9458246538355,
    2688.1097420619762,
    2573.8583264921203,
    1497.2174268629738,
    715.321344936687,
    556.2234960620988,
    1203.109131618906,
    1076.9898162390793,
    2628.134355310933,
    2753.5219661965652,
    806.7407110894874,
    995.6224499277944,
    617.9560786557043,
    477.54669576532655,
    824.0594490468233,
    904.2324159875569,
    681.2253963314672,
    1459.8862135358913,
    809.7632148277253,
    828.0062243019453,
    1357.854648260729,
    668.3599520261105,
    854.9397597959031,
    807.441074889331,
    652.049595560253,
    775.6398981428849,
    962.1155185593336,
    1663.3120360861342,
    1056.1498919774176,
    2487.21546105894,
    970.5167945642901,
    1638.4737831647142,
    921.6664830675616,
    1079.5941333489084,
    1433.891584679394,
    926.7551008505372,
    883.6136811955705,
    717.8524324129637,
    561.7524569542812,
    1532.103196476031,
    1179.5676469679138,
    1361.4210607477821,
    1048.50069095807,
    973.6020602247459,
    551.9946563820571,
    988.9480179042894,
    985.4522698025241,
    1002.9908068769973,
    2333.0421603649734,
    1058.674842872803,
    1261.2651996588506,
    1295.4695444038746,
    802.2532494185186,
    722.4625042701075,
    599.1469205126327,
    947.5506360363935,
    1096.085848528513,
    3046.8680988418296,
    2174.287927995287,
    783.8850751852847,
    1831.4943392330877,
    743.2771994478511,
    2099.654019368226,
    1152.0822765219505,
    951.3962478746116,
    2982.7183409219624,
    867.277375239759,
    961.9832376204498,
    810.3920260587767,
    943.1660882314019,
    2010.5000724204692,
    920.8622134215893,
    777.981862397106,
    1240.6119481411372,
    511.0447820490295,
    852.6496642424801,
    755.390804049537
  ],
  "bhvf_diagnostics": []
}