{
  "env": "Walker2d-v4",
  "agent": "Standard_PPO",
  "seed": 10,
  "config": {
    "hidden_dim": 256,
    "lr": 0.0003,
    "gamma": 0.99,
    "lam": 0.95,
    "eps_clip": 0.2,
    "n_epochs": 10,
    "batch_size": 64,
    "n_steps": 2048,
    "ent_coef": 0.0,
    "vf_coef": 0.5,
    "max_grad_norm": 0.5,
    "use_obs_norm": false,
    "use_adv_norm": false,
    "use_lr_anneal": false,
    "total_timesteps": 1000000,
    "eval_freq": 20480,
    "n_eval_episodes": 10,
    "eval_mode": "deterministic_mean",
    "scr_ema_alpha": null,
    "clip_c": null,
    "use_dcppo_s": false,
    "dcppo_w_min": 0.1
  },
  "total_steps": 1001472,
  "elapsed_s": 2225.3806850910187,
  "final_reward": 931.5631722895159,
  "max_reward": 1715.9137273528818,
  "eval_rewards": [
    255.34694282212476,
    275.22854807533133,
    283.9486015146935,
    417.40532961356774,
    432.60181878224705,
    503.0833837451255,
    470.52906401221105,
    430.27946927659923,
    493.3676595944145,
    415.9998837376726,
    409.5721974523384,
    421.42099405553233,
    587.1335864622081,
    843.8108315229531,
    1715.9137273528818,
    1215.8769013139854,
    1066.247440769243,
    1213.4215204883797,
    1071.947249969438,
    1371.9055881948702,
    1083.639991306351,
    1359.534701293487,
    708.5406442969095,
    618.9336642091699,
    887.8119253121083,
    846.6542111595576,
    1049.762756299731,
    1378.426434338428,
    1218.4159389227545,
    1319.223427537239,
    1381.6314899402848,
    902.3333131980642,
    888.4097635892933,
    953.1108917393346,
    971.247283642016,
    936.6212567749426,
    1266.6400870232847,
    987.109848915918,
    1299.874418259615,
    1068.441250641436,
    948.3556036004572,
    1147.6391294969383,
    1024.290674580185,
    990.4136354769611,
    1080.3846468143736,
    865.0098479139208,
    729.3639745511216,
    652.6448535053689,
    809.0881063143963
  ],
  "eval_steps": [
    2048,
    22528,
    43008,
    63488,
    83968,
    104448,
    124928,
    145408,
    165888,
    186368,
    206848,
    227328,
    247808,
    268288,
    288768,
    309248,
    329728,
    350208,
    370688,
    391168,
    411648,
    432128,
    452608,
    473088,
    493568,
    514048,
    534528,
    555008,
    575488,
    595968,
    616448,
    636928,
    657408,
    677888,
    698368,
    718848,
    739328,
    759808,
    780288,
    800768,
    821248,
    841728,
    862208,
    882688,
    903168,
    923648,
    944128,
    964608,
    985088
  ],
  "episode_rewards": [
    512.9330441142137,
    545.8385949157705,
    697.9979543620108,
    492.3475781329693,
    406.49706683272774,
    925.1621520860617,
    718.4541476347293,
    635.861108337666,
    394.80414740890456,
    646.6117223443872,
    741.5774825497809,
    991.1249987693503,
    598.5055302599899,
    460.3411631803533,
    961.3187463162168,
    631.9528516932799,
    499.6509533390888,
    497.8294260148425,
    1229.7739889481181,
    631.3414374848129,
    644.2151808219023,
    234.5279432709775,
    470.59780418395064,
    833.952689853175,
    466.5173762494292,
    563.0478587388819,
    851.6465819966777,
    208.0024820048004,
    313.15024101254016,
    535.2524428738411,
    499.66067354294796,
    558.2585779266763,
    431.2372259243719,
    836.6950331296125,
    455.8006119345745,
    810.3496867518962,
    627.9674691043881,
    727.0455899074459,
    521.4139436323982,
    420.32740473903806,
    542.7744550358627,
    550.9120517695432,
    501.08291482547463,
    1209.3822645837056,
    610.1061055555456,
    358.5226143387977,
    396.8069868861581,
    526.4961398013046,
    894.7680073906776,
    614.6905392319193,
    520.9441886837311,
    518.4093360997784,
    484.4524045145703,
    615.3877794160517,
    442.3206634893572,
    710.4417694567958,
    421.61919178176663,
    616.4187214537786,
    719.9894194687082,
    75.14492736451506,
    466.21462508593254,
    619.8846441861606,
    774.6735259558651,
    500.47842432720984,
    644.3920771264815,
    441.8890024160992,
    688.2758906713161,
    759.1468481741604,
    477.9852051065374,
    313.05258057105345,
    781.0878647806203,
    503.5110913282154,
    897.9495158325687,
    648.3706451652547,
    913.01894114615,
    665.6158860682293,
    315.85495061324787,
    520.7890361006699,
    498.4530070919051,
    519.5598435449598,
    1023.8914160972462,
    831.9548382160244,
    503.37669952514074,
    266.85329179285094,
    915.8723594836424,
    817.0474107883181,
    878.90130917486,
    1002.8652185180396,
    488.00824005946953,
    571.7189523390002,
    565.0891905934559,
    479.18672238312587,
    769.4635865577411,
    537.9736219791141,
    412.25833796506345,
    427.8052612388987,
    136.64369928373537,
    622.8498583210321,
    1072.0743668484522,
    776.8843608866641,
    1323.1655142335467,
    618.4191749800032,
    444.52010158250675,
    717.0708215384142,
    710.3172374628341,
    815.5599426444446,
    723.8463962646053,
    501.9874280676689,
    425.20112790632203,
    540.8623285608646,
    376.01526452393665,
    515.9928603389535,
    618.0218482360027,
    945.384974450093,
    897.0559059835339,
    591.2367820335359,
    430.71080293077324,
    445.3999758965792,
    566.8769156381178,
    1136.8365443037371,
    1013.1002048789314,
    625.3252943417217,
    778.7324388418434,
    1170.997804151978,
    573.8391935813003,
    502.722244046922,
    453.09738850871634,
    766.7352271783425,
    471.7577660243707,
    702.7404009978826,
    704.8754445283753,
    441.90214821459983,
    120.94920495410047,
    1075.1425685823742,
    936.6714321410487,
    2788.3948574312776,
    564.0366377269033,
    171.01641526844085,
    433.0930358420082,
    543.714148625634,
    620.9956735285255,
    486.2250431160258,
    610.5999846779117,
    491.65772795749467,
    1143.2220305967098,
    416.6614726474005,
    756.3516728110906,
    571.9113482210103,
    567.4746280221996,
    962.6844273149754,
    871.8449244080591,
    726.0965542666672,
    430.3293467561711,
    1079.5376076622836,
    552.0885665629212,
    1743.0796943247155,
    1240.2683697705143,
    889.6422151383446,
    706.5288918474835,
    1103.301534023144,
    532.28516814142,
    957.720303412588,
    677.2331955370367,
    1090.5890692126045,
    479.6084701036621,
    1564.2147269126124,
    889.9840315079318,
    737.8262163175028,
    1018.028877511835,
    1145.4843538926357,
    502.8696499634823,
    1108.9224969726256,
    638.7155612662045,
    1025.395448682066,
    272.0278904207504,
    827.1176962535375,
    606.0991019981203,
    1001.6543981697057,
    766.3445296026254,
    435.57047758628465,
    1071.2739920934403,
    836.7975345180288,
    1523.881389832092,
    778.3500809436035,
    533.9544951315863,
    563.214051610444,
    645.0477765669077,
    870.3523143198684,
    375.8883590689985,
    431.8898380639129,
    480.84085758478756,
    555.5967926084822,
    519.7060349909051,
    704.4048333943092,
    599.0902119887967,
    562.8530987765455,
    854.7768611850636,
    614.1551152929029,
    706.2705111695027,
    528.4792869140273
  ],
  "bhvf_diagnostics": []
}