{
  "env": "Walker2d-v4",
  "agent": "Standard_PPO",
  "seed": 2,
  "config": {
    "hidden_dim": 256,
    "lr": 0.0003,
    "gamma": 0.99,
    "lam": 0.95,
    "eps_clip": 0.2,
    "n_epochs": 10,
    "batch_size": 64,
    "n_steps": 2048,
    "ent_coef": 0.0,
    "vf_coef": 0.5,
    "max_grad_norm": 0.5,
    "use_obs_norm": false,
    "use_adv_norm": false,
    "use_lr_anneal": false,
    "total_timesteps": 1000000,
    "eval_freq": 20480,
    "n_eval_episodes": 10,
    "eval_mode": "deterministic_mean",
    "scr_ema_alpha": null,
    "scr_relax": null,
    "clip_c": null,
    "use_dcppo_s": false,
    "dcppo_w_min": 0.1
  },
  "total_steps": 1001472,
  "elapsed_s": 767.7854969501495,
  "final_reward": 1761.2815030475958,
  "max_reward": 2424.8924229054637,
  "eval_rewards": [
    98.89379685902551,
    356.52417051048695,
    366.4925435795957,
    365.7102604378416,
    418.7682693997848,
    379.8202051451632,
    400.30263129288517,
    382.4951172684847,
    406.1418503783885,
    493.89260452522075,
    500.21630086447266,
    496.29189842282585,
    520.830931017493,
    476.5973876890579,
    549.3866982323176,
    612.1298498311626,
    614.3688054409665,
    1245.672546576318,
    1299.0285995890333,
    991.1137561999813,
    1771.8360125481424,
    1324.0080580849892,
    1918.1749422873315,
    1058.9532482626419,
    1055.2879387587177,
    1486.4625204520232,
    1025.789869836869,
    1490.8217620400942,
    1165.0301938164362,
    1035.6337360735283,
    1763.9684192578165,
    1749.2328584770835,
    1673.170817003791,
    1876.9796553528427,
    2099.6404428731003,
    1557.6327363709347,
    1293.189279523563,
    1797.5660067272026,
    2004.1218987602283,
    1387.7801743195232,
    2318.157596672002,
    2015.0902364975707,
    1232.499522507805,
    1558.0611014725719,
    2098.4841977320743,
    2424.8924229054637,
    1546.227351966215,
    1553.1622482236123,
    1478.4601781791198
  ],
  "eval_steps": [
    2048,
    22528,
    43008,
    63488,
    83968,
    104448,
    124928,
    145408,
    165888,
    186368,
    206848,
    227328,
    247808,
    268288,
    288768,
    309248,
    329728,
    350208,
    370688,
    391168,
    411648,
    432128,
    452608,
    473088,
    493568,
    514048,
    534528,
    555008,
    575488,
    595968,
    616448,
    636928,
    657408,
    677888,
    698368,
    718848,
    739328,
    759808,
    780288,
    800768,
    821248,
    841728,
    862208,
    882688,
    903168,
    923648,
    944128,
    964608,
    985088
  ],
  "episode_rewards": [
    947.2093635953842,
    2736.8254558891417,
    2602.8898454832206,
    1112.9573325901786,
    1009.7579207235666,
    1923.865684433239,
    323.4654157388881,
    910.072072591652,
    2715.3759582492353,
    3192.866366353709,
    2002.817751641633,
    1362.0478406926331,
    920.8753376833968,
    1372.78348123891,
    3149.492059013994,
    1387.6096121351125,
    3172.9737532628073,
    2072.4401609662573,
    2849.581464187183,
    2480.1504929987386,
    3092.7421449989065,
    373.791250517165,
    410.40772300988806,
    2320.842332281831,
    1727.1776703316739,
    450.48663369132197,
    987.1543428080254,
    501.4978102148177,
    1972.081017205875,
    362.21018219522244,
    3238.0279084155686,
    1090.3071321243183,
    2519.84573897336,
    2158.7249961939624,
    1651.0279403087236,
    488.1101674386407,
    572.0748357553169,
    1302.0745586309179,
    959.9698940683851,
    1041.7873078854657,
    1699.9268948835604,
    1555.555540463202,
    1203.9178197869755,
    3192.298994123342,
    3121.594354577047,
    3127.9643241011904,
    602.430312040375,
    2947.4047304660617,
    775.7173193504511,
    3157.403638388073,
    937.8917301750148,
    884.6901139112841,
    938.4228932234556,
    516.5805544938372,
    318.7083741436038,
    757.8119319337651,
    1203.9721857044362,
    1448.29148891587,
    873.517627377365,
    1031.7262548244166,
    457.8216772218185,
    681.9100241118912,
    2089.2863126709144,
    622.6682479317356,
    1390.9837437039525,
    968.9446546790567,
    343.8979887682106,
    849.8820513077657,
    2582.5977592980717,
    504.94360469571075,
    386.41503294378964,
    760.9722506005073,
    710.285827264192,
    1124.9341338489855,
    1118.93354921192,
    643.3096146019789,
    1144.3157349270375,
    753.0369134579553,
    1494.6517719862345,
    948.5010696798935,
    943.6723695739724,
    2333.1069841249205,
    519.9097795521117,
    402.3762376540849,
    1035.0778977160473,
    678.8800772392495,
    345.80016764315076,
    402.7304202303812,
    1174.8341045227073,
    711.3943655884461,
    496.2185081623691,
    1656.0452063981463,
    839.3517173701754,
    639.6598922744756,
    2225.0185902437433,
    334.975333366393,
    1108.396514183306,
    1072.3373991498697,
    738.6106027619587,
    968.9782343948262,
    999.443964839742,
    1104.4653612757982,
    1474.6610825576026,
    994.9759554457476,
    2332.2820515125986,
    740.0371479433892,
    731.8015739000157,
    751.9747108664802,
    772.8523356876346,
    739.5423308001816,
    2012.410644874076,
    1182.2049040306385,
    1119.2331638317346,
    1995.1683392385855,
    938.5739882241044,
    1171.2374449150493,
    1302.6495957748866,
    3174.28071865862,
    1219.3896472992772,
    1399.066148784639,
    1099.9828495046688,
    658.9698656488558,
    737.821326722484,
    1518.803274531863,
    469.44586128632466,
    1407.965325635435,
    1689.2589703252859,
    684.0496890661898,
    1397.8387084024378,
    572.2063472903714,
    501.9135314524112,
    1069.9792920520292,
    1449.2326942171155,
    1264.4463663203105,
    892.6205530084927,
    2311.3247765118576,
    2696.5591276197633,
    2181.0265182345715,
    3052.0782489995668,
    751.8374264115266,
    1374.695946740375,
    834.7948252198611,
    2154.0924881975966,
    578.728297054286,
    1124.96384000489,
    413.22103174927094,
    1124.6057457511354,
    2744.166342073202,
    472.6004273949152,
    802.5328063386493,
    2007.4265651917005,
    1787.420045987118,
    1448.3502378015924,
    2204.4472060577773,
    1402.5958948268208,
    3155.1255908889875,
    751.0125499800687,
    972.6428208849273,
    1265.8369854115108,
    608.6419042708594,
    2767.770064037835,
    2931.5398016863105,
    962.4854808092316,
    775.2554483258504,
    748.4117159525003,
    357.5154002751602,
    821.8446848179769,
    656.4203042300863,
    994.1775942170418,
    1829.6536281600281,
    2339.8083776215876,
    1295.7601292364627,
    675.4416292115629,
    2923.86454640604,
    1324.5990374638768,
    1246.0621868102937,
    1164.6881379702752,
    3212.1449827476076,
    801.5846447313668,
    1532.1479078580783,
    1291.4639970440346,
    1022.7733638994937,
    2277.1234561154765,
    372.0792714882631,
    764.2165773504724,
    1457.9683929816479,
    619.3866113099804,
    479.92979016345595,
    736.8287318630181,
    2985.2517028414136,
    544.4665790418379,
    1088.8210995426289,
    1575.5716875144603,
    2774.8967745697582,
    3006.874434853871,
    761.152609893993,
    1203.6351339115172,
    944.0902213774788,
    1762.5219488259997,
    1347.3260366404156
  ],
  "bhvf_diagnostics": []
}