{
  "env": "Hopper-v4",
  "agent": "Heuristic_HCGAE",
  "seed": 5,
  "config": {
    "hidden_dim": 256,
    "lr": 0.0003,
    "gamma": 0.99,
    "lam": 0.95,
    "eps_clip": 0.2,
    "n_epochs": 10,
    "batch_size": 64,
    "n_steps": 2048,
    "ent_coef": 0.0,
    "vf_coef": 0.5,
    "max_grad_norm": 0.5,
    "use_obs_norm": true,
    "use_adv_norm": true,
    "use_lr_anneal": true,
    "total_timesteps": 1000000,
    "eval_freq": 20480,
    "n_eval_episodes": 10,
    "eval_mode": "deterministic_mean",
    "scr_ema_alpha": null,
    "clip_c": null,
    "use_dcppo_s": false,
    "dcppo_w_min": 0.1
  },
  "total_steps": 1001472,
  "elapsed_s": 3224.7566409111023,
  "final_reward": 2080.2176230774453,
  "max_reward": 3569.030286951648,
  "eval_rewards": [
    92.58610235468171,
    347.8652075416644,
    544.1174674560442,
    630.4671655812974,
    717.3804105423251,
    913.0722957122792,
    907.4821534112831,
    883.8704437217935,
    913.781124567475,
    977.1460291911677,
    1123.321410966949,
    1463.7672009648381,
    2748.4216066050612,
    1893.789131045918,
    3081.417252974982,
    1026.4238011058985,
    1319.4406201002757,
    1904.5418596874413,
    2305.9731349069875,
    1714.3103698488055,
    2891.37511946633,
    2771.2602849919863,
    1784.5667069584847,
    3370.143351223406,
    2449.8604199173215,
    2773.9401451537606,
    2405.2715913768893,
    2795.3245621491565,
    2494.6806328776993,
    1602.5907331926828,
    1963.1384433481937,
    3569.030286951648,
    2392.8150394474296,
    2896.7465632315316,
    3511.0225463300712,
    3423.5048045260164,
    3455.3804527963766,
    2669.2948898184645,
    2980.618856376438,
    2284.6434311267103,
    1809.1538172346409,
    1967.590119781525,
    2349.8727479428317,
    2082.2272451536833,
    1579.3074918379257,
    1809.5114941612203,
    2135.0849270654453,
    2238.248127116518,
    2546.536829353953
  ],
  "eval_steps": [
    2048,
    22528,
    43008,
    63488,
    83968,
    104448,
    124928,
    145408,
    165888,
    186368,
    206848,
    227328,
    247808,
    268288,
    288768,
    309248,
    329728,
    350208,
    370688,
    391168,
    411648,
    432128,
    452608,
    473088,
    493568,
    514048,
    534528,
    555008,
    575488,
    595968,
    616448,
    636928,
    657408,
    677888,
    698368,
    718848,
    739328,
    759808,
    780288,
    800768,
    821248,
    841728,
    862208,
    882688,
    903168,
    923648,
    944128,
    964608,
    985088
  ],
  "episode_rewards": [
    1161.1637194462448,
    1305.8351908731252,
    2039.6582634500494,
    1388.260720973157,
    1973.6405366176193,
    2617.9825724913003,
    3939.28133059023,
    1098.96422925514,
    1443.475764372123,
    3394.9927534780427,
    2356.228205463052,
    2400.02161716277,
    2791.7141568120255,
    2264.7879686629954,
    2179.2281463351924,
    1888.2968117759951,
    1373.9098971758688,
    1173.8243428540259,
    1400.7313236220796,
    982.584490934668,
    1626.29163116369,
    1922.9647768977466,
    1828.9216944890504,
    1580.0298230295339,
    2018.9915723700472,
    1057.5256148507615,
    1987.5304055274987,
    1367.385223845732,
    1018.5843148804432,
    941.0371820068632,
    3412.7343835802017,
    1181.2374627841807,
    1741.1636747713248,
    1581.221754304547,
    2406.719369634659,
    1316.0648283664252,
    3731.7531186291103,
    3072.4929633626816,
    1688.8899753222158,
    2687.350641520196,
    1581.4199905227324,
    1990.629184675998,
    1874.7832386779232,
    1472.7870751926582,
    1564.5477913695368,
    1567.4233351125217,
    1420.6309159219877,
    2110.010283309171,
    2130.72130601589,
    2634.7793118095556,
    1739.0200872957082,
    753.5851856869263,
    845.6120712882065,
    1366.3396666717501,
    721.9505890020534,
    1196.3106456419619,
    1159.752920110058,
    713.1263962086625,
    1393.1498750659644,
    890.3455242454014,
    1353.7275159196968,
    1146.6896429649628,
    1507.884031181359,
    3099.3989644962835,
    832.4368867126477,
    827.5660763825811,
    990.5863225197216,
    2366.664196561367,
    1105.229313625824,
    986.1113678932098,
    1274.012065390308,
    1054.3758124275355,
    1025.643325110049,
    1976.9433376841976,
    1969.1512576978778,
    1056.1677324406648,
    1717.5374247152893,
    1061.365151399213,
    1080.0017293006497,
    917.5526708879885,
    2145.9206547024996,
    1131.066297850015,
    1267.2824481500593,
    1340.8309454858975,
    949.4599640311978,
    2041.1128349410315,
    1010.7678984306162,
    1002.8324217278688,
    1700.7132586520472,
    1810.6300353206516,
    1509.6785907716737,
    2200.2624539398007,
    1071.1443445054522,
    1097.2195375308256,
    1054.329879510104,
    2117.8576980076646,
    1301.1801515446068,
    1904.717774148098,
    739.6704351938199,
    2353.8306567319214,
    1022.7846197765523,
    3370.4582006423107,
    1707.2860050385045,
    1037.9964844384954,
    1022.1407991334063,
    1099.0262875854278,
    1002.1491255049866,
    2925.5214630376863,
    974.5458848942542,
    910.193892568002,
    964.8510823709629,
    990.7276574755914,
    720.0492013173906,
    1250.9876616798658,
    1204.624425218932,
    2872.220263703,
    1662.690959074533,
    1314.1617225796795,
    3000.225988414614,
    1305.0667778164109,
    1036.3682849765657,
    2469.661808704979,
    2756.9699593906635,
    1056.4932287763838,
    1398.3904455883594,
    1082.2975584393848,
    1229.0176170946072,
    971.3496444656519,
    1126.7419902924898,
    2312.501506358761,
    1161.1643246120832,
    1025.7937738680205,
    2890.581048529387,
    1418.1085277228578,
    2049.810464320491,
    1579.1399342440411,
    1784.5528287053621,
    1778.840346715379,
    1534.6384584792052,
    2327.9974407531345,
    1295.37126596531,
    1881.4438270386108,
    1181.1064163415865,
    1659.1970224562901,
    1386.2887728499215,
    1401.7643163970902,
    1614.844102582378,
    1305.4889203108482,
    1186.922079784432,
    1367.792069137939,
    693.9081440295435,
    1050.0135817396722,
    1729.0402544499684,
    958.5750693606931,
    704.5141175665004,
    2947.4971175873993,
    1824.1142146923642,
    710.1272635656284,
    1985.7695975200156,
    1144.431099062141,
    1116.5071187023348,
    1810.3790459492698,
    1257.3435046283423,
    1177.6970812360512,
    1279.1377456989499,
    1449.6139878234803,
    2096.300580496381,
    1507.9067427709015,
    991.2408936406531,
    2407.989932316535,
    1202.3535995977388,
    1199.1316421302513,
    2842.0078953722104,
    733.8727353076679,
    1301.7592666016228,
    1208.9465090499432,
    997.079153317353,
    2471.4246534322187,
    2556.5944101765904,
    696.6029121754115,
    1406.519847652744,
    807.9214385584276,
    2520.5255788641603,
    1122.4457971686295,
    2129.9982417918322,
    1528.4917263726718,
    918.2584707929143,
    1460.2533925885498,
    1054.9964670075087,
    1051.553697086678,
    988.6022327528356,
    1086.3992992279186,
    1731.5487717034812,
    855.3473548586486,
    1924.3323779746047,
    1595.28443436474,
    1917.9598527815454,
    1299.090008378539,
    1002.2386752370186,
    1292.8242404422633
  ],
  "bhvf_diagnostics": []
}