{
  "env": "Hopper-v4",
  "agent": "Heuristic_HCGAE",
  "seed": 9,
  "config": {
    "hidden_dim": 256,
    "lr": 0.0003,
    "gamma": 0.99,
    "lam": 0.95,
    "eps_clip": 0.2,
    "n_epochs": 10,
    "batch_size": 64,
    "n_steps": 2048,
    "ent_coef": 0.0,
    "vf_coef": 0.5,
    "max_grad_norm": 0.5,
    "use_obs_norm": true,
    "use_adv_norm": true,
    "use_lr_anneal": true,
    "total_timesteps": 1000000,
    "eval_freq": 20480,
    "n_eval_episodes": 10,
    "eval_mode": "deterministic_mean",
    "scr_ema_alpha": null,
    "clip_c": null,
    "use_dcppo_s": false,
    "dcppo_w_min": 0.1
  },
  "total_steps": 1001472,
  "elapsed_s": 2523.673008918762,
  "final_reward": 3447.608122341537,
  "max_reward": 3618.325030809507,
  "eval_rewards": [
    98.52811795256645,
    274.60090027379226,
    455.3575975974454,
    1639.6739242164008,
    1017.0936451253998,
    1041.6084955135273,
    1076.417844570328,
    1372.1347693164819,
    1851.798051170271,
    3449.2007606665416,
    3470.2744069751416,
    3602.293236659828,
    3570.360693573434,
    3576.6428933639313,
    2263.339972741219,
    3017.4474774868986,
    1256.1543665789256,
    3586.664282016078,
    2650.8660000077653,
    3609.233916599286,
    3471.231314661046,
    3603.0372400126557,
    3590.7244453061526,
    3604.608200741931,
    3605.621061636271,
    3581.8125935648595,
    2964.3698935435464,
    3612.166737597461,
    2653.910943046222,
    2687.5689101685225,
    1604.8742640586427,
    3182.808646171975,
    3609.2582879623756,
    2639.7863716157703,
    3616.862253246831,
    3610.6522749669866,
    3476.153200584003,
    3218.0287943347143,
    3618.325030809507,
    3222.7551543254385,
    3582.916393571213,
    3541.883472391056,
    3284.855985413459,
    3329.9634892435834,
    3592.5466055330644,
    3256.565734994531,
    3615.8239375454223,
    3616.6470897690474,
    3432.1233606285555
  ],
  "eval_steps": [
    2048,
    22528,
    43008,
    63488,
    83968,
    104448,
    124928,
    145408,
    165888,
    186368,
    206848,
    227328,
    247808,
    268288,
    288768,
    309248,
    329728,
    350208,
    370688,
    391168,
    411648,
    432128,
    452608,
    473088,
    493568,
    514048,
    534528,
    555008,
    575488,
    595968,
    616448,
    636928,
    657408,
    677888,
    698368,
    718848,
    739328,
    759808,
    780288,
    800768,
    821248,
    841728,
    862208,
    882688,
    903168,
    923648,
    944128,
    964608,
    985088
  ],
  "episode_rewards": [
    2654.2828970318883,
    1569.197276029833,
    2155.4320729491083,
    2809.6310880410865,
    2074.4735679882,
    1419.228393409679,
    1658.440710697807,
    3234.5970157899696,
    3447.2095395417073,
    3190.2322743297427,
    2124.4995746946006,
    2624.943071513193,
    2841.4131022427514,
    2114.591660498799,
    2433.415663909307,
    3165.7103868402924,
    1349.6295415541874,
    2168.3621534236468,
    1288.9472250696704,
    2250.618177951712,
    1640.4017734189017,
    3571.4251649232015,
    1811.6544250027948,
    1897.7798877582777,
    2202.442145939784,
    1820.0636962727476,
    1412.1333535620465,
    2965.09444515939,
    1683.174752619752,
    3605.5071599017433,
    2248.306656637609,
    1869.2210358246407,
    2519.3457149632786,
    1839.492414363806,
    3614.01232065982,
    2906.0878379978876,
    1727.7692373060654,
    2624.647616366747,
    3762.271222943956,
    1614.7376947168284,
    2245.8395557922704,
    2215.1888212061012,
    1466.5392643181879,
    1595.507173904163,
    1709.7694347695976,
    1573.3673873975958,
    1536.84401617967,
    2119.1234436620175,
    2179.016185062498,
    2470.596829760484,
    2770.8999512170194,
    1628.4964178552389,
    2215.369667146345,
    3113.599335913088,
    1923.2653199884094,
    3102.1602704950587,
    1593.9404187746952,
    1506.8477902630789,
    1261.6192661506045,
    1569.7562716744008,
    2471.433840708769,
    2256.2662979747006,
    1322.5990262922344,
    1571.5437346221759,
    2278.2583648215573,
    3347.8671957941688,
    2502.4999703904123,
    1829.8068541716943,
    2184.493003520218,
    2383.2328603694295,
    3126.1972062811196,
    1811.0076992063316,
    2193.14516916675,
    1265.0780296807384,
    2266.1862472058024,
    2093.794588574083,
    2228.8639208442714,
    1500.6045298623076,
    1309.560599724146,
    2504.7516445032043,
    2474.80727931058,
    3605.676685980507,
    1807.2435396477251,
    3394.3955194898062,
    1316.8364729491966,
    2803.1897765719996,
    2475.6695648782934,
    2185.912188133871,
    1209.2807808067369,
    1453.9852709367049,
    2033.8218963482705,
    1245.221304470227,
    1358.6393148267127,
    1850.8302804580983,
    1576.1582180045116,
    1357.1982439085064,
    1275.0564866366049,
    1351.261453999477,
    3056.5467326507583,
    2331.4918355432687,
    3420.4760376184418,
    2338.4851338310914,
    1608.9791124147855,
    3674.05363279542,
    3682.1841887652113,
    1869.7287158347813,
    1857.5111180455283,
    2497.997993260238,
    1573.3910350160368,
    1888.3034506766603,
    1305.73046074994,
    3715.4224523224407,
    1576.1049814162072,
    1366.6405552276196,
    3087.5104347064375,
    1287.1290033225046,
    1583.7386501958422,
    1290.3154659670117,
    1605.2866955557813,
    1760.6243695428423,
    2515.45301346561,
    2516.5223293050344,
    1771.8740907483104,
    1925.6230247009742,
    1333.3301165097987,
    3121.052636395785,
    3569.6303485727867,
    3599.2428564404404,
    2309.8108093758915,
    1612.3356961329823,
    3178.7130666252233,
    2289.8871850594637,
    2143.386158771404,
    2147.250045750422,
    2571.939622992364,
    1636.2603673146377,
    2959.7333542466795,
    1324.8036709897312,
    1903.3820307121237,
    1785.5787086023704,
    3586.049280249099,
    1620.5804364307598,
    1296.0741358290588,
    1661.2699339847316,
    2828.408909447087,
    1873.827909337658,
    1292.1461959774706,
    2424.43703209319,
    1573.5626508862726,
    1939.628778090521,
    1297.0329025908993,
    3592.9826078640817,
    2126.357729819582,
    2089.143590140594,
    1590.2422627388469,
    1993.4819534585424,
    1331.8507198750701,
    2262.121741912707,
    2564.04790127568,
    1612.141910110593,
    1548.4946743431178,
    1637.6827277267946,
    1291.2362987194651,
    1931.1309727738033,
    3652.3457266323553,
    1606.515714401573,
    1368.431551338437,
    1420.4437805298803,
    1725.674989851655,
    1523.1393063608946,
    1711.2152644828361,
    3106.6060179796636,
    1956.0913679932937,
    1713.544241166321,
    1907.24007583778,
    1589.7643735321833,
    1329.714074736116,
    1304.162666512634,
    3581.4844012884614,
    1286.7393432241997,
    2555.53297393033,
    2867.4681738019226,
    2515.529263749467,
    2637.074558075668,
    1508.0013011495164,
    3679.0068491873612,
    2168.8767562375447,
    1548.357511952559,
    1511.0846232481492,
    2487.1998431683373,
    1431.5838816875712,
    2762.2048762826744,
    3666.143941175101,
    1589.2628209981524,
    2994.615692761693,
    2246.9175999407544,
    1495.2902078229406,
    2209.464734038274,
    3130.5540707088185,
    1411.5935577009122
  ],
  "bhvf_diagnostics": []
}