{
  "env": "Hopper-v4",
  "agent": "Optimal_PPO",
  "seed": 0,
  "config": {
    "hidden_dim": 256,
    "use_obs_norm": true,
    "use_adv_norm": true,
    "use_lr_anneal": true,
    "eval_mode": "deterministic_mean"
  },
  "total_steps": 200000,
  "final_reward": 1014.5444557033686,
  "eval_rewards": [
    225.31420864978023,
    232.74045377998942,
    299.9039322065358,
    352.11579765259046,
    396.152016767025,
    406.4551033313545,
    578.5541381934203,
    653.3226626089927,
    721.2995792394101,
    778.5795134477346,
    912.3186043781213,
    974.9746344732503,
    878.6190515923157,
    973.1257241354758,
    972.687666233661,
    992.3571607973985,
    989.6319860853913,
    997.5519027842529,
    1040.226885716562,
    1052.9543431332386
  ],
  "eval_steps": [
    10240,
    20480,
    30720,
    40960,
    51200,
    61440,
    71680,
    81920,
    92160,
    102400,
    112640,
    122880,
    133120,
    143360,
    153600,
    163840,
    174080,
    184320,
    194560,
    200000
  ],
  "elapsed_s": 144.7
}