{
  "env": "Hopper-v4",
  "agent": "Optimal_PPO",
  "seed": 2,
  "config": {
    "hidden_dim": 256,
    "use_obs_norm": true,
    "use_adv_norm": true,
    "use_lr_anneal": true,
    "eval_mode": "deterministic_mean"
  },
  "total_steps": 200000,
  "final_reward": 1373.6837427157202,
  "eval_rewards": [
    208.72334430536722,
    206.6528801579364,
    333.52297581721166,
    366.185933147315,
    436.4214961300977,
    500.2241617296933,
    701.5678807858801,
    896.4535438907063,
    886.6362698506346,
    862.646459030394,
    767.3576941376011,
    1072.7557159109585,
    1198.739038198593,
    1059.3604275956513,
    892.5419094706,
    2063.0985218557844,
    1050.8195249514104,
    1240.797151186284,
    1239.284811685205,
    1274.418703899916
  ],
  "eval_steps": [
    10240,
    20480,
    30720,
    40960,
    51200,
    61440,
    71680,
    81920,
    92160,
    102400,
    112640,
    122880,
    133120,
    143360,
    153600,
    163840,
    174080,
    184320,
    194560,
    200000
  ],
  "elapsed_s": 141.3
}