{"env": "Hopper-v4", "agent": "HCGAE_Standard_GRPO", "seed": 4, "total_steps": 800768, "eval_rewards": [97.20243653984345, 297.44632033928985, 415.26940562930895, 521.8918257044104, 766.1139235231618, 1184.9548401250006, 1219.8584655422, 1089.5462221798723, 1181.5481848678216, 954.8014235626919, 1584.2359090175282, 1367.133537151703, 972.0546493764465, 2729.721181852809, 2706.493595371496, 1760.2247453111372, 1700.9575439300297, 1198.423026926337, 1152.192121895268, 1997.8275344514157, 2665.8254357618634, 1197.301396777591, 1270.0469714679239, 978.8459274651095, 697.856022926903, 887.329119309036, 795.7389847678102, 732.5937044676772, 812.8192911478516, 1758.657080663673, 1055.5393489901858, 1034.5244227800106, 820.2393889041014, 750.5170404566708, 1386.7436435312866, 1159.6422189797563, 2144.560872622503, 1614.893819590046, 786.7306583052628, 933.1857023740602], "eval_steps": [2048, 22528, 43008, 63488, 83968, 104448, 124928, 145408, 165888, 186368, 206848, 227328, 247808, 268288, 288768, 309248, 329728, 350208, 370688, 391168, 411648, 432128, 452608, 473088, 493568, 514048, 534528, 555008, 575488, 595968, 616448, 636928, 657408, 677888, 698368, 718848, 739328, 759808, 780288, 800768], "peak_reward": 1615.5593797368}