{"env": "Hopper-v4", "agent": "HCGAE_Standard_GRPO", "seed": 0, "total_steps": 800768, "eval_rewards": [99.41491727535899, 245.0489767890461, 347.5795193091004, 447.88510899195114, 484.3000057639157, 495.1217352676348, 544.9656452642977, 728.414690669307, 1860.0199364675768, 1146.1833656656113, 2784.273576207449, 2854.9589611617157, 2655.9223894394754, 2957.6528195931783, 2965.565582994431, 2948.20480849921, 2848.761083454777, 2971.868225468991, 768.8971777635495, 446.22181392571576, 526.5986254640081, 1298.646445802464, 1950.159848986858, 1278.1840467158395, 1390.8182854147483, 1310.5713786607425, 718.4205101253445, 2991.672547059506, 2792.665460310454, 3079.4081584665823, 3212.4843173951645, 2893.268981034975, 3018.446692388541, 2605.0096695986035, 978.9615235856027, 1352.6351164334271, 1746.0822211362697, 583.4759428340496, 1910.5674041815423, 2614.885292488024], "eval_steps": [2048, 22528, 43008, 63488, 83968, 104448, 124928, 145408, 165888, 186368, 206848, 227328, 247808, 268288, 288768, 309248, 329728, 350208, 370688, 391168, 411648, 432128, 452608, 473088, 493568, 514048, 534528, 555008, 575488, 595968, 616448, 636928, 657408, 677888, 698368, 718848, 739328, 759808, 780288, 800768], "peak_reward": 2360.090923862552}