{"env": "Hopper-v4", "agent": "HCGAE_Standard_GRPO", "seed": 3, "total_steps": 800768, "eval_rewards": [172.9951879724265, 255.52683231315285, 327.4165652885038, 443.40602871815946, 663.1168399664856, 887.2389516304077, 1257.3543034439595, 1409.474225032512, 1458.1454276329812, 822.8840245154336, 1025.7485254717367, 1598.1323904302687, 1604.221995943664, 1096.7391906831594, 1248.4575767223694, 1248.5576154500675, 1118.1726552308646, 1110.5572728571456, 1567.9220125368952, 1077.972715736922, 1250.9938918802459, 712.7948101247324, 1110.7348432463853, 1299.0566291578357, 720.5509523838901, 874.4142348899848, 942.9026501058637, 1959.5367883670976, 818.0646143150764, 1099.1297537259118, 667.4759011052932, 2988.754860695295, 890.2043449799585, 1083.5111360739743, 1010.2964127683556, 1133.6819459714716, 1266.6567634239714, 1823.2847299290406, 2212.6008243222586, 451.60290739132415], "eval_steps": [2048, 22528, 43008, 63488, 83968, 104448, 124928, 145408, 165888, 186368, 206848, 227328, 247808, 268288, 288768, 309248, 329728, 350208, 370688, 391168, 411648, 432128, 452608, 473088, 493568, 514048, 534528, 555008, 575488, 595968, 616448, 636928, 657408, 677888, 698368, 718848, 739328, 759808, 780288, 800768], "peak_reward": 1259.3558408108297}