{
  "env": "HumanoidStandup-v4",
  "agent": "Optimal_PPO",
  "seed": 9,
  "config": {
    "hidden_dim": 256,
    "lr": 0.0003,
    "gamma": 0.99,
    "lam": 0.95,
    "eps_clip": 0.2,
    "n_epochs": 10,
    "batch_size": 64,
    "n_steps": 2048,
    "ent_coef": 0.0,
    "vf_coef": 0.5,
    "max_grad_norm": 0.5,
    "use_obs_norm": true,
    "use_adv_norm": true,
    "use_lr_anneal": true,
    "use_vclip": false,
    "device": "cpu",
    "total_timesteps": 1000000,
    "eval_freq": 20480,
    "n_eval_episodes": 10,
    "eval_mode": "deterministic_mean"
  },
  "total_steps": 1001472,
  "elapsed_s": 2239.2631030082703,
  "final_reward": 87262.89439054955,
  "peak_reward": 87440.99044727985,
  "max_reward": 93019.95339807305,
  "eval_rewards": [
    31403.54612020289,
    48144.05060365982,
    50960.98796322946,
    61724.29817621446,
    54537.97232041035,
    66168.87762908809,
    74122.81055267605,
    72104.51664462974,
    68553.66586619659,
    55215.572417024465,
    68742.55581064869,
    69527.45676311976,
    75922.81132851109,
    72552.56397518635,
    79132.95817504487,
    77904.5851555551,
    77686.3755386416,
    82306.76158357572,
    78196.12308577988,
    76709.22170202062,
    85016.63616274469,
    87058.62368793157,
    83863.6972157637,
    84156.84440253345,
    87073.95984493676,
    89759.31791063084,
    87606.03180390998,
    88208.12843096352,
    85867.35768792794,
    85981.96461132003,
    89271.88603933406,
    88517.91233175584,
    82126.09499351238,
    80558.85979965242,
    93019.95339807305,
    88928.11945491577,
    91980.7846618593,
    86771.9826761904,
    87252.34650618516,
    84648.8124704756,
    92667.06745949874,
    82383.314337015,
    91995.20396055563,
    80377.70890687263,
    90038.91547969056,
    89920.4279131921,
    90304.74910777646,
    82635.39182680784,
    87657.35244361087
  ],
  "eval_steps": [
    2048,
    22528,
    43008,
    63488,
    83968,
    104448,
    124928,
    145408,
    165888,
    186368,
    206848,
    227328,
    247808,
    268288,
    288768,
    309248,
    329728,
    350208,
    370688,
    391168,
    411648,
    432128,
    452608,
    473088,
    493568,
    514048,
    534528,
    555008,
    575488,
    595968,
    616448,
    636928,
    657408,
    677888,
    698368,
    718848,
    739328,
    759808,
    780288,
    800768,
    821248,
    841728,
    862208,
    882688,
    903168,
    923648,
    944128,
    964608,
    985088
  ],
  "episode_rewards": [
    75230.71084243788,
    93024.87873726439,
    74628.03628586544,
    66308.95665095904,
    81070.81660851544,
    72110.09445081941,
    68913.76645208304,
    77417.17158803038,
    71430.36576897548,
    83294.49945678737,
    70276.67020645468,
    103777.260626678,
    85209.94666179182,
    75299.43690463556,
    70581.17181233378,
    71753.98151134123,
    73525.92684473211,
    65973.48198651214,
    80700.28803649613,
    72896.52755221976,
    88167.22599469693,
    78515.35439755907,
    77301.5931622039,
    89676.16833005092,
    111163.78530153687,
    86362.09814642751,
    83059.72994412862,
    86543.81770194121,
    92730.49914116105,
    81034.58870058699,
    83419.37702063604,
    74724.05106204828,
    82212.76668269899,
    95152.53717932652,
    92838.06909333759,
    86662.47471964255,
    73190.27571998184,
    88152.87021354988,
    81671.66122129756,
    94594.88475262775,
    63863.639415041245,
    71614.89206884074,
    80030.65883579536,
    80923.34043712987,
    79123.7609958506,
    95577.95685684125,
    74469.51170770828,
    73467.60249193358,
    102027.98113069271,
    90889.98334245617,
    78860.3024675242,
    104457.48232184006,
    62626.84567716854,
    101615.12368301013,
    74635.63977946174,
    98346.964328385,
    86854.32460084438,
    69791.66781299925,
    74906.59419849573,
    83476.35639723272,
    70533.92672948877,
    76985.37691318463,
    79666.0050021301,
    90168.28998126676,
    70974.98175636513,
    74282.5184648433,
    86100.54493355719,
    74254.1473498769,
    71942.65287980912,
    76967.05186115424,
    74089.30696590783,
    83048.484142544,
    82774.40782222353,
    64881.92587335837,
    71248.89376976082,
    96911.81910745197,
    71704.66366185746,
    97350.60828647614,
    91583.80843855177,
    82128.0895117536,
    82492.44165371633,
    77690.59880614336,
    73695.41595909571,
    92853.96892361439,
    80295.27494130775,
    105258.34574453002,
    64144.32563351221,
    77101.39364703816,
    99323.94821523313,
    72478.25304593543,
    77211.38879839767,
    93829.85379403795,
    86726.3598508921,
    78953.3368039769,
    89970.36291504627,
    97471.51131358668,
    84572.80578208761,
    86746.49532624548,
    69858.64707159635,
    90131.0426454069,
    81944.85206880061,
    72228.53093738532,
    84397.28079875161,
    95305.68959295248,
    66086.94068568977,
    79107.33481869273,
    100528.86471434863,
    92482.19540573098,
    83864.95003459456,
    94768.39320613847,
    72938.89391259925,
    70634.24828723771,
    86728.42870251813,
    77588.0515089518,
    76923.87641046422,
    86035.6078006469,
    75762.82090599019,
    82374.88929143433,
    82479.50146578744,
    87411.67161921838,
    64717.85869225083,
    80614.5863992139,
    78773.55269297944,
    109894.45230577048,
    99947.83920340857,
    83213.31796318517,
    103633.62941668314,
    83150.58686548355,
    80987.28202290244,
    86062.87306900034,
    81117.24402380791,
    89500.78059942563,
    111947.01176273928,
    71822.90655911963,
    91709.70111268638,
    105159.26172593853,
    84077.47484669415,
    95974.88313993695,
    98274.31982329198,
    76932.73269702552,
    99705.61597002605,
    95686.090725321,
    74620.6170111752,
    89018.47855185621,
    76832.25147964997,
    76950.20741295544,
    71988.68653450868,
    93364.82927181083,
    91080.90040376749,
    93792.33086320497,
    91356.9827558211,
    85896.58054212239,
    90396.28187098433,
    82389.94446813516,
    78978.87409474059,
    72311.82272034088,
    78696.79000380302,
    80248.95321006505,
    118767.9137999887,
    80362.86756105212,
    73304.075725196,
    75738.42204488262,
    94005.56490990026,
    67159.84892519072,
    72162.94112862913,
    98601.87908211518,
    90568.75515396037,
    85511.16874779806,
    85436.12364893402,
    78954.3940644431,
    85147.4617051658,
    78526.49345223243,
    69079.74215318135,
    106427.88065099811,
    78831.86170386052,
    84526.72181198676,
    92778.76818849129,
    89132.6515697193,
    98735.49674556247,
    74163.7954473578,
    79797.74178595371,
    62942.21300851539,
    80495.75513255829,
    89929.75554609596,
    85457.37248389253,
    78294.85697940228,
    92095.49431123654,
    74606.89529207528,
    87546.29627288927,
    82261.21875722252,
    68409.82884909243,
    87113.80397047375,
    87110.63797991244,
    86330.67370982036,
    81457.61912898123,
    78417.96986010805,
    80341.39787149064,
    90627.92365915753,
    99893.47031510994,
    69796.79821224153
  ],