{
  "env": "HumanoidStandup-v4",
  "agent": "Optimal_PPO",
  "seed": 6,
  "config": {
    "hidden_dim": 256,
    "lr": 0.0003,
    "gamma": 0.99,
    "lam": 0.95,
    "eps_clip": 0.2,
    "n_epochs": 10,
    "batch_size": 64,
    "n_steps": 2048,
    "ent_coef": 0.0,
    "vf_coef": 0.5,
    "max_grad_norm": 0.5,
    "use_obs_norm": true,
    "use_adv_norm": true,
    "use_lr_anneal": true,
    "use_vclip": false,
    "device": "cpu",
    "total_timesteps": 1000000,
    "eval_freq": 20480,
    "n_eval_episodes": 10,
    "eval_mode": "deterministic_mean"
  },
  "total_steps": 1001472,
  "elapsed_s": 2199.5041518211365,
  "final_reward": 82580.94540737646,
  "peak_reward": 77061.66016545806,
  "max_reward": 142745.166682197,
  "eval_rewards": [
    29215.630974309006,
    142745.166682197,
    57198.364622282315,
    64102.54377525558,
    71714.41724533652,
    79180.94397032504,
    79483.65453592231,
    75573.16684629877,
    92384.83178031174,
    79017.88122234223,
    74349.93520010717,
    71729.17755092806,
    70480.10777935197,
    77825.35034906372,
    76829.55594945446,
    75085.97613801276,
    79378.59613355857,
    76129.6377111577,
    94396.79980570501,
    88599.85859871541,
    80878.19298580324,
    92522.10499370813,
    107971.99825600916,
    96676.29071790972,
    91301.90719589138,
    83261.56747890858,
    98492.22162379528,
    82465.75063572844,
    79643.2510682177,
    74705.79855141956,
    86925.75618940324,
    78753.01119070486,
    79852.36384507552,
    85478.11241820102,
    83649.7271964359,
    83627.30827004611,
    80789.12659852563,
    74241.40065546345,
    78430.65136586771,
    88936.38718377396,
    83891.2730447631,
    83057.68886637199,
    84997.51595146014,
    91267.55186241597,
    83161.53809940917,
    76527.1120678146,
    76441.20168694333,
    80499.46232515931,
    77029.72298565309
  ],
  "eval_steps": [
    2048,
    22528,
    43008,
    63488,
    83968,
    104448,
    124928,
    145408,
    165888,
    186368,
    206848,
    227328,
    247808,
    268288,
    288768,
    309248,
    329728,
    350208,
    370688,
    391168,
    411648,
    432128,
    452608,
    473088,
    493568,
    514048,
    534528,
    555008,
    575488,
    595968,
    616448,
    636928,
    657408,
    677888,
    698368,
    718848,
    739328,
    759808,
    780288,
    800768,
    821248,
    841728,
    862208,
    882688,
    903168,
    923648,
    944128,
    964608,
    985088
  ],
  "episode_rewards": [
    89685.1968598462,
    85861.00499147175,
    68587.15117747406,
    96341.1149488138,
    68839.19870098121,
    80842.27796209783,
    80914.8729744972,
    75809.38791137941,
    71411.44177729657,
    89453.9597552674,
    100112.41008274359,
    101894.84656869587,
    78540.87581236592,
    65997.3449859806,
    60767.78339689962,
    72555.4934085592,
    90847.64224343491,
    83633.89014997843,
    75407.99929748506,
    69278.22126686809,
    86151.13652843014,
    75232.97680342091,
    90526.73427168211,
    88150.48239673783,
    72191.34847279274,
    86046.9228375439,
    83331.18090859237,
    98460.63160502235,
    84248.36746779617,
    86418.95956084138,
    100430.49716818685,
    94304.64142274675,
    71588.95922472604,
    61403.074681149665,
    73523.1842341605,
    76944.42749570344,
    78863.38535690068,
    103350.37414637738,
    96606.74733095396,
    77245.01604632406,
    93263.1075252904,
    105685.60853735181,
    73574.24105753952,
    93420.25370627154,
    114357.26837496617,
    84120.08177005446,
    80227.73405907053,
    120064.44055077434,
    71031.90316303796,
    73965.36179427447,
    69089.95987198887,
    104508.24901839533,
    102940.248231286,
    100899.43975036808,
    71932.91448276128,
    78070.01264454616,
    86745.25258432954,
    78834.61865387182,
    69069.34746518094,
    85468.2427707939,
    81816.64610337418,
    90752.11756810869,
    71108.14017473202,
    76929.15210656739,
    79953.40521863678,
    85628.70921913565,
    79162.53525016393,
    71592.38047350482,
    83098.72731985472,
    74856.06128852513,
    84022.07326662567,
    82359.85050698664,
    81279.86037903771,
    73184.90091479228,
    83546.91851667853,
    81894.63031435157,
    84515.31556289017,
    88787.48148457527,
    80677.274373255,
    78166.19734813388,
    80082.79276420975,
    68754.01233335026,
    71419.34959984767,
    72855.65238692329,
    75728.47303314145,
    73098.19789748274,
    92834.7581623048,
    90311.37315019417,
    87391.98923231743,
    96245.3899734201,
    89114.78747643501,
    80057.86776250695,
    73908.85537690643,
    83163.06796179716,
    97272.12964182641,
    77060.88992566355,
    73926.84120553957,
    84963.19132141201,
    81309.3479321702,
    97709.11799658576,
    77192.54940111736,
    104619.41835471804,
    77847.50427635503,
    99566.82813898101,
    91951.37561505656,
    86596.65775214157,
    84858.41465774747,
    106115.08763633588,
    74057.88173418907,
    83021.0911170264,
    86699.63162399967,
    71572.50228951917,
    81951.50077318314,
    86124.79123626601,
    86110.56531160412,
    86284.18247874553,
    74593.87099604214,
    67762.21926293465,
    89028.89321767415,
    79556.95069656285,
    84161.52598326193,
    74541.33611335412,
    72174.69108029411,
    75769.3464504358,
    80141.81265464022,
    96047.39025646388,
    97851.6016920242,
    77649.87787002593,
    82016.36059736919,
    70722.11235382018,
    85327.92070252464,
    115548.51103456214,
    89345.60697771543,
    70208.75812040281,
    92322.81829431748,
    86979.58539782844,
    82079.28360828449,
    80782.95225896678,
    89850.2186612934,
    79161.48438415675,
    82566.4175753324,
    72010.20670645818,
    92814.74928970262,
    70831.55463284768,
    77211.88122289765,
    100831.29086673692,
    76285.65580297096,
    88739.59910339878,
    83598.50383196991,
    68765.913588213,
    86051.70246979853,
    71773.1496238456,
    66271.88266498619,
    80435.33564983094,
    81836.43375671767,
    75493.05134995625,
    102689.65176036525,
    76476.61257838823,
    93058.6087081903,
    106973.02246795056,
    79008.1696788145,
    78480.36549446094,
    77632.95457192839,
    76000.27815272575,
    91032.47724286266,
    59261.97852024681,
    95038.78438477978,
    84738.0717181898,
    101175.0913222269,
    111528.0528379191,
    67620.24658926172,
    78736.98619445907,
    95110.8197257376,
    87563.34859148362,
    88624.72941720413,
    69131.00762861097,
    76386.01151153813,
    92687.18848077937,
    68310.57030886284,
    96414.73638959393,
    94101.81560561415,
    75966.65555124382,
    64365.74020029826,
    87912.2719459455,
    88839.92307551441,
    92599.24343875259,
    87961.02088996743,
    79632.63532742744,
    71503.00049963174,
    83359.04177099092,
    82880.9702442226,
    90598.27560308315,
    78571.4357147507,
    82864.74977124116,
    78123.86093892134,
    88178.6291515522,
    93282.51595822918,
    71865.21150624995,
    75726.86277930622,
    75458.00281702263
  ],