{
  "env": "HumanoidStandup-v4",
  "agent": "Optimal_PPO",
  "seed": 16,
  "config": {
    "hidden_dim": 256,
    "lr": 0.0003,
    "gamma": 0.99,
    "lam": 0.95,
    "eps_clip": 0.2,
    "n_epochs": 10,
    "batch_size": 64,
    "n_steps": 2048,
    "ent_coef": 0.0,
    "vf_coef": 0.5,
    "max_grad_norm": 0.5,
    "use_obs_norm": true,
    "use_adv_norm": true,
    "use_lr_anneal": true,
    "use_vclip": false,
    "device": "cpu",
    "total_timesteps": 1000000,
    "eval_freq": 20480,
    "n_eval_episodes": 10,
    "eval_mode": "deterministic_mean"
  },
  "total_steps": 1001472,
  "elapsed_s": 2323.048047065735,
  "final_reward": 86814.81841816462,
  "peak_reward": 86878.59027218267,
  "max_reward": 94616.94491599509,
  "eval_rewards": [
    31099.01742754598,
    50354.5650536488,
    63267.93878559006,
    82253.56220243563,
    72383.32866074666,
    73135.24587263081,
    62105.294307493765,
    70823.93787532729,
    70475.00107502477,
    64494.477353663264,
    65737.05686623094,
    65503.466467950726,
    72472.75958497444,
    75336.67874892749,
    72775.08908085297,
    74349.40101045286,
    74495.53743863254,
    69140.46736909298,
    73299.23362069098,
    70822.41095626695,
    80510.59315077295,
    76888.73809363924,
    74196.46866934853,
    70153.35537484368,
    71737.2930075661,
    70431.85013096502,
    71024.9249707073,
    72716.94110958057,
    79311.26300437553,
    79474.26637522607,
    70655.15991531311,
    79525.37866736125,
    81467.65020653419,
    78257.4870764787,
    80817.54259494031,
    82483.93873742434,
    87014.65128380955,
    88015.43327093453,
    86857.85957856047,
    85219.7729785251,
    86204.24867369294,
    85229.53512503888,
    94616.94491599509,
    90076.23777335598,
    84790.71476395955,
    85351.22545302645,
    82423.93018873765,
    87657.0034429482,
    86578.57086636637
  ],
  "eval_steps": [
    2048,
    22528,
    43008,
    63488,
    83968,
    104448,
    124928,
    145408,
    165888,
    186368,
    206848,
    227328,
    247808,
    268288,
    288768,
    309248,
    329728,
    350208,
    370688,
    391168,
    411648,
    432128,
    452608,
    473088,
    493568,
    514048,
    534528,
    555008,
    575488,
    595968,
    616448,
    636928,
    657408,
    677888,
    698368,
    718848,
    739328,
    759808,
    780288,
    800768,
    821248,
    841728,
    862208,
    882688,
    903168,
    923648,
    944128,
    964608,
    985088
  ],
  "episode_rewards": [
    98222.85789307275,
    65780.52756142823,
    90246.91113969924,
    84073.66891438804,
    72587.55479544868,
    95251.6380861491,
    76121.25217524376,
    70230.67091133467,
    69264.12917229622,
    60708.194449671166,
    84064.4607317313,
    87134.31832890393,
    81909.54043495555,
    91683.33755615498,
    87790.88739021661,
    99305.53429416222,
    71735.11073230994,
    73192.44720980832,
    81665.9340399374,
    72511.87060024623,
    96934.05909551667,
    73144.70687538951,
    84239.90558971069,
    63245.65679961056,
    93244.32393065971,
    69772.57897897155,
    89190.55978344656,
    95791.80748975444,
    78507.13229481185,
    72005.26680450107,
    79967.77304139175,
    76006.75877706232,
    88700.875943064,
    82009.02585550961,
    90255.4990546363,
    90462.4268246134,
    74797.2739272237,
    74262.19856669844,
    86948.39062815133,
    74956.23625211691,
    92819.01500181867,
    81703.78471609065,
    86875.6763799698,
    98844.81914545689,
    89724.67385720741,
    78255.18990163313,
    69703.09998652515,
    87608.0786312127,
    57055.777985677945,
    81430.10997293754,
    78952.13636510253,
    86095.2552562944,
    60973.28711176536,
    70651.08893464663,
    89072.71610973883,
    92928.92012906531,
    74647.09367833908,
    68380.53637883057,
    90809.2985102446,
    65187.046076809725,
    84180.48506740468,
    74950.22815596838,
    84921.64002651763,
    99529.19673372245,
    95437.02777484883,
    95357.60133592223,
    72789.94866953632,
    91084.68789931183,
    94959.52257460669,
    93375.01527392557,
    77608.46194455076,
    77227.80292533757,
    75823.51464757015,
    71207.26209691157,
    84160.58088195996,
    81132.83073094905,
    75876.64768591091,
    89399.15700753288,
    79152.40782129599,
    90376.3057971025,
    76268.04958199426,
    93394.10387768992,
    88156.22210065105,
    81725.45237265382,
    90066.00395690532,
    86389.44464779523,
    93060.6811114026,
    83481.46285939594,
    63208.02620616109,
    74773.35294553346,
    86271.93800205205,
    95296.97141702817,
    76554.04511069162,
    95673.60519164515,
    57380.502817448374,
    93951.0830796177,
    90341.82014485051,
    69769.6651958564,
    89670.08711236494,
    75755.36570764298,
    92291.19843491518,
    75613.29487362206,
    93277.7466783262,
    83286.62322469904,
    94629.94713199204,
    66247.11714063502,
    83320.65904620114,
    79261.22072893169,
    90527.90268919029,
    88637.96356734462,
    77141.29806376903,
    88946.65584647215,
    79298.38271229638,
    78620.10344002169,
    85918.5571365874,
    82953.94948961817,
    88389.89770907241,
    99931.47421930589,
    87284.97707768442,
    75406.91825776611,
    85908.35126685178,
    86101.34789382601,
    76633.79482260782,
    68647.5919217698,
    80485.28820037005,
    87382.96819450661,
    68581.22859519016,
    78376.95668871752,
    66781.25213028044,
    87892.27323908376,
    89125.29758034172,
    84795.16692886049,
    62680.24858383424,
    77463.57977794895,
    86848.56084015124,
    78199.73720866995,
    86620.36481139994,
    77962.9032070039,
    83142.07880323257,
    87053.17979102493,
    92958.54426519066,
    94471.49465127043,
    90395.3775156462,
    63250.51173296816,
    88020.2779906408,
    94867.67693467683,
    84038.09492808602,
    88722.67421169308,
    89534.95393792173,
    54807.45192072905,
    91570.25640910464,
    72345.38287744696,
    92315.80672079594,
    78136.18707598273,
    109222.15653170891,
    84699.62116268378,
    67975.39808023907,
    80230.61710300743,
    82763.73096067649,
    70690.00806133755,
    70175.24353861841,
    71375.24953379328,
    90632.8965572352,
    86758.89606257205,
    96875.02040589869,
    75855.77358359926,
    92559.76032870027,
    88274.2106296012,
    86983.88940834964,
    79003.21222183347,
    66443.4862997569,
    68245.36518839955,
    90116.81378591496,
    93901.79956061032,
    74386.31108800047,
    64678.11900161269,
    98682.35407612837,
    84867.79331118507,
    79613.57281186183,
    90484.43399307132,
    77471.3126794504,
    100931.19261775629,
    73973.750429729,
    83092.36942432502,
    60620.44264818382,
    93308.73043792554,
    88441.08203769346,
    81208.32418081892,
    86814.74817519906,
    85934.21912427718,
    84618.43314192155,
    76959.06714327399,
    83488.36841111428,
    73643.97355466019,
    89065.73192688647,
    76073.28258302824,
    77723.3665245897,
    73373.03472988312,
    91329.97011250805,
    86665.57955238355
  ],