{
  "env": "HumanoidStandup-v4",
  "agent": "Optimal_PPO",
  "seed": 8,
  "config": {
    "hidden_dim": 256,
    "lr": 0.0003,
    "gamma": 0.99,
    "lam": 0.95,
    "eps_clip": 0.2,
    "n_epochs": 10,
    "batch_size": 64,
    "n_steps": 2048,
    "ent_coef": 0.0,
    "vf_coef": 0.5,
    "max_grad_norm": 0.5,
    "use_obs_norm": true,
    "use_adv_norm": true,
    "use_lr_anneal": true,
    "use_vclip": false,
    "device": "cpu",
    "total_timesteps": 1000000,
    "eval_freq": 20480,
    "n_eval_episodes": 10,
    "eval_mode": "deterministic_mean"
  },
  "total_steps": 1001472,
  "elapsed_s": 2211.8024950027466,
  "final_reward": 94759.70235664227,
  "peak_reward": 94283.52101672682,
  "max_reward": 102646.65706601196,
  "eval_rewards": [
    27019.565247371014,
    47857.448700594905,
    70469.90726823709,
    70800.99242096543,
    56282.06155559797,
    63381.94566330948,
    92041.03774419303,
    76026.46863756856,
    75069.95964147367,
    82082.9005746476,
    79223.02903677718,
    84596.54788362449,
    81044.7361978267,
    83637.18450767842,
    90054.17058690572,
    85501.04250751322,
    78621.17346246107,
    87760.34643152717,
    80154.29173705772,
    87049.2330301417,
    88845.47625838316,
    92083.09065928016,
    86414.85710281241,
    93280.401832589,
    97338.97507643074,
    93894.59113890046,
    90734.45525068762,
    93392.06648985355,
    92578.75592990474,
    93315.06526026044,
    102646.65706601196,
    95600.6790162423,
    92734.28283536632,
    96039.14945433261,
    91899.50772570822,
    97326.81603209191,
    92175.12517353227,
    88332.81443364058,
    96202.31521013407,
    90961.4001198679,
    91544.39954344023,
    93160.49941090672,
    100661.30132879525,
    94165.79711556992,
    95598.00630453271,
    95656.39144293577,
    97411.96389789318,
    93563.59867054844,
    94873.66573193265
  ],
  "eval_steps": [
    2048,
    22528,
    43008,
    63488,
    83968,
    104448,
    124928,
    145408,
    165888,
    186368,
    206848,
    227328,
    247808,
    268288,
    288768,
    309248,
    329728,
    350208,
    370688,
    391168,
    411648,
    432128,
    452608,
    473088,
    493568,
    514048,
    534528,
    555008,
    575488,
    595968,
    616448,
    636928,
    657408,
    677888,
    698368,
    718848,
    739328,
    759808,
    780288,
    800768,
    821248,
    841728,
    862208,
    882688,
    903168,
    923648,
    944128,
    964608,
    985088
  ],
  "episode_rewards": [
    92574.3884548673,
    82863.53597062953,
    77268.68775664012,
    86975.93029284243,
    89319.46110502737,
    93676.89305631215,
    79637.54435063654,
    90816.35317248713,
    83960.82246627621,
    105217.16071759249,
    84116.45260420088,
    81836.22528294964,
    81620.795101875,
    92945.89636410339,
    84229.31458061775,
    74380.90673761601,
    85736.83509841778,
    84676.02935414335,
    94634.04957234093,
    93778.25959122053,
    86986.68692226747,
    75112.75174157161,
    80363.40349213616,
    90153.93802343316,
    95498.39347728663,
    84669.418333148,
    86265.00130371703,
    87915.1563896786,
    82460.49356882498,
    87187.52428648456,
    90880.54016313412,
    77175.95113296558,
    76801.58735740771,
    81646.85173816877,
    101301.81025688458,
    91240.47422340796,
    87038.27985270457,
    82189.65481106979,
    71166.54900882456,
    90086.06084953753,
    75880.64890868594,
    81060.12032667582,
    83520.17960967124,
    79336.6065807794,
    90259.04874944869,
    94354.30885997713,
    76899.07482218128,
    77684.48247279764,
    88185.67501446637,
    100867.79536519984,
    91341.267216697,
    71198.38667673504,
    67070.26191205873,
    83993.54451854713,
    95024.00513078342,
    81303.16877670056,
    85564.67995058568,
    83938.36380060675,
    68473.64621948989,
    83609.91786473956,
    79777.9129157543,
    84050.81741942246,
    75945.37361479418,
    67704.21288920377,
    86626.25261241502,
    81038.71450886884,
    86764.04579022071,
    94724.51432358095,
    99021.25383629066,
    85862.99507715274,
    86669.37932199129,
    87251.80069021092,
    90202.35117694743,
    72591.72163529972,
    88668.35587813369,
    97737.32406024291,
    84751.76182275443,
    100917.19661432155,
    88714.44095114207,
    83962.0135873825,
    73637.87471534211,
    88650.57077205404,
    88642.18747034544,
    96765.91070108436,
    78743.05434705949,
    96901.63800428351,
    75566.75236389216,
    80974.78692353374,
    80892.05211149453,
    82300.63522732611,
    97555.69167295402,
    100297.58526318846,
    102564.31822722738,
    95008.49018404634,
    93338.4146071107,
    91462.29012319855,
    86113.6475729087,
    104093.26507812254,
    80346.39090904295,
    86890.64380517651,
    102937.85409140315,
    92780.26690800197,
    92638.97697634324,
    89524.49623462117,
    86611.85388210377,
    84168.65753435172,
    80910.91366395705,
    84801.14106723297,
    80181.45221685941,
    89552.2509473321,
    80419.59911139544,
    86241.90399232664,
    86630.17436764165,
    74559.64385807022,
    91525.59511264543,
    81753.70067454597,
    83892.60253163755,
    93557.92346471449,
    84228.85506388349,
    64943.38143929907,
    83199.4161269444,
    94745.42277485819,
    98452.01326187681,
    98616.19081855912,
    83560.04720379578,
    78733.00152852257,
    85699.76473418392,
    100275.61473698175,
    87120.19510486514,
    99476.68580086436,
    77743.83886049417,
    90931.64593126962,
    91020.16250170665,
    94719.02749142762,
    90753.88367135274,
    72428.04998511281,
    89441.8608409528,
    93678.34098006152,
    87049.29367104729,
    65484.5082119856,
    90025.88270724907,
    90595.6191485881,
    90779.46535555125,
    86507.10461255054,
    102645.32765313055,
    86963.01519499553,
    80664.08914825745,
    84910.21507679866,
    99575.59686639594,
    85738.68949042317,
    79049.04546276377,
    100267.68048548038,
    77221.3929527825,
    91278.13010254063,
    81817.63487570614,
    70280.42159029255,
    81597.38080245264,
    101872.96530329072,
    97459.31714316065,
    77829.45920376561,
    78984.75469908024,
    97155.8919159306,
    93326.76820833492,
    82941.96527330276,
    80086.55481438633,
    86278.4373528312,
    78974.23010944962,
    89571.07459725431,
    85429.79912797619,
    96813.47589661244,
    84482.47672970104,
    71592.95428533843,
    93969.61704954923,
    84129.29434293663,
    88745.72475243428,
    93899.72123827285,
    106167.28202578041,
    90126.58142345457,
    84316.76885917663,
    93353.97523119437,
    84081.67272547519,
    96989.29387563803,
    96883.00113540098,
    86719.4610512493,
    84777.22865600132,
    75240.36526136984,
    75443.18274575373,
    98467.13175452247,
    88766.33250055884,
    91943.3973507773,
    78316.4348826314,
    84197.60199747597,
    81358.61222224377,
    93203.00833956762,
    88189.16645861225,
    72164.96475207964,
    77369.30234618559,
    88869.6332097522,
    92909.12742556084,
    92988.24950622399
  ],