{
  "env": "HumanoidStandup-v4",
  "agent": "Optimal_PPO",
  "seed": 7,
  "config": {
    "hidden_dim": 256,
    "lr": 0.0003,
    "gamma": 0.99,
    "lam": 0.95,
    "eps_clip": 0.2,
    "n_epochs": 10,
    "batch_size": 64,
    "n_steps": 2048,
    "ent_coef": 0.0,
    "vf_coef": 0.5,
    "max_grad_norm": 0.5,
    "use_obs_norm": true,
    "use_adv_norm": true,
    "use_lr_anneal": true,
    "use_vclip": false,
    "device": "cpu",
    "total_timesteps": 1000000,
    "eval_freq": 20480,
    "n_eval_episodes": 10,
    "eval_mode": "deterministic_mean"
  },
  "total_steps": 1001472,
  "elapsed_s": 2199.217826128006,
  "final_reward": 84809.44867277032,
  "peak_reward": 78381.96688122848,
  "max_reward": 91198.9914731174,
  "eval_rewards": [
    32161.975170567435,
    63158.16996676642,
    73177.48958377486,
    81249.30710541831,
    56403.77862109974,
    64885.1684985294,
    73806.54542448669,
    76720.6981912319,
    68643.7447738666,
    73893.73756531645,
    78476.63501461166,
    73675.71049046521,
    91198.9914731174,
    79332.38120577154,
    80008.86659469918,
    84517.47465242265,
    77351.42885078223,
    85976.60247873928,
    80624.66289478316,
    79545.7173615387,
    83391.77673186365,
    76748.050933826,
    72811.50756260342,
    78984.69888781803,
    85849.87950720754,
    75854.80678348211,
    76668.36473269455,
    80431.64997065668,
    84157.134484539,
    80791.32150099643,
    80819.90559427155,
    77121.76540852062,
    83441.68180557893,
    82483.26868746894,
    79460.59397921627,
    87294.77873942196,
    84432.38816014476,
    88080.205207057,
    83855.97214767557,
    80481.57213872112,
    87411.13384828757,
    80671.085729274,
    85502.6707129469,
    83951.94576236556,
    88208.83079417361,
    85414.1883942635,
    85874.41874469188,
    85115.63449871828,
    85463.00610426084
  ],
  "eval_steps": [
    2048,
    22528,
    43008,
    63488,
    83968,
    104448,
    124928,
    145408,
    165888,
    186368,
    206848,
    227328,
    247808,
    268288,
    288768,
    309248,
    329728,
    350208,
    370688,
    391168,
    411648,
    432128,
    452608,
    473088,
    493568,
    514048,
    534528,
    555008,
    575488,
    595968,
    616448,
    636928,
    657408,
    677888,
    698368,
    718848,
    739328,
    759808,
    780288,
    800768,
    821248,
    841728,
    862208,
    882688,
    903168,
    923648,
    944128,
    964608,
    985088
  ],
  "episode_rewards": [
    87780.61669850003,
    87397.50077433366,
    91962.77739039887,
    76189.94189172676,
    81777.43541963166,
    90483.10872304307,
    65419.99924491845,
    72392.07823112067,
    85089.5743882215,
    68560.46799260813,
    77590.34196544165,
    78190.44654043768,
    69010.0283053192,
    89005.43388323295,
    64080.04496077041,
    71281.36961956328,
    77493.42016534996,
    93008.11477134276,
    75043.37247795006,
    80606.18843997423,
    70911.13837399804,
    69006.51013830591,
    83784.95316835774,
    73210.03373334532,
    77637.71940299007,
    83585.45775072635,
    84905.299382534,
    75136.35661695509,
    86685.68049113851,
    71990.55187837419,
    73856.16564387437,
    73228.86631620901,
    85538.89735052024,
    59382.82625555384,
    89274.93823873984,
    76148.55614465731,
    86527.46711334675,
    87543.6334495844,
    73954.77588888964,
    67725.65014613785,
    80263.83541165649,
    87152.71553884687,
    79563.1260638263,
    73506.2632552838,
    79966.50951943325,
    75871.59670556002,
    83068.08984200696,
    72456.6489069188,
    62363.6105524235,
    93223.97896419863,
    74882.43026980628,
    88822.05295695763,
    95832.0440850149,
    75817.60339021192,
    93945.4926771094,
    66839.97394270694,
    90172.63666062198,
    77696.2019472856,
    82496.60394736714,
    92061.99268698768,
    81626.09291313477,
    80597.39533343483,
    74378.01711623176,
    88651.16252970547,
    72240.42591163312,
    92426.55694167493,
    82567.0182446557,
    78532.13713520434,
    91387.3540542273,
    78254.90372526673,
    77175.06148186322,
    79297.51641263558,
    86638.88461920666,
    70461.2249446416,
    80628.94351568389,
    84481.66215384677,
    89884.84456569233,
    80404.56301495597,
    77852.22195086577,
    65583.37085246337,
    79067.35906636977,
    79954.60387355521,
    86142.57725508815,
    73640.80548863663,
    87045.24640208694,
    60792.45359626514,
    74699.0143353573,
    96105.95309179273,
    72049.4928762363,
    64903.107979003515,
    74538.08147821986,
    87875.8075718223,
    77118.86472274907,
    82312.11325816542,
    101178.88245556435,
    80306.7079648162,
    89862.34730488797,
    79522.46729619344,
    90094.88416286744,
    76396.47188797098,
    79033.7600080659,
    90130.78089981478,
    82666.33067700408,
    88812.65484663047,
    83605.62669150968,
    91465.94249666581,
    79173.33075733834,
    86774.85183376975,
    69946.08395523473,
    79164.80632462431,
    75010.20004422145,
    73467.95558320702,
    91251.88720825984,
    95807.73862371169,
    89970.42608311493,
    76794.60653678671,
    71143.11791576794,
    71922.85228053077,
    82671.32362340645,
    68759.29957785667,
    86089.46641883232,
    76606.11667703414,
    70389.47415590707,
    92471.33656421182,
    74062.14789070879,
    90950.60851320246,
    69243.53139852721,
    76911.60863080199,
    93392.69100115799,
    73481.61683237516,
    84475.99002605135,
    86504.25540026154,
    74856.13631263988,
    76689.44354115268,
    85429.43334224407,
    72023.40452152917,
    86611.32995079312,
    89292.33478310416,
    90445.97751918912,
    99006.2234990055,
    88362.69890605776,
    69133.97494905113,
    88345.11993710416,
    76187.93182340996,
    84295.14592117682,
    87353.35679173755,
    90731.00549867697,
    88904.87010117018,
    91634.1147051102,
    82353.3224666153,
    79307.4685741249,
    91750.57588340326,
    75559.91553253405,
    83174.3382838766,
    80560.25254446758,
    90886.58416663855,
    77947.24695361988,
    77620.2910085527,
    73089.92035148814,
    79151.66572449026,
    83541.62384344643,
    91522.04688747553,
    83198.92395512766,
    77531.43517891203,
    72797.94482501695,
    81689.59477145113,
    75132.50559120705,
    93290.41908061609,
    86762.29565739557,
    76130.79671168729,
    76334.30174575822,
    79076.65941000794,
    87411.91369246056,
    90443.2842105908,
    93655.26003018617,
    98568.39992933163,
    97413.67389765677,
    90702.91133411112,
    85281.08317612715,
    74922.47000461504,
    69323.28789687227,
    89226.58830970219,
    83334.28547051342,
    57051.154651429344,
    82408.64558422568,
    89354.43417636305,
    82467.73673295796,
    84498.22776814409,
    98728.04494584583,
    74129.85920428106,
    83766.65692611446,
    95119.6366083754,
    71460.66882034703,
    76298.36267174322,
    97315.24194822203,
    77625.77796576984,
    67994.25458430145,
    76314.78798566943,
    95936.3869660283,
    88127.60385094809
  ],