{
  "env": "HalfCheetah-v4",
  "agent": "BHVF_V5",
  "seed": 1,
  "config": {
    "hidden_dim": 256,
    "lr": 0.0003,
    "gamma": 0.99,
    "lam": 0.95,
    "eps_clip": 0.2,
    "n_epochs": 10,
    "batch_size": 64,
    "n_steps": 2048,
    "ent_coef": 0.0,
    "vf_coef": 0.5,
    "max_grad_norm": 0.5,
    "use_obs_norm": true,
    "use_adv_norm": true,
    "use_lr_anneal": true,
    "total_timesteps": 50000,
    "eval_freq": 20480,
    "n_eval_episodes": 10,
    "eval_mode": "deterministic_mean",
    "scr_ema_alpha": 0.1,
    "clip_c": 2.5,
    "use_dcppo_s": false,
    "dcppo_w_min": 0.1
  },
  "total_steps": 51200,
  "elapsed_s": 57.497735023498535,
  "final_reward": -27.265207551453415,
  "max_reward": -1.4648156542548256,
  "eval_rewards": [
    -1.4648156542548256,
    -21.840903271416458,
    -58.489903728688965
  ],
  "eval_steps": [
    2048,
    22528,
    43008
  ],
  "episode_rewards": [
    -638.208807579934,
    -662.5572555087367,
    -680.9966944048894,
    -506.53252335652627,
    -586.9364656763879,
    -640.4208868192644,
    -680.4109253770298,
    -591.5797306002822,
    -614.9450878744881,
    -491.1517665631817,
    -532.6710703440154,
    -630.5182603378296,
    -580.1130955876239,
    -537.5507359696584,
    -543.0208792430403,
    -563.738249148264,
    -506.13376967557997,
    -467.5397938056962,
    -492.3688959696976,
    -494.57683968210597,
    -430.6896338484077,
    -529.9809897027075,
    -368.5775043534962,
    -498.8422976298878,
    -397.2122525033897,
    -380.29506647454275,
    -495.5737456302037,
    -462.5726628850738,
    -482.40725303168455,
    -517.545560800141,
    -489.205734388841,
    -454.5119515818273,
    -386.0651206216323,
    -495.9929299935704,
    -343.5304139808543,
    -402.52694619816197,
    -469.2483036918132,
    -414.8881883390575,
    -477.48499189535556,
    -385.5437543160936,
    -403.5761114923717,
    -481.3264556439628,
    -402.7370530564096,
    -365.9961099445916,
    -307.77235682130214,
    -490.02015188238147,
    -446.42130277987985,
    -400.06953462752415,
    -453.6825698891734,
    -465.1046807550557,
    -394.46019799995406
  ],
  "bhvf_diagnostics": [
    {
      "step": 2048,
      "scr": 0.026303390660564314,
      "sigma_V": 63.55075455711914,
      "sigma_G": 14.007861147390138,
      "sigma_e": 2.302320958183838,
      "alpha_star": 0.2,
      "c_mc": 0.2,
      "ev_now": -0.002192544814248576,
      "clip_ratio": 0.99267578125
    },
    {
      "step": 22528,
      "scr": 0.3712904362659976,
      "sigma_V": 7.173930654989014,
      "sigma_G": 11.519831667409669,
      "sigma_e": 8.85274553726991,
      "alpha_star": 0.21637329875406275,
      "c_mc": 0.21637329875406275,
      "ev_now": 0.39868374988936817,
      "clip_ratio": 0.017578125
    },
    {
      "step": 43008,
      "scr": 0.4271837580480543,
      "sigma_V": 9.038805017934571,
      "sigma_G": 11.83578110741211,
      "sigma_e": 10.221076265715245,
      "alpha_star": 0.3879575047950053,
      "c_mc": 0.3879575047950053,
      "ev_now": 0.03441202526494658,
      "clip_ratio": 0.04931640625
    }
  ]
}