{
  "env": "Ant-v4",
  "agent": "Optimal_HCGAE_v4",
  "seed": 1,
  "config": {
    "hidden_dim": 256,
    "use_obs_norm": true,
    "use_adv_norm": true,
    "use_lr_anneal": true,
    "eval_mode": "deterministic_mean",
    "scr_ema_alpha": 0.1,
    "scr_relax": 0.05
  },
  "total_steps": 1001472,
  "final_reward": 3360.069878744633,
  "top10_reward": 3384.7294512436406,
  "eval_rewards": [
    938.4882602566589,
    379.4485253786273,
    153.6375706561129,
    57.09925021584005,
    144.48154746514462,
    105.18577243964971,
    148.0175229819461,
    98.16802807089364,
    12.714231980647826,
    150.86049590331453,
    238.84237694154544,
    473.08048437099995,
    450.7417517961758,
    847.7994700458854,
    436.7721139830296,
    654.7966807920554,
    713.0822774646099,
    839.700304569252,
    742.5419841873481,
    793.2629205433212,
    752.2707218234414,
    995.7245676584118,
    1214.9134254427106,
    1424.5969561491988,
    1315.4541627820033,
    1481.7296605622582,
    1478.180232214609,
    1833.424296166564,
    1306.5165086183106,
    1866.0740898136003,
    1625.013451993175,
    1955.9930516720167,
    1686.3158193912145,
    2173.6277257783504,
    2753.424531278763,
    2507.493925203557,
    2537.841581415908,
    2396.0986238531314,
    2927.785173675367,
    3145.691695839385,
    2681.189448685291,
    3543.1490804208943,
    3135.20666757701,
    3352.665097171072,
    3489.5240742595793,
    3377.8583884691834,
    3789.761723353144,
    3773.257531111702,
    3312.395080559066
  ],
  "eval_steps": [
    20480,
    40960,
    61440,
    81920,
    102400,
    122880,
    143360,
    163840,
    184320,
    204800,
    225280,
    245760,
    266240,
    286720,
    307200,
    327680,
    348160,
    368640,
    389120,
    409600,
    430080,
    450560,
    471040,
    491520,
    512000,
    532480,
    552960,
    573440,
    593920,
    614400,
    634880,
    655360,
    675840,
    696320,
    716800,
    737280,
    757760,
    778240,
    798720,
    819200,
    839680,
    860160,
    880640,
    901120,
    921600,
    942080,
    962560,
    983040,
    1001472
  ],
  "diag_log": [
    {
      "step": 901120,
      "scr_ema": 0.2072,
      "alpha_cap": 0.0912,
      "ev_ema": 0.2304
    },
    {
      "step": 903168,
      "scr_ema": 0.2045,
      "alpha_cap": 0.0901,
      "ev_ema": 0.243
    },
    {
      "step": 905216,
      "scr_ema": 0.2969,
      "alpha_cap": 0.131,
      "ev_ema": 0.2358
    },
    {
      "step": 907264,
      "scr_ema": 0.2759,
      "alpha_cap": 0.1207,
      "ev_ema": 0.2253
    },
    {
      "step": 909312,
      "scr_ema": 0.2647,
      "alpha_cap": 0.1155,
      "ev_ema": 0.2547
    },
    {
      "step": 911360,
      "scr_ema": 0.3442,
      "alpha_cap": 0.1559,
      "ev_ema": 0.2412
    },
    {
      "step": 913408,
      "scr_ema": 0.3304,
      "alpha_cap": 0.1484,
      "ev_ema": 0.2313
    },
    {
      "step": 915456,
      "scr_ema": 0.3053,
      "alpha_cap": 0.1352,
      "ev_ema": 0.2212
    },
    {
      "step": 917504,
      "scr_ema": 0.2779,
      "alpha_cap": 0.1217,
      "ev_ema": 0.2137
    },
    {
      "step": 919552,
      "scr_ema": 0.2508,
      "alpha_cap": 0.1092,
      "ev_ema": 0.208
    },
    {
      "step": 921600,
      "scr_ema": 0.255,
      "alpha_cap": 0.1111,
      "ev_ema": 0.2012
    },
    {
      "step": 923648,
      "scr_ema": 0.3862,
      "alpha_cap": 0.1798,
      "ev_ema": 0.1864
    },
    {
      "step": 925696,
      "scr_ema": 0.3684,
      "alpha_cap": 0.1695,
      "ev_ema": 0.1788
    },
    {
      "step": 927744,
      "scr_ema": 0.3801,
      "alpha_cap": 0.1763,
      "ev_ema": 0.19
    },
    {
      "step": 929792,
      "scr_ema": 0.3768,
      "alpha_cap": 0.1743,
      "ev_ema": 0.2187
    },
    {
      "step": 931840,
      "scr_ema": 0.3663,
      "alpha_cap": 0.1683,
      "ev_ema": 0.2091
    },
    {
      "step": 933888,
      "scr_ema": 0.3774,
      "alpha_cap": 0.1747,
      "ev_ema": 0.2035
    },
    {
      "step": 935936,
      "scr_ema": 0.3468,
      "alpha_cap": 0.1574,
      "ev_ema": 0.1941
    },
    {
      "step": 937984,
      "scr_ema": 0.3497,
      "alpha_cap": 0.159,
      "ev_ema": 0.2077
    },
    {
      "step": 940032,
      "scr_ema": 0.3161,
      "alpha_cap": 0.1408,
      "ev_ema": 0.2323
    },
    {
      "step": 942080,
      "scr_ema": 0.2968,
      "alpha_cap": 0.131,
      "ev_ema": 0.2538
    },
    {
      "step": 944128,
      "scr_ema": 0.3049,
      "alpha_cap": 0.135,
      "ev_ema": 0.2451
    },
    {
      "step": 946176,
      "scr_ema": 0.2993,
      "alpha_cap": 0.1322,
      "ev_ema": 0.2623
    },
    {
      "step": 948224,
      "scr_ema": 0.2957,
      "alpha_cap": 0.1304,
      "ev_ema": 0.2757
    },
    {
      "step": 950272,
      "scr_ema": 0.4748,
      "alpha_cap": 0.234,
      "ev_ema": 0.2542
    },
    {
      "step": 952320,
      "scr_ema": 0.5393,
      "alpha_cap": 0.2753,
      "ev_ema": 0.2467
    },
    {
      "step": 954368,
      "scr_ema": 0.5103,
      "alpha_cap": 0.2566,
      "ev_ema": 0.2371
    },
    {
      "step": 956416,
      "scr_ema": 0.4794,
      "alpha_cap": 0.2369,
      "ev_ema": 0.2274
    },
    {
      "step": 958464,
      "scr_ema": 0.4582,
      "alpha_cap": 0.2235,
      "ev_ema": 0.2257
    },
    {
      "step": 960512,
      "scr_ema": 0.4292,
      "alpha_cap": 0.2056,
      "ev_ema": 0.2189
    },
    {
      "step": 962560,
      "scr_ema": 0.4389,
      "alpha_cap": 0.2115,
      "ev_ema": 0.2196
    },
    {
      "step": 964608,
      "scr_ema": 0.4292,
      "alpha_cap": 0.2055,
      "ev_ema": 0.2112
    },
    {
      "step": 966656,
      "scr_ema": 0.3873,
      "alpha_cap": 0.1804,
      "ev_ema": 0.2057
    },
    {
      "step": 968704,
      "scr_ema": 0.443,
      "alpha_cap": 0.2141,
      "ev_ema": 0.2032
    },
    {
      "step": 970752,
      "scr_ema": 0.4019,
      "alpha_cap": 0.1891,
      "ev_ema": 0.2379
    },
    {
      "step": 972800,
      "scr_ema": 0.3686,
      "alpha_cap": 0.1696,
      "ev_ema": 0.2276
    },
    {
      "step": 974848,
      "scr_ema": 0.3943,
      "alpha_cap": 0.1845,
      "ev_ema": 0.2223
    },
    {
      "step": 976896,
      "scr_ema": 0.4205,
      "alpha_cap": 0.2002,
      "ev_ema": 0.2159
    },
    {
      "step": 978944,
      "scr_ema": 0.4094,
      "alpha_cap": 0.1936,
      "ev_ema": 0.2274
    },
    {
      "step": 980992,
      "scr_ema": 0.4045,
      "alpha_cap": 0.1906,
      "ev_ema": 0.2139
    },
    {
      "step": 983040,
      "scr_ema": 0.3867,
      "alpha_cap": 0.1801,
      "ev_ema": 0.2057
    },
    {
      "step": 985088,
      "scr_ema": 0.3853,
      "alpha_cap": 0.1793,
      "ev_ema": 0.2029
    },
    {
      "step": 987136,
      "scr_ema": 0.3514,
      "alpha_cap": 0.1599,
      "ev_ema": 0.1944
    },
    {
      "step": 989184,
      "scr_ema": 0.3381,
      "alpha_cap": 0.1526,
      "ev_ema": 0.1882
    },
    {
      "step": 991232,
      "scr_ema": 0.3483,
      "alpha_cap": 0.1582,
      "ev_ema": 0.1812
    },
    {
      "step": 993280,
      "scr_ema": 0.3351,
      "alpha_cap": 0.151,
      "ev_ema": 0.1767
    },
    {
      "step": 995328,
      "scr_ema": 0.3088,
      "alpha_cap": 0.137,
      "ev_ema": 0.2051
    },
    {
      "step": 997376,
      "scr_ema": 0.3271,
      "alpha_cap": 0.1467,
      "ev_ema": 0.2002
    },
    {
      "step": 999424,
      "scr_ema": 0.298,
      "alpha_cap": 0.1316,
      "ev_ema": 0.1919
    },
    {
      "step": 1001472,
      "scr_ema": 0.3305,
      "alpha_cap": 0.1485,
      "ev_ema": 0.1845
    }
  ],
  "elapsed_s": 1187.8
}