{
  "env": "Ant-v4",
  "agent": "Optimal_HCGAE_v4",
  "seed": 8,
  "config": {
    "hidden_dim": 256,
    "use_obs_norm": true,
    "use_adv_norm": true,
    "use_lr_anneal": true,
    "eval_mode": "deterministic_mean",
    "scr_ema_alpha": 0.1,
    "scr_relax": 0.05
  },
  "total_steps": 1001472,
  "final_reward": 2441.387839027839,
  "top10_reward": 2475.5250791992294,
  "eval_rewards": [
    1013.9985967089831,
    274.20430322336233,
    21.753902054907826,
    42.97404569120515,
    217.935616457814,
    15.654421703801441,
    25.143341997227715,
    29.955791412973348,
    70.11731999913634,
    269.70297441743315,
    303.14690341319607,
    335.9067532382467,
    787.6490544041387,
    624.772733298735,
    720.7992075930855,
    741.2185293994796,
    817.7233516641343,
    706.2660072899437,
    828.2412212138515,
    803.7268450175663,
    1025.3252408575697,
    1065.4519219565532,
    1015.3836089284374,
    999.6055624404362,
    1579.0559322362403,
    1387.3530677589038,
    1666.9196161221175,
    1412.751056190397,
    1064.3886224517423,
    1076.3920439366555,
    1519.6715812593843,
    1093.5577396799097,
    1603.464855082568,
    1867.0798561121082,
    1417.031029287779,
    1426.0571905090924,
    1660.139844140772,
    1974.7562634234523,
    2243.4796370900817,
    1902.1072353761806,
    2293.3580489947462,
    2175.584455422929,
    2560.0208199382046,
    2464.6173294250357,
    2673.132251075091,
    2398.8468904685687,
    2586.8276803146446,
    2766.4328591959547,
    2592.950820067037
  ],
  "eval_steps": [
    20480,
    40960,
    61440,
    81920,
    102400,
    122880,
    143360,
    163840,
    184320,
    204800,
    225280,
    245760,
    266240,
    286720,
    307200,
    327680,
    348160,
    368640,
    389120,
    409600,
    430080,
    450560,
    471040,
    491520,
    512000,
    532480,
    552960,
    573440,
    593920,
    614400,
    634880,
    655360,
    675840,
    696320,
    716800,
    737280,
    757760,
    778240,
    798720,
    819200,
    839680,
    860160,
    880640,
    901120,
    921600,
    942080,
    962560,
    983040,
    1001472
  ],
  "diag_log": [
    {
      "step": 901120,
      "scr_ema": 0.3012,
      "alpha_cap": 0.1332,
      "ev_ema": 0.2473
    },
    {
      "step": 903168,
      "scr_ema": 0.2769,
      "alpha_cap": 0.1212,
      "ev_ema": 0.2499
    },
    {
      "step": 905216,
      "scr_ema": 0.2645,
      "alpha_cap": 0.1154,
      "ev_ema": 0.2806
    },
    {
      "step": 907264,
      "scr_ema": 0.2784,
      "alpha_cap": 0.1219,
      "ev_ema": 0.2735
    },
    {
      "step": 909312,
      "scr_ema": 0.3062,
      "alpha_cap": 0.1357,
      "ev_ema": 0.2654
    },
    {
      "step": 911360,
      "scr_ema": 0.3181,
      "alpha_cap": 0.1419,
      "ev_ema": 0.2562
    },
    {
      "step": 913408,
      "scr_ema": 0.2867,
      "alpha_cap": 0.126,
      "ev_ema": 0.2496
    },
    {
      "step": 915456,
      "scr_ema": 0.275,
      "alpha_cap": 0.1203,
      "ev_ema": 0.2441
    },
    {
      "step": 917504,
      "scr_ema": 0.2596,
      "alpha_cap": 0.1131,
      "ev_ema": 0.2351
    },
    {
      "step": 919552,
      "scr_ema": 0.2385,
      "alpha_cap": 0.1038,
      "ev_ema": 0.2583
    },
    {
      "step": 921600,
      "scr_ema": 0.2479,
      "alpha_cap": 0.1079,
      "ev_ema": 0.2751
    },
    {
      "step": 923648,
      "scr_ema": 0.2458,
      "alpha_cap": 0.107,
      "ev_ema": 0.2606
    },
    {
      "step": 925696,
      "scr_ema": 0.2465,
      "alpha_cap": 0.1073,
      "ev_ema": 0.2497
    },
    {
      "step": 927744,
      "scr_ema": 0.3505,
      "alpha_cap": 0.1594,
      "ev_ema": 0.2378
    },
    {
      "step": 929792,
      "scr_ema": 0.3803,
      "alpha_cap": 0.1764,
      "ev_ema": 0.2331
    },
    {
      "step": 931840,
      "scr_ema": 0.4006,
      "alpha_cap": 0.1883,
      "ev_ema": 0.2251
    },
    {
      "step": 933888,
      "scr_ema": 0.3698,
      "alpha_cap": 0.1703,
      "ev_ema": 0.2491
    },
    {
      "step": 935936,
      "scr_ema": 0.3547,
      "alpha_cap": 0.1617,
      "ev_ema": 0.2683
    },
    {
      "step": 937984,
      "scr_ema": 0.3265,
      "alpha_cap": 0.1463,
      "ev_ema": 0.2944
    },
    {
      "step": 940032,
      "scr_ema": 0.3132,
      "alpha_cap": 0.1393,
      "ev_ema": 0.3051
    },
    {
      "step": 942080,
      "scr_ema": 0.2903,
      "alpha_cap": 0.1277,
      "ev_ema": 0.3036
    },
    {
      "step": 944128,
      "scr_ema": 0.3663,
      "alpha_cap": 0.1683,
      "ev_ema": 0.2906
    },
    {
      "step": 946176,
      "scr_ema": 0.3609,
      "alpha_cap": 0.1653,
      "ev_ema": 0.2859
    },
    {
      "step": 948224,
      "scr_ema": 0.3728,
      "alpha_cap": 0.172,
      "ev_ema": 0.2924
    },
    {
      "step": 950272,
      "scr_ema": 0.3813,
      "alpha_cap": 0.1769,
      "ev_ema": 0.2863
    },
    {
      "step": 952320,
      "scr_ema": 0.3675,
      "alpha_cap": 0.169,
      "ev_ema": 0.2747
    },
    {
      "step": 954368,
      "scr_ema": 0.3452,
      "alpha_cap": 0.1565,
      "ev_ema": 0.2981
    },
    {
      "step": 956416,
      "scr_ema": 0.3841,
      "alpha_cap": 0.1786,
      "ev_ema": 0.282
    },
    {
      "step": 958464,
      "scr_ema": 0.355,
      "alpha_cap": 0.1619,
      "ev_ema": 0.3057
    },
    {
      "step": 960512,
      "scr_ema": 0.3288,
      "alpha_cap": 0.1476,
      "ev_ema": 0.326
    },
    {
      "step": 962560,
      "scr_ema": 0.3199,
      "alpha_cap": 0.1428,
      "ev_ema": 0.3395
    },
    {
      "step": 964608,
      "scr_ema": 0.3057,
      "alpha_cap": 0.1355,
      "ev_ema": 0.3562
    },
    {
      "step": 966656,
      "scr_ema": 0.2862,
      "alpha_cap": 0.1257,
      "ev_ema": 0.3748
    },
    {
      "step": 968704,
      "scr_ema": 0.2664,
      "alpha_cap": 0.1162,
      "ev_ema": 0.3952
    },
    {
      "step": 970752,
      "scr_ema": 0.2421,
      "alpha_cap": 0.1054,
      "ev_ema": 0.3945
    },
    {
      "step": 972800,
      "scr_ema": 0.2182,
      "alpha_cap": 0.0954,
      "ev_ema": 0.416
    },
    {
      "step": 974848,
      "scr_ema": 0.2075,
      "alpha_cap": 0.0913,
      "ev_ema": 0.4408
    },
    {
      "step": 976896,
      "scr_ema": 0.2009,
      "alpha_cap": 0.0888,
      "ev_ema": 0.4239
    },
    {
      "step": 978944,
      "scr_ema": 0.1808,
      "alpha_cap": 0.0816,
      "ev_ema": 0.4432
    },
    {
      "step": 980992,
      "scr_ema": 0.1897,
      "alpha_cap": 0.0847,
      "ev_ema": 0.4239
    },
    {
      "step": 983040,
      "scr_ema": 0.2424,
      "alpha_cap": 0.1055,
      "ev_ema": 0.4071
    },
    {
      "step": 985088,
      "scr_ema": 0.2555,
      "alpha_cap": 0.1113,
      "ev_ema": 0.392
    },
    {
      "step": 987136,
      "scr_ema": 0.2384,
      "alpha_cap": 0.1038,
      "ev_ema": 0.3749
    },
    {
      "step": 989184,
      "scr_ema": 0.2505,
      "alpha_cap": 0.1091,
      "ev_ema": 0.3656
    },
    {
      "step": 991232,
      "scr_ema": 0.2938,
      "alpha_cap": 0.1295,
      "ev_ema": 0.3413
    },
    {
      "step": 993280,
      "scr_ema": 0.2787,
      "alpha_cap": 0.1221,
      "ev_ema": 0.3295
    },
    {
      "step": 995328,
      "scr_ema": 0.274,
      "alpha_cap": 0.1198,
      "ev_ema": 0.3163
    },
    {
      "step": 997376,
      "scr_ema": 0.2738,
      "alpha_cap": 0.1197,
      "ev_ema": 0.3071
    },
    {
      "step": 999424,
      "scr_ema": 0.2499,
      "alpha_cap": 0.1088,
      "ev_ema": 0.3091
    },
    {
      "step": 1001472,
      "scr_ema": 0.2519,
      "alpha_cap": 0.1097,
      "ev_ema": 0.3273
    }
  ],
  "elapsed_s": 892.3
}