{
  "env": "Hopper-v4",
  "agent": "Heuristic_HCGAE",
  "seed": 0,
  "config": {
    "hidden_dim": 256,
    "lr": 0.0003,
    "gamma": 0.99,
    "lam": 0.95,
    "eps_clip": 0.2,
    "n_epochs": 10,
    "batch_size": 64,
    "n_steps": 2048,
    "ent_coef": 0.0,
    "vf_coef": 0.5,
    "max_grad_norm": 0.5,
    "use_obs_norm": true,
    "use_adv_norm": true,
    "use_lr_anneal": true,
    "total_timesteps": 50000,
    "eval_freq": 20480,
    "n_eval_episodes": 10,
    "eval_mode": "deterministic_mean",
    "scr_ema_alpha": null,
    "scr_relax": null,
    "clip_c": null,
    "use_dcppo_s": false,
    "dcppo_w_min": 0.1
  },
  "total_steps": 51200,
  "elapsed_s": 27.51478624343872,
  "final_reward": 251.4156771424401,
  "max_reward": 381.0383519678692,
  "eval_rewards": [
    82.2020673518152,
    291.00661210763593,
    381.0383519678692
  ],
  "eval_steps": [
    2048,
    22528,
    43008
  ],
  "episode_rewards": [
    281.7615943321416,
    289.3785984515742,
    235.94566198126893,
    299.7088024164552,
    305.0495451747702,
    256.5915021456073,
    278.1808087795946,
    243.36469239303173,
    291.8608430318382,
    265.2478112637109,
    118.89204803056468,
    304.8788891503911,
    219.62388255389854,
    152.1471639346367,
    288.4334025982102,
    318.3922930539516,
    278.9747167766203,
    307.71796177488443,
    325.83444606349,
    303.06037707636534,
    277.92967304829784,
    284.4501429523065,
    301.8307365413427,
    325.49754583214485,
    337.4099687118636,
    238.1996382481251,
    309.47564813996456,
    304.2794331016393,
    287.4975146790757,
    328.51865410894203,
    321.1896145619476,
    344.4460309450316,
    313.109869275045,
    293.62561425971785,
    331.5910867349608,
    276.9186663102703,
    299.8235759063433,
    337.2435954238772,
    308.7141493637697,
    313.00072506174223,
    295.08180059354186,
    292.5446272423,
    307.65946647825746,
    281.4805665191167,
    301.2369235904914,
    305.42702661505905,
    240.3106861708362,
    261.3286516580748,
    303.9059237570263,
    313.693149902787,
    335.8576965591454,
    313.9361488566854,
    321.9847356460148,
    357.85910332644164,
    338.7200777390064,
    317.4605180430305,
    302.7615575591155,
    286.0053909414147,
    299.7009146542172,
    333.6080925629508,
    270.4423355992488,
    320.0558046698302,
    355.8275076798775,
    381.6323827891708,
    285.50277165193705,
    345.2486776045024,
    337.0281135802521,
    253.56044688593397,
    302.93391530669817,
    309.5199255515296,
    313.3676155035153,
    303.6366878643725,
    310.62347167843023,
    311.7160656129417,
    326.928222420363,
    350.68435779994974,
    292.8062491304597,
    299.5270097783675,
    319.22082912011257,
    291.12043353737846,
    366.193845290057,
    322.7415230558483,
    346.07363527766387,
    308.8090419387255,
    335.3772993580618,
    371.3430149322192,
    289.70431706781307,
    331.83672225684177,
    332.04453639989185,
    314.3309399975683,
    330.93803946860277,
    343.75752975879226,
    302.98271258618774,
    320.14072613397093,
    307.7053289524545,
    306.1178333034597,
    368.63982997500176,
    343.71551576303375,
    366.16300673305085,
    328.80386558600287,
    308.413986828286,
    355.8557558224721,
    346.7236280282434,
    333.83915883010945,
    357.6956851441192,
    341.76366118587487,
    372.5642642257831,
    314.62535281084774,
    332.38844465968725,
    292.0248222433936,
    352.40801916420776,
    340.02248582150673,
    324.792840277506,
    303.8428132980736,
    317.4021514411321,
    366.71743678151887,
    345.85092136015624,
    368.41208135288355,
    309.59827378994873,
    329.103546195799,
    303.94298011692194,
    359.91932550362685,
    330.36296362349816,
    343.6917692322305,
    364.579222207628,
    323.86328887957626,
    376.31108963803104,
    514.0631181009107,
    328.9227547571562,
    364.85277848900347,
    371.86673490505444,
    365.2962376184048,
    338.312682698505,
    356.7938622255483,
    326.7242932487536,
    370.0954462068007,
    342.55221992880314,
    362.65596430248115,
    290.42923561284704,
    340.13244429117594,
    367.2749481401997,
    414.0129590830947,
    406.478741563472,
    304.3599419561883,
    352.9332219477992,
    382.4507691275086,
    409.49138312564804,
    364.78884581122276,
    392.6192833427271,
    355.62477220528086,
    467.50988130189154,
    326.1222453683117,
    454.9491926550419,
    364.7119744609336,
    362.4873056797119,
    401.412279949157,
    338.73230254782254,
    344.4449842149504,
    350.3161792457984,
    369.06441334697615,
    313.5816163989277,
    413.8546090905206,
    471.70121604290256,
    360.7870480220032,
    419.219383945399,
    386.75074579259024,
    326.92920162957387,
    344.3558125160972,
    306.99486470573964,
    372.69947872264515,
    335.34252436635546,
    379.01421483378465,
    377.33975212844445,
    314.3782802023303,
    484.7197705910968,
    355.8808656161786,
    351.28701984009587,
    392.41276224898087,
    542.6274127022476,
    510.82811401003397,
    341.1455082350173,
    392.1594983683147,
    377.0804628470929,
    485.65070214980125,
    428.0166153512546,
    366.4389308647072,
    518.8131776933984,
    377.9595807405304,
    341.8506401812584,
    496.2901796809738,
    353.2876503714658,
    359.00684819585064,
    392.52368127954384,
    390.3973163198636,
    514.8130255201015,
    351.4716304276592,
    346.75149665256214,
    367.76366076019883,
    500.46497977448144,
    499.7533031781623
  ],
  "bhvf_diagnostics": []
}