{
  "env": "Ant-v4",
  "agent": "GAE_Lambda1",
  "seed": 42,
  "final_reward": -24.80245612520518,
  "best_reward": 978.96080033954,
  "mean_reward": 149.61930626533135,
  "all_eval_rewards": [
    977.5433185523725,
    978.96080033954,
    627.7103668065148,
    262.8792987472642,
    87.35134370879715,
    333.6019877009788,
    363.1467037869969,
    281.9833962360831,
    113.06086010283695,
    102.1624789065892,
    154.17186700715507,
    35.94822050345344,
    56.63094269511254,
    67.74835985748416,
    23.706164527558098,
    81.59398778622806,
    40.475514190376806,
    6.683484159894308,
    3.8966632242221655,
    3.920417250638424,
    0.7446562683037825,
    -26.509183291814686,
    -32.779310538043475,
    -24.892061868802564,
    -58.59451892205395,
    -47.77850766746219,
    -9.617987233945517,
    -51.14691710381856,
    -13.64246403785146
  ],
  "eval_steps": [
    10240,
    20480,
    30720,
    40960,
    51200,
    61440,
    71680,
    81920,
    92160,
    102400,
    112640,
    122880,
    133120,
    143360,
    153600,
    163840,
    174080,
    184320,
    194560,
    204800,
    215040,
    225280,
    235520,
    245760,
    256000,
    266240,
    276480,
    286720,
    296960
  ],
  "elapsed_s": 136.1
}