{
  "env": "Ant-v4",
  "agent": "HCGAE_Base",
  "seed": 789,
  "final_reward": 743.9296009169797,
  "best_reward": 946.2632244013068,
  "mean_reward": 392.8476873818291,
  "all_eval_rewards": [
    946.2632244013068,
    920.935154556478,
    886.386376639441,
    578.3605818117253,
    373.7870051313054,
    69.1015556730507,
    131.70242978609235,
    53.36214509986778,
    164.31692373963875,
    24.269233650912184,
    27.357029160008857,
    40.87667945148057,
    45.05017417815179,
    48.49589338635787,
    97.94453472036115,
    207.6259634179879,
    111.79460810216759,
    132.6151243079273,
    318.3966280081105,
    329.29436185015345,
    280.978794586695,
    539.2418933516026,
    699.2932429475736,
    789.7877127069701,
    483.31753981902347,
    860.2393208377141,
    723.5566744495009,
    855.1185600654662,
    653.1135682359717
  ],
  "eval_steps": [
    10240,
    20480,
    30720,
    40960,
    51200,
    61440,
    71680,
    81920,
    92160,
    102400,
    112640,
    122880,
    133120,
    143360,
    153600,
    163840,
    174080,
    184320,
    194560,
    204800,
    215040,
    225280,
    235520,
    245760,
    256000,
    266240,
    276480,
    286720,
    296960
  ],
  "elapsed_s": 130.2
}