{
  "env": "Ant-v4",
  "agent": "HCGAE_Imp12",
  "seed": 123,
  "final_reward": 584.4897493150386,
  "best_reward": 924.674561983649,
  "mean_reward": 357.73056689794663,
  "all_eval_rewards": [
    924.6324078556274,
    924.674561983649,
    561.0219692711481,
    424.064196092966,
    145.31415710182506,
    107.54784316518598,
    152.49333668451564,
    54.244959352219084,
    178.84277634780992,
    168.25349263277195,
    194.61604059913788,
    239.92241284943543,
    284.46574391444835,
    209.79153897560565,
    151.7328834953113,
    265.518231712854,
    226.88073623070062,
    352.16642956781686,
    474.7395128484598,
    361.40898487800445,
    290.5986352813735,
    245.36465054570166,
    303.9727766081872,
    591.554141502619,
    366.47717242272836,
    420.41760017523245,
    475.8946465976029,
    555.9849529196281,
    721.5896484278849
  ],
  "eval_steps": [
    10240,
    20480,
    30720,
    40960,
    51200,
    61440,
    71680,
    81920,
    92160,
    102400,
    112640,
    122880,
    133120,
    143360,
    153600,
    163840,
    174080,
    184320,
    194560,
    204800,
    215040,
    225280,
    235520,
    245760,
    256000,
    266240,
    276480,
    286720,
    296960
  ],
  "elapsed_s": 130.1
}