{
  "env": "Ant-v4",
  "agent": "Standard_PPO",
  "seed": 456,
  "final_reward": 863.6427004528977,
  "best_reward": 972.702275164564,
  "mean_reward": 768.5563194898265,
  "all_eval_rewards": [
    972.702275164564,
    963.2075909758171,
    935.4868801502926,
    957.2157372627955,
    884.2051455910674,
    478.6474842152387,
    566.3086834859348,
    801.7351346244643,
    658.6461609396888,
    874.2666556754336,
    625.4609839662905,
    476.15603932128516,
    620.9506016152998,
    664.1063735515706,
    566.3104071073933,
    570.3866995243101,
    590.5095737595501,
    797.3492590325411,
    771.3786369156921,
    906.1679013615725,
    778.5380583143691,
    907.9940969954154,
    623.805537778121,
    893.3251014135387,
    893.4784401544943,
    918.8657049495298,
    967.2843932627114,
    735.3074013499852,
    888.3363067459965
  ],
  "eval_steps": [
    10240,
    20480,
    30720,
    40960,
    51200,
    61440,
    71680,
    81920,
    92160,
    102400,
    112640,
    122880,
    133120,
    143360,
    153600,
    163840,
    174080,
    184320,
    194560,
    204800,
    215040,
    225280,
    235520,
    245760,
    256000,
    266240,
    276480,
    286720,
    296960
  ],
  "elapsed_s": 167.0
}