{
  "env": "Ant-v4",
  "agent": "Standard_PPO",
  "seed": 42,
  "final_reward": 928.7245106836918,
  "best_reward": 1070.2273589735544,
  "mean_reward": 920.1908108194898,
  "all_eval_rewards": [
    933.8869581962351,
    934.3022094340902,
    945.5716417620309,
    908.6958033215312,
    901.1046994887884,
    789.7617588379837,
    887.2428241025442,
    954.4710825343758,
    939.3785016251237,
    847.0865041652405,
    787.1957129418879,
    914.5721169088899,
    925.0266113515958,
    853.0100603998478,
    946.0650129277508,
    878.6542604617227,
    934.4723959643982,
    933.2991054886812,
    1070.2273589735544,
    1048.3237188467028,
    895.7445194009479,
    861.1889684702962,
    973.369270601282,
    995.1256709869729,
    938.2947975669236,
    903.2884169547306,
    895.6078379113869,
    966.3072183828838,
    924.258475756805
  ],
  "eval_steps": [
    10240,
    20480,
    30720,
    40960,
    51200,
    61440,
    71680,
    81920,
    92160,
    102400,
    112640,
    122880,
    133120,
    143360,
    153600,
    163840,
    174080,
    184320,
    194560,
    204800,
    215040,
    225280,
    235520,
    245760,
    256000,
    266240,
    276480,
    286720,
    296960
  ],
  "elapsed_s": 177.0
}