{
  "eval_rewards": [
    -0.4560707093574498,
    -38.5129565329831,
    1679.2366427390225,
    3065.4144095001006,
    3578.692687126807,
    3885.898897528178,
    4050.7882409471226,
    4455.859761286891,
    4426.3953770069265,
    4692.827115694801,
    4903.7152001980185,
    4522.726215585862,
    5111.7980613118625,
    5155.994082247866,
    5315.895712870495,
    5366.3087338538835,
    5517.400778875488,
    5462.212797582257,
    5682.585838130764,
    5759.531072532425,
    5694.524467060752,
    5890.391777182923,
    5969.353667620031,
    6053.335530305976,
    5978.116941754739,
    6068.839438178606,
    6010.387160970475,
    6074.736089721951,
    6161.341557513091,
    6139.840511696037,
    6304.078598939821,
    6397.568682076588,
    6379.112481973296,
    6531.534376745226,
    6670.756452929265,
    6739.23354561719,
    6796.265437896131,
    6928.1897889069005,
    6997.487130679954,
    7029.042984782235,
    7139.86149293625,
    7099.560285786589,
    7278.113249725977,
    7297.348071431938,
    7355.8198119461085,
    7391.586144239298,
    7423.226338581226,
    7578.960380590205,
    7592.018232468528,
    7782.668463605619,
    7785.335802891366,
    7653.401142789053,
    7679.003559214796,
    7845.976965324271,
    7887.59509092377,
    7926.755439956074,
    8063.834695657165,
    8028.51687141448,
    8135.418916044384,
    8281.622821994251,
    8361.093971337707,
    8326.39515156642,
    8347.520696550335,
    8596.890351375998,
    8510.653395899322,
    8611.290071100791,
    8647.235552005272,
    8524.194015763997,
    8607.771276955791,
    8651.936400689312,
    8793.588486197692,
    8815.0981682784,
    8963.376616940472,
    8999.36860279604,
    9133.570618341637,
    8934.390211961427,
    9136.284204012674,
    9162.343938485556,
    9495.142345263512,
    9583.973252344662,
    9372.162364409633,
    9348.760383019184,
    9526.170606492291,
    9499.27893604395,
    9582.979682795447,
    9714.53385579948,
    9534.949197296664,
    9901.493737736111,
    9839.168847533834,
    9939.072798672249,
    9999.629519114224,
    10086.226224826554,
    9990.094399356763,
    9736.405717062642,
    10220.096482955369,
    10193.12329949279,
    10374.371551518176
  ],
  "eval_steps": [
    10240,
    20480,
    30720,
    40960,
    51200,
    61440,
    71680,
    81920,
    92160,
    102400,
    112640,
    122880,
    133120,
    143360,
    153600,
    163840,
    174080,
    184320,
    194560,
    204800,
    215040,
    225280,
    235520,
    245760,
    256000,
    266240,
    276480,
    286720,
    296960,
    307200,
    317440,
    327680,
    337920,
    348160,
    358400,
    368640,
    378880,
    389120,
    399360,
    409600,
    419840,
    430080,
    440320,
    450560,
    460800,
    471040,
    481280,
    491520,
    501760,
    512000,
    522240,
    532480,
    542720,
    552960,
    563200,
    573440,
    583680,
    593920,
    604160,
    614400,
    624640,
    634880,
    645120,
    655360,
    665600,
    675840,
    686080,
    696320,
    706560,
    716800,
    727040,
    737280,
    747520,
    757760,
    768000,
    778240,
    788480,
    798720,
    808960,
    819200,
    829440,
    839680,
    849920,
    860160,
    870400,
    880640,
    890880,
    901120,
    911360,
    921600,
    931840,
    942080,
    952320,
    962560,
    972800,
    983040,
    993280
  ],
  "final_reward": 10112.399172830272,
  "last5_mean": 10102.818290077148
}