{
  "env": "HalfCheetah-v4",
  "agent": "Standard_PPO",
  "seed": 2,
  "total_steps": 501760,
  "final_reward": 1135.09011091417,
  "eval_rewards": [
    -514.5712319260324,
    -508.859505095628,
    -445.2293233237463,
    -392.1502059256842,
    -352.1483312838683,
    -337.5399065510844,
    -297.41702624069546,
    -286.60172993399794,
    -228.43036761061973,
    -192.69748971614453,
    -158.38547402498168,
    -121.73762249118415,
    -48.58699902944117,
    31.328231819417972,
    172.47957461526877,
    208.78741461549785,
    305.7313877774343,
    421.7740562879961,
    519.3581571055482,
    539.2818449895872,
    685.193993502694,
    726.3229451549144,
    734.0769875477247,
    772.9774513389342,
    901.8450222943023,
    728.9201991007047,
    900.1277026805552,
    910.1712813020888,
    881.0042330474728,
    895.1597867934504,
    839.3790892898178,
    1017.8704745763462,
    1035.0824695695333,
    960.6429731638834,
    1012.5766533957552,
    1046.4694157417211,
    1018.4906959992416,
    993.0866907812994,
    1138.677282548547,
    1064.425850548792,
    1172.2587462784986,
    1104.4061299635537,
    1127.4281928076398,
    1019.1119313249143,
    993.0788415809242,
    1146.9542451621835,
    1207.5904680542021,
    1150.4183255884823,
    1177.408674185059
  ],
  "eval_steps": [
    10240,
    20480,
    30720,
    40960,
    51200,
    61440,
    71680,
    81920,
    92160,
    102400,
    112640,
    122880,
    133120,
    143360,
    153600,
    163840,
    174080,
    184320,
    194560,
    204800,
    215040,
    225280,
    235520,
    245760,
    256000,
    266240,
    276480,
    286720,
    296960,
    307200,
    317440,
    327680,
    337920,
    348160,
    358400,
    368640,
    378880,
    389120,
    399360,
    409600,
    419840,
    430080,
    440320,
    450560,
    460800,
    471040,
    481280,
    491520,
    501760
  ],
  "episode_rewards": [
    -730.7181381760208,
    -758.2697951055919,
    -644.4859347144718,
    -671.5038286142321,
    -529.9398803223436,
    -761.0636726343464,
    -555.4162358120091,
    -633.6149037471004,
    -603.5546786248786,
    -504.88847261994977,
    -608.9737503737662,
    -474.1090704398284,
    -590.4165656761279,
    -765.3465453180461,
    -471.0708187357543,
    -645.3165830435177,
    -470.19994969565437,
    -623.0703589932913,
    -691.3860277977847,
    -496.3348021778542,
    -625.7369036520386,
    -512.4172597008684,
    -430.11690809301365,
    -462.9512215987662,
    -490.37740009533366,
    -483.4140039545418,
    -421.35054493723203,
    -431.6840779814576,
    -538.5955984735958,
    -371.7938741896537,
    -492.3476186841854,
    -443.773081257318,
    -505.92707877519297,
    -510.4333475609014,
    -289.09591471027807,
    -410.2487655999247,
    -419.09212982341603,
    -409.4216396955979,
    -433.61267085777206,
    -415.7207869002213,
    -379.110669640593,
    -315.22968117281977,
    -432.6770302945249,
    -359.1370508838133,
    -395.94346238053157,
    -363.3804907558234,
    -405.45047583274777,
    -357.0644583788138,
    -427.83013917056456,
    -340.55407776138037,
    -395.1995614192775,
    -513.4380803370667,
    -363.8689297863131,
    -385.5649639796203,
    -416.3224068306509,
    -328.2197224511163,
    -388.2026295580422,
    -334.2037206836241,
    -364.820297820282,
    -323.71013101179057,
    -292.2071764002452,
    -314.56658470493863,
    -422.9941046298454,
    -336.6160446774065,
    -362.367731436653,
    -309.02186149679164,
    -348.23624292046924,
    -285.02586966213096,
    -261.2296329706687,
    -338.7666775095978,
    -311.79399780688425,
    -212.61861707084128,
    -300.06133350192187,
    -291.92584352859666,
    -301.9522727502335,
    -300.97390405343975,
    -294.6097929655481,
    -312.60368341511554,
    -348.37972582460054,
    -355.93590867225765,
    -236.3545574800281,
    -284.61075353362804,
    -231.2304158903603,
    -273.4425615912952,
    -268.3478949281582,
    -228.16608009990466,
    -228.57608168061708,
    -232.70951571906633,
    -300.3674336182722,
    -259.3995577008717,
    -266.3737836986034,
    -281.13423298464926,
    -245.40530297581182,
    -244.3896991043661,
    -206.08128713209138,
    -162.52113226279747,
    -181.87921864100514,
    -273.6071974873398,
    -231.40242848938226,
    -197.46775742850753,
    -256.3943426521734,
    -165.08734395090363,
    -166.5041620296157,
    -232.54609211734726,
    -147.0200267791848,
    -117.16921096623352,
    -316.64132379465383,
    -85.68628421513901,
    -103.2054291655341,
    -140.010522189886,
    -116.04880796038145,
    -209.62305917785056,
    -88.6923447694511,
    -113.43729770786429,
    -70.17730332266258,
    -35.70643037546631,
    -127.43357820858807,
    -112.5738193112043,
    -113.61770191856968,
    -303.42302725632305,
    -75.99169228601123,
    -115.5226145500483,
    -59.52328061425064,
    -81.64864042752416,
    -89.96028241030528,
    -33.52349459142746,
    -4.8933544645025195,
    -65.19401444099674,
    -52.48838776552107,
    -38.69766559947213,
    -110.54903696545811,
    14.261195673113644,
    -31.9371581565836,
    -21.172087843327603,
    -51.21380158409252,
    -6.951189973540005,
    68.08081486153179,
    -41.651576576825214,
    38.706399025837634,
    16.999758445371455,
    15.760759205886117,
    16.551883606433613,
    39.44581437071234,
    39.837573668997145,
    -32.71671402752617,
    38.98530539418328,
    117.13526646831308,
    77.81044490221103,
    81.92486799814247,
    85.67045092535767,
    128.02030479550803,
    120.63637563633522,
    125.85342558168634,
    183.5729700525132,
    217.89301873370158,
    201.70492206269353,
    220.2162908797901,
    159.52572554334392,
    217.7645649890769,
    209.6314401975766,
    266.5502938703767,
    116.74696525920072,
    238.06936949579637,
    323.69409460612087,
    282.1981062029714,
    305.13337515254653,
    254.06524414525995,
    388.9107422991494,
    328.3706037944924,
    394.8438906634819,
    335.34386875160203,
    355.310170120758,
    336.83284092922804,
    -12.251196246127098,
    341.9226182076273,
    321.1367285686455,
    392.86440584970865,
    369.0559410308602,
    390.04454217810917,
    377.3221975671938,
    224.7866331070221,
    388.7484892507771,
    457.53718958482887,
    272.8256545195401,
    427.18875218163623,
    423.3306735420678,
    517.2049125247655,
    528.1548441823511,
    468.6673504811315,
    553.1541003122546,
    573.808970628774,
    522.5733530872504,
    545.0221380046394,
    374.1253062770494,
    493.6026030301295,
    195.15644173650233,
    672.9524667132804,
    546.6303573449666,
    615.7570289910831,
    550.0052237311625,
    602.5860305588196,
    639.4254728753675,
    644.2560587828741,
    477.52015641514663,
    587.6094983306689,
    452.74913051115965,
    544.9297284526938,
    474.4329663615715,
    561.2828497049545,
    617.6676372568473,
    547.1413727869605,
    721.5789654656845,
    666.8480906212035,
    534.0244935267032,
    549.462929398268,
    713.7070486722408,
    662.8329515397979,
    686.2210604717118,
    770.71588550121,
    838.5440773797214,
    678.9127795748213,
    767.9847928349968,
    574.9296533821345,
    714.003156109189,
    892.1760120981909,
    746.1143758520731,
    760.1437497511845,
    731.5621959436638,
    845.5461195583556,
    852.539603495941,
    853.4817280041494,
    843.0048586487674,
    819.626994282485,
    477.8579659615583,
    782.4003037768671,
    826.7026915682803,
    814.1932952254563,
    740.8071200045127,
    469.0973113120207,
    437.03103311278096,
    861.172521821433,
    852.6087558611565,
    749.3011407680577,
    851.3522862969654,
    960.0654752039864,
    900.970931748974,
    861.6275019059951,
    924.7827324176378,
    881.0384800660007,
    726.1582783596484,
    617.8274742535004,
    872.8616736407289,
    956.8556029016775,
    674.8323831602677,
