{
  "env": "HalfCheetah-v4",
  "agent": "Standard_PPO",
  "seed": 3,
  "total_steps": 501760,
  "final_reward": 814.7432249626422,
  "eval_rewards": [
    -594.0624335710258,
    -482.2196047535993,
    -454.4342563538356,
    -408.2075581630969,
    -362.5747989343799,
    -297.0069790132892,
    -264.1268945616082,
    -199.18780495670475,
    -139.58408793576518,
    -133.5276048256781,
    -79.46234843689102,
    18.667086688635,
    -5.8887649773521575,
    101.35438477767941,
    83.1273961757657,
    121.19095746984608,
    248.59286910660126,
    162.72593238284512,
    316.42536641176184,
    326.61478501490836,
    393.50767829060123,
    496.821715734405,
    486.4583135864485,
    667.3400371608155,
    688.2725174443315,
    644.7440798369537,
    550.02874709711,
    511.64291554906583,
    488.9411946361477,
    594.825132062344,
    519.2114070789526,
    224.19901255429744,
    214.2153123809995,
    366.5077219061507,
    163.55948887954924,
    420.40451902653285,
    483.8049834819826,
    428.8785493947254,
    490.9250511867414,
    237.43029330068367,
    488.3270836712383,
    544.0747171296961,
    878.972170070991,
    472.7351405439423,
    743.5265090382134,
    656.7770706168546,
    854.8064740599091,
    989.4916132267459,
    829.1144578714884
  ],
  "eval_steps": [
    10240,
    20480,
    30720,
    40960,
    51200,
    61440,
    71680,
    81920,
    92160,
    102400,
    112640,
    122880,
    133120,
    143360,
    153600,
    163840,
    174080,
    184320,
    194560,
    204800,
    215040,
    225280,
    235520,
    245760,
    256000,
    266240,
    276480,
    286720,
    296960,
    307200,
    317440,
    327680,
    337920,
    348160,
    358400,
    368640,
    378880,
    389120,
    399360,
    409600,
    419840,
    430080,
    440320,
    450560,
    460800,
    471040,
    481280,
    491520,
    501760
  ],
  "episode_rewards": [
    -521.9759140686547,
    -629.5051093047888,
    -553.5795502876603,
    -519.3808634701451,
    -604.6555729183785,
    -661.6398588382035,
    -631.3398207522363,
    -485.3876175408375,
    -639.2393733960805,
    -555.8797411078436,
    -642.0080567111575,
    -537.4388765989045,
    -595.2002474881946,
    -508.13423649732346,
    -555.7429994799231,
    -524.4762863300555,
    -525.3777858687027,
    -676.4532677236608,
    -411.45587415445164,
    -444.80771772993893,
    -547.7295978450895,
    -674.2046085038176,
    -506.7455782696446,
    -437.88099198720283,
    -434.88748141750926,
    -539.4339335697923,
    -457.7011814260764,
    -433.6521306423758,
    -443.5182548081219,
    -335.7746504796149,
    -454.7999120589222,
    -480.14732232952053,
    -531.6409534884265,
    -436.24925069342686,
    -534.1198433508785,
    -464.50403609898035,
    -503.6184948472171,
    -432.6657806814871,
    -392.18828485747974,
    -377.52380903922653,
    -393.76548564967936,
    -468.6868317932976,
    -386.30797049527564,
    -249.55793240509962,
    -450.891155792084,
    -277.26926921193365,
    -398.8845642700709,
    -393.1034836487477,
    -336.1980609683719,
    -296.339180623992,
    -263.4537206286031,
    -319.67742149371514,
    -326.42102352574943,
    -374.89963090284596,
    -410.463905584058,
    -244.5061491495155,
    -252.40876254269318,
    -260.327819188892,
    -284.670202271854,
    -368.3161724979315,
    -401.9577352421466,
    -287.0986226556706,
    -274.45499081410725,
    -449.2715090787339,
    -383.11782758998373,
    -300.91077924612046,
    -177.72734018590688,
    -355.0310910068454,
    -274.52186567456647,
    -212.8667819719039,
    -264.71636516430715,
    -253.8592525588977,
    -254.4506866108474,
    -348.9644586589485,
    -247.82640679155344,
    -185.0365716430952,
    -212.69206709716892,
    -104.31957280763321,
    -176.082955359061,
    -101.4374650447809,
    -169.44138169103965,
    -250.88923369600656,
    -194.24395620813786,
    -142.7440118929659,
    -302.0061187341855,
    -170.77244869105942,
    -17.32811858628355,
    -133.76272283022053,
    -74.6649363425134,
    -296.1330669906052,
    -161.16382524677388,
    -90.71523844114864,
    -44.169035500426105,
    -92.86952447009571,
    -183.47643180948836,
    -290.4816567221379,
    -161.88195547839624,
    -147.87731204534924,
    -137.5809680476337,
    -108.0872237098963,
    -134.64300866004373,
    -82.07567441989721,
    -352.55534338080344,
    -105.23056103161082,
    -56.3899489457517,
    -66.92847842057029,
    -127.19600109151801,
    -23.425793420320396,
    -18.790327095970785,
    -302.4867138347982,
    -25.83714819256064,
    -6.477644667159299,
    -0.36498696448707335,
    -116.8358377377805,
    -16.801636680915976,
    -54.29574481083789,
    44.79296099398653,
    -76.02503865507187,
    -29.19343632897771,
    -107.97244786098945,
    -92.4069962037983,
    -223.71801614025512,
    -95.19763060572795,
    -293.40819633479873,
    56.22910729137023,
    79.0442506838543,
    38.579442403822476,
    27.605254964409706,
    65.64589499948747,
    37.634695596168044,
    118.35273937396794,
    57.75586647022784,
    45.68084467259437,
    6.296661319507042,
    8.270399917390066,
    27.751053167942466,
    9.256010351157101,
    216.85717968194135,
    139.31287742283047,
    -2.4773297414043807,
    -15.652727027392096,
    76.53390873761124,
    90.88479976158553,
    97.66578653212136,
    113.00492284275836,
    97.44773548376541,
    167.4513479182041,
    89.13656675455437,
    123.5008704992714,
    153.34542226851465,
    131.94760000425833,
    73.01389168123863,
    100.92989630974066,
    119.12657858933777,
    47.14594369637497,
    -187.44787621118542,
    156.11058619618117,
    176.90377740829592,
    202.32936613751778,
    192.2940223951637,
    284.65278314087,
    109.59741834873864,
    90.31482021536992,
    207.26181139473184,
    240.3216592496603,
    107.95497679732027,
    -56.036411263113784,
    204.81492888671747,
    202.23798867078906,
    265.242579070282,
    261.3237969311375,
    106.22740502340523,
    198.29802965588826,
    46.20752483864446,
    328.49125636112547,
    232.67579891730801,
    195.18990419614556,
    324.7571110948764,
    243.80834878749545,
    -136.17504706124615,
    397.2431867144583,
    379.75471497804386,
    181.9061947159173,
    178.6064563246474,
    335.31302293972055,
    373.5418625992591,
    416.1189622096257,
    206.11039857446258,
    374.1310498143151,
    378.75464314567614,
    330.629954463876,
    275.74292399287293,
    22.83992739167314,
    217.92042723519228,
    417.46149112370546,
    381.21586623693224,
    261.8021141088467,
    275.1323299379165,
    298.26833954634066,
    390.92151502613603,
    546.3454475696358,
    488.4983906303464,
    328.77943183422883,
    512.0990260447704,
    98.25200401944949,
    417.2337540725336,
    377.3516146812196,
    592.6764543589104,
    494.73577615928355,
    430.1732180887012,
    372.6785964193095,
    482.76174840636133,
    -80.14416712863445,
    444.34679681529224,
    375.55539324613665,
    562.9889831938871,
    449.85359269707953,
    497.13490598078914,
    540.8383062064554,
    517.2278318228946,
    588.476730472844,
    546.325725141431,
    599.9144874171859,
    607.1988876799574,
    703.8301433452611,
    -198.26679018567367,
    -167.42654929825397,
    194.6253075853079,
    416.35387724285545,
    610.0913154390255,
    597.4640654980327,
    378.6662425779134,
    521.6354620626109,
    556.0397861545458,
    -5.126376011780806,
    628.5832172740497,
    369.69691063589966,
    574.7540787915908,
    608.6632200388142,
    716.5735435552382,
    588.8104580109102,
    685.2788782922092,
    -276.0294004449047,
    582.820762011842,
    126.04913930580774,
    331.6952948862474,
    779.5933537653967,
    704.9342680687404,
    542.7450316897407,
    678.1028574252015,
    534.9533621208328,
    622.634350464121,
    664.2915790102284,
    621.1019630997984,
