{
  "Hopper-v4": {
    "Standard_PPO": {
      "seeds": [
        1981.1142544480942,
        2474.5102810307294,
        2403.2072565816025,
        2094.698177533829,
        3422.117215877473,
        1801.8859345664775,
        2253.376752371752,
        2702.6603194650434,
        2967.9640640337975,
        3141.9343799355443
      ],
      "seed_list": [
        1,
        2,
        3,
        4,
        5,
        6,
        7,
        8,
        9,
        10
      ],
      "scr_ema_list": [],
      "mean": 2524.3468635844342,
      "std": 500.8223837269395,
      "n_seeds": 10
    },
    "HCGAE_Imp12": {
      "seeds": [
        2870.474858994935,
        3098.1523966896175,
        2005.4640372033355,
        2906.496448877939,
        1991.485264611095,
        1999.7197145835842,
        2757.198260573068,
        3095.4149739721674,
        2801.3461582888895,
        3107.0621181620204
      ],
      "seed_list": [
        1,
        2,
        3,
        4,
        5,
        6,
        7,
        8,
        9,
        10
      ],
      "scr_ema_list": [
        0.1723547314216266,
        0.20790887461424742,
        0.18086791497756738,
        0.18104909642888464,
        0.28277277227268827,
        0.19013312321777578,
        0.1799502705439801,
        0.18926194933844798,
        0.20117153501895657,
        0.16489443611842663
      ],
      "mean": 2663.2814231956645,
      "std": 450.2339746879759,
      "n_seeds": 10
    },
    "HCGAE_Imp12_SCR": {
      "seeds": [
        3332.097835571249,
        3345.166284920513,
        3056.5166071797603,
        2086.707298992504,
        2203.1934634782256,
        2723.1390528626735,
        3018.8395643477297,
        2279.8508018578023,
        3353.7742970911313,
        2942.922387525098
      ],
      "seed_list": [
        1,
        2,
        3,
        4,
        5,
        6,
        7,
        8,
        9,
        10
      ],
      "scr_ema_list": [
        0.2139238897726354,
        0.2095578883053058,
        0.15845033895589908,
        0.18412198055812845,
        0.27134653873969894,
        0.26135011961950333,
        0.23017729635782994,
        0.24948696189044894,
        0.16983252450216854,
        0.1644828151460594
      ],
      "mean": 2834.220759382669,
      "std": 463.77099948492366,
      "n_seeds": 10
    }
  },
  "Walker2d-v4": {
    "Standard_PPO": {
      "seeds": [
        1084.545291936785,
        821.269847373901,
        665.518060392428,
        639.1187966263219,
        1817.7508853815339,
        2474.208371647056,
        1717.6760317631924
      ],
      "seed_list": [
        1,
        2,
        3,
        4,
        5,
        6,
        7
      ],
      "scr_ema_list": [],
      "mean": 1317.1553264458885,
      "std": 647.4299738428889,
      "n_seeds": 7
    }
  }
}