{
  "env": "Ant-v4",
  "agent": "DCPPO_S",
  "seed": 789,
  "final_reward": 320.8862565145625,
  "best_reward": 947.5672542044103,
  "all_eval_rewards": [
    944.4491041171957,
    947.5672542044103,
    764.0265436249244,
    723.6542736116648,
    386.3712635684139,
    227.50707592489817,
    53.06296875570772,
    112.83759068409282,
    110.06901725823059,
    74.12586334889355,
    70.57984098001704,
    86.6208255058007,
    63.608245600922125,
    48.945599953075074,
    50.35888541863837,
    28.816603728486495,
    98.06951730976608,
    92.81407336237022,
    106.21057301359846,
    83.25286891595259,
    97.82499246826698,
    67.10398667979909,
    128.27985266859645,
    263.8671106742827,
    193.01551970449881,
    202.72604714534668,
    357.23705278386296,
    544.8996782640236,
    306.55298467508067
  ],
  "eval_steps": [
    10240,
    20480,
    30720,
    40960,
    51200,
    61440,
    71680,
    81920,
    92160,
    102400,
    112640,
    122880,
    133120,
    143360,
    153600,
    163840,
    174080,
    184320,
    194560,
    204800,
    215040,
    225280,
    235520,
    245760,
    256000,
    266240,
    276480,
    286720,
    296960
  ],
  "elapsed_s": 123.9
}