{
  "env": "Ant-v4",
  "agent": "DCPPO_S",
  "seed": 42,
  "final_reward": 446.03598911242716,
  "best_reward": 966.254326662779,
  "all_eval_rewards": [
    966.254326662779,
    883.3224003797166,
    754.5553089558515,
    499.4036096440724,
    348.1085870376231,
    247.9281412430017,
    450.30087068564416,
    178.76927837785118,
    145.25572661768177,
    100.86014681975993,
    59.77625972738504,
    62.908137174548564,
    52.0227258408561,
    105.4858776456994,
    188.1208646651002,
    136.4783239972666,
    34.44145129294574,
    197.8869848557367,
    200.51652818016765,
    156.61491059379642,
    188.04783548952372,
    455.7336682679229,
    300.4285778014433,
    386.40393120095905,
    335.0632764957294,
    616.0671538527629,
    496.34222983906983,
    408.5453744262969,
    374.1619109482768
  ],
  "eval_steps": [
    10240,
    20480,
    30720,
    40960,
    51200,
    61440,
    71680,
    81920,
    92160,
    102400,
    112640,
    122880,
    133120,
    143360,
    153600,
    163840,
    174080,
    184320,
    194560,
    204800,
    215040,
    225280,
    235520,
    245760,
    256000,
    266240,
    276480,
    286720,
    296960
  ],
  "elapsed_s": 127.7
}