{
  "env": "Ant-v4",
  "agent": "Standard_PPO",
  "seed": 1234,
  "final_reward": 926.3515038778748,
  "best_reward": 1015.959483111644,
  "all_eval_rewards": [
    987.007632779451,
    1015.959483111644,
    902.8361917754853,
    877.9807534361137,
    803.9071371133183,
    976.9783452940004,
    936.569137288037,
    811.223597222985,
    766.4897589630557,
    388.89608617897676,
    482.36509926361293,
    706.5705044030242,
    507.7876180413938,
    771.7620359983297,
    448.8504843879511,
    749.3338330887577,
    941.7591024606642,
    823.385549011506,
    929.0662570194285,
    915.5211196171018,
    711.6734802148414,
    807.5407579228861,
    853.3875355217431,
    815.0130980437568,
    811.2442128485251,
    891.8986631460955,
    955.3087609233696,
    992.6862257994683,
    980.6196566719167
  ],
  "eval_steps": [
    10240,
    20480,
    30720,
    40960,
    51200,
    61440,
    71680,
    81920,
    92160,
    102400,
    112640,
    122880,
    133120,
    143360,
    153600,
    163840,
    174080,
    184320,
    194560,
    204800,
    215040,
    225280,
    235520,
    245760,
    256000,
    266240,
    276480,
    286720,
    296960
  ],
  "elapsed_s": 156.3
}