{
  "env": "Ant-v4",
  "agent": "Standard_PPO",
  "seed": 123,
  "final_reward": 937.853161281548,
  "best_reward": 972.9142178651833,
  "all_eval_rewards": [
    972.9142178651833,
    933.7551240492085,
    900.5314623298311,
    908.6915954713219,
    858.5455983171951,
    937.4736268584584,
    893.8426002091082,
    915.3912108366997,
    859.6584526253306,
    888.8600871055302,
    837.5008245721559,
    870.043111302125,
    780.3879968013154,
    881.0957307926134,
    899.8027560034952,
    840.3823539859462,
    918.4867908102663,
    878.8412694831957,
    835.4481529308956,
    741.8351714857388,
    765.2045467225455,
    832.3636162994871,
    888.9273547069636,
    898.6358816576,
    942.4942275393842,
    966.8818865875286,
    921.324565732858,
    965.0686748348568,
    893.4964517131117
  ],
  "eval_steps": [
    10240,
    20480,
    30720,
    40960,
    51200,
    61440,
    71680,
    81920,
    92160,
    102400,
    112640,
    122880,
    133120,
    143360,
    153600,
    163840,
    174080,
    184320,
    194560,
    204800,
    215040,
    225280,
    235520,
    245760,
    256000,
    266240,
    276480,
    286720,
    296960
  ],
  "elapsed_s": 159.9
}