{
  "variant": "DCPPO_ImpS",
  "is_baseline": false,
  "final_reward": 3494.9784610318757,
  "best_reward": 3584.143897197019,
  "peak_step": 401408,
  "conv_step_90": 251904,
  "stability_std": 49.017483869909256,
  "final_ev_ema": 0.9389782836324325,
  "elapsed_s": 198.2,
  "eval_steps": [
    10240,
    20480,
    30720,
    40960,
    51200,
    61440,
    71680,
    81920,
    90112,
    100352,
    110592,
    120832,
    131072,
    141312,
    151552,
    161792,
    172032,
    180224,
    190464,
    200704,
    210944,
    221184,
    231424,
    241664,
    251904,
    260096,
    270336,
    280576,
    290816,
    301056,
    311296,
    321536,
    331776,
    342016,
    350208,
    360448,
    370688,
    380928,
    391168,
    401408,
    411648,
    421888,
    430080,
    440320,
    450560,
    460800,
    471040,
    481280,
    491520,
    501760
  ],
  "eval_rewards": [
    213.35031105869612,
    353.33085541809197,
    341.2440303054592,
    436.7957805059772,
    449.99627004906216,
    447.2655153440701,
    442.3865653434941,
    529.0996367567162,
    802.2926279230071,
    1043.8245482640034,
    1520.8885028793702,
    1530.7429407471143,
    1065.392906276356,
    1067.124255566506,
    1148.2565518240838,
    1154.5813966727785,
    1736.694265027095,
    1667.2340936376236,
    2654.1957534359217,
    2285.8327146302317,
    2671.251428643106,
    2086.903414101897,
    3040.86042253584,
    3169.062067952817,
    3239.0143634411006,
    3107.5005070385123,
    3138.851026118303,
    3259.7799436444448,
    3355.627652397595,
    2888.576161426736,
    2457.1168563504903,
    3432.912839472426,
    3509.395154247767,
    3398.6690785559085,
    3367.823781786274,
    2320.7892877748072,
    2473.2782617073444,
    2494.2291583464857,
    3024.531629395123,
    3584.143897197019,
    3561.69911305447,
    3543.218295127106,
    3544.6103487073815,
    3476.589142487119,
    3494.4495476806196,
    3516.9230541674433,
    3442.348401479017,
    3541.3497904765586,
    3412.8256275171357,
    3561.4454315192233
  ]
}