{
  "variant": "DCPPO_ImpA",
  "is_baseline": false,
  "final_reward": 2947.5654306201823,
  "best_reward": 3383.3669077801824,
  "peak_step": 471040,
  "conv_step_90": 110592,
  "stability_std": 521.7029547122469,
  "final_ev_ema": 0.9752926158918015,
  "elapsed_s": 195.3,
  "eval_steps": [
    10240,
    20480,
    30720,
    40960,
    51200,
    61440,
    71680,
    81920,
    90112,
    100352,
    110592,
    120832,
    131072,
    141312,
    151552,
    161792,
    172032,
    180224,
    190464,
    200704,
    210944,
    221184,
    231424,
    241664,
    251904,
    260096,
    270336,
    280576,
    290816,
    301056,
    311296,
    321536,
    331776,
    342016,
    350208,
    360448,
    370688,
    380928,
    391168,
    401408,
    411648,
    421888,
    430080,
    440320,
    450560,
    460800,
    471040,
    481280,
    491520,
    501760
  ],
  "eval_rewards": [
    256.0903578748431,
    359.3819788570728,
    422.47080834348145,
    2301.3590947185307,
    1062.8636002701564,
    2484.1431431295928,
    2269.3760126355346,
    702.0430351088535,
    2234.2826018762767,
    2217.680920001561,
    3097.347991309055,
    3182.4457154805596,
    2845.2255678061033,
    2902.5408490010936,
    2842.228208608477,
    3248.5552547472453,
    3052.9896835295594,
    2913.3604471016793,
    2952.712692590525,
    2982.7697580932095,
    1056.5882614011657,
    2230.2694852599952,
    988.8196316903175,
    3028.5347371574285,
    1002.6568685094514,
    3053.7789576502914,
    1049.7850243203904,
    3251.0222897429144,
    1066.848661518066,
    3160.0491196582007,
    1723.5242106938972,
    3289.5885045521136,
    3261.689795275369,
    1116.1600702683677,
    2995.7134859239304,
    2582.4076346372503,
    1488.1470417732744,
    3145.998187750865,
    3217.5141365420395,
    3367.8153634452474,
    3108.4593395518814,
    3373.119537445497,
    1935.149912397645,
    2974.155438560174,
    2429.6637170622275,
    3042.4499541113328,
    3383.3669077801824,
    3315.9277296265927,
    3030.1228512290236,
    1965.9597103537799
  ]
}