{
  "variant": "DCPPO_ImpGS",
  "is_baseline": false,
  "final_reward": 2047.5051632766615,
  "best_reward": 3113.355538683443,
  "peak_step": 280576,
  "conv_step_90": 221184,
  "stability_std": 780.9428294278464,
  "final_ev_ema": 0.9791987110327274,
  "elapsed_s": 213.7,
  "eval_steps": [
    10240,
    20480,
    30720,
    40960,
    51200,
    61440,
    71680,
    81920,
    90112,
    100352,
    110592,
    120832,
    131072,
    141312,
    151552,
    161792,
    172032,
    180224,
    190464,
    200704,
    210944,
    221184,
    231424,
    241664,
    251904,
    260096,
    270336,
    280576,
    290816,
    301056,
    311296,
    321536,
    331776,
    342016,
    350208,
    360448,
    370688,
    380928,
    391168,
    401408,
    411648,
    421888,
    430080,
    440320,
    450560,
    460800,
    471040,
    481280,
    491520,
    501760
  ],
  "eval_rewards": [
    335.4903935347919,
    398.82395338163917,
    2396.6642887802036,
    934.3004314591435,
    631.8574516737193,
    1034.2483675051537,
    702.4445983070354,
    1044.4297400481832,
    914.2662920363533,
    1930.2399132739702,
    264.1917069760153,
    758.2318821970027,
    2153.2431496437357,
    383.2081327964135,
    2509.2224779059907,
    1247.3337056610076,
    1757.065067753083,
    1029.7529396271952,
    2763.5717691111313,
    868.6045248508835,
    2571.8084707999637,
    2838.551873807643,
    2968.6535168028067,
    1434.9940034089532,
    600.7192392979862,
    2873.0839863001916,
    2270.7131401820207,
    3113.355538683443,
    2194.5629577610625,
    810.3134588417088,
    3056.932189098516,
    1419.2355222451388,
    2723.9453745591954,
    1269.9668775355062,
    1476.2987950761535,
    2951.8537757309487,
    2024.2161817629567,
    2863.503463127362,
    2368.4165973270583,
    2220.747623635943,
    1473.8042168598085,
    3062.9630651097327,
    1493.5214015900071,
    1168.2617395638863,
    2988.0834818385197,
    2952.892450423817,
    788.2624890030604,
    2528.6375640308124,
    1729.8710242163816,
    2237.862288709236
  ]
}