{
  "env": "Ant-v4",
  "agent": "Optimal_HCGAE_v5",
  "seed": 1,
  "config": {
    "hidden_dim": 256,
    "obs_norm": true,
    "adv_norm": true,
    "lr_anneal": true,
    "eval_mode": "deterministic_mean",
    "n_seeds": 12,
    "total_timesteps": 1000000
  },
  "total_steps": 1001472,
  "final_reward": 2292.071549093611,
  "max_reward": 2921.1236573893907,
  "best10_mean": 2316.989747276269,
  "eval_rewards": [
    917.3616733569019,
    639.3399602317285,
    177.0074631224277,
    195.13228926450293,
    30.065737477009236,
    138.79243887448743,
    20.67415477649956,
    236.32186833706174,
    39.054443877799145,
    137.0437150151663,
    258.6555761557687,
    252.65574464045713,
    340.4706760178502,
    424.3220479152266,
    797.7300839214098,
    891.574135395473,
    1035.4103505227574,
    799.100235200511,
    739.6180009254915,
    717.0630151578628,
    1272.566742979679,
    1277.9792598199488,
    952.6043290022502,
    1117.6757318197265,
    1564.4266005194102,
    1397.210996572899,
    1374.8857706265012,
    1965.481246457622,
    1681.0539875825616,
    1533.4466798330022,
    1919.5960560740848,
    1780.090494217525,
    1859.268593111067,
    1878.476736724564,
    1637.4905333220945,
    1694.2592427804145,
    2056.5709472765684,
    2048.3594848093244,
    2273.3126728611924,
    2461.5502044685268,
    2432.30307963018,
    2163.144287549244,
    2088.032339642068,
    2028.0216492800162,
    2331.9956826692296,
    2393.5051164669667,
    1827.7268009792933,
    2921.1236573893907
  ],
  "eval_steps": [
    20480,
    40960,
    61440,
    81920,
    102400,
    122880,
    143360,
    163840,
    184320,
    204800,
    225280,
    245760,
    266240,
    286720,
    307200,
    327680,
    348160,
    368640,
    389120,
    409600,
    430080,
    450560,
    471040,
    491520,
    512000,
    532480,
    552960,
    573440,
    593920,
    614400,
    634880,
    655360,
    675840,
    696320,
    716800,
    737280,
    757760,
    778240,
    798720,
    819200,
    839680,
    860160,
    880640,
    901120,
    921600,
    942080,
    962560,
    983040
  ],
  "episode_rewards": [
    1440.451709021058,
    647.4890847849105,
    1607.8203111348723,
    2089.9587021989896,
    2380.3284487866968,
    2278.6134355632594,
    1863.4219442819385,
    818.5638233886237,
    716.852909213446,
    1864.35710452361,
    2279.930545919211,
    2353.4269654993477,
    928.1324989531489,
    259.4761285864739,
    1532.6073207812751,
    19.836522139885236,
    1964.1788092542365,
    1839.3702849932731,
    607.6355522249446,
    2054.626524038632,
    960.859605659911,
    1673.2566630002361,
    1962.7287472959943,
    2238.725307663351,
    1983.169747640064,
    1330.8837913391208,
    738.9973440689132,
    2243.2289821895038,
    887.5057150251344,
    2245.0359586596064,
    1062.5148574080217,
    902.7412533158689,
    1929.2983959023766,
    1068.1448554103083,
    2343.7916222471304,
    1519.2779615569038,
    1640.095770552587,
    2192.0524049605337,
    2002.4893899740746,
    2117.730053349201,
    685.6334680651106,
    842.7286581495636,
    1983.7322262637501,
    2321.773548090769,
    2266.159828469253,
    2330.7543356652754,
    2294.6675542605612,
    2145.483728948792,
    2373.52727054694,
    2295.9676463474207,
    2342.5413489577377,
    2210.424231297666,
    1090.2780125628726,
    2367.6190165289404,
    740.3975869217318,
    2206.8795674627077,
    2184.104290394758,
    2258.7178858714046,
    2399.135779863147,
    1997.7311529229962,
    2375.5723454092786,
    856.539367187396,
    2447.7373692011115,
    1103.0667171154146,
    2335.4265317876393,
    1539.3624004522287,
    1008.8046925304732,
    2404.2553382623673,
    2314.167800389734,
    2389.1050435241023,
    1670.4857331141104,
    1493.6368826888065,
    2371.4029349245243,
    1657.7061260011294,
    1157.1509919203124,
    1013.6991037331029,
    2547.375532125813,
    265.8826679339659,
    2185.4731507734596,
    424.9872221635007,
    2354.073466328721,
    2505.3204396268816,
    2085.0536054840554,
    2435.6638536133487,
    2505.7326626013437,
    1455.1698741385133,
    2346.0341456471388,
    2463.4073285340482,
    2402.5982031576596,
    1509.8355812209513,
    1222.6470095428972,
    1970.5286217472617,
    1586.1403070001609,
    1276.6920309177533,
    2418.991398294277,
    842.2081928938625,
    2325.6610972339454,
    2389.1758292644226,
    2337.1321731040694,
    965.2671293670099,
    216.84446284756558,
    1402.6686792339328,
    1542.897945822789,
    2311.1205193422948,
    910.4438906053138,
    1442.000676799453,
    2584.3177504463392,
    2469.9044499505517,
    1552.259236159917,
    1105.2441254661633,
    2156.871966828338,
    283.9088527706135,
    541.7661048801757,
    2260.521859134105,
    2385.949696291873,
    2299.2633223332414,
    1578.4955107459077,
    831.0765255094127,
    534.5457758849028,
    2487.1717140736155,
    1066.869647173341,
    1310.8470199467085,
    2678.921577464886,
    1974.5430821031105,
    2293.773568298707,
    759.8208493676119,
    2034.8940902290726,
    2631.607690729715,
    1844.3755645027238,
    1172.2584780291404,
    1926.416573977339,
    2506.3836519430383,
    1100.8591974277736,
    1107.4646758289912,
    1196.2811920149384,
    1109.804760189853,
    2241.5901027322575,
    2288.6374506246893,
    2591.3056513259835,
    2275.729613398157,
    975.1991936948081,
    2514.6979618506844,
    2272.4535338872042,
    2554.6831176311994,
    1262.6264911315993,
    1319.6055003107863,
    1249.5130425392808,
    2556.9512290567022,
    812.3568804123448,
    823.9047625135281,
    2521.194489571247,
    2143.4325495589037,
    1519.5375886234083,
    106.97917439655158,
    2538.7163389733123,
    1742.255976381296,
    1100.910462902043,
    2645.1199723886916,
    1388.2152330490892,
    2218.551189037343,
    847.4589734100325,
    2490.7767477706393,
    2519.79699374963,
    1665.7301758605527,
    970.8923084699028,
    738.0959176769942,
    2606.873651078523,
    1898.0503936479788,
    900.6767915858245,
    1101.093635959528,
    443.55302903938707,
    2662.8269925308364,
    807.9205262895597,
    2046.2707223741697,
    2577.6431281706496,
    837.8343717959319,
    2620.462721171936,
    808.3351577134079,
    2588.2046245629836,
    2402.2924932831434,
    2532.1586633198162,
    1099.1422887195156,
    2755.507069948913,
    780.796017317098,
    2709.2176829609243,
    1515.491191525788,
    2289.0843016018785,
    2473.1356059516484,
    2528.538404531545,
    2494.1473907266995,
    1076.917287636365,
    1168.4633391239759,
    962.2748623025379,
    1439.0161970099527,
    2527.5137512978285,
    1090.9009946786848,
    2410.387982149551,
    1314.9226884052287,
    894.0761297999438,
    431.961840705456
  ],
  "elapsed_s": 767.9545857906342
}