{
  "env": "Ant-v4",
  "agent": "Optimal_HCGAE_v5",
  "seed": 10,
  "config": {
    "hidden_dim": 256,
    "obs_norm": true,
    "adv_norm": true,
    "lr_anneal": true,
    "eval_mode": "deterministic_mean",
    "n_seeds": 12,
    "total_timesteps": 1000000
  },
  "total_steps": 1001472,
  "final_reward": 2578.278354504199,
  "max_reward": 3254.8389922008882,
  "best10_mean": 2663.9670781214527,
  "eval_rewards": [
    941.4941910681539,
    947.3634817188437,
    219.6106398769116,
    169.2464853880293,
    42.92028136787407,
    119.11885021029158,
    130.03716910842115,
    18.038206040596112,
    98.4281310322178,
    42.20540764789432,
    316.3146543092705,
    669.245305787319,
    463.8879613205844,
    831.8491205938084,
    774.8502484298549,
    977.0375407293575,
    1013.4916544970359,
    1045.727130679782,
    1096.696043818588,
    1300.3331795866509,
    1411.0276392289284,
    1418.8075460710838,
    1523.7529399090313,
    1420.6198960274342,
    1600.9787197427975,
    1417.1091600934003,
    1234.5489326969039,
    1165.9923979907585,
    1837.5486926074784,
    1810.7159607514975,
    2175.1124110901465,
    2223.1311185347267,
    2028.2475453877828,
    2307.2002908921518,
    2037.6309029721572,
    1698.5348366294245,
    2396.644927072689,
    1888.0955856337175,
    1853.9351580149773,
    2063.567207124527,
    2152.586735187524,
    2499.0853545311993,
    2878.9081709386473,
    2462.1292877129013,
    2872.7750980080527,
    2791.12623697448,
    2953.8313043487897,
    3254.8389922008882
  ],
  "eval_steps": [
    20480,
    40960,
    61440,
    81920,
    102400,
    122880,
    143360,
    163840,
    184320,
    204800,
    225280,
    245760,
    266240,
    286720,
    307200,
    327680,
    348160,
    368640,
    389120,
    409600,
    430080,
    450560,
    471040,
    491520,
    512000,
    532480,
    552960,
    573440,
    593920,
    614400,
    634880,
    655360,
    675840,
    696320,
    716800,
    737280,
    757760,
    778240,
    798720,
    819200,
    839680,
    860160,
    880640,
    901120,
    921600,
    942080,
    962560,
    983040
  ],
  "episode_rewards": [
    2285.961000400625,
    2203.4325189662222,
    2346.9387878465445,
    2535.0721248861278,
    2308.962914719495,
    2504.5516707294414,
    1415.7790229008083,
    364.3576423888884,
    2515.3841987352644,
    254.74190680138548,
    544.0417877368445,
    2360.707426216369,
    2481.9050421875713,
    2470.3903255497344,
    2423.1976255346917,
    751.1454498083837,
    2500.8790853042374,
    2092.4288713487126,
    1284.1201368887025,
    2429.9846291990475,
    266.1795621425446,
    2564.8794046175076,
    347.9641136688528,
    2439.9565003604807,
    2329.120820862724,
    2588.6926649728225,
    2527.1026070910248,
    777.3963999070197,
    1148.1271016158025,
    2590.005499881576,
    2162.6263594451557,
    2416.089858393464,
    2558.8064159656165,
    1439.9723844969149,
    833.1359193649373,
    975.6738732983729,
    2397.3189352991667,
    2561.533740010728,
    2505.006892067205,
    1052.652352572964,
    2333.383960024105,
    1077.0549323738123,
    2482.91284650625,
    766.0417240281915,
    2438.5018308501985,
    2465.2443558086457,
    2528.855769145081,
    1939.537101332261,
    2548.120347001133,
    2559.636031464583,
    2477.6945828124817,
    2024.8449608305882,
    2513.247258177589,
    1070.0469242526342,
    2410.0777540968857,
    2117.045728404447,
    2555.530084315024,
    2354.321782761338,
    2184.410521777737,
    1504.7637524624074,
    1973.9909226704908,
    2313.8718539857246,
    1400.9597892866211,
    2726.749898432222,
    1778.829079253679,
    1640.5578997753382,
    2276.3830487000773,
    2506.608597318887,
    1127.7634708512803,
    2551.6427223361884,
    2442.310567056466,
    1084.158681575474,
    2054.8686642609096,
    2032.7640188874288,
    2671.834980272455,
    2508.0914623792655,
    2665.4843274677273,
    2601.1207105651447,
    1356.1765246522048,
    2663.1455089851233,
    1020.2750617086658,
    2557.8724862175377,
    1034.4731373371644,
    358.6072519462015,
    703.0227338879176,
    587.4092126258163,
    2613.099753271445,
    1413.9538579407526,
    2570.9980752184306,
    2635.1017859336607,
    916.8479818084139,
    2600.0316617985436,
    1447.2702008989875,
    2306.437115732011,
    2267.278957681204,
    923.6701252223028,
    1061.3832443622143,
    1316.802245256022,
    2524.6139558814284,
    271.01574651659877,
    2630.6077984674766,
    2599.6812790245344,
    2473.8016596228263,
    1693.9817359432482,
    2644.968527754478,
    2772.751110651826,
    2657.646846025203,
    1866.4810455593872,
    2002.7538537280725,
    1078.9483683742071,
    2547.9870427059946,
    1902.9089403997389,
    2583.4731134875406,
    2019.676677843922,
    2791.388425029017,
    2489.8251910924423,
    2455.8168453891262,
    1598.7267823556272,
    2644.6470875462874,
    2647.7496719585097,
    2667.77814076672,
    1800.3881601133035,
    2635.072115235284,
    64.01000442529111,
    1939.2836566690942,
    1438.3596635063777,
    2681.161404470738,
    2335.5197047170077,
    1311.45073632211,
    2779.672056506562,
    1938.2161704611783,
    1942.641768248323,
    2692.0429430218314,
    2347.2141519176407,
    1296.6402837898172,
    2639.521059562177,
    828.4920446986627,
    2860.9187825043036,
    1620.3728880217586,
    732.8770272934562,
    526.5885033761266,
    2725.451906457018,
    995.821578868931,
    2652.994815933965,
    482.17836664242645,
    2787.366586290367,
    2704.19270656511,
    2807.7670526910347,
    2611.85183541594,
    2736.491997675944,
    2866.8192813390547,
    2717.3411851284022,
    1353.0641579997487,
    2719.5534527552045,
    2278.81528846353,
    2739.2065668542105,
    2472.573099319074,
    2833.074329074077,
    1325.2283642277284,
    2763.649575741649,
    2488.3520223858595,
    2793.7075479194236,
    1258.0516565408252,
    1906.2418899408026,
    800.1064421839257,
    284.60412304169614,
    2680.014085220432,
    2779.8956574423546,
    2568.3357674613508,
    188.2822053587501,
    2733.348684811212,
    2833.9373976642482,
    2743.4705424094327,
    2739.319013430962,
    2756.6361254959647,
    1445.870442792443,
    2744.3559756533523,
    1151.3314465175763,
    1788.9306857139004,
    329.8513954145457,
    2783.265723446393,
    2659.495605216529,
    2768.0367441386297,
    2657.577361125113,
    2762.700605487088,
    2030.8872972474392,
    2722.470404695636,
    1691.251360716552,
    2586.635244875053,
    2841.532252086394,
    2236.182658688376,
    1793.8692217725602,
    2018.5663123273032,
    1234.5741575747584,
    2891.170641773189,
    2754.8347033458936,
    1413.960393711249,
    2856.622119740459,
    1960.01059529086,
    2540.614100439447
  ],
  "elapsed_s": 799.6192398071289
}