{
  "env": "Ant-v4",
  "agent": "Optimal_HCGAE_v5",
  "seed": 6,
  "config": {
    "hidden_dim": 256,
    "obs_norm": true,
    "adv_norm": true,
    "lr_anneal": true,
    "eval_mode": "deterministic_mean",
    "n_seeds": 12,
    "total_timesteps": 1000000
  },
  "total_steps": 1001472,
  "final_reward": 2924.093270780681,
  "max_reward": 3145.4932654076138,
  "best10_mean": 2940.238436344632,
  "eval_rewards": [
    940.7088251125673,
    1030.1745824952868,
    611.6467355121102,
    194.2463328714989,
    112.85109826126332,
    96.80559007672423,
    202.00654306774473,
    233.42441898274518,
    512.7726404225675,
    138.84195038032664,
    856.1323668938734,
    896.231745255066,
    985.1569432914297,
    1198.2826957232478,
    956.569662209831,
    1205.7834476035364,
    1117.2878375015268,
    1333.2296713837889,
    1471.3042235252954,
    1762.9817989688709,
    1796.2063533314279,
    1752.1686619961797,
    1438.121961867651,
    1571.0006624346136,
    1851.1841379108744,
    1196.4280015959205,
    2133.14342516107,
    2321.2787945805057,
    2363.8878067972646,
    2184.7802045252256,
    2332.6954274725517,
    2293.9816990608365,
    2411.7130518600516,
    2560.25921905427,
    2608.218444942669,
    2250.152219898032,
    2542.1894865375243,
    2883.988007367635,
    2935.605553546805,
    2818.524270333365,
    2769.32163697563,
    2722.5363517281194,
    3128.1081496730985,
    3145.4932654076138,
    2891.8664018309146,
    3099.635728250578,
    2917.579266545057,
    2812.2620835156276
  ],
  "eval_steps": [
    20480,
    40960,
    61440,
    81920,
    102400,
    122880,
    143360,
    163840,
    184320,
    204800,
    225280,
    245760,
    266240,
    286720,
    307200,
    327680,
    348160,
    368640,
    389120,
    409600,
    430080,
    450560,
    471040,
    491520,
    512000,
    532480,
    552960,
    573440,
    593920,
    614400,
    634880,
    655360,
    675840,
    696320,
    716800,
    737280,
    757760,
    778240,
    798720,
    819200,
    839680,
    860160,
    880640,
    901120,
    921600,
    942080,
    962560,
    983040
  ],
  "episode_rewards": [
    2419.8947468240353,
    633.6862887193514,
    2356.662944764801,
    2527.8412451004037,
    531.0937067931962,
    2485.5599843547034,
    2549.9781506983873,
    767.2883298791284,
    2513.3956640389274,
    2202.3018927697285,
    531.9802548691005,
    2573.517485328822,
    909.3937949870016,
    2399.053452562963,
    2220.284202342964,
    2523.7651279676556,
    2527.0590481455756,
    2501.183117939786,
    1534.8999892890083,
    2361.318600516734,
    2565.577157096221,
    2484.086157658738,
    1332.5086829410661,
    1204.559632932836,
    2102.954642835648,
    2316.151025288365,
    2416.4225336628188,
    2422.357433559995,
    2432.6606747322735,
    2130.1947043594996,
    1348.7335173336444,
    2641.670484528152,
    2620.243425998515,
    1380.9167474247354,
    2545.319372182533,
    2616.8483349584603,
    2336.964330118731,
    2340.869350064504,
    2029.271364334185,
    2456.81597659859,
    2637.227489901442,
    2434.253686295489,
    936.047159587709,
    2344.5052597263025,
    1221.5888833060335,
    2421.667993768595,
    2412.578779217619,
    2632.3514998959504,
    658.0919131586991,
    2339.430986508741,
    153.8070431745129,
    2671.153086520587,
    2462.825804460669,
    2533.880912877139,
    2328.827131764558,
    741.7015873149164,
    1102.0901039619132,
    1584.4630093063538,
    2708.499696227612,
    2486.754813586458,
    2514.059051761061,
    755.7336432009128,
    25.38897510964897,
    2563.6464498147307,
    2614.9037708267806,
    2614.9099941460645,
    1697.9213982813558,
    2521.411286368866,
    2615.0153460096135,
    627.2343990726691,
    2548.792443542846,
    2513.435403834152,
    2505.8321558525167,
    2395.578835686795,
    1827.171959261747,
    2618.135983608103,
    2842.169777028341,
    1055.0265638850587,
    2640.1180920681422,
    2634.0635676564425,
    2627.2479355341043,
    2186.350506091151,
    2370.206554379289,
    2603.092196419846,
    2691.8466325246895,
    1652.2343166105916,
    2614.4910848200775,
    2654.9879247201434,
    2491.48466555654,
    2601.9066655036163,
    2719.827174459084,
    2519.703173168147,
    2741.470814685803,
    2709.950866483001,
    2870.0871513370485,
    1049.9398497332977,
    2660.5525504429397,
    1220.1933065857484,
    2683.2683690411973,
    875.1526418127347,
    2436.420474373236,
    2721.6029455707244,
    1269.7404687297171,
    2649.9712673669906,
    1587.1550714597047,
    2576.1383157861983,
    2677.7646644485267,
    2633.1168076131366,
    2483.4769706884317,
    2548.375125723187,
    2691.6771832578597,
    779.560826821944,
    2636.5044360921765,
    2597.7929813106025,
    2616.836713854754,
    943.7247119637055,
    2530.594510820024,
    2835.8905038925536,
    2710.387275127074,
    2625.9889475620444,
    2627.2041154601793,
    1493.1174370870626,
    2605.348077635538,
    2652.271765483045,
    2773.1794087037706,
    2664.4739007989065,
    2018.4267080887726,
    1623.00129788087,
    2079.4542486512587,
    514.9205699658901,
    1496.1948655153753,
    2502.1011774270833,
    2819.5593554295797,
    1481.8844563894247,
    2756.007705878506,
    902.5299353484929,
    2754.999105009593,
    2786.9205969252507,
    1616.6994048885679,
    410.06189190396,
    2493.6328228968778,
    810.7364921576601,
    1724.4926709625404,
    582.7338792290358,
    2608.8893378106263,
    2881.707335618532,
    2768.1041896200286,
    1477.6237981824663,
    2663.038134194982,
    876.259263202051,
    2809.924811586927,
    1665.471454251676,
    2133.6364528066733,
    2683.9542848762844,
    2642.7239824927215,
    2705.919579315513,
    919.2370307103265,
    2803.0398673663976,
    802.2633276351885,
    2479.004908483203,
    1382.4438555776505,
    1672.1752098192608,
    2772.538440166337,
    2719.8439542953374,
    419.1525148940019,
    2698.715713213284,
    2716.7311647642764,
    947.1389284209588,
    2377.4301717646786,
    2778.4310413264125,
    2793.260802534334,
    1995.0266437671983,
    2170.6112261297617,
    2856.836554915779,
    2872.8588163528666,
    798.1024073211892,
    476.9508224809673,
    1874.6923839692945,
    2444.4413421352474,
    2621.9076685619766,
    2729.836200117548,
    2473.652403976715,
    2228.5671790773017,
    1480.3819402503182,
    1078.7237787193867,
    2703.5586401073906,
    2651.0912738058146,
    1204.8841212302696,
    2627.1556589351057,
    2748.2226202068996,
    355.12807090189386,
    1789.2072587003142,
    2851.4461156934476,
    2702.0787593145897,
    2478.2551145541984,
    2945.3171987274723,
    2756.397635840976,
    1092.3147574571942,
    2849.2506957769274,
    2564.6699170829684
  ],
  "elapsed_s": 703.2987232208252
}