{
  "env": "Ant-v4",
  "agent": "Optimal_HCGAE_v5",
  "seed": 9,
  "config": {
    "hidden_dim": 256,
    "obs_norm": true,
    "adv_norm": true,
    "lr_anneal": true,
    "eval_mode": "deterministic_mean",
    "n_seeds": 12,
    "total_timesteps": 1000000
  },
  "total_steps": 1001472,
  "final_reward": 2783.4648807136173,
  "max_reward": 3549.8390392507376,
  "best10_mean": 2854.916035447691,
  "eval_rewards": [
    923.3101895526363,
    905.0974936523153,
    876.10509094057,
    180.23412175957134,
    50.87294778450233,
    143.23978289935218,
    116.76842546256356,
    98.04138966477146,
    52.82052292181114,
    41.64032790091754,
    202.8431378045017,
    222.38949141074937,
    237.69801581816847,
    681.5928883898735,
    756.8275904631719,
    647.1219629290814,
    986.8552083359475,
    889.5524003657043,
    879.8624447122444,
    928.664392818014,
    1127.1573236029612,
    945.0127441819952,
    1030.2598093921297,
    1043.6840000238385,
    1003.8387408858695,
    1177.6192281002304,
    1256.0152540107297,
    1595.3721174741843,
    1614.9485694465177,
    1691.0164546201017,
    1900.7242813729154,
    1726.5943728002198,
    1772.1928557695671,
    2066.9950996567645,
    2122.2805960321175,
    2166.434110349091,
    2345.1929803390362,
    2761.3978216931832,
    2513.463986620028,
    2199.4660417122345,
    2192.6132129792522,
    2570.1002012020786,
    2836.314420775384,
    2727.569921464003,
    3031.5192445338516,
    3549.8390392507376,
    2812.3655643983034,
    3401.3971742002977
  ],
  "eval_steps": [
    20480,
    40960,
    61440,
    81920,
    102400,
    122880,
    143360,
    163840,
    184320,
    204800,
    225280,
    245760,
    266240,
    286720,
    307200,
    327680,
    348160,
    368640,
    389120,
    409600,
    430080,
    450560,
    471040,
    491520,
    512000,
    532480,
    552960,
    573440,
    593920,
    614400,
    634880,
    655360,
    675840,
    696320,
    716800,
    737280,
    757760,
    778240,
    798720,
    819200,
    839680,
    860160,
    880640,
    901120,
    921600,
    942080,
    962560,
    983040
  ],
  "episode_rewards": [
    641.4498128936464,
    1057.2150224353509,
    704.9491004312182,
    161.87276048758625,
    1532.7472669318472,
    1896.1477473346981,
    2431.83719439748,
    2429.8357872885817,
    2189.488364648004,
    2311.9761699963015,
    1924.34084601809,
    915.4293255086856,
    2396.021539148884,
    1807.3500263768217,
    2378.739034805657,
    2279.20036233516,
    2550.276284915715,
    2573.8309270647505,
    380.6402021082378,
    2034.7102989421428,
    2422.2836564820054,
    1779.3651131997533,
    1027.206795759998,
    1187.5227484232742,
    2449.494595197504,
    2597.606714355729,
    2626.108501005492,
    2465.2721696954177,
    2108.7570135534775,
    1799.2178919815472,
    2471.7855221820546,
    1791.8833955100408,
    1162.1463905517085,
    409.36677271647807,
    1037.7031952826296,
    169.10005827670065,
    2596.724342345053,
    2405.1318225588043,
    2462.518428034787,
    1693.3749416167127,
    1383.3408291328865,
    2559.9711908628105,
    2803.04022790576,
    1304.27867186731,
    1377.6089009388932,
    1148.1322311036101,
    2839.7005633204762,
    888.3477241750311,
    983.2498834696614,
    2263.5195607315763,
    1002.5702633371611,
    2573.8317704195074,
    2553.404679417755,
    2486.500805738364,
    2672.6569752380483,
    1426.974037602066,
    1888.783612693619,
    1324.7446177706274,
    1779.9094929334829,
    1458.8898209217248,
    1282.8398734488514,
    2613.675194112585,
    2913.85476334931,
    957.8458007523757,
    1213.2409049219716,
    1971.946466228844,
    2640.2491699812103,
    1199.9224473102395,
    2885.1683968699094,
    1671.8087760245787,
    2753.848122206958,
    1200.0641716718046,
    2701.834451869044,
    2761.6785701514887,
    2582.9488705953786,
    2662.1137744674525,
    2755.280188491711,
    696.2155511485361,
    2525.878494773364,
    2713.6646469627863,
    308.26753732894554,
    757.9071807079374,
    2668.594670680773,
    2546.231161430065,
    2964.7659674515194,
    619.608319356098,
    2919.2300058786373,
    2696.4902426014523,
    2708.991345655304,
    2698.2518524694146,
    3000.704127676432,
    2611.304660995433,
    1689.3773508990976,
    3045.736335680972,
    1439.4602501995112,
    2973.7609159121857,
    944.8392883615016,
    1997.875712579011,
    2896.837724225786,
    2776.743109465477,
    2982.236851870607,
    2723.3585709387266,
    2829.8190384779687,
    2723.793004831352,
    2316.383555561672,
    2442.7544691031726,
    2723.6367192562157,
    2863.084434449961,
    2739.4974654891435,
    2180.1341138044613,
    1325.7622776194623,
    2946.032831966785,
    591.6041168990951,
    145.35787222380816,
    1570.5471470951868,
    3027.885039279893,
    182.63205359121878,
    2978.045281219073,
    2090.2682314914273,
    520.9549571378105,
    1111.2221819872018,
    2723.2797364482594,
    1899.9730482707064,
    2606.7693757650272,
    2870.046603996641,
    2828.642156605612,
    1071.8802113006,
    1593.3889593433412,
    3009.734901007593,
    367.87200043271207,
    2851.0390840047403,
    2863.0643779769707,
    3057.7419659377815,
    2989.8916214837554,
    1662.402642806779,
    2990.554918375854,
    2919.6659567097736,
    1250.7882630065506,
    1284.2921463433734,
    2929.850088851843,
    2695.666779944174,
    2884.672173794531,
    2880.4970520876664,
    2451.175580240472,
    3063.642131321845,
    2613.1127503423018,
    2956.4661903752913,
    1857.8217086337686,
    2849.4565259133715,
    1025.654503299628,
    1059.1562905128096,
    1165.6217745665895,
    867.9995551101999,
    765.5185453160747,
    1389.2933338433786,
    903.354357928427,
    1319.3514478367129,
    3040.4897779211065,
    2782.4729304923385,
    1915.0780400166054,
    1818.812660601862,
    2966.3903372912873,
    1041.767393001516,
    1957.7635711089831,
    1381.1009194477174,
    2189.0855313709426,
    2928.6634066781357,
    2833.6232609609087,
    1086.4685597919502,
    2842.9495607372332,
    1325.1511944916222,
    2520.920067578182,
    2209.698857378105,
    3085.467092474705,
    2802.715787842871,
    1806.6466322804274,
    3204.1131167950703,
    1411.4590354611337,
    2819.1125097298427,
    3056.9631755166347,
    2127.4630486237716,
    2029.20197022064,
    2620.4799901191263,
    2921.6971256714587,
    1007.2247562132353,
    2520.767252722321,
    547.4576406175064,
    70.12272891997767,
    800.255833427057,
    2732.3303375823134,
    1447.466647757764,
    1022.9448255273942,
    2092.9150343003166,
    369.21559799217306,
    586.689925006184,
    2997.5333470009004,
    1221.8459147848118,
    3027.9703052127256,
    2939.8391923252284,
    3001.800149533051
  ],
  "elapsed_s": 754.6023671627045
}