{
  "env": "HalfCheetah-v4",
  "agent": "Optimal_HCGAE_v2",
  "seed": 2,
  "config": {
    "hidden_dim": 256,
    "use_obs_norm": true,
    "use_adv_norm": true,
    "use_lr_anneal": true,
    "eval_mode": "deterministic_mean"
  },
  "total_steps": 501760,
  "final_reward": 1553.188150278897,
  "max_reward": 1572.8209533806387,
  "best10_mean": 1535.0290411564545,
  "eval_rewards": [
    -2.1343856534153787,
    -4.32962070207152,
    -12.581166825719023,
    -15.261808951560715,
    -21.460917005801477,
    17.37958262798208,
    -6.249539648419338,
    11.14383707030011,
    55.026701048442945,
    39.02938825344718,
    90.42098532043795,
    541.8885061994329,
    860.4544029425442,
    942.2098038544306,
    984.8038673919106,
    979.0549800237966,
    1070.767713327587,
    1084.4240072291122,
    1146.5101595714345,
    1176.1341078442138,
    1224.391842242833,
    1228.5558818511547,
    1278.5038240665567,
    1320.4914656784279,
    1328.6238303114123,
    1302.0870538341037,
    1329.2632915709903,
    1390.2477487407382,
    1383.305743703868,
    1407.757049422076,
    1409.482756367362,
    1416.5732204860699,
    1419.3026391152493,
    1448.9841414554571,
    1465.476651164266,
    1460.894686573253,
    1457.6467194211382,
    1475.4427387180506,
    1461.2144028693301,
    1465.4870479089373,
    1489.273107285337,
    1525.9545163080388,
    1550.860174798799,
    1542.819123059836,
    1536.1119577090235,
    1565.185335831742,
    1536.143835846021,
    1555.6786686270602,
    1572.8209533806387
  ],
  "eval_steps": [
    10240,
    20480,
    30720,
    40960,
    51200,
    61440,
    71680,
    81920,
    92160,
    102400,
    112640,
    122880,
    133120,
    143360,
    153600,
    163840,
    174080,
    184320,
    194560,
    204800,
    215040,
    225280,
    235520,
    245760,
    256000,
    266240,
    276480,
    286720,
    296960,
    307200,
    317440,
    327680,
    337920,
    348160,
    358400,
    368640,
    378880,
    389120,
    399360,
    409600,
    419840,
    430080,
    440320,
    450560,
    460800,
    471040,
    481280,
    491520,
    501760
  ],
  "episode_rewards": [
    -670.9773668425418,
    -817.2671036939653,
    -732.3824978673382,
    -566.6146165014792,
    -600.1843161814257,
    -619.5733964686273,
    -690.3222782435029,
    -522.1604850843617,
    -632.6596448786269,
    -582.9710878224272,
    -661.0939762210301,
    -461.0542482483165,
    -646.6800382757615,
    -610.8818028118989,
    -522.48582901236,
    -634.0310623734762,
    -608.6242724316542,
    -575.8831521419336,
    -503.6829249613848,
    -602.6665996413708,
    -434.5088644169026,
    -580.8562042179486,
    -468.5487101729902,
    -456.98532555528703,
    -511.5319942874649,
    -524.2820322385808,
    -507.4541469750739,
    -600.9492200315977,
    -510.91204808856014,
    -531.939087186853,
    -504.96418866157904,
    -406.93608206138293,
    -420.9483365908179,
    -411.63784663384473,
    -409.89576533283457,
    -425.2200374262842,
    -431.3544780158271,
    -286.876268746766,
    -553.3505981468167,
    -408.28214319527467,
    -668.169566642902,
    -541.2158101526668,
    -400.6782739105641,
    -333.1593724024712,
    -498.0477619356468,
    -406.7190103093837,
    -446.6537521467512,
    -456.61438043979354,
    -227.57926115830267,
    -356.954187046922,
    -453.15098420704334,
    -387.7847112115741,
    -387.1376916939815,
    -394.18920220447166,
    -367.23377012086536,
    -353.0616464983662,
    -403.8904514742904,
    -340.36731578486325,
    -340.0076667950902,
    -291.5227653745631,
    -371.1731694275695,
    -378.32736751164776,
    -426.080230432439,
    -332.6206851238153,
    -321.8372138618203,
    -297.29871071688683,
    -334.0957933114485,
    -322.78663367937554,
    -308.1309930178211,
    -235.9731014539667,
    -428.94279070504643,
    -265.74004795128434,
    -305.8075022818883,
    -283.7413908813413,
    -216.97601796289862,
    -263.13340541068857,
    -263.40659535780173,
    -247.83796302308232,
    -202.51920139346566,
    -231.2880233020396,
    -250.851075401708,
    -210.28388315648257,
    -148.7431067470143,
    -188.1773602539144,
    -193.3250346597288,
    -165.2760434049478,
    -159.6207338328536,
    -265.9363680349782,
    -212.3741487396698,
    -111.36289306083997,
    -160.19071112006478,
    -169.885004845592,
    -44.10379672429552,
    -266.73718231474834,
    -113.71533976128057,
    -128.00501073449328,
    -86.71597682524776,
    -96.3239825937622,
    31.76540479513056,
    26.011067658018465,
    22.292072700998023,
    20.597088627860504,
    -123.51618622368713,
    58.040692042351886,
    23.69714795056787,
    -14.778485092631186,
    59.92722498456948,
    74.70615640120405,
    -24.22433961524763,
    9.406215662247265,
    45.351469669790504,
    101.21997102501135,
    24.084747595114433,
    114.02509251064883,
    136.5085311235121,
    214.09880337045462,
    97.42538376480488,
    120.06140291954743,
    247.57286894198816,
    83.79409457734909,
    144.69899259424145,
    194.26867281816317,
    113.12131395125682,
    200.03630652403206,
    155.8122964852496,
    303.37033414861105,
    246.05123991178542,
    286.91157090358024,
    276.6113664526988,
    242.96557130203763,
    218.70530774879836,
    249.29005793776633,
    266.2401446607647,
    290.0538467424662,
    368.445544059871,
    272.5289947726805,
    302.9495079962464,
    345.862780633445,
    368.7423180720905,
    408.77664179256783,
    303.03031554843614,
    423.5116321871467,
    328.7188849080355,
    358.5582122789186,
    362.73646081289115,
    378.92042678328596,
    461.9995277603637,
    356.4507550381852,
    409.8569169092288,
    422.9951395965313,
    409.59445042460857,
    329.2982646094034,
    368.6342400504036,
    376.1008467938449,
    401.46658579194644,
    467.48578277813897,
    450.83272528916314,
    443.36854156887307,
    452.86895848910075,
    501.2710330240811,
    450.86319741690477,
    520.0043658675233,
    544.6156763428664,
    450.78821544913876,
    506.3927651176462,
    528.8386553565041,
    477.1166586064485,
    489.577681945555,
    552.7505117164073,
    532.5260013097105,
    640.7314394776508,
    565.2594938217995,
    590.208582934402,
    496.5118563328442,
    595.3939976802104,
    583.6146608056505,
    578.4308634378514,
    514.3311496326933,
    571.6320171242444,
    528.4782385476067,
    523.8368439891346,
    600.3628224217923,
    532.8376506906575,
    602.2500133869422,
    603.4196419860806,
    639.4089608201919,
    622.6785536652677,
    605.2883070729546,
    632.0228857088434,
    603.4947596470214,
    634.7444856129124,
    622.1359781606791,
    661.9844293939309,
    611.4482090471647,
    617.9149545160685,
    690.4671038083438,
    691.2291096641944,
    650.4271708448655,
    654.1057962908691,
    654.1467726969848,
    688.158828136264,
    764.6059944287044,
    719.8153254320831,
    749.0040978770695,
    622.6640133359334,
    656.280602331032,
    642.829016197692,
    711.3520721446645,
    734.7853916460215,
    746.5795469944029,
    710.6924755383038,
    535.0319144649413,
    722.4228786311847,
    708.5320577882178,
    762.2369684566653,
    746.0187361551635,
    615.3788699083409,
    808.4598606619525,
    792.891037995399,
    635.4581482565875,
    658.9585886416584,
    787.7984674695216,
    606.9751464927974,
    711.0870843621537,
    807.8366221359336,
    745.7045525170972,
    765.7884055889216,
    789.2712711715125,
    849.6291156653904,
    775.2324001977469,
    859.8182686706807,
    779.6667161172587,
    718.7446545143355,
    841.0226487792346,
    877.6300997437501,
    901.1328324456064,
    827.0695678439306,
    884.5166000291086,
    865.0436203634682,
    837.1135463339757,
    835.727173580181,
    870.3001610861355,
    879.3593263241887,
    916.6742312185268,
    862.9225338678314,
    869.9210990320975,
    950.464250194745,
