{
  "env": "Walker2d-v4",
  "agent": "GAE_Lambda1",
  "seed": 456,
  "final_reward": 268.94272301228034,
  "best_reward": 297.0363097617301,
  "mean_reward": 259.34066054151805,
  "all_eval_rewards": [
    259.7964373630164,
    253.6189289790762,
    264.4393651030155,
    260.6503884203822,
    267.65914739738093,
    264.8717643617168,
    270.4909513581514,
    256.5230767473323,
    263.6702385268814,
    255.1084101492092,
    257.7102937200606,
    256.24893953055556,
    248.25998152899373,
    252.97926740993324,
    251.4870427720899,
    253.89393997341426,
    247.04940673728348,
    247.31435288807342,
    250.37889668143217,
    254.13577192783526,
    257.8741442539226,
    266.97093163130035,
    268.000758189378,
    255.29363144027258,
    261.995385423177,
    267.62953415329656,
    256.04757113732427,
    253.74428813778673,
    297.0363097617301
  ],
  "eval_steps": [
    10240,
    20480,
    30720,
    40960,
    51200,
    61440,
    71680,
    81920,
    92160,
    102400,
    112640,
    122880,
    133120,
    143360,
    153600,
    163840,
    174080,
    184320,
    194560,
    204800,
    215040,
    225280,
    235520,
    245760,
    256000,
    266240,
    276480,
    286720,
    296960
  ],
  "elapsed_s": 127.5
}