{
  "env": "Walker2d-v4",
  "agent": "GAE_Lambda1",
  "seed": 42,
  "final_reward": 762.6470686277572,
  "best_reward": 973.2222418028028,
  "mean_reward": 525.5934052809545,
  "all_eval_rewards": [
    267.79128093668004,
    260.61504380147665,
    262.9807677399766,
    291.220002058946,
    307.1555254145177,
    313.6138314666729,
    323.56104052967225,
    375.0777338362124,
    335.5261555497959,
    353.90123738954696,
    388.3448430963068,
    401.40099103097435,
    429.80870180099254,
    387.9584875405462,
    394.00871147994513,
    406.9987300800536,
    491.08292430289646,
    885.8037989502476,
    973.2222418028028,
    689.4448987585358,
    617.6548505353907,
    692.5248659273292,
    439.31085093395603,
    831.9481163294579,
    945.2794003463457,
    888.0325156251295,
    961.906985006883,
    775.1754899577355,
    550.8587309186532
  ],
  "eval_steps": [
    10240,
    20480,
    30720,
    40960,
    51200,
    61440,
    71680,
    81920,
    92160,
    102400,
    112640,
    122880,
    133120,
    143360,
    153600,
    163840,
    174080,
    184320,
    194560,
    204800,
    215040,
    225280,
    235520,
    245760,
    256000,
    266240,
    276480,
    286720,
    296960
  ],
  "elapsed_s": 141.8
}