{
  "env": "Walker2d-v4",
  "agent": "HCGAE_Base",
  "seed": 1234,
  "final_reward": 605.9480073498673,
  "best_reward": 845.0432936161438,
  "mean_reward": 485.37712363105214,
  "all_eval_rewards": [
    296.3622742230271,
    263.2274106636985,
    317.8755442067865,
    381.4440416462118,
    398.6122908446081,
    404.3476479575594,
    413.85999321111706,
    393.78476186100744,
    401.47080739473915,
    412.5941193230275,
    429.2533982145845,
    417.7344608492538,
    427.4918304740553,
    445.1028620709875,
    465.6207747538442,
    476.5870853915991,
    491.6606004054623,
    491.67037204370445,
    523.629730976272,
    510.5868886466769,
    506.7218219289348,
    551.412876027662,
    629.1489739214827,
    601.6964446566682,
    845.0432936161438,
    761.1522579417986,
    643.4613784042104,
    574.3026638846547,
    600.0799797607367
  ],
  "eval_steps": [
    10240,
    20480,
    30720,
    40960,
    51200,
    61440,
    71680,
    81920,
    92160,
    102400,
    112640,
    122880,
    133120,
    143360,
    153600,
    163840,
    174080,
    184320,
    194560,
    204800,
    215040,
    225280,
    235520,
    245760,
    256000,
    266240,
    276480,
    286720,
    296960
  ],
  "elapsed_s": 110.4
}