{
  "env": "Walker2d-v4",
  "agent": "HCGAE_Imp12",
  "seed": 789,
  "final_reward": 569.318264339127,
  "best_reward": 639.1567781135502,
  "mean_reward": 462.2915637347099,
  "all_eval_rewards": [
    256.80692062808356,
    269.68785381725144,
    279.0221322853808,
    293.37531652259366,
    342.92412262409994,
    376.13674790334437,
    386.76052836411213,
    381.9485491218087,
    389.02130670787693,
    383.18330731742475,
    394.4873146721485,
    402.89201778981453,
    400.1707682141285,
    423.7053340722946,
    500.75480401440416,
    522.2423552048931,
    534.6476203701606,
    584.0909823094181,
    581.3173199096442,
    538.6672912989416,
    560.5266559466756,
    639.1567781135502,
    570.9545837217196,
    552.1994505118691,
    571.3295317896044,
    562.4909620579629,
    507.3233332037659,
    573.293865217682,
    627.3375945959332
  ],
  "eval_steps": [
    10240,
    20480,
    30720,
    40960,
    51200,
    61440,
    71680,
    81920,
    92160,
    102400,
    112640,
    122880,
    133120,
    143360,
    153600,
    163840,
    174080,
    184320,
    194560,
    204800,
    215040,
    225280,
    235520,
    245760,
    256000,
    266240,
    276480,
    286720,
    296960
  ],
  "elapsed_s": 121.1
}