{
  "env": "Walker2d-v4",
  "agent": "Standard_PPO",
  "seed": 456,
  "final_reward": 476.71058044900934,
  "best_reward": 491.95155788439513,
  "mean_reward": 380.3169081389578,
  "all_eval_rewards": [
    275.43701092827365,
    309.05808793415133,
    311.37629106500907,
    323.3619398900156,
    341.80726101018615,
    385.01857225141873,
    414.44846796808525,
    431.8009931999944,
    406.4823558071713,
    185.46649804790948,
    236.80154344743582,
    351.852280550528,
    352.6882659603225,
    355.54195829701695,
    371.1140956254024,
    395.70113915374947,
    411.5247128135408,
    401.32854937153627,
    394.8205372298099,
    397.87786472251963,
    409.8907046967439,
    409.43156289978435,
    418.90959533148714,
    401.57528297180545,
    442.3740328022676,
    463.3689907065844,
    455.55545969035546,
    491.95155788439513,
    482.6247237722776
  ],
  "eval_steps": [
    10240,
    20480,
    30720,
    40960,
    51200,
    61440,
    71680,
    81920,
    92160,
    102400,
    112640,
    122880,
    133120,
    143360,
    153600,
    163840,
    174080,
    184320,
    194560,
    204800,
    215040,
    225280,
    235520,
    245760,
    256000,
    266240,
    276480,
    286720,
    296960
  ],
  "elapsed_s": 156.7
}