{
  "env": "Walker2d-v4",
  "agent": "Standard_PPO",
  "seed": 42,
  "final_reward": 398.549982966613,
  "best_reward": 405.67306341488114,
  "mean_reward": 359.01714785406875,
  "all_eval_rewards": [
    263.10159680041846,
    270.64524811414816,
    271.5525876511148,
    272.6633708358947,
    286.07449759695965,
    281.24890177527755,
    312.01148636686986,
    353.44098771518975,
    366.20401044162634,
    405.67306341488114,
    403.0410917885865,
    371.81874296268506,
    379.14901804219187,
    376.33119276776193,
    376.8097337970865,
    377.817749054011,
    371.5373555802027,
    368.67568786774655,
    371.47053898775056,
    386.4379959282113,
    388.0012726882561,
    378.56791426073283,
    391.61883282718316,
    398.57162239731485,
    396.26291086185233,
    397.1199283441996,
    404.9562479437492,
    395.5318472228756,
    395.1618537332143
  ],
  "eval_steps": [
    10240,
    20480,
    30720,
    40960,
    51200,
    61440,
    71680,
    81920,
    92160,
    102400,
    112640,
    122880,
    133120,
    143360,
    153600,
    163840,
    174080,
    184320,
    194560,
    204800,
    215040,
    225280,
    235520,
    245760,
    256000,
    266240,
    276480,
    286720,
    296960
  ],
  "elapsed_s": 149.7
}