{
  "env": "Walker2d-v4",
  "agent": "Standard_PPO",
  "seed": 789,
  "final_reward": 459.7628455658816,
  "best_reward": 556.1141024085938,
  "mean_reward": 410.6042149376032,
  "all_eval_rewards": [
    253.71754927052953,
    264.0965999561507,
    297.7277913527269,
    314.8786723396557,
    327.7506367688024,
    319.17922570324924,
    377.06738308326715,
    385.46704511902857,
    379.7907359110564,
    396.5049907904377,
    388.0419717771319,
    392.9148746967052,
    407.3061154510327,
    399.72343799571456,
    507.24093110718394,
    479.81262485611205,
    425.65326716730016,
    419.7349972154995,
    456.8843415849054,
    486.76238113226316,
    556.1141024085938,
    505.0930913924623,
    485.3362447297749,
    433.39885336684904,
    431.31842497321713,
    436.7174063432011,
    440.7610942834825,
    425.26534184164393,
    513.2621005725184
  ],
  "eval_steps": [
    10240,
    20480,
    30720,
    40960,
    51200,
    61440,
    71680,
    81920,
    92160,
    102400,
    112640,
    122880,
    133120,
    143360,
    153600,
    163840,
    174080,
    184320,
    194560,
    204800,
    215040,
    225280,
    235520,
    245760,
    256000,
    266240,
    276480,
    286720,
    296960
  ],
  "elapsed_s": 158.6
}