{
  "env": "Walker2d-v4",
  "agent": "Optimal_HCGAE_Optimal",
  "seed": 12,
  "config": {
    "hidden_dim": 256,
    "lr": 0.0003,
    "gamma": 0.99,
    "lam": 0.95,
    "eps_clip": 0.2,
    "n_epochs": 10,
    "batch_size": 64,
    "n_steps": 2048,
    "ent_coef": 0.0,
    "vf_coef": 0.5,
    "max_grad_norm": 0.5,
    "use_obs_norm": true,
    "use_adv_norm": true,
    "use_lr_anneal": true,
    "use_vclip": false,
    "device": "cpu",
    "total_timesteps": 1000000,
    "eval_freq": 20480,
    "n_eval_episodes": 10,
    "eval_mode": "deterministic_mean"
  },
  "total_steps": 1001472,
  "elapsed_s": 1504.151937007904,
  "final_reward": 3922.334056592105,
  "peak_reward": 3922.334056592105,
  "max_reward": 3954.62853840302,
  "eval_rewards": [
    290.19954972093484,
    299.8270810820807,
    347.841281767973,
    375.06481444933866,
    413.64133923614116,
    508.8216267991468,
    580.2127733857158,
    681.6128939753103,
    657.0020984715806,
    711.6698599754277,
    769.2148080385235,
    957.3190730785343,
    1215.6527019540952,
    1014.685141608742,
    1233.81635424887,
    838.3353747423992,
    1195.4606705776073,
    2208.805521583061,
    1939.6591922271589,
    2617.5827356360487,
    3091.5124208739576,
    1644.182962178666,
    3663.3637562683025,
    3502.782323392175,
    3607.2077797307843,
    3602.1493237479363,
    3730.687965598936,
    3797.150255553671,
    3728.766530485375,
    2708.5943872376083,
    3587.6242818686273,
    3678.1759731402753,
    3615.148599786681,
    3436.0205373679905,
    3848.851179151867,
    3838.741694126814,
    3862.4294458024387,
    3907.92655590106,
    3936.0727199518915,
    3810.641058760198,
    3900.134176474466,
    3923.7077703065306,
    3921.4279106080585,
    3929.6255446749174,
    3946.498578505165,
    3933.672410234536,
    3952.784454016445,
    3950.220123937711,
    3954.62853840302
  ],
  "eval_steps": [
    2048,
    22528,
    43008,
    63488,
    83968,
    104448,
    124928,
    145408,
    165888,
    186368,
    206848,
    227328,
    247808,
    268288,
    288768,
    309248,
    329728,
    350208,
    370688,
    391168,
    411648,
    432128,
    452608,
    473088,
    493568,
    514048,
    534528,
    555008,
    575488,
    595968,
    616448,
    636928,
    657408,
    677888,
    698368,
    718848,
    739328,
    759808,
    780288,
    800768,
    821248,
    841728,
    862208,
    882688,
    903168,
    923648,
    944128,
    964608,
    985088
  ],
  "episode_rewards": [
    3994.1258895110377,
    99.43077749498737,
    1556.4408820199853,
    4041.7206825618423,
    3865.528343072563,
    3693.2778008182318,
    3807.689915204855,
    3897.2159791600966,
    3171.327769704382,
    3971.7483733771633,
    3951.83391408924,
    4004.2682424965346,
    3991.5264190817243,
    2326.4835589629133,
    3988.0711573759686,
    2471.5432913449417,
    1230.2282313323137,
    3938.8269895456137,
    3920.6906723295965,
    101.52065635053484,
    3985.555935926849,
    2153.90228301047,
    3929.300441759596,
    3953.534817026636,
    3824.9034854101533,
    3957.887250115257,
    3892.6928154492143,
    3852.7947692264306,
    2736.93890329701,
    3125.0465122763553,
    4001.294891797652,
    3854.272618233516,
    3674.6995120909946,
    3877.757983110541,
    1868.9336498328614,
    1833.3278384159619,
    3961.2710821257233,
    3816.0465470064028,
    3816.561503804087,
    3962.44330750202,
    3914.533334008517,
    3883.5527759552515,
    3939.528096310835,
    3882.287531995257,
    708.737719896593,
    3925.7164909725952,
    3995.633638956339,
    950.661574295614,
    3968.3784799585524,
    3897.9138356635503,
    4002.0890153370065,
    3989.3219239851896,
    907.1378991729938,
    4102.749771554893,
    3884.17530128924,
    3999.604775861334,
    3808.954658574507,
    366.77974225932024,
    3930.2630163291074,
    3975.5736326310894,
    3910.198911410077,
    3903.134064291477,
    339.6475579636857,
    3997.0496411865083,
    3864.2477857949316,
    1168.7317681165168,
    3983.019403423334,
    1939.8440754761873,
    4014.8490588180853,
    3932.999339428021,
    3953.4742985761213,
    3898.492216946626,
    3778.133006626787,
    3998.42423696152,
    2407.5154814029065,
    3933.6216901307976,
    4002.488851878061,
    3958.735183840363,
    3961.7516231009045,
    3869.269892084602,
    1758.0284239202472,
    3862.0520640287864,
    3983.837992088081,
    1946.3266203604664,
    3978.473725485037,
    747.8676370689157,
    3850.8678677555536,
    2060.9720764148055,
    3971.9622045499655,
    3940.4762342505696,
    3933.3886727915883,
    3945.536300541674,
    2816.243978006664,
    3874.5502047390273,
    3874.4876878833848,
    3937.9798870657182,
    3935.5321078419497,
    1876.8355910516002,
    3990.6542973318965,
    3845.4192231352645,
    3991.65099161706,
    2224.0894915809754,
    3929.862416938327,
    106.91098582525883,
    3238.4129919448264,
    2931.0845863389122,
    3816.0165074249917,
    3862.3930582405683,
    3990.8637701519415,
    2471.6104780694322,
    3905.98584048705,
    3802.2727673952068,
    3944.216123676069,
    3825.2652479859285,
    3949.2869009355804,
    3974.69841295657,
    3914.035826974823,
    4002.361776825593,
    3978.440663401853,
    3904.816544141823,
    347.9768336559548,
    3857.9909954752707,
    3866.563820687575,
    561.8089436705226,
    1698.5796828738103,
    3896.112638906201,
    340.7549653757384,
    3938.7458976456473,
    914.1527288481668,
    1989.5619913904504,
    1302.1951668408537,
    1678.3758857720516,
    3935.108455411709,
    3996.3844521944993,
    373.7204004117182,
    3864.076189821822,
    398.39611257603667,
    3946.7564985527642,
    4030.559061952751,
    3839.3345792690534,
    3951.9101523808445,
    2887.61227247812,
    3950.1009750037224,
    3978.274085058876,
    2122.741084434619,
    3925.125000605065,
    3933.415006373252,
    907.2729883008247,
    1427.8595946279156,
    3939.8669303960596,
    3952.4289692188504,
    1945.2295362720802,
    3943.485550259762,
    2539.7837324283423,
    3800.9989475837665,
    1111.6798639194053,
    3965.285399806173,
    3957.230571110108,
    1388.5589422737667,
    3930.17209309151,
    3963.087034131033,
    933.801735212392,
    4035.484214695235,
    3899.9962176099634,
    2159.852362492185,
    3101.5545723625387,
    3793.7965110814926,
    3881.8493061416443,
    3980.7677935765937,
    3997.9359827373687,
    1763.0748398498488,
    3920.5554846177756,
    3977.2655217976912,
    3508.1673469354937,
    1659.8658690224408,
    3996.2664475826223,
    3326.5089939264403,
    3163.303539750675,
    3945.603573279868,
    3963.914468076214,
    3668.84840084296,
    3920.139324627453,
    943.4177880848754,
    2428.1616185240114,
    1292.3837140309106,
    3924.1994110817604,
    2429.063170556482,
    1216.5148608918362,
    3649.4596831541003,
    3935.975118970771,
    2003.4468907713785,
    3260.0459524324133,
    3890.7672654370895,
    3854.6787603129023,
    1786.333620612634,
    3860.7993929298377,
    1389.2788184314657,
    1724.1519665497117,
    3974.2338124831867,
    3990.9458080795193
  ],
  "diagnostics": [
    {
      "step": 2048,
      "scr_ema": 0.9402129020755252,
      "ev_ema": -0.0014016863515914026,
      "g_std_ema": 1.2974866638646851
    },
    {
      "step": 22528,
      "scr_ema": 0.5026726614052293,
      "ev_ema": 0.13335734857165096,
      "g_std_ema": 25.014526360525842
    },
    {
      "step": 43008,
      "scr_ema": 0.3016924441234675,
      "ev_ema": 0.31002318112711763,
      "g_std_ema": 35.833897010159355
    },
    {
      "step": 63488,
      "scr_ema": 0.26262209329216774,
      "ev_ema": 0.4735038513480965,
      "g_std_ema": 38.02433805546843
    },
    {
      "step": 83968,
      "scr_ema": 0.3189108705234305,
      "ev_ema": 0.629140416650842,