{
  "env": "Walker2d-v4",
  "agent": "Optimal_HCGAE_Optimal",
  "seed": 15,
  "config": {
    "hidden_dim": 256,
    "lr": 0.0003,
    "gamma": 0.99,
    "lam": 0.95,
    "eps_clip": 0.2,
    "n_epochs": 10,
    "batch_size": 64,
    "n_steps": 2048,
    "ent_coef": 0.0,
    "vf_coef": 0.5,
    "max_grad_norm": 0.5,
    "use_obs_norm": true,
    "use_adv_norm": true,
    "use_lr_anneal": true,
    "use_vclip": false,
    "device": "cpu",
    "total_timesteps": 1000000,
    "eval_freq": 20480,
    "n_eval_episodes": 10,
    "eval_mode": "deterministic_mean"
  },
  "total_steps": 1001472,
  "elapsed_s": 1548.4073622226715,
  "final_reward": 4382.29236047518,
  "peak_reward": 4382.29236047518,
  "max_reward": 4626.275273762526,
  "eval_rewards": [
    283.4963666292923,
    282.062956965534,
    384.8149740841121,
    422.97996343550824,
    462.49588549493956,
    416.64908042383615,
    418.9164290977007,
    466.01132798285715,
    536.352348290618,
    623.1806707486246,
    707.6047566854079,
    651.2891078269553,
    719.5455745802291,
    840.4650204738975,
    885.3027830406296,
    956.7217927772515,
    1085.3958188449049,
    2163.948013150713,
    3084.659734321996,
    3291.2612199749988,
    3974.7293614779533,
    3713.9557292511295,
    4362.155058498388,
    4565.222533244697,
    4274.036171527938,
    4576.492631444557,
    2914.1744934416047,
    3904.811378000975,
    4520.455017401365,
    3611.036088541556,
    4374.762093809449,
    4296.451491349836,
    4438.094454013395,
    4142.070968849761,
    4497.044357304414,
    3873.209605062007,
    1092.4476230560736,
    4517.480329591305,
    4539.437747281087,
    4524.288404762796,
    4235.569338778542,
    4572.049427643228,
    4568.206219580997,
    4510.8634933499525,
    4385.0494944119455,
    3766.984924152387,
    4390.359094848514,
    4243.277933460911,
    4626.275273762526
  ],
  "eval_steps": [
    2048,
    22528,
    43008,
    63488,
    83968,
    104448,
    124928,
    145408,
    165888,
    186368,
    206848,
    227328,
    247808,
    268288,
    288768,
    309248,
    329728,
    350208,
    370688,
    391168,
    411648,
    432128,
    452608,
    473088,
    493568,
    514048,
    534528,
    555008,
    575488,
    595968,
    616448,
    636928,
    657408,
    677888,
    698368,
    718848,
    739328,
    759808,
    780288,
    800768,
    821248,
    841728,
    862208,
    882688,
    903168,
    923648,
    944128,
    964608,
    985088
  ],
  "episode_rewards": [
    1197.6438311359907,
    4635.617048423993,
    4589.3235973597275,
    819.4381428289389,
    4410.7004244749205,
    2185.805494295094,
    4458.715694202558,
    2663.726072452678,
    4591.162204986838,
    4598.730097122012,
    2810.0295148877485,
    906.4187771822565,
    4598.710135820368,
    4559.071063021123,
    640.2211229376104,
    4567.280126542092,
    937.2896238724833,
    4597.115778869837,
    4681.500923706666,
    2462.03517433504,
    3773.654389098844,
    3364.4233135401846,
    4638.634784076525,
    4290.704179052749,
    2703.4631558215883,
    3940.137258386845,
    2418.130323201041,
    3012.1781846736258,
    2442.43972333137,
    4527.062221605291,
    4563.347984816744,
    4574.0190807396375,
    4484.155821134187,
    2293.4198757190693,
    3674.6136488433576,
    4651.524984814836,
    3782.645065260432,
    320.9540022677151,
    3661.542851127007,
    4720.613186001571,
    4614.038805730814,
    4630.515869845046,
    4599.677637958553,
    4582.115685734069,
    4607.090829314654,
    3208.8686825676727,
    4603.255762594987,
    3378.5161376369774,
    4628.265681901495,
    685.8844168983785,
    4665.140178831487,
    4590.402351033174,
    1140.4990134232773,
    4596.8797456547345,
    4620.973931352235,
    3428.135099937756,
    4684.503655305285,
    1767.0603189352937,
    4597.988734063201,
    2603.322775167926,
    1549.5020207326081,
    4671.200133056006,
    4753.415732520405,
    3645.417212225347,
    2029.1542398281686,
    4684.119156321764,
    3662.291388963168,
    1329.4843093689842,
    1607.6347630058392,
    3522.3637107761597,
    4717.858678929643,
    4701.617455743224,
    4427.494125563215,
    4675.2832863124795,
    4700.886981743263,
    3090.026487861013,
    4576.300888616194,
    749.5492981768689,
    4719.957634280647,
    1363.7898313279618,
    1111.5922899799527,
    2827.5287234168673,
    3203.7566078953328,
    4752.682990360336,
    1356.3257239240336,
    698.6843312891807,
    3053.5380805172954,
    2576.778818776127,
    2704.4414194183473,
    386.0833107292205,
    3765.5507387975204,
    4617.257655784301,
    4732.803230957696,
    4365.03651396468,
    3366.6737547761822,
    1162.0816347362356,
    4737.132786795069,
    2651.7308199181425,
    798.5245433947217,
    4506.955888790035,
    2842.6109574463894,
    1382.9680966135768,
    4779.264906852529,
    1482.425917271135,
    2750.8826355554465,
    4085.24233192783,
    2703.851861767593,
    3882.1857267035625,
    1709.1597838633945,
    1670.3130693063206,
    2281.041491599416,
    4805.896804447498,
    4007.911108184121,
    1625.7490330795508,
    4698.70561343275,
    4698.736404485375,
    270.3252723211604,
    4724.466838879529,
    4710.564895798257,
    3770.2872698836295,
    4177.581371150868,
    2594.6129153112747,
    4568.170505476945,
    4637.58988440373,
    1401.4746040833738,
    4604.725626271237,
    4754.179008128049,
    455.39293525190357,
    1235.691539936554,
    3018.732966842808,
    561.175217721298,
    1100.7089552041957,
    2130.439128543398,
    2058.1211241559804,
    4783.584563039666,
    4658.003397350993,
    2008.2793734813445,
    933.1193431598073,
    2916.3313868902824,
    4804.465454014615,
    1710.649373181036,
    2542.849929142504,
    2004.5103034659967,
    4694.981768008814,
    1659.9691574291066,
    2486.798687949763,
    3958.2824623369156,
    506.4940021518972,
    2519.683166395686,
    4818.257853046958,
    4688.2206668855415,
    2052.2044956182867,
    4754.897582134882,
    4837.748325485896,
    4725.445106616923,
    4627.574170920794,
    4757.649933785967,
    3972.5619817550028,
    2739.116692590772,
    3049.6930686974906,
    2258.717440359739,
    4653.68682471473,
    4694.2234189495875,
    794.292496030109,
    1405.4899094315704,
    4787.816029047154,
    3249.2030112074426,
    4765.026201448667,
    4738.010499240471,
    4322.9696029826355,
    2991.2014220034043,
    2196.2689217061115,
    3183.995538372169,
    896.2895648712164,
    4789.157000613932,
    4674.451105932592,
    3627.5894227870353,
    1023.9186633022382,
    4771.062403574826,
    1008.1698119483243,
    2805.5353716567647,
    4714.875358065759,
    4165.262619127774,
    4767.410474884738,
    4773.086881869915,
    4743.397240777163,
    4815.003557342634,
    4669.931050384147,
    2550.5284304619927,
    4671.810983853067,
    4789.833480053212,
    4097.090847187312,
    4001.55835838965,
    926.9083826150762,
    395.4211058074013,
    4772.382244062132,
    4494.655712465229,
    1407.0137030550784,
    4760.232409383473,
    900.724057600212
  ],
  "diagnostics": [
    {
      "step": 2048,
      "scr_ema": 0.9217937356548017,
      "ev_ema": -0.0020650166041834453,
      "g_std_ema": 1.3466796885
    },
    {
      "step": 22528,
      "scr_ema": 0.6653750386743136,
      "ev_ema": 0.12122451517375431,
      "g_std_ema": 23.015010653317763
    },
    {
      "step": 43008,
      "scr_ema": 0.4174432193810722,
      "ev_ema": 0.3554909439930947,
      "g_std_ema": 33.00206299476212
    },
    {
      "step": 63488,
      "scr_ema": 0.3521411323997816,
      "ev_ema": 0.5255111430764624,
      "g_std_ema": 39.235381666107756
    },
    {
      "step": 83968,
      "scr_ema": 0.24983874649842236,
      "ev_ema": 0.6529437293691551,
      "g_std_ema": 40.17315098926707
    },
    {
      "step": 104448,
      "scr_ema": 0.2688308916475364,