{
  "env": "Walker2d-v4",
  "agent": "Optimal_HCGAE_Optimal",
  "seed": 7,
  "config": {
    "hidden_dim": 256,
    "lr": 0.0003,
    "gamma": 0.99,
    "lam": 0.95,
    "eps_clip": 0.2,
    "n_epochs": 10,
    "batch_size": 64,
    "n_steps": 2048,
    "ent_coef": 0.0,
    "vf_coef": 0.5,
    "max_grad_norm": 0.5,
    "use_obs_norm": true,
    "use_adv_norm": true,
    "use_lr_anneal": true,
    "use_vclip": false,
    "device": "cpu",
    "total_timesteps": 1000000,
    "eval_freq": 20480,
    "n_eval_episodes": 10,
    "eval_mode": "deterministic_mean"
  },
  "total_steps": 1001472,
  "elapsed_s": 1546.9656448364258,
  "final_reward": 4395.812639298649,
  "peak_reward": 4416.353389091259,
  "max_reward": 4570.220545187645,
  "eval_rewards": [
    264.8404655326068,
    348.8343208125079,
    457.53694656690334,
    419.80239752280613,
    403.57146742824455,
    395.9048074292657,
    430.85705621030985,
    444.4808679966757,
    514.180904019131,
    609.0164430340961,
    745.023649461146,
    790.964850471939,
    897.0562773893128,
    928.2644110320811,
    2725.0252060896487,
    1111.9331462713212,
    1794.3540824061542,
    3014.7456566709184,
    3319.3866568864373,
    3496.547118487552,
    3642.994665487925,
    3766.9338882569223,
    3884.1966153617236,
    3851.66573212488,
    3892.2807116725853,
    3942.659141337283,
    4003.3229814879824,
    4022.697619763807,
    4005.140367474459,
    4013.4240715057704,
    4029.301260236537,
    4127.391971292381,
    4158.551127904662,
    4116.23680883768,
    4301.808191972359,
    4283.726898564315,
    4251.204672302497,
    4344.778560147274,
    4337.727088411575,
    4378.712201893884,
    4412.9876859584065,
    4379.406473704628,
    4457.001806373977,
    4570.220545187645,
    4266.477317546051,
    4486.7688092485605,
    4422.338594190786,
    4451.893368397073,
    4132.319590485473
  ],
  "eval_steps": [
    2048,
    22528,
    43008,
    63488,
    83968,
    104448,
    124928,
    145408,
    165888,
    186368,
    206848,
    227328,
    247808,
    268288,
    288768,
    309248,
    329728,
    350208,
    370688,
    391168,
    411648,
    432128,
    452608,
    473088,
    493568,
    514048,
    534528,
    555008,
    575488,
    595968,
    616448,
    636928,
    657408,
    677888,
    698368,
    718848,
    739328,
    759808,
    780288,
    800768,
    821248,
    841728,
    862208,
    882688,
    903168,
    923648,
    944128,
    964608,
    985088
  ],
  "episode_rewards": [
    4498.781133664041,
    4444.2295107722775,
    1002.6254743904973,
    3107.5465605070876,
    4380.937088802492,
    4368.338598698607,
    1984.9707038409044,
    709.5318252536946,
    2353.581520053339,
    3153.229576140625,
    2225.7787000766443,
    1171.479998867073,
    1933.7538759185857,
    1614.0885812384768,
    4459.9121446838135,
    988.5968024735924,
    4479.520961713836,
    4500.51601283779,
    3645.46321123483,
    4416.4217649257635,
    331.5579548029037,
    1284.496923475545,
    4491.281707866024,
    1841.0026332856926,
    1669.0018614965936,
    1641.994366583947,
    900.0277546818838,
    329.1476120733048,
    4307.966261905141,
    4471.885469553454,
    4312.627297149388,
    2302.8197260095208,
    4487.451755294703,
    4456.6931100048505,
    3425.5445010872263,
    4430.121448088336,
    1961.6515386729752,
    876.2128325764756,
    2869.746809784681,
    4398.303871679097,
    4444.669565904435,
    3160.251444232367,
    4230.915291446662,
    4422.228184837769,
    4409.450445843582,
    4526.822286473293,
    2109.5430166461065,
    4340.0154428637825,
    961.1968060691144,
    4458.087919353686,
    4472.108479215782,
    4426.855064419146,
    4432.042881417288,
    4511.683269277214,
    1702.6773165448212,
    2548.427432743883,
    3211.1480040055794,
    1408.2776018182155,
    3351.032843080049,
    4446.567621517565,
    4459.921404782747,
    483.61416648824434,
    2257.238269328614,
    2946.3937587767364,
    4436.354022308666,
    4384.565182379296,
    3036.4038856324673,
    3504.69059101022,
    1668.9574032928524,
    3061.905020756719,
    3539.002270693092,
    4454.335247699558,
    4432.788666603972,
    4558.67898092742,
    1011.1920841485144,
    514.4690166015735,
    4521.979467797781,
    4506.102636225736,
    4448.51294128579,
    4572.709258534761,
    402.36643487425897,
    3246.0058848545395,
    786.1298060504071,
    4591.891393421599,
    4633.512949383601,
    540.8512865551579,
    2872.179920118389,
    1175.3690585514505,
    3008.8391345411887,
    4038.493844607995,
    4497.606012136715,
    840.7773330830023,
    446.79511439174814,
    3172.36374707097,
    3034.6705315117524,
    331.88256577181863,
    858.4205287651224,
    923.3617804955477,
    4408.7873964796845,
    4551.958226183534,
    4482.885943785098,
    393.5176876277158,
    4507.3287927375695,
    356.99211829411894,
    4500.173120850772,
    4401.122927156137,
    4450.9239247993855,
    1015.1539039995197,
    4387.8899940794745,
    4505.188402910215,
    883.641400006249,
    4528.247951253334,
    4390.56962300164,
    2669.0527376146356,
    4498.82552582596,
    2975.183597773338,
    3747.8747422313277,
    1177.020403490865,
    3338.9125652239973,
    4514.533517078043,
    1763.9200372493453,
    4465.616348629293,
    157.0795185654272,
    4440.844354993891,
    4390.894907425558,
    4352.754998931202,
    4487.034413308152,
    4423.497461436258,
    1857.9383066468258,
    4487.893092739484,
    4403.480326240231,
    4414.224910966926,
    4385.9657258454845,
    4466.574113644492,
    4420.715428560442,
    4446.332854006724,
    4366.18108305474,
    4381.229725172621,
    4393.6121620622525,
    4461.227219943961,
    3988.159931698986,
    4477.355517340087,
    4418.689084495246,
    4501.3483559941,
    4448.318272215137,
    3946.244404423297,
    4401.131062206171,
    4419.916192572153,
    4305.9703266571405,
    1091.281741475562,
    4501.544154652667,
    4506.142590071805,
    4449.108308202027,
    4598.943138206551,
    3755.357537974292,
    2683.6642134249664,
    3177.7977360256514,
    4632.5220968251515,
    4515.729911876786,
    3363.781081981842,
    3593.4772584346742,
    2555.665248358445,
    838.0979477874164,
    1674.179704172628,
    1470.2180970701102,
    4502.636170592104,
    3033.9493146598466,
    4515.100118472521,
    4497.680617821541,
    2003.4062405451452,
    3110.948516665411,
    4525.520814553748,
    4397.926846514974,
    926.1434463596214,
    2131.514108134828,
    4498.013167034676,
    2430.8235053728317,
    4484.866852363431,
    4546.043138385508,
    1379.9976415789745,
    4245.741649601089,
    1435.879850590794,
    1058.6791163593107,
    3941.4615656252395,
    1616.7560568350264,
    432.70482820099573,
    2170.047704606299,
    3050.593229000631,
    704.0494803933896,
    1146.2213649840076,
    2419.5482516970787,
    4429.659226662499,
    1275.7812712709804,
    3813.5592804808684,
    4514.698222692315,
    4603.105396630164,
    4607.25116130649,
    4545.587249231808,
    969.4815282814677,
    4560.8568782531
  ],
  "diagnostics": [
    {
      "step": 2048,
      "scr_ema": 0.9366161386917641,
      "ev_ema": 0.0006586664849331736,
      "g_std_ema": 1.3314095983968506
    },
    {
      "step": 22528,
      "scr_ema": 0.5807776105407265,
      "ev_ema": 0.15857357787363838,
      "g_std_ema": 23.94145427245189
    },
    {
      "step": 43008,
      "scr_ema": 0.5076339884516038,
      "ev_ema": 0.35636972841704806,
      "g_std_ema": 35.104188113573294
    },
    {
      "step": 63488,
      "scr_ema": 0.30821795403567026,
      "ev_ema": 0.5421817617617695,
      "g_std_ema": 39.526991916508074
    },
    {
      "step": 83968,
      "scr_ema": 0.20019958163637253,
      "ev_ema": 0.6766111068633524,
      "g_std_ema": 42.57307355739721
    },
    {
      "step": 104448,
      "scr_ema": 0.16755328556771718,