{
  "env": "Walker2d-v4",
  "agent": "Optimal_HCGAE_Optimal",
  "seed": 4,
  "config": {
    "hidden_dim": 256,
    "lr": 0.0003,
    "gamma": 0.99,
    "lam": 0.95,
    "eps_clip": 0.2,
    "n_epochs": 10,
    "batch_size": 64,
    "n_steps": 2048,
    "ent_coef": 0.0,
    "vf_coef": 0.5,
    "max_grad_norm": 0.5,
    "use_obs_norm": true,
    "use_adv_norm": true,
    "use_lr_anneal": true,
    "use_vclip": false,
    "device": "cpu",
    "total_timesteps": 1000000,
    "eval_freq": 20480,
    "n_eval_episodes": 10,
    "eval_mode": "deterministic_mean"
  },
  "total_steps": 1001472,
  "elapsed_s": 1545.388885974884,
  "final_reward": 4361.494283564816,
  "peak_reward": 4273.08934463875,
  "max_reward": 5700.037118850551,
  "eval_rewards": [
    274.96025095927337,
    368.3893563172536,
    403.1631984029166,
    398.5626512243083,
    382.4290973857154,
    391.2280866674813,
    414.28370444550666,
    575.1365039469578,
    680.6211820787885,
    691.5318838933056,
    701.2420639023105,
    855.3947657636206,
    966.4647185200035,
    738.0461955462662,
    1956.2835170506528,
    2463.1244672013127,
    1792.6345079826497,
    3707.6573517007027,
    3687.8505478161655,
    3566.6079011665524,
    3562.001958362974,
    3856.857554079087,
    4082.416385126669,
    4438.050902733579,
    4083.1957701480183,
    3075.188319490025,
    4311.711983649006,
    4917.509491270608,
    3730.059569259933,
    4135.891864981192,
    3652.32339375121,
    3212.706722173032,
    3402.0695922782943,
    2997.3667224389987,
    4902.032099763888,
    4087.6083031202047,
    4662.098588765848,
    4115.606386856791,
    3964.39452012934,
    2866.69158575314,
    2477.244903813808,
    5109.757695912773,
    3866.713998419481,
    5700.037118850551,
    3726.87818813855,
    4818.255519703239,
    5348.98778785896,
    4851.932127807651,
    4848.4439093900155
  ],
  "eval_steps": [
    2048,
    22528,
    43008,
    63488,
    83968,
    104448,
    124928,
    145408,
    165888,
    186368,
    206848,
    227328,
    247808,
    268288,
    288768,
    309248,
    329728,
    350208,
    370688,
    391168,
    411648,
    432128,
    452608,
    473088,
    493568,
    514048,
    534528,
    555008,
    575488,
    595968,
    616448,
    636928,
    657408,
    677888,
    698368,
    718848,
    739328,
    759808,
    780288,
    800768,
    821248,
    841728,
    862208,
    882688,
    903168,
    923648,
    944128,
    964608,
    985088
  ],
  "episode_rewards": [
    5388.150670421701,
    5407.697375090349,
    2357.729168741068,
    5447.804343967779,
    5379.766523891611,
    4348.342093157947,
    3786.8249772754657,
    3965.073550087526,
    3284.8717053383616,
    3616.3754071150665,
    1878.572014333473,
    4815.304670677942,
    4059.488800089891,
    2211.0411220358765,
    3461.410857064562,
    5409.612724800852,
    2642.4366634828525,
    4326.28989370666,
    2522.323740503882,
    5190.3005723569695,
    5383.938102730992,
    3333.291304224887,
    364.2254863535011,
    5313.145750624544,
    5169.02552819314,
    5154.014706936731,
    2912.563392304701,
    5500.065772912768,
    2217.4653719531057,
    2821.0621992896886,
    5476.791403743302,
    5270.240284716812,
    3542.500517040372,
    5568.453135764811,
    5283.849807767991,
    5352.70479737953,
    3897.0632243541204,
    5420.806327200123,
    5319.158313424449,
    2478.7010423062716,
    4775.772880026747,
    3503.227057618932,
    5423.160052808634,
    5002.148273241167,
    2590.7831806209574,
    5348.175695039764,
    2565.7932351670934,
    5512.2822766312065,
    2546.545920789953,
    5214.342494996493,
    3662.7428927333203,
    5356.6652865739115,
    5323.1645414671875,
    4924.143815754434,
    5316.887914982279,
    5444.126967940088,
    5323.50155302661,
    5216.464292700981,
    5309.76029570662,
    1921.206704619793,
    4098.882501797733,
    1086.3480552604817,
    3992.493962966512,
    2996.8174754012625,
    5485.483745658742,
    3761.745028202544,
    5054.092855667365,
    5353.718322302033,
    4957.1029456141405,
    5359.517992135499,
    4218.678403784871,
    3717.219758620279,
    1707.237896803011,
    3926.1254135382287,
    5436.3576704058805,
    2790.651153235828,
    5453.833492632206,
    1017.7970979681977,
    2900.2107681491084,
    3542.7439551390617,
    600.6456902022794,
    4831.2366010197575,
    5360.475481257922,
    3537.5114318916217,
    5179.688701191193,
    5377.286936225697,
    1654.2744393194268,
    3080.501685544426,
    4853.817515252602,
    4140.728573222866,
    5081.17304602408,
    3068.3686351090155,
    5445.183643657555,
    5461.11123594941,
    3908.414791781205,
    3253.062730564959,
    3313.02091267839,
    5292.827377999932,
    5363.704144244755,
    5370.593930269278,
    5393.012977814048,
    5393.002120707254,
    5289.514707140355,
    4113.168921402723,
    5329.576174419883,
    622.8327490668775,
    3203.0392171246226,
    5497.943936212615,
    5334.443278691015,
    2523.5786736218606,
    4731.651048545022,
    5524.084324657488,
    510.57900902602563,
    5306.8352426820275,
    5372.487408396009,
    3409.3600643659906,
    5462.879940990058,
    2565.3740066114847,
    5162.794850082864,
    2782.719209437434,
    4656.396510243291,
    3386.5788401505365,
    4645.749270147704,
    4443.155424680986,
    3538.951789511977,
    5413.0854766343155,
    4201.107107877689,
    5518.1411095427975,
    4288.039720568363,
    5483.672452804926,
    4720.392370578883,
    5442.3404150508,
    3511.2096932254863,
    959.0020247522043,
    5452.419068470745,
    5473.867983854094,
    2584.464103782486,
    3898.129731324009,
    4883.191716377759,
    5483.969614067003,
    3445.3295241165533,
    5550.688550168725,
    5561.891881865152,
    2179.1814112923607,
    3860.3861264422208,
    5407.92009685278,
    3371.1609195406886,
    5478.577430618916,
    5283.644897444112,
    2308.6832776517804,
    5507.4711174017275,
    5546.718095355232,
    5479.229032035512,
    3103.733500288825,
    5352.76705384156,
    5363.058676715808,
    1757.8109358208917,
    5371.851833201602,
    5637.091160770942,
    5419.993096541968,
    5683.512475968508,
    5558.393707126547,
    5417.168228378873,
    3373.211140287738,
    5519.926733162742,
    3324.5223755418087,
    2444.6587646359203,
    5556.896073827567,
    5419.161331627294,
    3506.9352058424647,
    5306.491637210967,
    4482.17975782108,
    280.35794905058174,
    2901.4221522065864,
    4016.712847988215,
    5322.466966651397,
    1627.2792536744935,
    5492.491660066617,
    5536.416988707491,
    5227.255870237102,
    5366.471021716319,
    3619.520065928762,
    3692.9763490275664,
    1936.1280543564008,
    5500.395921135961,
    5603.417492202632,
    5499.499442158074,
    5440.171138504944,
    5564.0150295529465,
    5428.399031680615,
    3127.398672772859,
    5523.620516982666,
    5107.36050421139,
    5404.827894497539,
    5381.140434020844,
    5402.024192225134,
    5551.500775923849,
    3823.483245273097,
    5388.777500696187,
    5457.449325968419
  ],
  "diagnostics": [
    {
      "step": 2048,
      "scr_ema": 0.9513339951211935,
      "ev_ema": -0.0022733195268763496,
      "g_std_ema": 1.2645676622854003
    },
    {
      "step": 22528,
      "scr_ema": 0.5661127719262633,
      "ev_ema": 0.13738924072459818,
      "g_std_ema": 21.30200325217377
    },
    {
      "step": 43008,
      "scr_ema": 0.34490273698388446,
      "ev_ema": 0.33868575484045305,
      "g_std_ema": 33.78517184341204
    },
    {
      "step": 63488,
      "scr_ema": 0.3128508662804705,
      "ev_ema": 0.5255497291030097,
      "g_std_ema": 37.4291212727536
    },
    {
      "step": 83968,
      "scr_ema": 0.32157040472014725,
      "ev_ema": 0.6682732648888772,
      "g_std_ema": 38.981890877866995
    },
    {
      "step": 104448,
      "scr_ema": 0.2563187871713529,