{
  "env": "Ant-v4",
  "agent": "Heuristic_HCGAE",
  "seed": 0,
  "config": {
    "hidden_dim": 256,
    "lr": 0.0003,
    "gamma": 0.99,
    "lam": 0.95,
    "eps_clip": 0.2,
    "n_epochs": 10,
    "batch_size": 64,
    "n_steps": 2048,
    "ent_coef": 0.0,
    "vf_coef": 0.5,
    "max_grad_norm": 0.5,
    "use_obs_norm": true,
    "use_adv_norm": true,
    "use_lr_anneal": true,
    "total_timesteps": 1000000,
    "eval_freq": 20480,
    "n_eval_episodes": 10,
    "eval_mode": "deterministic_mean",
    "scr_ema_alpha": null,
    "scr_relax": null,
    "clip_c": null,
    "use_dcppo_s": false,
    "dcppo_w_min": 0.1
  },
  "total_steps": 1001472,
  "elapsed_s": 994.9649350643158,
  "final_reward": 2378.5225709960014,
  "max_reward": 2747.4752602489793,
  "eval_rewards": [
    997.1339814445062,
    919.3882750563371,
    773.5065745012201,
    379.21730753982774,
    325.6847700522145,
    234.7414221256031,
    94.47053234472759,
    26.634660794727246,
    336.01807567156607,
    343.22186882371966,
    555.9717162605266,
    746.0379082544355,
    700.7223555799745,
    799.6253392099759,
    734.7140580833964,
    769.1574262706922,
    889.4347393635957,
    611.3474825669564,
    870.242335342374,
    916.4971141339463,
    709.4399284860186,
    1460.2424880580447,
    1561.8570571413775,
    1833.9356660781498,
    2032.5024122442774,
    1772.2156391890355,
    2102.115939877143,
    2035.2707242016265,
    2193.132714030755,
    1973.2445302887397,
    1736.8453370664392,
    2011.9837174291101,
    1768.313471986315,
    2102.5445083368695,
    1920.1342591957614,
    2263.0260985609248,
    2185.4698700216877,
    2102.324658839133,
    2271.8259821700276,
    1861.7349895650088,
    2540.8266254213713,
    2141.221461993841,
    2518.846738612524,
    2215.3271656310085,
    2575.837082710984,
    2035.2631866891838,
    2500.6453132816623,
    2648.0478858054485,
    2747.4752602489793
  ],
  "eval_steps": [
    2048,
    22528,
    43008,
    63488,
    83968,
    104448,
    124928,
    145408,
    165888,
    186368,
    206848,
    227328,
    247808,
    268288,
    288768,
    309248,
    329728,
    350208,
    370688,
    391168,
    411648,
    432128,
    452608,
    473088,
    493568,
    514048,
    534528,
    555008,
    575488,
    595968,
    616448,
    636928,
    657408,
    677888,
    698368,
    718848,
    739328,
    759808,
    780288,
    800768,
    821248,
    841728,
    862208,
    882688,
    903168,
    923648,
    944128,
    964608,
    985088
  ],
  "episode_rewards": [
    945.6856663928347,
    2174.4057164616197,
    2233.0834710770837,
    2108.3662113920636,
    2374.1957157264887,
    1572.3217452908095,
    2277.059880020851,
    2138.334102894598,
    801.5068272879563,
    1232.2087778217476,
    932.4673432033345,
    460.9508223192788,
    1020.0097324292822,
    2241.1286837061275,
    1327.6826367289416,
    2222.1784083375373,
    2192.976889268659,
    1438.1085040304663,
    2320.2129680793123,
    2191.922151478234,
    548.8310490046276,
    2148.226517079309,
    1130.1879234903706,
    2326.4327231387115,
    2215.8294545887043,
    2212.639395400305,
    2156.861322162168,
    2281.1599976395314,
    4.35421307254733,
    2500.843235136415,
    1109.6723812678104,
    2310.8535169122133,
    1082.9570398895792,
    2148.9201146651953,
    1258.721960298409,
    2237.8026669182213,
    2305.432123227797,
    1827.5591270505436,
    1668.1516978800826,
    1094.5453428070114,
    2406.4105412357812,
    2208.6049785334467,
    2169.3627819132425,
    1548.6429223628754,
    2321.872807550574,
    2356.167981647806,
    915.3325440249216,
    2262.183127146345,
    2390.7239022909034,
    8.653015915754906,
    2311.1060297359913,
    2410.995723355753,
    2439.7236733194136,
    2295.068478025785,
    2195.4397299225157,
    2288.211823981412,
    2300.552221273515,
    2474.511560006968,
    1709.786944811387,
    2260.526349343077,
    2341.936881734286,
    950.3329892381473,
    2388.43546583723,
    582.1153949584576,
    2353.6292531281224,
    472.78439526144734,
    447.55947931439715,
    1970.666285121677,
    1797.7162181009583,
    1345.3300616292925,
    2236.2219288398314,
    2406.930482945792,
    1608.5111821923779,
    2196.8599639069325,
    2331.7579883109174,
    1869.46283732314,
    1155.8972176533262,
    1460.1757327564644,
    2314.6146557353522,
    1114.751293775303,
    1079.354663762991,
    2419.3243951898967,
    1387.2430731391871,
    2329.3345605487043,
    2370.043760237337,
    2355.9598831017843,
    2179.0055153191825,
    2453.777365325639,
    2286.887413201778,
    2179.135506040153,
    2349.0073438838526,
    2404.6961926698455,
    2364.5361118099167,
    2346.105954859495,
    2432.878491562027,
    2423.878623830131,
    2440.212975012891,
    2128.50634349274,
    2508.5194348526497,
    1887.1735706305872,
    2536.398139328575,
    18.769102941474646,
    209.75179820724694,
    2243.2926030118238,
    2362.1888146020638,
    2322.244840677983,
    2299.086140765819,
    17.588584164481986,
    2353.2744464808748,
    59.73373756430415,
    2209.149743242787,
    363.0867921503225,
    2461.01009614007,
    2320.9319725493583,
    1032.9288563704656,
    2562.267039589326,
    2269.0448796123896,
    2427.3301619594545,
    2378.2547806020016,
    2398.233917023482,
    2376.849163491041,
    2310.912675882956,
    108.40121966407074,
    2395.611885483557,
    468.6390185595674,
    459.44437390683805,
    1073.783773514491,
    2322.4001346946943,
    2278.5311043025117,
    578.2279426564194,
    1969.686002382211,
    2388.1420325599424,
    740.0354470151777,
    2052.7392724752294,
    2463.5745741160354,
    2376.349819287769,
    2283.8672617345696,
    2170.9381402517265,
    2471.918910436201,
    2344.124635383172,
    2446.518959842556,
    2487.022788901159,
    189.72229391390414,
    2498.967391187828,
    1125.1632768913657,
    2308.8817954778087,
    2410.645061160829,
    1475.17423546868,
    344.4381113269833,
    1716.356026230355,
    2368.514196058274,
    2362.5602668899096,
    2299.414864413612,
    2555.820049808845,
    2099.8441642183707,
    34.46484418357112,
    2507.80660965214,
    760.6846688681724,
    342.7162925591154,
    2442.13621711267,
    1891.1653658636928,
    2406.230547425486,
    2584.008008923065,
    286.4003826485703,
    2512.440258446343,
    2447.0060818120137,
    1545.9316595880607,
    403.7183265776432,
    2411.0468592052953,
    392.8258734505186,
    2272.539537703506,
    2528.3268909599524,
    2400.217888308537,
    2332.005577098673,
    2548.4187884130056,
    832.5604417407449,
    2356.8938586490603,
    2336.6092884205555,
    826.3078998227891,
    1047.0041118545432,
    2343.9203718883423,
    2360.403889378563,
    479.94444807161443,
    2452.6385718221627,
    2533.8671481929177,
    2322.3755319155916,
    2386.9887997707037,
    1946.23276234287,
    2480.391109374299,
    854.0333804233114,
    2391.3967958375215,
    2407.252008278755,
    2230.93645065875,
    1606.1050856167435,
    2455.20881010818,
    2503.3487987601247,
    587.2243847643238,
    1076.2313672149412,
    2484.371811567644,
    2399.273146087836
  ],
  "bhvf_diagnostics": []
}