{
  "env": "Ant-v4",
  "agent": "Heuristic_HCGAE",
  "seed": 4,
  "config": {
    "hidden_dim": 256,
    "lr": 0.0003,
    "gamma": 0.99,
    "lam": 0.95,
    "eps_clip": 0.2,
    "n_epochs": 10,
    "batch_size": 64,
    "n_steps": 2048,
    "ent_coef": 0.0,
    "vf_coef": 0.5,
    "max_grad_norm": 0.5,
    "use_obs_norm": true,
    "use_adv_norm": true,
    "use_lr_anneal": true,
    "total_timesteps": 1000000,
    "eval_freq": 20480,
    "n_eval_episodes": 10,
    "eval_mode": "deterministic_mean",
    "scr_ema_alpha": null,
    "clip_c": null,
    "use_dcppo_s": false,
    "dcppo_w_min": 0.1
  },
  "total_steps": 1001472,
  "elapsed_s": 4163.803595781326,
  "final_reward": 1988.242593443189,
  "max_reward": 2544.2411364747304,
  "eval_rewards": [
    989.4227210248075,
    906.1439056373277,
    657.9339806061696,
    16.379811529997276,
    140.54705226549734,
    330.0612953641786,
    297.98836913487486,
    338.104472401933,
    190.35576478456568,
    232.80903867366965,
    438.6248688148303,
    328.50553295068573,
    490.02904101798265,
    828.0656562106611,
    584.4102342110356,
    992.6408251142593,
    555.8906672653535,
    815.3304128318896,
    921.0064088876321,
    1053.4613172415502,
    1060.492992666806,
    1232.7510653876593,
    1242.863123051461,
    1354.3401681741889,
    1246.4423925293836,
    1477.699050442608,
    1564.3096747794943,
    1608.113830111524,
    1191.8705272931709,
    1531.7578729583252,
    1442.7532482192123,
    1461.9380256922116,
    1484.8714295709653,
    1176.2422872207558,
    852.1166648627401,
    919.7769540364061,
    689.172548093852,
    1798.580279507038,
    1882.536509753499,
    2036.1874579966177,
    2029.4838720227788,
    1675.7272748674538,
    1845.8918792274446,
    1873.168679450171,
    1669.3775917491378,
    1922.9316619707606,
    1861.3971307291272,
    2544.2411364747304,
    2424.019249943666
  ],
  "eval_steps": [
    2048,
    22528,
    43008,
    63488,
    83968,
    104448,
    124928,
    145408,
    165888,
    186368,
    206848,
    227328,
    247808,
    268288,
    288768,
    309248,
    329728,
    350208,
    370688,
    391168,
    411648,
    432128,
    452608,
    473088,
    493568,
    514048,
    534528,
    555008,
    575488,
    595968,
    616448,
    636928,
    657408,
    677888,
    698368,
    718848,
    739328,
    759808,
    780288,
    800768,
    821248,
    841728,
    862208,
    882688,
    903168,
    923648,
    944128,
    964608,
    985088
  ],
  "episode_rewards": [
    681.2269352985852,
    1466.9184821550293,
    1900.9425821290542,
    217.27119194627548,
    1898.923272665466,
    573.1894060621368,
    192.73864738996207,
    1197.8230590601377,
    434.0617915810218,
    202.91057956581523,
    862.9455476160783,
    2318.0795528390736,
    1118.6684557806893,
    1156.383076664717,
    2078.3785084778183,
    2130.043789047179,
    2007.7215962627724,
    2052.108378198909,
    1983.7845085508543,
    163.08420352292885,
    1564.2336047732638,
    252.23139170995117,
    168.28790712301083,
    1462.8851899982437,
    2157.1563769674367,
    26.47500158759785,
    722.5425031103978,
    1027.8051456985802,
    875.6757064486128,
    839.4303327348075,
    350.791784007651,
    626.7621573388823,
    589.9091266434269,
    768.2369522340304,
    1821.0220186583601,
    1094.2047848948976,
    1638.6967378544928,
    1556.7000031293971,
    1234.9934983763778,
    743.1122710494561,
    2137.7252599523317,
    1364.3427313621369,
    162.34157192972455,
    803.657236172441,
    919.8984629660877,
    315.1334665956211,
    680.8461269929553,
    2287.222608018238,
    1045.1917952026752,
    565.6158458050347,
    2050.318527112891,
    2194.0240195563397,
    2193.4581483007114,
    125.17556167125754,
    1951.67697535381,
    692.4633277043574,
    722.891343147434,
    680.0656380301481,
    1172.2895798337104,
    1119.4007932688814,
    185.89428238775744,
    454.5864890641561,
    1456.4072593788417,
    1028.0187938249192,
    523.1811218352537,
    1754.000637491328,
    1090.368029985482,
    1824.5826782547729,
    475.5252363722799,
    65.43351799319021,
    146.590479473427,
    244.39885712420894,
    147.0359723355292,
    580.2716507941595,
    449.99526852044477,
    153.75197842730427,
    121.23599319749974,
    1051.2052833605171,
    503.3110987594058,
    632.0866638663083,
    2135.4174304320013,
    182.32662271182363,
    163.06433631292626,
    402.1246061878955,
    921.365217953547,
    648.2833446560251,
    716.1888554948811,
    123.76735770353565,
    71.81779044365784,
    924.0304250247368,
    2014.281453547125,
    591.6676771890329,
    1657.0777175986245,
    1229.838252361171,
    43.965930790516026,
    2193.5242295605753,
    1504.3510517527525,
    2043.5252565180483,
    446.3018966241541,
    2205.165550773326,
    1615.440847611747,
    743.4837118973853,
    324.7669000958111,
    2110.942127658557,
    342.6416875626226,
    1994.5963158416287,
    1862.2967594225192,
    1399.4545528679027,
    813.2297759858652,
    1081.1805937872518,
    2070.397349346933,
    1895.2334077274436,
    2293.0874321371844,
    1004.10170765287,
    1160.5898190477276,
    630.8024180427682,
    2249.4545356028757,
    324.30748388744286,
    419.09813508899487,
    2243.800991045315,
    2119.3137072823906,
    683.2778345491639,
    1351.6793614744201,
    246.13637395257706,
    14.626376555179755,
    605.633185921653,
    2289.555328385707,
    1705.0995238997211,
    350.7252049417461,
    879.159956097871,
    2249.945854841138,
    2144.867421899038,
    937.1963180488584,
    1663.7392489366969,
    125.72716954653892,
    420.97504266242004,
    86.0317064458006,
    549.7938080738737,
    2242.9398363878104,
    1370.960582950746,
    1708.953489191836,
    1065.1990611654937,
    922.0957588589384,
    100.24530804204714,
    133.14999562404645,
    1371.0319043913876,
    2110.3676644085435,
    1920.375081269614,
    233.80813380067653,
    1038.6647487722862,
    2308.109759488919,
    2160.10684663765,
    832.576256552366,
    459.3901090111891,
    1381.0489369762038,
    1492.78504562869,
    1904.499427746496,
    21.94671498721209,
    1490.345093310052,
    16.78515760771165,
    2161.1639941062144,
    722.751349100163,
    327.86291937833266,
    637.7610488344503,
    2148.353728188389,
    687.1572931724669,
    1337.7359055419195,
    1858.9951139468844,
    552.605648666021,
    946.522284354888,
    662.3196101896582,
    2292.3240992117803,
    635.8611997979336,
    1145.431471092938,
    1156.6151918351939,
    1370.16246142711,
    12.534892945152894,
    2.742113404067692,
    1057.648708641456,
    428.4573611570463,
    2283.755749993399,
    1336.448519825036,
    2187.1002945932714,
    950.2966370234469,
    1001.9118044960632,
    347.6300502173288,
    1387.171764130332,
    695.6297216247272,
    1800.3291008053811,
    3.587163970643806,
    164.44031585796643,
    2159.216445123663,
    2244.5354090550427,
    1741.3610359422962,
    1413.657562486497,
    1212.1465400095924,
    128.74193975760298,
    1251.1925482498395,
    2287.3756628242754,
    447.770714279809
  ],
  "bhvf_diagnostics": []
}