{
  "env": "Ant-v4",
  "agent": "Heuristic_HCGAE",
  "seed": 7,
  "config": {
    "hidden_dim": 256,
    "lr": 0.0003,
    "gamma": 0.99,
    "lam": 0.95,
    "eps_clip": 0.2,
    "n_epochs": 10,
    "batch_size": 64,
    "n_steps": 2048,
    "ent_coef": 0.0,
    "vf_coef": 0.5,
    "max_grad_norm": 0.5,
    "use_obs_norm": true,
    "use_adv_norm": true,
    "use_lr_anneal": true,
    "total_timesteps": 1000000,
    "eval_freq": 20480,
    "n_eval_episodes": 10,
    "eval_mode": "deterministic_mean",
    "scr_ema_alpha": null,
    "clip_c": null,
    "use_dcppo_s": false,
    "dcppo_w_min": 0.1
  },
  "total_steps": 1001472,
  "elapsed_s": 4121.660599946976,
  "final_reward": 3393.1484224106753,
  "max_reward": 3943.8546430326924,
  "eval_rewards": [
    988.353077532712,
    935.8485919519646,
    327.75360509570294,
    22.949674644167413,
    72.95974606454521,
    96.90308642498205,
    98.04732151221458,
    115.13271477388932,
    243.33030267088438,
    21.71078645128564,
    245.54953624253366,
    398.24582063898873,
    473.471923587698,
    823.3086046718024,
    1015.0753683729683,
    1116.4957821802868,
    1079.8868902697568,
    1214.8820941111576,
    1098.9259362507742,
    1088.9493535736622,
    1222.530482304529,
    1407.4322893319004,
    1326.9303881766434,
    1511.6258734529454,
    1204.6412273918054,
    1514.735689420742,
    1479.1566406177155,
    1593.4959251699952,
    1567.2241931990327,
    1960.1593121474943,
    2011.8003213026434,
    1955.195823773064,
    2024.8310839211183,
    1725.8863108509145,
    1869.3801534715712,
    2434.9703629185533,
    2570.727745936193,
    2437.9941634513816,
    2766.0691557165464,
    2634.0339036436403,
    2825.471210278561,
    3213.0046045509794,
    3278.6542153149194,
    3412.02383330414,
    3436.508436392995,
    3652.6336950966243,
    3746.9007618257165,
    3788.398920666482,
    3943.8546430326924
  ],
  "eval_steps": [
    2048,
    22528,
    43008,
    63488,
    83968,
    104448,
    124928,
    145408,
    165888,
    186368,
    206848,
    227328,
    247808,
    268288,
    288768,
    309248,
    329728,
    350208,
    370688,
    391168,
    411648,
    432128,
    452608,
    473088,
    493568,
    514048,
    534528,
    555008,
    575488,
    595968,
    616448,
    636928,
    657408,
    677888,
    698368,
    718848,
    739328,
    759808,
    780288,
    800768,
    821248,
    841728,
    862208,
    882688,
    903168,
    923648,
    944128,
    964608,
    985088
  ],
  "episode_rewards": [
    2615.3124609133383,
    437.2211373390745,
    1354.3897998867508,
    2311.9699395701055,
    1385.8528286573396,
    1635.5450826294618,
    924.9897682986449,
    2610.0389541838063,
    1228.8930147914884,
    1155.286098709465,
    2710.715535176087,
    2815.5689210712153,
    2668.479696709049,
    2794.5420840549605,
    2757.5629447569218,
    2618.5546676949925,
    2589.231301216865,
    874.9791569248148,
    2663.7227506317677,
    2735.859422582237,
    2743.2959665333965,
    341.7275810222547,
    2322.7369052687445,
    730.4264999658649,
    369.50251491356613,
    2740.6347888898445,
    2769.1019885505825,
    2638.3016109754076,
    2609.1288847253445,
    358.1380978202011,
    2579.9201091624045,
    2606.7479991915025,
    2145.2014324400097,
    2933.783866228282,
    2676.868460645746,
    2789.399160866716,
    2534.532216902422,
    2773.634061880838,
    2728.7755911644504,
    304.39969343441595,
    1333.1294152281068,
    2602.042404155292,
    2741.529333190544,
    2104.7821973316777,
    996.6228544038306,
    2671.3839754705386,
    2698.4168661245567,
    2637.490801752483,
    2677.802872996382,
    1360.3245021786684,
    2787.9212892527485,
    1771.9137845781586,
    2872.366250168471,
    301.4401681967158,
    494.67441165988316,
    346.38511909932055,
    691.4502637847535,
    2498.622554734466,
    2789.9586270137816,
    2734.768679829242,
    2995.3715611478365,
    565.6799247590359,
    2796.564255910485,
    730.6557515281587,
    764.1984703335143,
    2798.1955201326164,
    2181.322651849051,
    427.0885025851068,
    2198.346928888024,
    386.21188095536814,
    2801.432393997221,
    2821.7187076526175,
    2964.5464955697453,
    2627.9596697013,
    213.2738085024638,
    2883.7675384645227,
    2863.1646580966485,
    3006.264305453375,
    1285.6223035253702,
    1997.8838647997609,
    2997.991044449227,
    2694.5696118086157,
    2931.0502152246854,
    2849.58413748267,
    2845.9662798419427,
    2918.0819122396238,
    2741.2173688495777,
    2975.37163225154,
    2869.540625623663,
    2728.9629546208994,
    2802.8220864206373,
    844.3256373006815,
    3001.364488033538,
    2901.812208215154,
    2962.1680626480584,
    605.5449935916877,
    765.3864702348947,
    365.6511618771397,
    317.56658927399843,
    2983.2408553897535,
    677.215978564301,
    848.3867828137461,
    2630.5891059259197,
    1112.0364719752206,
    2990.8522123884522,
    2920.510962879997,
    2955.5645651521336,
    3061.9083864064405,
    19.22075821291778,
    2909.0532789150056,
    3097.064951134103,
    2737.8148012383394,
    2732.137173438786,
    170.04870588785224,
    2877.6900399611454,
    2860.5753762718014,
    3125.949452180806,
    1957.7505929229535,
    1731.0703539204249,
    716.439288985899,
    2940.607841148839,
    3166.430617416218,
    670.4330617922931,
    1501.6807691151505,
    3233.9547559938223,
    3161.1533649607227,
    957.8152504303309,
    877.986747213701,
    3015.9380859938183,
    944.7116696293084,
    2752.5485147597383,
    2900.875381628512,
    2851.402451506742,
    2304.755433446036,
    3168.996931976073,
    2886.552313588965,
    2774.824728540716,
    649.7703377050369,
    3089.756895565333,
    2796.5670210577955,
    2990.8618541186324,
    3067.8373868284652,
    1027.6943239072978,
    3140.404842790139,
    2144.879419127208,
    2886.425424724166,
    1822.3189968825152,
    2592.886470665528,
    795.393686746674,
    2997.361329733352,
    2793.693148035307,
    427.5631167082512,
    3116.7275946217924,
    3057.654776322326,
    3173.063103680466,
    2852.258323135904,
    3152.661158475434,
    1542.611050794379,
    545.8420969681381,
    1180.830437786442,
    902.1290754166171,
    2929.8705128464553,
    2086.040765011341,
    3065.1163795840266,
    2840.8460844889305,
    3089.6906110085124,
    2857.6095935405665,
    3146.3827087603145,
    3294.662813860208,
    1322.3144580095027,
    3398.2901673033557,
    3195.6077295751,
    583.7089731527722,
    224.53129382079928,
    3203.580835207636,
    3035.696606396721,
    3082.02907160658,
    3392.0313487040885,
    3200.668757276215,
    1115.8996403773303,
    3352.540750303054,
    2872.885928041034,
    3084.4157870056533,
    3082.8294033496936,
    3033.572704724437,
    2869.172471961508,
    2976.0707800755526,
    1354.9946028530446,
    3288.211155736337,
    2297.4166304787723,
    3099.211922419774,
    3242.901856842588,
    1261.0871212888062,
    2122.9454708016833,
    3103.1930242173776,
    3316.081918430791,
    3108.704428443938,
    3002.312366757249,
    3224.8739526568343,
    3094.452219495949
  ],
  "bhvf_diagnostics": []
}