{
  "env": "Ant-v4",
  "agent": "Heuristic_HCGAE",
  "seed": 3,
  "config": {
    "hidden_dim": 256,
    "lr": 0.0003,
    "gamma": 0.99,
    "lam": 0.95,
    "eps_clip": 0.2,
    "n_epochs": 10,
    "batch_size": 64,
    "n_steps": 2048,
    "ent_coef": 0.0,
    "vf_coef": 0.5,
    "max_grad_norm": 0.5,
    "use_obs_norm": true,
    "use_adv_norm": true,
    "use_lr_anneal": true,
    "total_timesteps": 1000000,
    "eval_freq": 20480,
    "n_eval_episodes": 10,
    "eval_mode": "deterministic_mean",
    "scr_ema_alpha": null,
    "scr_relax": null,
    "clip_c": null,
    "use_dcppo_s": false,
    "dcppo_w_min": 0.1
  },
  "total_steps": 1001472,
  "elapsed_s": 1291.8406450748444,
  "final_reward": 2119.8464236056543,
  "max_reward": 2537.9751544110895,
  "eval_rewards": [
    990.2934002176884,
    911.5209997076001,
    747.3089029388927,
    570.3981489310138,
    216.91890930111305,
    237.9648890933228,
    276.258315463598,
    491.000854274222,
    440.69246030310967,
    60.52768790122,
    101.54751975156681,
    152.32751435723728,
    192.4305111109681,
    511.82055675766,
    687.3983820722386,
    628.4842184824649,
    902.7303217412957,
    793.3534581977959,
    859.0056235928851,
    828.9213474170976,
    688.1299807140325,
    794.9197297842911,
    801.3943521914737,
    1033.9942316579968,
    1035.2151656563144,
    1241.404859909048,
    1269.0421406139385,
    1419.7080636583564,
    1080.2753388472106,
    1168.689907995682,
    1546.3591510885556,
    1702.2455905132222,
    1524.0499013487847,
    1300.8280430947757,
    1696.9369439784161,
    1526.8550416143785,
    2082.862479022796,
    1914.361711955825,
    1528.3543578051797,
    1929.9063219980803,
    2100.5791599910253,
    2082.2750027936663,
    1839.7734409797936,
    1891.5226681200431,
    2094.837218371955,
    2043.5194219635482,
    2490.4323604940573,
    2187.6434869332843,
    2537.9751544110895
  ],
  "eval_steps": [
    2048,
    22528,
    43008,
    63488,
    83968,
    104448,
    124928,
    145408,
    165888,
    186368,
    206848,
    227328,
    247808,
    268288,
    288768,
    309248,
    329728,
    350208,
    370688,
    391168,
    411648,
    432128,
    452608,
    473088,
    493568,
    514048,
    534528,
    555008,
    575488,
    595968,
    616448,
    636928,
    657408,
    677888,
    698368,
    718848,
    739328,
    759808,
    780288,
    800768,
    821248,
    841728,
    862208,
    882688,
    903168,
    923648,
    944128,
    964608,
    985088
  ],
  "episode_rewards": [
    262.0058165950845,
    1831.8656906743001,
    1871.071838281296,
    870.9856143600117,
    178.27201664500288,
    1903.5310591237517,
    1814.2802129890931,
    1687.550111243529,
    1309.5001385671703,
    1903.0673906049374,
    1872.0152038570695,
    1996.6277295872471,
    1996.6996674457623,
    1180.8746957213707,
    1948.1188731343407,
    1917.635754186623,
    1850.2943389449251,
    1863.7562519896073,
    915.0792236569973,
    110.3759424685442,
    1866.8032213453457,
    48.0270452464627,
    1958.6602401530906,
    1611.264518232006,
    270.2389363603279,
    1910.6017139681119,
    1997.0394633364888,
    1371.930955688262,
    545.3139939241967,
    1885.9757258250424,
    1118.845479514431,
    671.7701368720328,
    665.2216688937698,
    632.2106021129241,
    1207.1444264836366,
    441.90125537428827,
    912.2231447672182,
    353.80405626309164,
    1598.7743550204095,
    1809.4128981183026,
    703.3734032200526,
    2050.8916299035213,
    253.08247520633162,
    1931.3817815173888,
    919.4926858515847,
    48.177609120089386,
    1430.453393731083,
    998.0079785228705,
    2106.1153641852193,
    1621.6219219734107,
    988.9261050111921,
    1811.9979413210212,
    1276.2535877831651,
    1184.991261917289,
    592.9102543747821,
    1994.2040597678467,
    1872.0511757429185,
    590.474460729199,
    442.8334862381256,
    1050.4174353332435,
    732.6584769525042,
    915.3339138222085,
    144.2463191429886,
    123.07482059017725,
    1135.9268059085355,
    1944.4965606660307,
    1966.989558877446,
    332.950329142683,
    443.2013213890005,
    956.9527198065387,
    267.4264245547011,
    2002.5834486290269,
    1028.4695592343032,
    368.88618365800784,
    945.8914956908843,
    942.079243871895,
    1374.4901690961672,
    524.2789451961397,
    2032.8408219245628,
    1406.4978063529904,
    1409.500455109178,
    1541.031226683598,
    2146.2982503678127,
    1148.2887984151946,
    1902.905670553217,
    959.1293004743028,
    2062.7236001732003,
    374.5252378788154,
    2032.7405705503481,
    85.5374818952181,
    1542.3515546326494,
    2041.8642236126157,
    359.34977262711163,
    1656.233873056075,
    1263.402087829364,
    1870.1617613325839,
    999.6242911843561,
    1038.2942823787373,
    484.905439497746,
    2025.4496439275886,
    1807.5314064157683,
    1692.5964061642965,
    1930.388015857435,
    1617.1828033248876,
    2048.642769258069,
    659.5922954070679,
    2037.3420925077774,
    772.0278874038816,
    200.23593700802428,
    1107.7151161968086,
    325.7836993919386,
    1273.066315977535,
    2010.2309167988099,
    2075.065223924497,
    186.8718501305578,
    1547.8079575328272,
    2037.8499802260842,
    1994.8786148959935,
    2054.1546539016003,
    1053.2831563011355,
    1140.2476427577562,
    918.6371630946796,
    1299.0825011498903,
    1987.0826513796721,
    1647.1050668801543,
    1976.5988586804292,
    2007.0109202319945,
    876.0364461264066,
    442.7212218520627,
    1981.3544362437076,
    704.1656202896695,
    2048.9252302596387,
    494.66442633530323,
    2165.1374802803257,
    2013.3992761685479,
    1966.1607161709956,
    530.2506133532928,
    1934.9427236874153,
    1709.8153521231468,
    1602.0047304365494,
    1782.6417045035291,
    1937.3067159957054,
    1961.5238963150312,
    1988.6841582295517,
    1438.270749709211,
    992.4789489771996,
    2100.280454224816,
    1951.5674788346118,
    1435.9153742399822,
    1150.9964448266649,
    2126.556178341042,
    1379.9906750181963,
    1533.8076168718403,
    252.06667074265962,
    1865.2929785689007,
    1934.0872630476858,
    1984.3661949596494,
    1992.7530601335525,
    898.7999235374542,
    2080.955653016462,
    1983.7645238365062,
    2035.0017023167215,
    752.5753626004662,
    2142.985501134303,
    330.63561038482607,
    2074.9082178614967,
    1960.1911553788427,
    2115.6510754407673,
    1799.5962789934777,
    1328.4134477314428,
    1126.037261857883,
    2169.64075138116,
    2123.723988770562,
    2007.0604891188814,
    2129.045903644459,
    2145.9015414648134,
    1908.0081265995404,
    1781.8533568016169,
    2052.797964260044,
    935.8514283910772,
    1295.6779219079071,
    882.6455166849006,
    665.7909115832271,
    1575.5325550678347,
    2037.5844067204546,
    657.1123015848613,
    2114.9467623992,
    2029.6144359881541,
    1009.3539127235922,
    2188.706537535383,
    2057.1500672558595,
    2101.5662175585935,
    632.3487429938189,
    459.0405471070328,
    2069.750196490518,
    774.3743528519175,
    1216.73401821457,
    948.319015313682,
    2152.011245253124,
    2176.636658672916
  ],
  "bhvf_diagnostics": []
}