{
  "env": "Ant-v4",
  "agent": "Heuristic_HCGAE",
  "seed": 2,
  "config": {
    "hidden_dim": 256,
    "lr": 0.0003,
    "gamma": 0.99,
    "lam": 0.95,
    "eps_clip": 0.2,
    "n_epochs": 10,
    "batch_size": 64,
    "n_steps": 2048,
    "ent_coef": 0.0,
    "vf_coef": 0.5,
    "max_grad_norm": 0.5,
    "use_obs_norm": true,
    "use_adv_norm": true,
    "use_lr_anneal": true,
    "total_timesteps": 1000000,
    "eval_freq": 20480,
    "n_eval_episodes": 10,
    "eval_mode": "deterministic_mean",
    "scr_ema_alpha": null,
    "scr_relax": null,
    "clip_c": null,
    "use_dcppo_s": false,
    "dcppo_w_min": 0.1
  },
  "total_steps": 1001472,
  "elapsed_s": 980.2690601348877,
  "final_reward": 3110.869624232922,
  "max_reward": 3553.239026659356,
  "eval_rewards": [
    990.7816081926085,
    822.2152721589233,
    370.5361020157271,
    261.3021544468794,
    96.31835589144313,
    223.68889553966793,
    155.94192171421588,
    64.89114116779464,
    454.4256643810601,
    316.54986116865064,
    1023.3267425018576,
    896.8488055267692,
    956.0537876273223,
    1025.0852672927656,
    980.2423898936061,
    954.1337108897812,
    950.1238277885907,
    1100.1528083971002,
    957.4633399966867,
    974.5939025621772,
    785.6095309744483,
    873.1873591163021,
    819.7014468236396,
    1209.7823659443177,
    1284.022040573655,
    1330.6772956459567,
    1312.9575662703394,
    1413.8641054592304,
    1671.3176016922075,
    1442.7610375959712,
    1976.2216751154033,
    2305.0782814586805,
    1976.6397242585742,
    2574.19726980671,
    2394.4279859240955,
    2629.2306902651853,
    1880.536429050906,
    2833.9610959738725,
    2820.3172147628816,
    2732.706633369223,
    2495.8704377820186,
    2855.41629962332,
    3062.934201979123,
    3149.4743314227367,
    3284.9025631019076,
    3196.405152927816,
    3397.5045302307817,
    3380.2430652329335,
    3553.239026659356
  ],
  "eval_steps": [
    2048,
    22528,
    43008,
    63488,
    83968,
    104448,
    124928,
    145408,
    165888,
    186368,
    206848,
    227328,
    247808,
    268288,
    288768,
    309248,
    329728,
    350208,
    370688,
    391168,
    411648,
    432128,
    452608,
    473088,
    493568,
    514048,
    534528,
    555008,
    575488,
    595968,
    616448,
    636928,
    657408,
    677888,
    698368,
    718848,
    739328,
    759808,
    780288,
    800768,
    821248,
    841728,
    862208,
    882688,
    903168,
    923648,
    944128,
    964608,
    985088
  ],
  "episode_rewards": [
    1978.0887622389978,
    17.86476335150343,
    1125.7474675562662,
    855.3771058470397,
    1529.7069355803455,
    1666.3405670990587,
    2718.1669109768945,
    2642.4321058710857,
    2576.348411684454,
    1571.8184708763351,
    2764.954971315336,
    16.637167603403356,
    2724.9302256767996,
    466.6154737069322,
    1280.9570058696036,
    2686.9555436574515,
    346.0490426436206,
    2728.053560835562,
    2624.857628562929,
    86.33190510999069,
    2707.807536403582,
    615.0987005283228,
    561.4939374724268,
    2729.694859044438,
    2680.5948646224956,
    1280.010188440975,
    684.4493555816342,
    883.9209206505702,
    1438.8289213868168,
    1348.3976517156532,
    1429.1775008018667,
    2871.1161744382007,
    2717.1421595920124,
    169.1656732893062,
    2615.3716568310224,
    1008.6612567978582,
    2642.2682494458168,
    2685.385575573721,
    2793.544207438666,
    1918.0975092409963,
    894.9129436608239,
    2690.1820762165007,
    2706.022113600732,
    2632.3889914677666,
    2357.8940618924935,
    2708.0771763960397,
    52.960046945704335,
    2768.738585485079,
    642.2298512691638,
    2582.993790128429,
    2879.1352947952487,
    2998.233277193629,
    2808.179028407479,
    2844.057433007454,
    2950.4916332408593,
    2712.0029199285314,
    2726.761562127116,
    1176.68362714324,
    2844.0965611514534,
    1684.2097164951683,
    322.26991664648256,
    1698.1999950197664,
    2996.285523614458,
    3158.307359407537,
    113.46651667432826,
    2721.2171669094337,
    2869.9654906880223,
    1856.2554971003754,
    2865.014301385193,
    2868.7688978777815,
    2995.5105867063753,
    2709.3670418462048,
    1116.791913766176,
    2797.639666620379,
    420.98280230616723,
    3031.159601958596,
    1902.2852221265318,
    1918.5627265642386,
    147.43997517562295,
    565.1245808213524,
    2889.8664530351607,
    753.4050071987731,
    325.93922000891246,
    2961.4348321789744,
    3005.2229102298725,
    3035.309437984133,
    2960.1076241075198,
    73.20783503979341,
    2282.9832311998857,
    2867.5123042907944,
    2965.2914228550503,
    445.063741810552,
    1363.2662446906234,
    2647.192750802772,
    1708.0772847144165,
    323.29170990158485,
    2368.509810274357,
    2264.2625832812564,
    2818.3507124691546,
    538.5503003090405,
    724.9703426923222,
    2308.636154733098,
    999.6380377282383,
    922.7643297094253,
    2780.101751856778,
    3179.987330991323,
    968.9613115705132,
    3040.651314079878,
    3111.132313472498,
    3148.6928438690743,
    1164.0954301372026,
    3049.5940905493107,
    3064.0754459657796,
    3040.4028974617772,
    1632.4301266472396,
    2573.461195760956,
    2979.343714608838,
    3179.1692120049324,
    3117.2404011773165,
    2993.987175046883,
    2731.513372418466,
    2870.527673942538,
    2976.205338193118,
    510.99513568595506,
    2955.0715443019444,
    2989.986099973349,
    2117.360443088699,
    2773.415766734799,
    1494.72273359794,
    3009.1487403696196,
    1060.555133926785,
    5.830037192413229,
    1234.1339921136102,
    1389.415311523867,
    1997.8470743274593,
    532.9118952050568,
    382.8912790254666,
    2816.1586075155624,
    3052.6809855386,
    183.67330273055805,
    3069.5839691213732,
    998.8201287405745,
    694.7433565276125,
    2989.2869692956137,
    3043.1508548032452,
    3176.6027144028276,
    996.1004191381461,
    3048.670020905325,
    1357.8159689604634,
    3024.1796297083133,
    2580.591677053412,
    3109.3452967787057,
    2917.1890486927473,
    3141.464475087143,
    2523.145950494499,
    298.64407828160444,
    3129.6154762693172,
    3073.8015743432725,
    1566.1183819977646,
    3061.4592740905364,
    595.7020907180814,
    3169.5116491232498,
    2972.740455303443,
    3110.2170694946644,
    3116.7638353808784,
    392.6290008298838,
    3158.3758475902046,
    3076.2634789542362,
    2976.133035908691,
    2436.9739883793186,
    3008.7251958128763,
    3163.9133463382436,
    1370.9610295518328,
    3091.094003987906,
    3266.9525826571507,
    3122.8332885056616,
    3251.584122900546,
    2305.9597300765913,
    2517.0330961193213,
    424.8473953863509,
    3080.8197861631206,
    3077.7978264858593,
    3314.1052707184976,
    3156.1987640620137,
    3366.9131359628923,
    3135.744430916541,
    2243.457438025858,
    406.41569030877645,
    3378.3697745637546,
    2297.810071634761,
    3046.3366554673294,
    2946.120443786257,
    1196.354919122685,
    826.8191504936931,
    3006.543917434024,
    3060.6406113104745,
    1128.5648817117685,
    3175.062910051189,
    3099.266509430835,
    750.8731206543125
  ],
  "bhvf_diagnostics": []
}