{
  "env": "Swimmer-v4",
  "agent": "Optimal_HCGAE_Optimal",
  "seed": 6,
  "config": {
    "hidden_dim": 256,
    "lr": 0.0003,
    "gamma": 0.99,
    "lam": 0.95,
    "eps_clip": 0.2,
    "n_epochs": 10,
    "batch_size": 64,
    "n_steps": 2048,
    "ent_coef": 0.0,
    "vf_coef": 0.5,
    "max_grad_norm": 0.5,
    "use_obs_norm": true,
    "use_adv_norm": true,
    "use_lr_anneal": true,
    "use_vclip": false,
    "device": "cpu",
    "total_timesteps": 1000000,
    "eval_freq": 20480,
    "n_eval_episodes": 10,
    "eval_mode": "deterministic_mean"
  },
  "total_steps": 1001472,
  "elapsed_s": 1184.398577928543,
  "final_reward": 42.367564103378015,
  "peak_reward": 43.7414081564518,
  "max_reward": 45.95241144488419,
  "eval_rewards": [
    26.768731452529373,
    31.445638752891192,
    44.560010189978925,
    30.89560293654686,
    37.25394571754943,
    38.340214944211525,
    31.084594097389946,
    40.3500195934932,
    35.22346340071377,
    40.41866640458322,
    39.522504334886754,
    39.04216974977031,
    39.07028149387607,
    33.823461304317036,
    33.17260551347109,
    35.61285776335791,
    40.18655162582272,
    35.39954593150512,
    40.83611957568333,
    40.08182005288079,
    25.096785987176805,
    28.343554523959522,
    31.264352421395152,
    41.27456436538323,
    43.24861761140515,
    42.973398572150856,
    35.0947728548275,
    45.586286856234935,
    45.20785390342878,
    44.5327032236788,
    45.95241144488419,
    44.21174551810247,
    44.53112608226026,
    45.09713191501745,
    44.22665119393274,
    43.68054412872502,
    44.016656262724865,
    44.457375613096616,
    44.644707397495516,
    43.772796584189464,
    43.16533551618538,
    42.74426989708543,
    42.135687499241115,
    41.59922316862314,
    41.827811410957864,
    42.220669535004106,
    41.99807652236485,
    41.86696212322381,
    42.34480877690504
  ],
  "eval_steps": [
    2048,
    22528,
    43008,
    63488,
    83968,
    104448,
    124928,
    145408,
    165888,
    186368,
    206848,
    227328,
    247808,
    268288,
    288768,
    309248,
    329728,
    350208,
    370688,
    391168,
    411648,
    432128,
    452608,
    473088,
    493568,
    514048,
    534528,
    555008,
    575488,
    595968,
    616448,
    636928,
    657408,
    677888,
    698368,
    718848,
    739328,
    759808,
    780288,
    800768,
    821248,
    841728,
    862208,
    882688,
    903168,
    923648,
    944128,
    964608,
    985088
  ],
  "episode_rewards": [
    36.683136592624706,
    38.106108334314534,
    38.46063018227252,
    38.33168289653142,
    35.929133024599054,
    37.59001901080815,
    37.78871778437281,
    39.59548159978901,
    39.12050180962205,
    40.7875828611338,
    40.16045976716077,
    38.78551866835494,
    39.36111492991119,
    38.444809043746986,
    40.96507944014514,
    40.57709504353857,
    39.699684197759154,
    38.47663555125826,
    42.166887894781446,
    39.49047019575563,
    37.8572397871524,
    40.742266556719265,
    39.75223971903398,
    38.62303875804221,
    40.84833854321168,
    42.59700374708701,
    39.52520734579088,
    39.92063719609838,
    41.903311721956605,
    39.32666858485003,
    39.21933731453229,
    39.64897777927078,
    41.35750110828229,
    42.94101329378186,
    37.3441270782703,
    38.3967557660929,
    38.745246007682404,
    39.54042976887719,
    37.33559617119269,
    41.18542526867728,
    39.68389582031891,
    39.77290194833783,
    37.77226555967531,
    41.22964030122096,
    39.99540557576857,
    39.79052820769608,
    37.50200164517968,
    39.801857297658486,
    38.3495580427839,
    41.45907357082261,
    38.05671943861347,
    40.162156086076635,
    39.89330703241046,
    38.488862262763455,
    37.84967458270147,
    41.309514006642615,
    40.137874390214215,
    39.2946546130591,
    39.23512211052106,
    41.68666775006877,
    38.592859117319605,
    42.376794720013365,
    38.76198412344622,
    38.81952256638276,
    39.09059609275309,
    36.54882467802655,
    38.69616633418171,
    35.662437536851186,
    38.74777239106961,
    40.32738605409281,
    36.577720116630786,
    37.6456814596421,
    40.84722824622902,
    37.169012113180614,
    41.434729249177934,
    40.562635621437295,
    37.699419596762375,
    39.720279075666966,
    38.226756088915934,
    39.64046614310746,
    39.6140314775947,
    41.35992226259703,
    37.63594891094387,
    37.720217244350806,
    40.81081598585788,
    36.26991735270696,
    38.10186743740342,
    41.52491885384481,
    36.70333742860138,
    40.31022610082239,
    39.273304181421445,
    37.550403842403135,
    38.35907485295627,
    37.79109812318031,
    39.25754803809462,
    39.472537629946785,
    38.27839386718463,
    40.02563730091534,
    38.32453922534044,
    39.502226496718556,
    39.62793880962456,
    38.62361262093066,
    40.69556247355906,
    38.58443608740076,
    38.59626089614255,
    40.590859746512606,
    42.52922767438433,
    38.451648605470595,
    39.21244596127653,
    39.70267713172123,
    39.17628198902011,
    37.30841486309331,
    38.52570847463745,
    39.72847117400855,
    38.148147348016714,
    37.786476170188685,
    41.59994182537763,
    39.15726296442617,
    38.50314550769906,
    38.24076043742538,
    40.87460207710351,
    43.117321982327894,
    37.41551280076947,
    40.0592209330786,
    41.83371373167499,
    39.524505100627096,
    39.11551864587082,
    40.46213315838897,
    37.64191067996608,
    40.99456788699188,
    38.69759022675814,
    40.580758639228804,
    39.31509549904213,
    40.01090626444168,
    40.9267110660304,
    41.4911067609164,
    39.85106714459446,
    41.272864576987445,
    40.77819902523917,
    39.78093201786082,
    40.026559561155146,
    39.72773155123914,
    43.13022316767232,
    40.191102262656614,
    39.819246071144356,
    40.12722354547501,
    42.700217566546186,
    39.57243517134063,
    38.85222438679325,
    39.05778145589737,
    41.32298584848381,
    41.64871579897639,
    40.216853819011995,
    40.14564078936347,
    39.08391171874916,
    41.86089975992243,
    40.41492674817677,
    40.65261339647289,
    39.25910044910414,
    40.113243657084965,
    40.434406176293145,
    37.9397766275172,
    39.93338705088777,
    38.42584863698301,
    39.42448027059927,
    37.30573027280166,
    38.650428019564686,
    39.523244926041144,
    40.5041621005714,
    40.788947488498536,
    43.22897447934892,
    40.8306893981831,
    40.87836448743018,
    38.695476940772124,
    38.27680354229203,
    37.067186236835184,
    40.80723433297152,
    37.30623443158612,
    36.000065201454355,
    39.19587771102536,
    37.48796459861954,
    37.17397687530156,
    39.68222613324324,
    38.95707437834659,
    39.29724646941001,
    39.228235170404275,
    40.124979295222886,
    38.14880854902398,
    38.200152400448516,
    39.49771703691675,
    40.35284082467993,
    39.455375926993824,
    38.302816680869704,
    41.5122284349636,
    40.471518228750384,
    37.79460635862637,
    40.60687536183666,
    37.649793850805274,
    39.67682767391898,
    40.12948152593698
  ],
  "diagnostics": [
    {
      "step": 2048,
      "scr_ema": 0.9269850551906594,
      "ev_ema": -7.405985107387104e-05,
      "g_std_ema": 1.3957927237020264
    },
    {
      "step": 22528,
      "scr_ema": 0.5470308084815886,
      "ev_ema": 0.17156908360638978,
      "g_std_ema": 3.506585530105273
    },
    {
      "step": 43008,
      "scr_ema": 0.5488373394642616,
      "ev_ema": 0.2493321425271946,
      "g_std_ema": 4.126217393271919
    },
    {
      "step": 63488,
      "scr_ema": 0.33512486232833877,
      "ev_ema": 0.2972179291523912,
      "g_std_ema": 4.332081450608033
    },
    {
      "step": 83968,
      "scr_ema": 0.6267170113629207,
      "ev_ema": 0.28189585291314584,
      "g_std_ema": 5.090163939894228
    },
    {
      "step": 104448,
      "scr_ema": 0.7142289829862853,