{
  "env": "Swimmer-v4",
  "agent": "Optimal_HCGAE_Optimal",
  "seed": 14,
  "config": {
    "hidden_dim": 256,
    "lr": 0.0003,
    "gamma": 0.99,
    "lam": 0.95,
    "eps_clip": 0.2,
    "n_epochs": 10,
    "batch_size": 64,
    "n_steps": 2048,
    "ent_coef": 0.0,
    "vf_coef": 0.5,
    "max_grad_norm": 0.5,
    "use_obs_norm": true,
    "use_adv_norm": true,
    "use_lr_anneal": true,
    "use_vclip": false,
    "device": "cpu",
    "total_timesteps": 1000000,
    "eval_freq": 20480,
    "n_eval_episodes": 10,
    "eval_mode": "deterministic_mean"
  },
  "total_steps": 1001472,
  "elapsed_s": 1210.2202417850494,
  "final_reward": 26.170100133127953,
  "peak_reward": 41.06353019813359,
  "max_reward": 48.676380527757246,
  "eval_rewards": [
    26.179727693096815,
    37.64310841396122,
    35.97564116742616,
    32.09762209670896,
    35.1632057002646,
    44.81916095160721,
    46.25240775703344,
    42.36646687426259,
    35.69553259150509,
    12.18165037074126,
    36.319386182638155,
    43.28619132415128,
    25.90235091227266,
    32.72906350371451,
    35.89313471972065,
    36.212052275474264,
    35.96457791025848,
    34.305020062100006,
    38.24134851661705,
    39.271648521454445,
    28.177732891576255,
    43.65136669439106,
    42.262178957996106,
    42.76062023652637,
    42.33366790407899,
    37.289888600451704,
    40.9395806159709,
    33.91738267391992,
    36.05820850567089,
    46.410704171164426,
    48.676380527757246,
    46.29042307243092,
    43.56501864810136,
    36.63622759552023,
    40.85148757034842,
    30.611318052555607,
    36.118987022004156,
    27.055457429179814,
    34.292900560466464,
    36.924714661431736,
    -1.1404829974911768,
    29.740273269632997,
    28.387252830210787,
    28.095639156332744,
    28.98797084048464,
    27.300608997157248,
    27.096718654390695,
    29.01234403654916,
    27.29596188258069
  ],
  "eval_steps": [
    2048,
    22528,
    43008,
    63488,
    83968,
    104448,
    124928,
    145408,
    165888,
    186368,
    206848,
    227328,
    247808,
    268288,
    288768,
    309248,
    329728,
    350208,
    370688,
    391168,
    411648,
    432128,
    452608,
    473088,
    493568,
    514048,
    534528,
    555008,
    575488,
    595968,
    616448,
    636928,
    657408,
    677888,
    698368,
    718848,
    739328,
    759808,
    780288,
    800768,
    821248,
    841728,
    862208,
    882688,
    903168,
    923648,
    944128,
    964608,
    985088
  ],
  "episode_rewards": [
    45.6493636478454,
    47.81518732483841,
    47.85903252298036,
    28.99044374906223,
    47.37684203977193,
    52.82734169799493,
    41.95701350225929,
    45.27835759790596,
    45.750118756019845,
    -15.779265504173704,
    39.509293639676166,
    47.901238209775926,
    42.33268796886384,
    45.1720524411707,
    44.21909622648429,
    45.49933516993841,
    45.26891185081788,
    42.53722481797288,
    46.764740598927325,
    47.13109140376549,
    38.82332250905954,
    47.889845028515325,
    46.630216204587896,
    45.73883581944996,
    43.59472453898254,
    47.6534342554065,
    46.26081708716366,
    41.10546005339734,
    48.77502464880816,
    40.217561628043484,
    38.538466069885224,
    46.43232466935133,
    42.50271908133506,
    45.00461301685273,
    41.6331964566453,
    46.27794226029221,
    43.680248936789916,
    48.63758042815349,
    40.80729564563747,
    43.88048497634961,
    39.06020027727925,
    45.1313934061143,
    35.14532984492336,
    43.25583091613589,
    38.755435626505765,
    42.1998753296027,
    41.35560744863055,
    40.77931640826988,
    -5.312511811450431,
    38.020124176404074,
    42.854192645732745,
    41.4266926969434,
    42.15307875249246,
    42.43756595314781,
    37.418711249432675,
    44.90368304615413,
    42.44986610343892,
    37.56168301273883,
    43.21462539174439,
    36.519794351468676,
    41.028351339705736,
    38.84639897123055,
    41.75268599613738,
    38.030274527970874,
    35.645805963773206,
    39.4383807378948,
    41.3667644814553,
    38.51211932096291,
    38.28782522477446,
    31.190250671390206,
    40.97082727613435,
    42.33202383486602,
    43.80943138305636,
    45.30973354913876,
    40.19974993912817,
    41.22173141206558,
    32.60833709997872,
    -8.490284624277738,
    40.951864901470344,
    41.40851364275389,
    39.08533708139955,
    32.666935510156605,
    31.97388510223962,
    41.24035252017178,
    33.86959188004201,
    35.468764603710376,
    39.26330120393405,
    29.18520045114687,
    44.86144546350319,
    42.33373159937249,
    27.94769998487507,
    39.38888436795388,
    41.07528984349981,
    42.8849904377516,
    37.63643070516646,
    32.51054107097032,
    42.31704615685583,
    36.474238709320495,
    33.889852455347054,
    38.0970869728709,
    44.979481744601074,
    41.94587527982887,
    33.87279713828293,
    41.52557498634061,
    36.208672638244416,
    39.50854133911788,
    21.58562043037457,
    34.19505116512944,
    38.64592083622386,
    30.058315121060126,
    39.311850195633376,
    41.31412029040545,
    35.42681269176395,
    36.47545893324025,
    30.5781987455456,
    42.403303979865285,
    40.394487933216716,
    37.32173374980131,
    40.054623571061676,
    39.64188578708609,
    31.91213400033619,
    40.210749348017735,
    31.480725339194606,
    35.547814014515374,
    40.71458424710476,
    42.53180830295016,
    38.57722474241591,
    39.442465450002636,
    33.65899621448338,
    27.69222354758295,
    35.015691920306175,
    41.220089776730354,
    31.97024117619046,
    40.23229293531759,
    35.2519752051988,
    32.70916734648965,
    32.886177191710495,
    39.99217181052941,
    31.25804871101454,
    29.106144246703526,
    35.52662089335417,
    40.26113427855291,
    33.35730194173939,
    37.19091607677667,
    36.99233268936601,
    35.02877136783517,
    34.248824264765425,
    42.17199215958438,
    29.8503732573152,
    40.67132378503075,
    40.43427883937821,
    39.63246493691514,
    36.16722559983574,
    38.49513298263407,
    28.7962845781307,
    42.87552946685668,
    44.160320667633556,
    38.015431275260944,
    36.40344641656754,
    41.38640561689092,
    39.408985619460054,
    41.528244953367675,
    38.970200213287924,
    47.98792442079407,
    39.434575774427024,
    43.64291984638586,
    40.71144533889357,
    43.10475932720514,
    40.74369476650703,
    40.459624286555716,
    39.92834358941878,
    40.78564736714762,
    39.19386946086046,
    41.523391843962585,
    41.10637935291726,
    40.521663719436944,
    36.678326915983966,
    40.42202150914258,
    43.10007958699544,
    43.04044109650269,
    43.00431987072116,
    42.75033823393004,
    45.987385769125225,
    34.96908794721359,
    44.025566497412456,
    45.243041448818495,
    39.17139151861753,
    41.44016594677062,
    47.10032028763881,
    45.04655422893129,
    46.79963123413518,
    28.25609775544006,
    32.09946760780832,
    42.17338928960362,
    44.540432789466955,
    36.77715106181112,
    37.558750512532434,
    43.17008941860543,
    34.70927221670333,
    45.03447708301393
  ],
  "diagnostics": [
    {
      "step": 2048,
      "scr_ema": 0.9193524402437965,
      "ev_ema": -7.479567244714769e-05,
      "g_std_ema": 1.5325000296102296
    },
    {
      "step": 22528,
      "scr_ema": 0.5529296727632517,
      "ev_ema": 0.1039189458730935,
      "g_std_ema": 3.6432441044804293
    },
    {
      "step": 43008,
      "scr_ema": 0.5658237188149253,
      "ev_ema": 0.1603522542082601,
      "g_std_ema": 4.4073893044330585
    },
    {
      "step": 63488,
      "scr_ema": 0.7327788858856098,
      "ev_ema": 0.22480343519796428,
      "g_std_ema": 4.549206254733588
    },
    {
      "step": 83968,
      "scr_ema": 1.0466095761675416,
      "ev_ema": 0.3486441271036383,
      "g_std_ema": 4.720830410407358
    },
    {
      "step": 104448,
      "scr_ema": 0.9697578165899705,