{
  "env": "Swimmer-v4",
  "agent": "Optimal_HCGAE_Optimal",
  "seed": 4,
  "config": {
    "hidden_dim": 256,
    "lr": 0.0003,
    "gamma": 0.99,
    "lam": 0.95,
    "eps_clip": 0.2,
    "n_epochs": 10,
    "batch_size": 64,
    "n_steps": 2048,
    "ent_coef": 0.0,
    "vf_coef": 0.5,
    "max_grad_norm": 0.5,
    "use_obs_norm": true,
    "use_adv_norm": true,
    "use_lr_anneal": true,
    "use_vclip": false,
    "device": "cpu",
    "total_timesteps": 1000000,
    "eval_freq": 20480,
    "n_eval_episodes": 10,
    "eval_mode": "deterministic_mean"
  },
  "total_steps": 1001472,
  "elapsed_s": 1206.5815057754517,
  "final_reward": 46.00004370755745,
  "peak_reward": 44.87594127499463,
  "max_reward": 51.59947534515918,
  "eval_rewards": [
    30.107680477910588,
    27.110841289228638,
    37.225972439216285,
    29.98243177617951,
    26.4124236314805,
    33.76388792178618,
    25.86679437145248,
    38.18839628951061,
    25.17045634920364,
    40.87101369465709,
    40.67904593045965,
    34.58429090658262,
    32.7790736891893,
    33.859687352990086,
    41.89807100191258,
    40.89121781753004,
    35.04040948260344,
    36.93369795086928,
    39.795876301202114,
    42.94183385038504,
    34.398594692898634,
    34.36871302683953,
    35.10348228484963,
    33.824481130389216,
    28.277979344957355,
    41.804717453123544,
    33.23502858971493,
    37.50573544149557,
    38.74239969250555,
    35.06038412258519,
    36.38942853467606,
    28.48410995069458,
    25.324012899606842,
    19.23038915325289,
    25.536197073558032,
    32.99671706049203,
    46.630583608938366,
    25.672551381410557,
    40.95094490141389,
    43.894871874907444,
    49.01976540874496,
    51.59947534515918,
    50.700922765311574,
    50.98161284985453,
    49.97356522088355,
    39.33511939332228,
    28.339125071835394,
    44.637875905498134,
    51.5181032400575
  ],
  "eval_steps": [
    2048,
    22528,
    43008,
    63488,
    83968,
    104448,
    124928,
    145408,
    165888,
    186368,
    206848,
    227328,
    247808,
    268288,
    288768,
    309248,
    329728,
    350208,
    370688,
    391168,
    411648,
    432128,
    452608,
    473088,
    493568,
    514048,
    534528,
    555008,
    575488,
    595968,
    616448,
    636928,
    657408,
    677888,
    698368,
    718848,
    739328,
    759808,
    780288,
    800768,
    821248,
    841728,
    862208,
    882688,
    903168,
    923648,
    944128,
    964608,
    985088
  ],
  "episode_rewards": [
    41.89158033749721,
    35.757814140403205,
    45.25628634105349,
    44.96060358149903,
    43.21226957112129,
    43.576751790161694,
    43.93733744651202,
    35.00350100040875,
    43.16780244536502,
    42.4205473509503,
    41.088794825668366,
    39.02706974441711,
    46.75836641521221,
    43.553406062336336,
    43.299582856008385,
    42.534982223063245,
    14.48510425242813,
    18.84349722139164,
    5.124745683857604,
    43.912989048531,
    16.873588672691618,
    45.659747755329015,
    35.959546877316406,
    33.985307167957345,
    28.97196831210708,
    31.1462683523643,
    34.773205991499054,
    34.06589599462305,
    37.91946394777456,
    40.153798389874915,
    35.29737988474076,
    31.040177112333797,
    33.912881967151236,
    33.90211475147306,
    18.41330032577932,
    40.17820497441077,
    24.07784974013754,
    37.78831144287412,
    30.760791969239985,
    43.66547492977122,
    36.84790107993653,
    35.061969193366764,
    35.20146297531137,
    30.140619793995036,
    35.785572376258266,
    30.466499637397494,
    32.67335284543233,
    32.5981288577875,
    33.15169020539983,
    33.69021664436428,
    38.268443842844306,
    25.056954783885452,
    20.59359679640616,
    39.68131726890614,
    33.28578336474604,
    12.047175771242781,
    36.08643612049253,
    22.923085176839688,
    35.33438412118765,
    33.22678487110234,
    34.53891368593758,
    22.44975627580601,
    40.43036881399502,
    37.10799409664137,
    38.19572644265195,
    31.875095236668187,
    17.50012014549359,
    40.862804510003386,
    39.92695884378426,
    32.93384754382312,
    35.06712193435461,
    36.55564856246502,
    27.458742428495498,
    35.81867867948522,
    35.188463615713495,
    46.58270445822404,
    31.00520729269479,
    23.91193710305609,
    22.18654281181433,
    30.229098565545723,
    10.259260136165796,
    29.974746403297644,
    31.96662089192945,
    28.894941634161842,
    37.84515668702696,
    23.95233716216154,
    33.87398921917928,
    40.003738860490856,
    41.5782601377146,
    37.75439931311182,
    33.39465817637081,
    39.70985327736276,
    39.159421202979516,
    46.41868661291264,
    47.51893924214378,
    41.9861053550805,
    36.59492503409182,
    36.75713458970916,
    48.620281210074886,
    39.538935160582,
    44.39708052355472,
    37.04944782525982,
    36.643147371679284,
    45.93245587745875,
    45.42437963332964,
    29.30156593554368,
    33.27579817227763,
    11.746293101129252,
    31.29887862823528,
    42.724628224051294,
    34.413259612579516,
    36.82678489751796,
    41.651768555064685,
    38.68127791088849,
    27.4122640375031,
    46.451710797717574,
    43.21225257394436,
    32.44409717554577,
    37.22284363878676,
    35.93770371371313,
    35.81557730273681,
    23.31981797984781,
    34.52144086178648,
    34.470950269351086,
    31.67416788659551,
    33.53397314021432,
    37.665587632401184,
    32.38887695613325,
    33.607383327737075,
    12.234180472803802,
    19.657957852371954,
    31.581782219492464,
    34.09170267304439,
    27.65462232109184,
    32.07214153539266,
    32.2261321131496,
    31.902419522130046,
    29.20460564191414,
    36.71752025206968,
    23.939297685775223,
    32.13966611816907,
    28.086448734831386,
    35.58890068735867,
    34.1261832958553,
    33.410038992028646,
    29.70472659020894,
    25.32096058115848,
    28.354909692835875,
    34.35887140328826,
    25.86558045660375,
    0.38401993685161906,
    21.680245581244865,
    0.07463691592231611,
    33.693436441232684,
    38.244782193145745,
    33.66553664653474,
    38.59006679490458,
    -2.445781693367801,
    43.013767444359814,
    43.17192356119484,
    29.710206419242617,
    35.67775050967924,
    31.33393637761274,
    46.91649227558132,
    3.746478989659455,
    34.427344332486015,
    36.3030010559148,
    39.495011983113656,
    38.62538583061385,
    32.99656336096998,
    42.39234276247401,
    38.148113562739425,
    36.58606005419865,
    37.46074486752935,
    33.124403812538375,
    41.71941737270361,
    40.041205734545976,
    41.70274303928694,
    36.622361360858754,
    32.34346080375427,
    46.25665371550719,
    45.294579578175984,
    38.97574739966303,
    43.48254871017072,
    41.40440902715465,
    35.508725438312446,
    38.40275485412398,
    41.3914047715429,
    41.223400883074135,
    34.562842166428155,
    35.68728911031136,
    46.76012220140237,
    37.418195938118245,
    36.46229510637558,
    42.09810975024894,
    43.89280168908804,
    40.181797959795674,
    37.913967210643065,
    46.0314587708836,
    35.88710811194036
  ],
  "diagnostics": [
    {
      "step": 2048,
      "scr_ema": 0.9142633223320301,
      "ev_ema": -0.00017722453580807374,
      "g_std_ema": 1.4576390276418456
    },
    {
      "step": 22528,
      "scr_ema": 0.6023468089755835,
      "ev_ema": 0.12658804171334084,
      "g_std_ema": 3.518996872942071
    },
    {
      "step": 43008,
      "scr_ema": 0.4989135059082608,
      "ev_ema": 0.19161591356134944,
      "g_std_ema": 4.44586812871505
    },
    {
      "step": 63488,
      "scr_ema": 0.8574125819597992,
      "ev_ema": 0.168087495689779,
      "g_std_ema": 4.708009295498756
    },
    {
      "step": 83968,
      "scr_ema": 0.6325185900088306,
      "ev_ema": 0.17024440348545603,
      "g_std_ema": 4.428534937701498
    },
    {
      "step": 104448,
      "scr_ema": 1.332776942816853,