{
  "env": "Swimmer-v4",
  "agent": "Optimal_HCGAE_Optimal",
  "seed": 0,
  "config": {
    "hidden_dim": 256,
    "lr": 0.0003,
    "gamma": 0.99,
    "lam": 0.95,
    "eps_clip": 0.2,
    "n_epochs": 10,
    "batch_size": 64,
    "n_steps": 2048,
    "ent_coef": 0.0,
    "vf_coef": 0.5,
    "max_grad_norm": 0.5,
    "use_obs_norm": true,
    "use_adv_norm": true,
    "use_lr_anneal": true,
    "use_vclip": false,
    "device": "cpu",
    "total_timesteps": 1000000,
    "eval_freq": 20480,
    "n_eval_episodes": 10,
    "eval_mode": "deterministic_mean"
  },
  "total_steps": 1001472,
  "elapsed_s": 1158.6178438663483,
  "final_reward": 49.00243885451035,
  "peak_reward": 49.00243885451035,
  "max_reward": 52.225045939730855,
  "eval_rewards": [
    31.285091555744867,
    36.60749784314779,
    27.993094338705,
    33.429383218010635,
    -3.246496680241878,
    34.693156775513984,
    33.713061228918114,
    43.176338705193906,
    28.142280035323495,
    14.676224342054628,
    35.64401526030863,
    45.02234915096256,
    45.418567149788366,
    49.38832256726904,
    48.65610800209936,
    49.78470429364938,
    48.29248061872981,
    46.24354290676914,
    44.17783730052949,
    49.013148749969744,
    48.63648142827192,
    47.20079365565331,
    47.916530924470386,
    48.13881677414431,
    42.48145926150488,
    47.33600326661775,
    47.479345437421856,
    45.34780080434196,
    44.11036089942362,
    44.42147022853428,
    42.977807288453775,
    43.12898247445762,
    45.95716777136285,
    44.248625844220165,
    44.340642530458425,
    40.069550226028404,
    43.87050361569794,
    47.520762760043034,
    49.95987473999795,
    48.072896863067086,
    48.89654437519975,
    48.60866360826007,
    47.64115529309066,
    49.35760429425001,
    49.16004483790729,
    47.00131415115163,
    50.04114110829035,
    49.01997807415583,
    52.225045939730855
  ],
  "eval_steps": [
    2048,
    22528,
    43008,
    63488,
    83968,
    104448,
    124928,
    145408,
    165888,
    186368,
    206848,
    227328,
    247808,
    268288,
    288768,
    309248,
    329728,
    350208,
    370688,
    391168,
    411648,
    432128,
    452608,
    473088,
    493568,
    514048,
    534528,
    555008,
    575488,
    595968,
    616448,
    636928,
    657408,
    677888,
    698368,
    718848,
    739328,
    759808,
    780288,
    800768,
    821248,
    841728,
    862208,
    882688,
    903168,
    923648,
    944128,
    964608,
    985088
  ],
  "episode_rewards": [
    38.38633794103817,
    40.74652816919909,
    42.12754339477237,
    43.19934619185122,
    38.4677558604311,
    35.68962955799266,
    39.55512010057933,
    40.316029468271864,
    42.54156164778492,
    42.20909540231655,
    39.46651880844751,
    41.421993186174916,
    40.27501238914309,
    41.885888149281094,
    44.118231370885944,
    41.20008672297593,
    39.208184059388195,
    39.456846027066064,
    43.361635804151334,
    39.58498989719789,
    35.11892933419979,
    42.46555394540412,
    39.772600065492234,
    38.96527962452053,
    38.55589353049641,
    38.68270799096941,
    36.921804389948015,
    46.88439229414703,
    40.703190061025865,
    41.44008614821048,
    38.65638493152911,
    39.28831124249599,
    42.282752013579355,
    42.10590100661685,
    39.41374543299601,
    0.30988423638872337,
    45.9335558512705,
    47.774028466554704,
    43.05414245760209,
    40.828296384684364,
    43.92458518032862,
    39.4526065592289,
    40.35040513742579,
    29.710034677960714,
    43.686899833416,
    39.08349908579206,
    49.94731671943298,
    40.851606952546426,
    43.60228010875763,
    44.499744837186874,
    1.4414428232701637,
    38.4073728221131,
    38.206319423552856,
    33.63741947316854,
    40.75937420836647,
    44.26689639660812,
    42.659528058772146,
    39.08808198008874,
    38.748425285464435,
    42.80372533524367,
    41.26753007980494,
    44.83589870939067,
    44.26182074094984,
    44.14533474962271,
    42.77658206770099,
    22.01690003245125,
    -10.064406900860922,
    31.319790089397237,
    38.41423079095001,
    41.02411766193668,
    37.886115093037375,
    31.819381514273484,
    34.920172851959265,
    41.03453297813095,
    36.97696313337221,
    47.20551706289285,
    35.668899660967476,
    39.453458166084985,
    38.34725813289812,
    37.56868565266088,
    35.31562927864736,
    37.251081113552445,
    41.19874865166937,
    40.44730326029701,
    37.07201536683638,
    41.47074256075227,
    42.577563051158236,
    36.25691118404161,
    35.0211446596758,
    45.803379937955285,
    40.78983599256684,
    41.70811552715382,
    37.80304030856889,
    28.099260442046564,
    39.46970846568367,
    44.74999003037189,
    44.01896127516437,
    39.94901611401663,
    43.35607206978399,
    38.05650702247992,
    39.24018080783252,
    35.06024902951473,
    45.00388407601375,
    37.094466964530746,
    42.35100160460326,
    41.320344332695335,
    16.73919447321952,
    39.25314762450996,
    34.58432095520692,
    33.51544025679956,
    48.274739438575516,
    44.139316459605645,
    46.65235358944295,
    34.57926657187813,
    34.473270776295465,
    34.30971838114384,
    32.83390528752931,
    33.48643005106836,
    48.91004051811869,
    47.51696410044771,
    35.561607271660286,
    45.01621916609132,
    44.921910851868276,
    32.82723702096216,
    31.093382370134634,
    33.947313892819814,
    -11.964109338124404,
    49.92902568564891,
    43.7930591173654,
    28.349096632986196,
    32.40881892819851,
    42.308265506358644,
    45.968289570447205,
    49.848397373403415,
    46.36418955947411,
    -4.306747383305405,
    48.19566232423119,
    48.310304326557294,
    39.24460985589997,
    38.4480343866364,
    47.788813198572356,
    49.87736237011804,
    30.92904872409266,
    30.327604086070313,
    41.75152353914332,
    25.962607821576874,
    50.14310174160345,
    48.4212587484692,
    1.1379791548671767,
    32.28466451140325,
    46.03224446548231,
    50.19113513483204,
    31.293036772931323,
    18.98435140116612,
    31.16475949698491,
    44.074558685105806,
    49.49296623233492,
    26.259641730941645,
    29.443884782327174,
    51.02616620847211,
    44.09358818344781,
    35.837373249568124,
    48.70779739368131,
    49.0578142560617,
    50.98748906972059,
    50.107889235941094,
    26.562285901269924,
    -15.766881722397224,
    48.94122765730721,
    45.47682882494488,
    51.028794613182654,
    26.057663317153683,
    32.39524536649663,
    41.18926224906434,
    49.15648464777772,
    28.510519925068134,
    5.491675317080959,
    26.029329070494462,
    29.982349740199663,
    28.727321697806087,
    23.987641904608317,
    52.49798153237103,
    35.41862107105547,
    30.969905651830295,
    44.42116023405152,
    29.636327880777365,
    28.40013397567142,
    29.67538188757586,
    33.01716455902283,
    34.693978279560966,
    46.605275786160355,
    33.427601355287706,
    29.73171316219516,
    -3.8901223706683963,
    47.5074935699245,
    46.34251077327866,
    34.14331757239887,
    29.41872642738451,
    11.614999308512408,
    42.46348238785142
  ],
  "diagnostics": [
    {
      "step": 2048,
      "scr_ema": 0.9076289491228411,
      "ev_ema": -0.0002929407647796589,
      "g_std_ema": 1.3972360144124756
    },
    {
      "step": 22528,
      "scr_ema": 0.5414475028495581,
      "ev_ema": 0.13482120822183374,
      "g_std_ema": 3.605072854732632
    },
    {
      "step": 43008,
      "scr_ema": 0.3801351893562858,
      "ev_ema": 0.1880926934045044,
      "g_std_ema": 4.243181106924048
    },
    {
      "step": 63488,
      "scr_ema": 0.3932960493706943,
      "ev_ema": 0.2530785201062393,
      "g_std_ema": 4.351552937962453
    },
    {
      "step": 83968,
      "scr_ema": 0.8494372469920111,
      "ev_ema": 0.27191354059860684,
      "g_std_ema": 4.4033069268760245
    },
    {
      "step": 104448,