{
  "env": "Swimmer-v4",
  "agent": "Optimal_HCGAE_Optimal",
  "seed": 9,
  "config": {
    "hidden_dim": 256,
    "lr": 0.0003,
    "gamma": 0.99,
    "lam": 0.95,
    "eps_clip": 0.2,
    "n_epochs": 10,
    "batch_size": 64,
    "n_steps": 2048,
    "ent_coef": 0.0,
    "vf_coef": 0.5,
    "max_grad_norm": 0.5,
    "use_obs_norm": true,
    "use_adv_norm": true,
    "use_lr_anneal": true,
    "use_vclip": false,
    "device": "cpu",
    "total_timesteps": 1000000,
    "eval_freq": 20480,
    "n_eval_episodes": 10,
    "eval_mode": "deterministic_mean"
  },
  "total_steps": 1001472,
  "elapsed_s": 1192.956237077713,
  "final_reward": 35.14018513675205,
  "peak_reward": 37.68325051256022,
  "max_reward": 49.93000809990743,
  "eval_rewards": [
    28.013759842220487,
    30.48273563156054,
    29.292329284308654,
    30.6675662277338,
    37.88685529253409,
    44.161649300880086,
    43.55396763675178,
    40.98696731268038,
    38.921725427030836,
    40.66683676652613,
    41.9520816483496,
    42.588106426710496,
    38.857209619110606,
    37.59997657294114,
    31.487592293995966,
    37.44273493311654,
    41.69914721256997,
    46.98184862267089,
    45.50840901385867,
    49.93000809990743,
    4.698564481099085,
    41.74659063045124,
    42.36953737614787,
    34.968072461784494,
    35.99013116314573,
    32.23598562789475,
    29.21240642854108,
    27.807720878262966,
    32.48399813060293,
    -5.320086801643906,
    22.597524321848315,
    37.27400592968577,
    33.26864479107615,
    26.554654981479807,
    17.933420569800116,
    14.063862884493314,
    34.65800173990068,
    36.15990672799994,
    49.15239875371011,
    44.345015270659715,
    33.58595243201699,
    39.796658103566664,
    32.221161840724534,
    31.463666948705573,
    36.41511606769662,
    36.86283495699954,
    29.819010740597246,
    37.936703816812155,
    28.95573118974147
  ],
  "eval_steps": [
    2048,
    22528,
    43008,
    63488,
    83968,
    104448,
    124928,
    145408,
    165888,
    186368,
    206848,
    227328,
    247808,
    268288,
    288768,
    309248,
    329728,
    350208,
    370688,
    391168,
    411648,
    432128,
    452608,
    473088,
    493568,
    514048,
    534528,
    555008,
    575488,
    595968,
    616448,
    636928,
    657408,
    677888,
    698368,
    718848,
    739328,
    759808,
    780288,
    800768,
    821248,
    841728,
    862208,
    882688,
    903168,
    923648,
    944128,
    964608,
    985088
  ],
  "episode_rewards": [
    43.67919944259079,
    39.66210132092817,
    43.57302446073372,
    41.086874570354745,
    45.99314150469145,
    41.08628836824603,
    40.75795060016057,
    36.93654018042988,
    44.59410962004142,
    42.049131375967875,
    40.71520947346103,
    45.514474115057745,
    29.618826456377683,
    37.69073479187148,
    37.54128583289897,
    43.31539045832543,
    39.11990876389519,
    42.01374359719873,
    34.85884834382741,
    35.68499068110364,
    33.5294161157694,
    44.08137648057815,
    42.393038533196226,
    40.4411729540448,
    36.25701394347188,
    35.572559326520015,
    41.33090524975317,
    41.5300813694861,
    37.385328799623075,
    39.70550887747411,
    40.91313639299577,
    33.5193166845501,
    41.97014637105435,
    41.22476193503569,
    38.52790504969496,
    37.86804700136213,
    39.817722741911304,
    37.876474008348445,
    44.430813830837984,
    38.59658469434478,
    43.186774678825216,
    36.218142253962675,
    40.70191990401792,
    33.66780180326673,
    35.765507732059525,
    37.02351236498362,
    40.98689121873865,
    44.36079633667894,
    35.41167226680716,
    31.972329101073367,
    42.087843525038515,
    33.114796745590304,
    33.06560893698104,
    34.76454007748275,
    36.97833984254871,
    35.48376370529063,
    45.986313802153376,
    44.52770474981491,
    32.86338392184111,
    30.216508420793105,
    24.125214068651612,
    43.0798032018709,
    39.84624384604122,
    44.60292134189207,
    42.085610898451506,
    26.587572562791355,
    34.30190552692431,
    39.65251975536877,
    42.852270089120154,
    27.241210433447375,
    30.87028671821259,
    39.28971560296174,
    30.165261941627403,
    35.0709074538107,
    42.09424611046791,
    41.749270179035406,
    34.051577554988775,
    36.8306038554479,
    35.67084436232215,
    38.9775480966104,
    30.61260197943027,
    34.89185349540291,
    38.217200274155736,
    36.11002210347102,
    30.45233862651812,
    37.09996796269901,
    30.937337201154193,
    33.142093356864045,
    30.272611015461614,
    37.35450316814238,
    41.60602291267074,
    43.73293524506193,
    30.866611965851178,
    28.29634207043064,
    38.04048127457852,
    44.21233584176329,
    38.26725958115118,
    33.32506881255629,
    34.26296248878178,
    34.41265043259124,
    39.547935664465946,
    39.306826242926064,
    35.31142037732379,
    40.774281552321554,
    37.90183470471071,
    33.37353274267977,
    35.45495021235261,
    24.403437814329106,
    39.02555735979651,
    29.629425602118303,
    40.91475925873805,
    41.49462126600964,
    37.792027166956075,
    36.37553161198518,
    37.329006300908176,
    35.54841493260652,
    38.42432381230275,
    40.20608141214902,
    42.476058123579506,
    40.877967590896475,
    41.355642771983,
    37.388763088241376,
    43.514430454536566,
    41.09168933649659,
    32.52161775106109,
    35.17164966822764,
    38.39430998458853,
    33.91928050104519,
    32.70106187211733,
    33.097254627984526,
    35.56074293779629,
    27.767805321753343,
    41.57653090933663,
    29.042999270541863,
    33.54727465107064,
    36.32313115079556,
    38.9952366938333,
    23.62295373567291,
    38.070779762941,
    43.20903666917203,
    27.82718074562871,
    35.77676816182114,
    38.42311665841421,
    35.51586779185184,
    30.230530768076598,
    35.0388913733729,
    41.081184457727055,
    42.34967125956202,
    34.24505944862322,
    43.7170813469957,
    31.227936427131514,
    26.757369883589064,
    43.72257295890281,
    35.99848263315647,
    42.921143853478696,
    41.09024876338778,
    36.84883011700406,
    33.394823543946025,
    42.21438196008168,
    33.33263778827584,
    34.903758052260976,
    31.635709821542463,
    25.041699226066974,
    29.699959838093214,
    28.67092030259887,
    28.096330331011252,
    32.84918377007208,
    34.08204457418817,
    37.72704660751007,
    29.63168766628947,
    31.03654704176653,
    29.55888759546519,
    28.35059929203676,
    29.02311391103831,
    28.39891037348621,
    40.67639932863038,
    36.53394109305914,
    37.39909514993906,
    28.80237868195159,
    28.093155868095547,
    21.09329924700557,
    41.396027144463424,
    44.005060098693576,
    40.3367372447281,
    27.09254511360811,
    26.97520647974966,
    34.866492927837776,
    39.66982299283865,
    29.877826899413872,
    40.3119030978561,
    33.51472258906996,
    39.61822365737673,
    39.20413786390583,
    40.503301643241805,
    39.77025832363396,
    43.12800483222607,
    24.510503065550868,
    40.09736422993943,
    26.55254635501501,
    44.14243139837121
  ],
  "diagnostics": [
    {
      "step": 2048,
      "scr_ema": 0.9140030886987051,
      "ev_ema": -0.0009300803730603713,
      "g_std_ema": 1.4677993307576904
    },
    {
      "step": 22528,
      "scr_ema": 1.2050903928823467,
      "ev_ema": 0.049506044796997856,
      "g_std_ema": 3.6939506469784993
    },
    {
      "step": 43008,
      "scr_ema": 0.7431994957834674,
      "ev_ema": 0.12902551617299363,
      "g_std_ema": 4.271988061155901
    },
    {
      "step": 63488,
      "scr_ema": 0.5591489867585093,
      "ev_ema": 0.11705282405978543,
      "g_std_ema": 4.541617590783237
    },
    {
      "step": 83968,
      "scr_ema": 0.8258361278844926,
      "ev_ema": 0.1549114705835798,
      "g_std_ema": 4.4674172328001305
    },
    {
      "step": 104448,
      "scr_ema": 1.4996091065414614,