{
  "env": "Walker2d-v4",
  "agent": "DCPPO_S",
  "seed": 42,
  "final_reward": 1742.2254520925994,
  "best_reward": 2540.566316541146,
  "all_eval_rewards": [
    269.5386214118588,
    279.67787694369366,
    286.31955593753395,
    274.63747186340936,
    262.443792521131,
    316.93856220067687,
    352.92547768682806,
    349.06323435482057,
    342.0484011678071,
    341.83332270036834,
    346.4657757383211,
    335.7702105841306,
    334.52244732106647,
    342.64577133645787,
    363.4008589544138,
    415.80206535268746,
    470.670496880707,
    550.1299251051029,
    593.3344593056822,
    612.308545719591,
    686.9471806780167,
    2027.284325100635,
    2531.9172849571514,
    2540.566316541146,
    2474.418910352512,
    2288.8420814959927,
    2133.406768831398,
    1153.9007144628813,
    660.558785320214
  ],
  "eval_steps": [
    10240,
    20480,
    30720,
    40960,
    51200,
    61440,
    71680,
    81920,
    92160,
    102400,
    112640,
    122880,
    133120,
    143360,
    153600,
    163840,
    174080,
    184320,
    194560,
    204800,
    215040,
    225280,
    235520,
    245760,
    256000,
    266240,
    276480,
    286720,
    296960
  ],
  "elapsed_s": 110.0
}