{
  "env": "Walker2d-v4",
  "agent": "Standard_PPO",
  "seed": 123,
  "final_reward": 449.8060111586342,
  "best_reward": 503.44826040070063,
  "all_eval_rewards": [
    292.8289597520211,
    323.03374025234785,
    317.92462908928434,
    284.6050151776899,
    267.2804126068588,
    267.3338094451413,
    266.4128712052842,
    272.7326728571296,
    281.9347202838808,
    287.6018637738156,
    356.66391009807086,
    393.69802397665865,
    381.18044872456903,
    413.95457948080093,
    403.1728888886345,
    436.47612983848865,
    431.77650926501065,
    404.95206726834675,
    415.1960013295869,
    447.43556023060194,
    503.44826040070063,
    429.9466789864132,
    437.90539549863877,
    435.14043337062355,
    464.4345444350157,
    484.88589542019673,
    434.91657445971106,
    433.89187013811124,
    430.90117134013616
  ],
  "eval_steps": [
    10240,
    20480,
    30720,
    40960,
    51200,
    61440,
    71680,
    81920,
    92160,
    102400,
    112640,
    122880,
    133120,
    143360,
    153600,
    163840,
    174080,
    184320,
    194560,
    204800,
    215040,
    225280,
    235520,
    245760,
    256000,
    266240,
    276480,
    286720,
    296960
  ],
  "elapsed_s": 112.8
}