{
  "env": "Walker2d-v4",
  "agent": "Standard_PPO",
  "seed": 1234,
  "final_reward": 434.98068217969404,
  "best_reward": 487.10299332083406,
  "all_eval_rewards": [
    266.6265394317642,
    283.2438759443459,
    289.3427654196754,
    297.3400924391694,
    295.9576495538173,
    347.63096979242624,
    388.11574590532683,
    385.9841667547689,
    432.50949995305217,
    478.2644361205733,
    434.10203163598817,
    433.00335513414564,
    481.0850352028782,
    437.0526414198497,
    456.7243948261577,
    435.48953553486615,
    459.46072371302324,
    475.0357441114296,
    463.5054182443766,
    450.89926101122217,
    444.0092783284367,
    445.3393331160727,
    428.91530785480154,
    464.89975720235253,
    465.429123735919,
    487.10299332083406,
    413.9965826403269,
    410.792814072316,
    397.58189712907415
  ],
  "eval_steps": [
    10240,
    20480,
    30720,
    40960,
    51200,
    61440,
    71680,
    81920,
    92160,
    102400,
    112640,
    122880,
    133120,
    143360,
    153600,
    163840,
    174080,
    184320,
    194560,
    204800,
    215040,
    225280,
    235520,
    245760,
    256000,
    266240,
    276480,
    286720,
    296960
  ],
  "elapsed_s": 103.9
}