{
  "env": "Walker2d-v4",
  "agent": "Standard_PPO",
  "seed": 42,
  "final_reward": 397.90472417224305,
  "best_reward": 404.4042194053039,
  "all_eval_rewards": [
    265.2646252233998,
    271.62955897070094,
    270.9477580062627,
    272.8062573580306,
    285.3780083122166,
    284.5035510874949,
    311.420549428177,
    355.28616976210753,
    368.0974948337233,
    403.4147059541074,
    401.4585797740584,
    371.2979500090564,
    374.3915819354263,
    375.267825161118,
    372.674411356896,
    382.5725442956317,
    368.0627965012246,
    367.63151614056693,
    372.9192159835614,
    387.2995719012948,
    385.1170347078614,
    377.5681954692894,
    394.7431477068113,
    400.2782310860824,
    392.50150152669164,
    397.57367292739957,
    404.4042194053039,
    398.9761176256344,
    396.06810937618576
  ],
  "eval_steps": [
    10240,
    20480,
    30720,
    40960,
    51200,
    61440,
    71680,
    81920,
    92160,
    102400,
    112640,
    122880,
    133120,
    143360,
    153600,
    163840,
    174080,
    184320,
    194560,
    204800,
    215040,
    225280,
    235520,
    245760,
    256000,
    266240,
    276480,
    286720,
    296960
  ],
  "elapsed_s": 107.2
}