{
  "env": "Walker2d-v4",
  "agent": "Optimal_PPO",
  "seed": 8,
  "config": {
    "hidden_dim": 256,
    "obs_norm": true,
    "adv_norm": true,
    "lr_anneal": true,
    "eval_mode": "deterministic_mean",
    "n_seeds": 12,
    "total_timesteps": 1000000
  },
  "total_steps": 1001472,
  "final_reward": 3440.4302852787996,
  "max_reward": 3971.397418134499,
  "best10_mean": 3849.441739263502,
  "eval_rewards": [
    343.0692261491535,
    335.5211158835401,
    263.06828008443074,
    307.41137172523355,
    379.9834184664185,
    444.627074749899,
    541.7125226198534,
    615.1820095916343,
    792.5133935426734,
    1142.194162174574,
    1663.1512869277208,
    1265.5203997859494,
    1061.9025055416,
    1766.2713843480221,
    1322.2870908548105,
    1441.2208230266656,
    1593.839017023906,
    2372.2089581588966,
    2566.333842889676,
    1862.1089492692831,
    2248.2930631859017,
    2281.7595110543443,
    2963.150023655265,
    2711.5462415439138,
    2800.402941276321,
    1515.6437998413367,
    3532.307680135759,
    2814.6085906281123,
    3259.429114577816,
    3523.8847935395506,
    3718.15951787838,
    3357.4005109959558,
    3809.460748423211,
    3745.7464698170684,
    2738.2993790143446,
    3807.714732821917,
    3754.8544813621847,
    3901.1141146050845,
    3906.685910212892,
    3144.188639083357,
    2012.7997078116473,
    3519.8383403926805,
    3590.299342813666,
    3940.2752312575876,
    3066.708582615537,
    3313.1009123439353,
    3971.397418134499,
    3939.0087681221944
  ],
  "eval_steps": [
    20480,
    40960,
    61440,
    81920,
    102400,
    122880,
    143360,
    163840,
    184320,
    204800,
    225280,
    245760,
    266240,
    286720,
    307200,
    327680,
    348160,
    368640,
    389120,
    409600,
    430080,
    450560,
    471040,
    491520,
    512000,
    532480,
    552960,
    573440,
    593920,
    614400,
    634880,
    655360,
    675840,
    696320,
    716800,
    737280,
    757760,
    778240,
    798720,
    819200,
    839680,
    860160,
    880640,
    901120,
    921600,
    942080,
    962560,
    983040
  ],
  "episode_rewards": [
    3990.594992317524,
    878.9197743710276,
    312.48190670020404,
    3163.476928009846,
    1704.3621271186937,
    945.6984241635029,
    3815.1937213972374,
    3881.4465452016134,
    1078.3695179722702,
    672.044652766441,
    3989.1040487301584,
    1590.694718616968,
    2085.537409214299,
    1914.3691370650552,
    2141.218846752541,
    159.78366878145312,
    1606.109175632953,
    1703.161155540583,
    1404.2496350903746,
    1641.6734602980064,
    3329.527178388119,
    3356.5625908779775,
    1500.7067153114556,
    1555.643144281978,
    2299.5179433385915,
    3958.2947235166525,
    1406.5883850545808,
    3416.423656414843,
    2484.201652538508,
    2109.6308076815767,
    3575.411002232333,
    1516.9229665799671,
    2196.267967926684,
    1263.129486179707,
    3433.168189570498,
    2493.079486773464,
    964.1690924796254,
    3713.551451250948,
    923.0356463804208,
    3779.328871084551,
    1668.9274851248608,
    3939.7418781141623,
    3485.342430259796,
    2731.608686605304,
    3853.256663918737,
    1400.9296731659056,
    3927.020595208264,
    3057.3528611386896,
    1161.5586323667017,
    3484.7218951954505,
    4019.0574074859837,
    1671.3042275801693,
    1856.0764056547928,
    3837.8568911109674,
    3900.066556341606,
    2534.7627900967086,
    471.84686381697225,
    473.1388372770242,
    3524.767807288848,
    3847.031860713251,
    3826.5846818293126,
    2740.8423848979255,
    2594.574958550954,
    3907.6409409218254,
    3937.9477112142595,
    3885.8419134742103,
    3979.322659849192,
    2551.263283556789,
    1094.6477945189315,
    4003.8427411163257,
    3844.279377016266,
    2682.524553714602,
    2619.8343031994314,
    2020.6119009228128,
    2224.4724406647592,
    3862.0687589929635,
    3783.2378631930524,
    3740.371831496453,
    299.79878034261657,
    4019.46653454909,
    3977.2590513906694,
    1999.5111320892127,
    3932.9176162866265,
    4008.868235418841,
    1222.621579723788,
    3992.093202710107,
    1679.1306165478522,
    3927.5974278592284,
    230.98869895972297,
    3903.4129066253554,
    3962.61025462392,
    1807.9498446795717,
    3106.547192054776,
    844.427224720893,
    4028.815307844602,
    1523.8276484414093,
    1668.9360118830327,
    628.9663218846208,
    4078.3608155663023,
    1528.248693671684,
    3992.130577111161,
    2198.3777826602904,
    4038.7418254260015,
    1722.6643019935645,
    2634.419271714836,
    3671.1645991740247,
    1639.3531176096144,
    2748.305717501073,
    287.9255402255987,
    1821.8507859816198,
    3990.908341121199,
    3756.729724435788,
    2223.6611964574568,
    4049.5520574155507,
    3891.058544857409,
    3362.7573107025123,
    275.9950534291521,
    2496.630576319343,
    2585.7003937444088,
    3860.6255034433625,
    4077.41761505388,
    3462.2697418570333,
    3433.0312385238444,
    1347.035729736029,
    1719.8784813785978,
    599.8264134908944,
    2033.4095903398297,
    3894.221485910879,
    322.37459165531675,
    3293.53605576098,
    3234.4763364762903,
    2422.8935006661973,
    1285.925250456065,
    1507.3551967336246,
    3453.353731344908,
    2420.250169287317,
    2499.293136025612,
    3579.0757279268237,
    887.0443534061616,
    4016.5285002054075,
    3867.849522418497,
    2409.119029912837,
    1929.8638372182897,
    2573.646121297673,
    3938.9359311453263,
    3020.7242822356907,
    3979.5842697243843,
    2230.468584592215,
    3995.466728417628,
    4035.9649834652305,
    2935.708195961013,
    294.5824063013045,
    224.06344683785142,
    3890.6579090891,
    417.03246337032243,
    3868.58647032055,
    300.06374953179267,
    3980.718315118405,
    1465.045406215995,
    4041.219349966104,
    3200.8257207234183,
    1793.828789937831,
    3969.301956386534,
    2754.0392048066055,
    3999.0983962686287,
    1297.611264327209,
    320.1658497226751,
    4050.8140411052755,
    1426.7153314776085,
    1796.1104107141357,
    3857.538216679198,
    1190.8109402920566,
    2754.4240410887137,
    1172.4959685985812,
    3920.1405344493423,
    3944.3563513394274,
    955.512638001961,
    3431.445339050905,
    2574.7931198149313,
    3868.3089322064766,
    3891.083201062523,
    3926.307162864386,
    2320.923805707779,
    409.56035599756285,
    4019.3434244256973,
    1564.7628240044453,
    2394.9282361222067,
    3325.9563108951716,
    2996.640735446963,
    3977.874338225561,
    3957.5522576484673,
    968.9328438624892,
    2388.008525950641,
    2376.736882051531,
    3962.4692748939965,
    1649.4549428314683,
    964.9298936939648,
    1629.1343879933304,
    1074.9831233082443,
    3921.8992954265736
  ],
  "elapsed_s": 629.2450459003448
}