{
  "env": "Walker2d-v4",
  "agent": "Optimal_PPO",
  "seed": 3,
  "config": {
    "hidden_dim": 256,
    "obs_norm": true,
    "adv_norm": true,
    "lr_anneal": true,
    "eval_mode": "deterministic_mean",
    "n_seeds": 12,
    "total_timesteps": 1000000
  },
  "total_steps": 1001472,
  "final_reward": 4829.889846992593,
  "max_reward": 5376.846954000349,
  "best10_mean": 5214.442417787892,
  "eval_rewards": [
    293.463930884643,
    386.6488195825116,
    379.05351779760497,
    571.6781069479642,
    378.89338091619027,
    702.854940898452,
    486.4613525972196,
    989.8282573268377,
    2291.5088387967066,
    862.5497970741214,
    2467.379612045473,
    1817.4368812798584,
    1948.7422022388278,
    3577.0748194685475,
    3886.428185479527,
    2105.4249457899537,
    3903.056389049389,
    4241.100462501518,
    4542.156754061174,
    3275.126576663804,
    3360.9332570202146,
    4828.579534397637,
    4916.106015218377,
    4959.253939522761,
    5099.533360143115,
    4666.033033343343,
    2820.666915168868,
    4999.424997224224,
    5051.231136431504,
    4965.121309412543,
    5015.223714635995,
    4963.1754668148205,
    3684.3214269944247,
    4992.703743900002,
    4992.983491675096,
    5235.431536460386,
    5082.082572625759,
    5193.592103881117,
    5203.3398710437505,
    4669.920200884028,
    5253.402525121126,
    5376.846954000349,
    5318.27016891118,
    4001.744822405048,
    4048.9874149263233,
    4993.487808023021,
    4102.204755350464,
    5330.693949260636
  ],
  "eval_steps": [
    20480,
    40960,
    61440,
    81920,
    102400,
    122880,
    143360,
    163840,
    184320,
    204800,
    225280,
    245760,
    266240,
    286720,
    307200,
    327680,
    348160,
    368640,
    389120,
    409600,
    430080,
    450560,
    471040,
    491520,
    512000,
    532480,
    552960,
    573440,
    593920,
    614400,
    634880,
    655360,
    675840,
    696320,
    716800,
    737280,
    757760,
    778240,
    798720,
    819200,
    839680,
    860160,
    880640,
    901120,
    921600,
    942080,
    962560,
    983040
  ],
  "episode_rewards": [
    5403.888921875597,
    2777.7239539901734,
    5333.91145645164,
    832.7013754019566,
    802.8469954956871,
    1475.673446808459,
    2318.3893862411032,
    3113.5354233992757,
    5320.123310210958,
    5413.721836121593,
    2858.6701843098067,
    1185.0361867743295,
    5434.2613077956485,
    4125.413979291494,
    4740.739684974864,
    3438.622953780483,
    868.6807795421294,
    2851.997040617832,
    2701.477046237009,
    3846.4285522487944,
    2885.4672541851196,
    4394.9993982383285,
    2896.685081832403,
    5390.967117491649,
    5392.189770855448,
    3940.5165623672906,
    0.8898272201080403,
    2680.6235148583874,
    5438.957064244458,
    4040.9530209423424,
    5488.256232528905,
    2976.129568287788,
    5228.089743051998,
    5375.4226340414425,
    5209.203886432449,
    2628.395755679863,
    559.8376847602406,
    5448.89309240097,
    1642.1107599049362,
    2793.3296800028274,
    5466.073911437728,
    5276.278138081785,
    5437.037503489736,
    927.040578100712,
    2369.7538429996744,
    3914.1695832533937,
    5332.961079565678,
    3556.6349142710937,
    5330.738715200415,
    4369.418008922107,
    2381.105760654069,
    3002.342642606955,
    5326.754855624766,
    5395.8822457902825,
    4764.800743001619,
    1273.964139919905,
    5462.469522209889,
    5339.670963293943,
    4212.7890155885125,
    850.1323692754481,
    5427.670421123059,
    5474.494465901174,
    5382.515898566603,
    897.3933890207929,
    2439.812092709476,
    2272.626835516014,
    624.544718552635,
    5474.42909123165,
    462.5471768196533,
    677.6907203823266,
    1023.7299764181612,
    1808.3303516959265,
    577.7275284416162,
    5509.887240091696,
    378.3858998957204,
    3082.0993277556204,
    3579.8988850303276,
    5500.027673209311,
    938.4485204027001,
    4592.217669548975,
    1313.8848857622563,
    5382.574843208581,
    1652.0399006794828,
    5400.851114160066,
    5408.360162442043,
    2778.2785980894564,
    5427.078367252528,
    1133.44408756353,
    1976.749617601695,
    1180.2241582494185,
    5487.119251470566,
    317.2622016730678,
    2138.650712801323,
    4525.6381905077005,
    897.8871530271492,
    3097.7354967469764,
    5419.43224827874,
    468.69185867543825,
    5364.6500119182665,
    5362.30033198774,
    4674.204552680595,
    802.7309421558185,
    5373.135390128894,
    5322.156450948822,
    2813.016425973687,
    5428.876579630973,
    5125.734268154707,
    738.7048820449942,
    1394.2759990938562,
    2896.709013951704,
    1681.067478487811,
    1721.1472917151816,
    5409.147123618747,
    2725.7391140767386,
    5417.647688009761,
    4640.323335531212,
    5450.110537023388,
    2399.029806905059,
    1235.1440677685405,
    21.13699873234892,
    987.3058929274197,
    1953.971997856554,
    4627.91304674686,
    5350.556650600816,
    5407.522748729303,
    5374.350049046299,
    2376.3896345047274,
    5305.675720414505,
    5439.750451742491,
    970.2240115797673,
    5395.331057219973,
    5438.220487017325,
    5395.911907320636,
    5381.716304367057,
    1022.5022302824422,
    5450.663194107776,
    2271.873332267555,
    842.0086552660883,
    5387.573054883221,
    5450.075592554224,
    5462.192325246608,
    5489.520299846499,
    3707.3372244140896,
    5508.734162282508,
    5335.906329357757,
    5536.071116979638,
    2713.984176057516,
    4409.562910610855,
    5541.654197686129,
    5594.249742022537,
    3044.252047705985,
    5536.375975831564,
    423.29614896198643,
    5477.564220265439,
    1051.7152638954562,
    5440.550510098704,
    5468.4010442982435,
    576.8899223882399,
    5374.533457909958,
    3023.6811543131466,
    5385.7846331235005,
    5404.837906138521,
    5310.524403527267,
    4642.790257578649,
    5487.895946961129,
    5403.333053404243,
    2893.5363372063644,
    5390.538913408804,
    5438.731086354609,
    5468.506026488331,
    5319.419914422178,
    5429.285028691738,
    5509.637291122211,
    5401.1511570967195,
    5380.556485491042,
    5502.198445937878,
    3156.199934742652,
    3577.569247891231,
    2602.303038155546,
    5458.9272782506705,
    2110.5441644353873,
    5416.8600254514995,
    5347.6613504861225,
    5382.1319459009665,
    4583.73246109688,
    5360.057728888603,
    1187.7110538285774,
    5449.979798218144,
    3817.429850979148,
    3124.5127015704415,
    5110.59863196609,
    5453.744439840116,
    1814.47996410659,
    5479.684285553,
    -2.3804175453058267,
    5413.046728294146,
    5433.570412331064,
    5403.615265805976,
    2902.961543847129,
    3470.0197000234
  ],
  "elapsed_s": 639.0437188148499
}