{
  "env": "Hopper-v4",
  "agent": "Optimal_HCGAE_Bayesian",
  "seed": 5,
  "config": {
    "hidden_dim": 256,
    "obs_norm": true,
    "adv_norm": true,
    "lr_anneal": true,
    "eval_mode": "deterministic_mean",
    "n_seeds": 12,
    "total_timesteps": 1000000
  },
  "total_steps": 1001472,
  "final_reward": 3044.3967916552797,
  "max_reward": 3563.584357433267,
  "best10_mean": 3417.8700490204405,
  "eval_rewards": [
    214.83519700542888,
    372.9002843799838,
    406.1331980518506,
    591.0232886195021,
    745.2306846530171,
    859.0545684186924,
    972.7239570210686,
    1170.8034402710887,
    1426.8314400127974,
    1432.2511620734103,
    1178.2493685134953,
    2401.6166178920566,
    1441.7214435605842,
    3263.1588901377536,
    3308.292216313091,
    3279.8114896339707,
    3280.292710727145,
    3270.754295149073,
    3263.0397614118424,
    3086.873929837138,
    3269.3529785455457,
    3293.182871242835,
    3232.6675071836817,
    2079.7202462088107,
    2576.8932281562634,
    2390.7409633904817,
    3070.858475232083,
    3309.053299480272,
    3059.291041155879,
    3171.754710794954,
    3037.057424469242,
    3083.8991240701785,
    2052.398115660383,
    3451.27242879018,
    2242.1012800076683,
    2135.3543029130087,
    2912.7331656610195,
    3483.7030405337596,
    2470.579749397867,
    2770.4763787871348,
    2323.7979945113348,
    2644.309503842372,
    3409.1754437340983,
    2901.6076561698146,
    3541.1916492536175,
    3400.40191046016,
    3563.584357433267,
    3418.843272963129
  ],
  "eval_steps": [
    20480,
    40960,
    61440,
    81920,
    102400,
    122880,
    143360,
    163840,
    184320,
    204800,
    225280,
    245760,
    266240,
    286720,
    307200,
    327680,
    348160,
    368640,
    389120,
    409600,
    430080,
    450560,
    471040,
    491520,
    512000,
    532480,
    552960,
    573440,
    593920,
    614400,
    634880,
    655360,
    675840,
    696320,
    716800,
    737280,
    757760,
    778240,
    798720,
    819200,
    839680,
    860160,
    880640,
    901120,
    921600,
    942080,
    962560,
    983040
  ],
  "episode_rewards": [
    1126.2964417193573,
    1985.1530574822211,
    1416.9143952299787,
    1643.633315556284,
    1423.8082282821424,
    1008.5056896413058,
    1588.462064082787,
    1746.9216708631095,
    2281.9348194657173,
    1713.893305579103,
    3567.4108520649716,
    2015.236122922386,
    1063.7501174479405,
    1444.722584920782,
    1592.6592683535102,
    1725.53778783813,
    2627.4019689564016,
    2890.41013512271,
    1697.0801168597834,
    1355.4333960986141,
    3574.1181642840174,
    2208.8514577277474,
    2260.119909996508,
    2306.714433851765,
    1346.547134589418,
    2471.8452457965923,
    2371.3583275241645,
    1663.1580045655705,
    2290.753706434564,
    1312.7506520173065,
    1469.641678806612,
    2961.81883435592,
    3541.192953387736,
    3459.311536327057,
    2370.384731509789,
    1034.7413209726114,
    2685.896470725431,
    1805.9483961974572,
    1749.6248712162133,
    1671.2929354550179,
    3479.926549452015,
    1984.554449778556,
    3573.1945414638158,
    984.1167361541682,
    1084.2777260032838,
    3557.719387702849,
    1738.5135275627838,
    3606.2276953270307,
    1561.5196182035545,
    1602.384845362498,
    3573.03117156612,
    1427.6245197553555,
    1415.2088166344117,
    3618.27273153704,
    2547.418562186852,
    1907.1433880933669,
    2263.470468448088,
    1938.5333484681817,
    2047.28947758572,
    3262.140188293484,
    3198.987995710824,
    1962.2393808247748,
    1638.599859615863,
    3256.5967436309625,
    3146.2691355391767,
    3526.027334007361,
    1865.298839556302,
    1923.5081212048942,
    2002.8854885371022,
    1365.0590550841323,
    2879.6545968925334,
    1131.0779029925595,
    3537.403638054572,
    1356.0541144001445,
    1666.4520494426013,
    3435.0264326368133,
    1377.5633702467949,
    1737.14413080126,
    3676.0072532918207,
    3245.557597250031,
    1000.5229183895331,
    3526.6401947136674,
    1654.2949221493186,
    1953.798922935055,
    1288.1282422640124,
    2766.8017462632183,
    3548.6927126933574,
    1127.7743897720213,
    3627.6127923152762,
    1726.6833874744405,
    2325.263254177678,
    1884.333262964815,
    3562.3209919411247,
    2198.6226709767275,
    1662.858870231752,
    1657.8744589391715,
    2251.8929077401813,
    1956.9727320632896,
    1434.9531734659386,
    2118.9267182720064,
    3046.619204851623,
    1395.525684028872,
    3539.993083024532,
    2279.4224964990367,
    1640.909974445148,
    2160.9419023008745,
    1393.6076856586235,
    944.5969639858153,
    1377.3371918530013,
    1780.6832643966757,
    1157.8550858610076,
    3011.5470796714585,
    1762.2332976009998,
    3114.960276130165,
    2523.696102264516,
    1344.9198472799621,
    3553.807460338161,
    2798.6482404203107,
    3541.025956102033,
    1114.956108524026,
    3611.302154646767,
    2005.993079230363,
    2248.4806420954787,
    1723.1378024124642,
    1091.5705184084309,
    1039.6010575986681,
    1686.5709710827946,
    1000.4418399322406,
    1281.644204406842,
    1501.0054157789916,
    1153.8659231814959,
    3551.4051394912367,
    1189.3556230086983,
    3532.391108273158,
    2060.1099230241175,
    1903.015018300367,
    3538.919267068428,
    2064.1804491239513,
    3558.9683879305735,
    2025.7783316131017,
    2986.7117850060586,
    3279.1861459636816,
    3198.4112810469137,
    3610.8625015115636,
    2624.204673577994,
    3742.4374500653275,
    1274.5437259259859,
    2254.9589121741615,
    3554.703991488249,
    1829.8593016750813,
    2016.9562243256187,
    2292.885326457867,
    1869.6275541254975,
    1302.5162105487022,
    2922.5850154671157,
    1686.5318078435414,
    1017.5606627417844,
    1096.5364239650407,
    3495.6287207836544,
    2332.627840859317,
    2495.647891640741,
    1680.225554704849,
    2341.9927871769255,
    919.0449086394151,
    1912.6528393245944,
    1382.6727828172552,
    1286.7300103792936,
    3555.8604410513058,
    2100.6715791230054,
    1585.172936562956,
    3555.1374968302534,
    1684.941443220704,
    3577.3341324486896,
    1945.5929128241364,
    2803.7716116309502,
    2727.8464280908624,
    2907.237378275831,
    3540.3931195691316,
    1337.7566397766466,
    2268.101894285696,
    3464.3178751889845,
    1111.31369045321,
    3569.8954875991126,
    1222.7391619544153,
    2997.6361393326465,
    1100.457785007376,
    1662.2183263810098,
    3555.5556882946535,
    3614.3713917067826,
    1213.4902693283932,
    1007.09296691868,
    2316.398375616478,
    1140.5801925625467,
    2876.364785364794,
    3566.8411503666575,
    1617.7895310445892,
    1208.8158334551363,
    1639.3457854110236,
    2274.023330828757,
    1686.0552533707332
  ],
  "elapsed_s": 506.35559010505676
}