{
  "env": "Ant-v4",
  "agent": "Optimal_PPO",
  "seed": 0,
  "final_reward": 328.03525122154696,
  "eval_rewards": [
    987.4931000566361,
    784.2995751612741,
    760.8309893082458,
    92.01285450971739,
    131.26190984667764
  ],
  "eval_steps": [
    2048,
    22528,
    43008,
    63488,
    83968
  ],
  "bhvf_diagnostics": []
}