{
  "env": "Ant-v4",
  "agent": "Optimal_PPO",
  "seed": 1,
  "final_reward": 606.7762960326216,
  "eval_rewards": [
    989.2250349673193,
    874.924080387745,
    560.1138874430114,
    849.9855567364739,
    410.22944391837945
  ],
  "eval_steps": [
    2048,
    22528,
    43008,
    63488,
    83968
  ],
  "bhvf_diagnostics": []
}