{
  "seed": 456,
  "final_mean_reward": 3018.535154554106,
  "best_reward": 3170.1217498573933,
  "eval_rewards": [
    [
      10240,
      224.75307433827362
    ],
    [
      20480,
      339.93805698276253
    ],
    [
      30720,
      364.3484962895206
    ],
    [
      40960,
      373.8844212525821
    ],
    [
      51200,
      2290.077436304354
    ],
    [
      61440,
      1557.4577668480993
    ],
    [
      71680,
      2653.817928816487
    ],
    [
      81920,
      2407.298672401678
    ],
    [
      92160,
      2409.936475076828
    ],
    [
      102400,
      1419.1130014737832
    ],
    [
      112640,
      2651.5895619972885
    ],
    [
      122880,
      2734.2024294956414
    ],
    [
      133120,
      1185.028819394592
    ],
    [
      143360,
      3000.636568554163
    ],
    [
      153600,
      2967.3188043649666
    ],
    [
      163840,
      2850.070197578564
    ],
    [
      174080,
      3050.7089574557476
    ],
    [
      184320,
      3054.4560635138587
    ],
    [
      194560,
      3170.1217498573933
    ]
  ],
  "ev_history": [
    [
      161792,
      0.9943725436385858
    ],
    [
      163840,
      0.9934859527409904
    ],
    [
      165888,
      0.9946398115304198
    ],
    [
      167936,
      0.9947140519409898
    ],
    [
      169984,
      0.9943246650675605
    ],
    [
      172032,
      0.9951480883847912
    ],
    [
      174080,
      0.9859085219696205
    ],
    [
      176128,
      0.9873434689392532
    ],
    [
      178176,
      0.9934536279529154
    ],
    [
      180224,
      0.44734949631106025
    ],
    [
      182272,
      0.6937711352193929
    ],
    [
      184320,
      0.5261241838732558
    ],
    [
      186368,
      0.9830471271914885
    ],
    [
      188416,
      0.9848171698541213
    ],
    [
      190464,
      0.7105801304517007
    ],
    [
      192512,
      0.973014823829825
    ],
    [
      194560,
      0.9896566016258196
    ],
    [
      196608,
      0.9817068100030637
    ],
    [
      198656,
      0.9723681130079029
    ],
    [
      200704,
      0.9763943154843983
    ]
  ],
  "scr_history": [
    [
      161792,
      0.17717717470920613
    ],
    [
      163840,
      0.1258006156653804
    ],
    [
      165888,
      0.12357197199627534
    ],
    [
      167936,
      0.1431790616055736
    ],
    [
      169984,
      0.14852324358446295
    ],
    [
      172032,
      0.15101023620451937
    ],
    [
      174080,
      0.16392362693452733
    ],
    [
      176128,
      0.18063850588689145
    ],
    [
      178176,
      0.11890614936114635
    ],
    [
      180224,
      0.594283118378926
    ],
    [
      182272,
      0.44544227395838903
    ],
    [
      184320,
      0.6401216105672576
    ],
    [
      186368,
      0.23027335684868072
    ],
    [
      188416,
      0.21053437544786344
    ],
    [
      190464,
      0.6237083039533166
    ],
    [
      192512,
      0.2678347888124742
    ],
    [
      194560,
      0.14737156497753265
    ],
    [
      196608,
      0.2114752795733577
    ],
    [
      198656,
      0.273942017996818
    ],
    [
      200704,
      0.18847393350144295
    ]
  ],
  "snr_weight_history": [
    [
      161792,
      0.9387396800120983
    ],
    [
      163840,
      0.9415213231934226
    ],
    [
      165888,
      0.944119554670801
    ],
    [
      167936,
      0.9466455675137819
    ],
    [
      169984,
      0.9490489917351423
    ],
    [
      172032,
      0.9513127754017632
    ],
    [
      174080,
      0.9535045410509145
    ],
    [
      176128,
      0.9551247400968498
    ],
    [
      178176,
      0.9567356765389698
    ],
    [
      180224,
      0.9585715741096671
    ],
    [
      182272,
      0.9330104702197367
    ],
    [
      184320,
      0.9210485034697194
    ],
    [
      186368,
      0.9013022874898962
    ],
    [
      188416,
      0.9053895294749756
    ],
    [
      190464,
      0.9093609114939329
    ],
    [
      192512,
      0.8994218724418214
    ],
    [
      194560,
      0.9031015200112216
    ],
    [
      196608,
      0.9074292740919514
    ],
    [
      198656,
      0.911143150887507
    ],
    [
      200704,
      0.9142043989935267
    ]
  ],
  "snr_ratio_history": [
    [
      161792,
      0.6709003381396295
    ],
    [
      163840,
      0.7094434851657521
    ],
    [
      165888,
      0.6947029577583755
    ],
    [
      167936,
      0.7194537448463256
    ],
    [
      169984,
      0.6924252440828277
    ],
    [
      172032,
      0.7077196169653148
    ],
    [
      174080,
      0.5632950346940643
    ],
    [
      176128,
      0.5781346501711071
    ],
    [
      178176,
      0.7254754828384764
    ],
    [
      180224,
      0.4087013506968404
    ],
    [
      182272,
      0.44342806491882303
    ],
    [
      184320,
      0.6388311322225285
    ],
    [
      186368,
      0.7483928128743483
    ],
    [
      188416,
      0.6197395262733079
    ],
    [
      190464,
      0.48964228736470083
    ],
    [
      192512,
      0.5616888086469808
    ],
    [
      194560,
      0.7296448873034658
    ],
    [
      196608,
      0.6289185222676386
    ],
    [
      198656,
      0.47512346030995317
    ],
    [
      200704,
      0.5413816839786117
    ]
  ],
  "ev_early": [
    0.002883249637873564,
    0.14894482701639644,
    0.17075957094775596,
    0.1592719886095566,
    0.09631355500850958,
    0.2871596775646843,
    0.3896157188055448,
    0.4619564090706285,
    0.5715254645783853,
    0.6673674047548533
  ],
  "ev_late": [
    0.6937711352193929,
    0.5261241838732558,
    0.9830471271914885,
    0.9848171698541213,
    0.7105801304517007,
    0.973014823829825,
    0.9896566016258196,
    0.9817068100030637,
    0.9723681130079029,
    0.9763943154843983
  ],
  "elapsed_s": 63.3139328956604
}