{
  "env": "Hopper-v4",
  "agent": "Optimal_GRPO",
  "seed": 1,
  "config": {
    "hidden_dim": 256,
    "lr": 0.0003,
    "gamma": 0.99,
    "lam": 0.95,
    "eps_clip": 0.2,
    "n_epochs": 10,
    "batch_size": 64,
    "n_steps": 2048,
    "ent_coef": 0.0,
    "vf_coef": 0.5,
    "max_grad_norm": 0.5,
    "use_obs_norm": true,
    "use_adv_norm": true,
    "use_lr_anneal": true,
    "use_vclip": false,
    "device": "cpu",
    "total_timesteps": 500000,
    "eval_freq": 20480,
    "n_eval_episodes": 10,
    "eval_mode": "deterministic_mean"
  },
  "total_steps": 501760,
  "elapsed_s": 815.426393032074,
  "final_reward": 2206.4564766615995,
  "peak_reward": 2206.4564766615995,
  "max_reward": 2959.9607319736083,
  "eval_rewards": [
    82.67411010275364,
    286.2343343295205,
    394.38566798893277,
    415.3066314166567,
    665.7477007260484,
    786.2353639326556,
    830.0845069520619,
    1021.6396759730844,
    893.8598394103649,
    1066.7446233603187,
    1204.4077034804543,
    1155.4113209643176,
    1297.6007912141195,
    1292.1897294376658,
    1603.3030114355893,
    2602.640119914866,
    1961.709359847961,
    1818.3000022176766,
    1198.1183449240916,
    1147.979804181577,
    2682.6014812103795,
    2959.9607319736083,
    2653.0686958088704,
    2174.255064928161,
    2865.9311616088007
  ],
  "eval_steps": [
    2048,
    22528,
    43008,
    63488,
    83968,
    104448,
    124928,
    145408,
    165888,
    186368,
    206848,
    227328,
    247808,
    268288,
    288768,
    309248,
    329728,
    350208,
    370688,
    391168,
    411648,
    432128,
    452608,
    473088,
    493568
  ],
  "episode_rewards": [
    1381.2193799674862,
    1328.6873729301772,
    2108.710070521455,
    1388.1033677097428,
    1177.420537316875,
    2445.7527627621616,
    662.6774169207738,
    1131.3470771640555,
    2431.4051081194602,
    2207.1997470000892,
    1097.8364905142455,
    2059.879006223938,
    605.5447801895382,
    2640.053398591402,
    461.3783654572892,
    1570.0826972291738,
    670.0551123836428,
    1045.2145641602692,
    840.5875946478867,
    1788.3744484863157,
    2408.1406432954263,
    1829.0375115456022,
    1217.978821408727,
    1119.9227967646636,
    967.839369835387,
    3365.6087201305345,
    730.2348225668976,
    807.397209282066,
    1790.746111871405,
    2013.2283379435537,
    737.8579553718617,
    937.0412880772697,
    1205.1780120888784,
    772.6330020456231,
    1304.2361801202965,
    677.712314963482,
    945.6666894340498,
    373.70248183139313,
    1120.6405493656428,
    2221.4899526309123,
    379.7370081433194,
    2121.2447809926693,
    1490.6815009917389,
    1511.092413274308,
    2719.766235812353,
    3429.925268049421,
    975.6491351538913,
    1464.7382794355742,
    1774.0069941607705,
    1460.7290952276005,
    1541.2187689641482,
    446.71236516143404,
    940.3281588076231,
    1887.6420498579475,
    2137.2328622800082,
    1106.6288367121415,
    698.9677931439664,
    1686.8790101227664,
    440.10206947132144,
    1420.8466144200916,
    2136.7127606975077,
    672.9447604884024,
    538.6512775993383,
    2149.487346435204,
    999.8212901266353,
    1235.9347334216275,
    1302.8001087583611,
    1726.2635627332897,
    1211.2539259067464,
    1329.204913191891,
    2283.715817834555,
    1565.3028398783795,
    635.8628908512459,
    757.1767734776621,
    972.0017733408956,
    1259.7160404631845,
    548.8302432808883,
    1286.3791306585053,
    1744.6774450677017,
    1759.7085523209296,
    970.0353950294681,
    2484.936010782025,
    1871.730122589856,
    1878.513361384561,
    459.811388933926,
    717.8834340663057,
    2002.495728576967,
    558.699410825691,
    1243.144318690348,
    1380.1677861579938,
    734.3407838818097,
    1238.4158855022995,
    1609.0965712332559,
    2678.1328244291262,
    810.2511488996241,
    1160.6440434178683,
    1281.0327752124897,
    1306.4099239110417,
    1288.0066774002673,
    1190.3432441661632,
    1206.3266773768505,
    1531.6192425982608,
    2456.2167028618123,
    2740.314452212108,
    1515.7330889470036,
    1143.6244246958609,
    2829.949595790978,
    2346.0468963232347,
    967.9997691018251,
    1186.4615851136323,
    1511.1905666102145,
    1488.5090865333655,
    1669.0773572157448,
    942.9053619153357,
    516.5306402349323,
    1103.773016305349,
    2415.4370618484304,
    1716.5530688641181,
    1180.457214869402,
    1634.3259136834622,
    1224.9383780977391,
    1705.6832744619317,
    864.6219896023869,
    2458.295941681587,
    458.33520091596137,
    2854.652468455258,
    686.5376796138138,
    930.986124726687,
    1619.8076421887129,
    1916.6404411128328,
    1973.7090246462978,
    725.5982341450197,
    716.0456679177241,
    1333.57364080367,
    1543.409559634544,
    1914.4283515779136,
    976.3780168901666,
    481.2604974870811,
    3534.8159667974774,
    1119.5310383751,
    1073.9266979709787,
    770.9345953830259,
    1533.9610624406068,
    1106.148843719916,
    1101.4360972780576,
    731.0493651958271,
    1059.0411120813621,
    1473.8318135670288,
    1335.4013078322307,
    1403.6194685482715,
    1942.638411448736,
    1174.971261915654,
    1448.0263323429856,
    1267.861255090568,
    1826.4936994061352,
    1262.6815611380391,
    1833.2322029739314,
    1989.6337609894806,
    1698.6250587116128,
    864.854293668601,
    1870.103919510665,
    2882.083949342046,
    1547.4399950283814,
    1863.6088374388248,
    1152.585132437661,
    2914.1226265141104,
    2040.0027266460038,
    1334.1564102323312,
    2492.2284655144304,
    3510.36570632933,
    1194.1705615501155,
    1321.6831494294302,
    2805.5791846650286,
    1015.1814383760186,
    932.4810767828683,
    2249.357337931824,
    1047.4938709958747,
    809.8428764923874,
    1117.744087538641,
    1690.0752740850312,
    1448.7980079352797,
    1793.1147547395442,
    1927.346784338528,
    945.637046965641,
    1453.8641437526603,
    1553.101720856848,
    844.021893269643,
    2706.8981219103916,
    3535.992801348315,
    991.2655838220498,
    1515.6949099872966,
    1823.321989427086,
    3030.685927880975,
    1802.224980887653,
    1895.4648911583204,
    1681.0135309585169,
    1521.700581074789,
    988.4725026790325,
    2085.073801303503,
    1815.0870183627765
  ],
  "diagnostics": [
    {
      "step": 2048
    },
    {
      "step": 22528
    },
    {
      "step": 43008
    },
    {
      "step": 63488
    },
    {
      "step": 83968
    },
    {
      "step": 104448
    },
    {
      "step": 124928
    },
    {
      "step": 145408
    },
    {
      "step": 165888
    },
    {
      "step": 186368
    },
    {
      "step": 206848
    },
    {
      "step": 227328
    },
    {
      "step": 247808
    },
    {
      "step": 268288
    },
    {
      "step": 288768
    },
    {
      "step": 309248
    },
    {
      "step": 329728
    },
    {
      "step": 350208
    },
    {
      "step": 370688
    },
    {
      "step": 391168
    },
    {
      "step": 411648
    },
    {
      "step": 432128
    },
    {
      "step": 452608
    },
    {
      "step": 473088
    },
    {
      "step": 493568
    }
  ]
}