{
  "env": "Hopper-v4",
  "agent": "Optimal_HCGAE_v4",
  "seed": 6,
  "config": {
    "hidden_dim": 256,
    "obs_norm": true,
    "adv_norm": true,
    "lr_anneal": true,
    "eval_mode": "deterministic_mean",
    "n_seeds": 12,
    "total_timesteps": 1000000
  },
  "total_steps": 1001472,
  "final_reward": 3027.597069805453,
  "max_reward": 3378.701624743398,
  "best10_mean": 3358.2589806841183,
  "eval_rewards": [
    228.2548822631261,
    433.9391592431184,
    441.02107303640724,
    663.9418136919473,
    757.5129009724625,
    1066.806885513221,
    934.6049473765194,
    1012.6240737808428,
    1329.4024998042491,
    1505.450501822026,
    1461.1766049678563,
    2025.316575613145,
    1669.9661838409552,
    1334.8483616856652,
    2862.4334108102794,
    3255.5426650264585,
    3232.3717067216357,
    3353.332403026935,
    3347.556945724893,
    3148.59785935542,
    3339.7718828806014,
    3337.8429283870864,
    3337.6004044614174,
    3353.285689823093,
    2253.7400273383146,
    3223.6611917480186,
    3139.3958900589373,
    3306.26767347489,
    2876.6084915739225,
    2892.4856131162587,
    3317.638152943514,
    3302.862172689141,
    3338.7600748795885,
    3338.130527018915,
    3317.6858343158356,
    3333.244766396735,
    3349.957885684076,
    3331.51838019677,
    3283.8633800930475,
    3349.207257283776,
    1261.0583849086943,
    3370.3696214980946,
    3326.9685196817927,
    3349.6754910235513,
    3378.701624743398,
    3364.8855627661774,
    2225.623530788817,
    3365.6173252671847
  ],
  "eval_steps": [
    20480,
    40960,
    61440,
    81920,
    102400,
    122880,
    143360,
    163840,
    184320,
    204800,
    225280,
    245760,
    266240,
    286720,
    307200,
    327680,
    348160,
    368640,
    389120,
    409600,
    430080,
    450560,
    471040,
    491520,
    512000,
    532480,
    552960,
    573440,
    593920,
    614400,
    634880,
    655360,
    675840,
    696320,
    716800,
    737280,
    757760,
    778240,
    798720,
    819200,
    839680,
    860160,
    880640,
    901120,
    921600,
    942080,
    962560,
    983040
  ],
  "episode_rewards": [
    1241.4913594112907,
    3439.7816995238686,
    3350.981417037111,
    3361.3467884747683,
    3344.3658812334634,
    3361.9222968797176,
    2541.554974630446,
    3350.951004368165,
    1507.2575882698711,
    987.0848476310922,
    3352.1197211595113,
    1193.9825751546603,
    1523.393133353444,
    3355.649930129327,
    2737.4940220752305,
    2528.6301626527065,
    3396.1120562822316,
    1208.55924517747,
    984.5480087730962,
    1898.1907613937358,
    2825.3168502656586,
    1770.6346715007076,
    1007.5833850170046,
    888.4009783942579,
    1781.254528681825,
    3349.942768370949,
    1104.865606626192,
    1701.2677498503622,
    3411.3760883778855,
    1337.2251228671962,
    896.2861757900182,
    2538.576529493107,
    937.2501680711407,
    2095.4154015531813,
    3347.859125234779,
    2832.9007357082182,
    2385.5060507720336,
    3367.859385727821,
    1102.9015205362948,
    1960.2772578947865,
    2635.5854707028275,
    1484.599009432773,
    2339.65822032093,
    1931.9796959704981,
    1256.108792968895,
    1171.7671418659086,
    1207.2106955141717,
    3374.0629119227106,
    1716.0836830558046,
    2936.899076762291,
    79.744113196388,
    3360.9455528174553,
    2020.1884456205455,
    1062.383680000934,
    3413.126077091494,
    1195.791686118118,
    3365.4170336543566,
    1359.1898524570347,
    2357.937218443095,
    3362.454765456291,
    3359.1820941545675,
    3478.2920654782606,
    1329.4234446298906,
    3360.546804364831,
    1311.784434816353,
    2893.5707489391875,
    1766.6501196648262,
    3185.69346154927,
    1990.1217584602896,
    1519.0809544151948,
    1493.2390030357817,
    1798.2809816203735,
    1521.521821581512,
    1657.578594088456,
    1996.202527423259,
    70.26339671473097,
    1036.2936401286363,
    2699.9823681513258,
    1265.2907178270302,
    2326.053990795444,
    1259.0946437231173,
    3374.1845531734753,
    1401.5230436202937,
    2762.6069255820166,
    3422.982070256602,
    1118.4200177510852,
    1988.195685817733,
    2009.471608180962,
    1196.0039524377737,
    2013.6733419343293,
    882.7450540691507,
    1372.536350298427,
    3411.098250080348,
    2084.666781613425,
    1218.5937243522947,
    1146.815190353813,
    1192.9598000834064,
    1968.5373091367835,
    1192.2778545709157,
    1233.2506938140275,
    3362.9955102970084,
    1810.4169802221807,
    3446.824255682206,
    2818.2574880054112,
    3376.423954621625,
    995.819112735548,
    1134.7956051896404,
    3373.631867229635,
    1245.030113876861,
    1143.784710118328,
    1082.132164124115,
    3369.77716559394,
    1121.854684019583,
    1325.5952229464017,
    1165.4086833205456,
    3370.640451072074,
    1992.0964986600936,
    3014.61600465421,
    3358.635804957398,
    3407.089904442295,
    1694.0661884578253,
    1227.8060713929224,
    2677.0007544017485,
    1444.7727940771624,
    3225.1893774823166,
    1112.7838910488745,
    1994.658296929063,
    1778.0930627471228,
    1234.7542538305634,
    3351.73584314568,
    2353.73815741404,
    3357.386032310775,
    3289.037914971124,
    1532.8601705416677,
    1526.8870246492165,
    1276.8201472076814,
    2324.2604002467433,
    1333.5664812390514,
    2067.3170892378944,
    1088.427429760042,
    1090.233246427952,
    2923.5837759891406,
    990.2617217273128,
    2490.501134071649,
    3374.805704971261,
    989.2901944199983,
    3368.699963324748,
    1399.737248470308,
    1384.0805833998995,
    1261.2603398342826,
    1061.3160305679426,
    3374.738717904396,
    1369.487746618152,
    1405.5216390589055,
    1422.0162035184026,
    1142.7057183104343,
    1675.0261387117628,
    3381.0277235310527,
    1237.916500509975,
    1188.468832028397,
    1438.9051804820613,
    1256.7455782486734,
    2338.6303153801978,
    1000.658935230287,
    1196.500880729818,
    1094.0278685061073,
    1596.9546419342546,
    1209.9614468177906,
    2065.403985501348,
    2218.5680750638485,
    2348.2259290855727,
    1903.0026681816075,
    1279.9518980357816,
    1818.9404717288387,
    3369.644128000954,
    671.4460213797968,
    3346.942859108646,
    3346.4575208993656,
    3373.1018766865495,
    1162.794871174552,
    2594.030670117692,
    1262.9761116708596,
    1127.286944362327,
    1147.0489052651392,
    1805.749827234841,
    3377.895790504752,
    3220.156833061942,
    1402.7013146666404,
    1248.088837728171,
    3360.0834106821744,
    2374.082923233842,
    2296.234365453711,
    3331.8964502250146,
    2404.7574869086748,
    3318.9623731156507,
    3326.4793804688834,
    3351.973823454051,
    1814.3447770826667,
    2376.2339255034967,
    1150.829083983569
  ],
  "elapsed_s": 597.6441159248352
}