{
  "env": "Hopper-v4",
  "agent": "Optimal_HCGAE_v4",
  "seed": 2,
  "config": {
    "hidden_dim": 256,
    "obs_norm": true,
    "adv_norm": true,
    "lr_anneal": true,
    "eval_mode": "deterministic_mean",
    "n_seeds": 12,
    "total_timesteps": 1000000
  },
  "total_steps": 1001472,
  "final_reward": 3611.5273307153125,
  "max_reward": 3644.5809490317843,
  "best10_mean": 3611.5273307153125,
  "eval_rewards": [
    218.6028431307671,
    441.0401389462968,
    416.58686887935465,
    665.429325087124,
    796.7286682124495,
    990.3268270088829,
    1079.6734533005672,
    1159.7133287151114,
    1873.4238047566414,
    1733.35705539329,
    2811.001823195823,
    2816.4422402667515,
    2937.1617586608686,
    3293.2418207337423,
    3288.646955282039,
    3304.1773531786903,
    3265.967760236375,
    3310.2512452202427,
    3337.326986133862,
    2620.645151858954,
    1691.42321287284,
    3049.9364792789092,
    3346.8788683980906,
    3337.057921937395,
    3350.09214608018,
    3348.4190027891273,
    3364.4113021790326,
    3380.2402220986805,
    3391.2519947142478,
    3390.6311373602357,
    3395.704067777632,
    3423.69063702207,
    3415.6327899855532,
    3456.405923246454,
    3529.4934288289833,
    3538.528208812757,
    3518.611974984604,
    3565.7241574090635,
    3583.506399871133,
    3566.5659316037345,
    3594.130705903809,
    3612.267032458607,
    3619.6448172182186,
    3632.1959838657554,
    3636.0269508574065,
    3615.3573650197236,
    3610.9971713229556,
    3644.5809490317843
  ],
  "eval_steps": [
    20480,
    40960,
    61440,
    81920,
    102400,
    122880,
    143360,
    163840,
    184320,
    204800,
    225280,
    245760,
    266240,
    286720,
    307200,
    327680,
    348160,
    368640,
    389120,
    409600,
    430080,
    450560,
    471040,
    491520,
    512000,
    532480,
    552960,
    573440,
    593920,
    614400,
    634880,
    655360,
    675840,
    696320,
    716800,
    737280,
    757760,
    778240,
    798720,
    819200,
    839680,
    860160,
    880640,
    901120,
    921600,
    942080,
    962560,
    983040
  ],
  "episode_rewards": [
    3569.1948886048463,
    1520.0915271126178,
    3576.8995720408866,
    1262.2653650826617,
    1456.0862053711733,
    3563.5231451982754,
    1492.1433614745508,
    2142.8474020673425,
    3572.60298312953,
    1522.7505468186475,
    1605.1976939600631,
    2960.2885365145794,
    3591.0217128863824,
    3570.8220014467634,
    3575.9429810770325,
    3569.6542297508713,
    3563.525164652203,
    3558.6812598224874,
    1271.926372821703,
    1602.9691778031897,
    1855.975673743405,
    2642.015480529513,
    3320.464477706795,
    1292.5989650727818,
    3561.995204169588,
    3587.1045045825663,
    3575.2281737202898,
    3587.3320260739793,
    3600.001282887391,
    3601.0224630034,
    3588.3947240713374,
    3591.0164423377105,
    3570.5119847469527,
    1861.3682742862463,
    2962.5155204640273,
    3570.585811199703,
    3562.143353808623,
    3570.199750593685,
    1880.71640047875,
    2128.880117701792,
    3569.1639509339743,
    2419.4192983562007,
    3585.409415651162,
    2623.701240949115,
    3583.668664555772,
    1334.5512544084784,
    2342.7574459901884,
    3595.869962963325,
    2158.9558854041748,
    3639.7696393144115,
    1771.6320796529008,
    3245.911165509048,
    1774.2914973093484,
    1263.692782945853,
    3605.8842971936,
    3594.9106748906747,
    3605.4012215342764,
    3591.530518890948,
    1592.7504367362822,
    1453.3900934245592,
    1496.9577830644546,
    3608.1982902114164,
    3329.7407637105334,
    3589.776519647929,
    2102.089641272694,
    3589.613424783696,
    3465.5236084093126,
    3609.1558917185494,
    3619.8988913032067,
    1790.3696790257502,
    3603.9514188321855,
    3591.076970693258,
    1279.7682108609104,
    1525.08165300363,
    1232.6820007375904,
    3299.897072788038,
    1818.6176794489843,
    3605.659389360922,
    3617.862083730502,
    3603.3087416744406,
    3172.1453476020574,
    3604.7362481091454,
    1927.2310110104606,
    3538.0304243197875,
    3607.778861549435,
    2286.5851598343183,
    1199.6648337054967,
    1679.9005675553155,
    1316.0708094208408,
    3603.4997263437945,
    1196.393112670291,
    1312.3914054720242,
    1407.223927607734,
    2658.799222893456,
    3603.1504553235304,
    1366.3866949229503,
    3610.1127792816956,
    3602.2611420506314,
    2675.6647572965107,
    3605.1502250932267,
    3591.3163831896645,
    1266.2876056025611,
    3607.168880345522,
    3598.1171426561295,
    3375.3371709603794,
    3609.5891537840466,
    1053.563466674955,
    3629.045701182071,
    3351.9755330476523,
    2038.7849343237756,
    3603.6519056240677,
    3602.814785269242,
    1262.9308405638276,
    3623.7583452975637,
    3628.479878063522,
    1768.1346560520649,
    2459.777873127313,
    2661.1147114142177,
    2421.0701062783132,
    1220.8186797903952,
    3632.03419230981,
    3593.2821839395765,
    3619.395383313807,
    3361.817745106267,
    3605.1676098391913,
    1834.3607126940794,
    1517.6853670318744,
    3598.0507824209312,
    3612.8671603676926,
    2391.102091026848,
    1330.0785588994693,
    3653.8072352322843,
    3620.1348890119693,
    1289.0657868404312,
    3607.9031490489087,
    2788.0185991455446,
    3617.102137427614,
    1243.1507158783204,
    3597.5669746381773,
    1872.7180647909468,
    3622.277576189823,
    1457.5372169954453,
    1266.5219664240994,
    3605.280524714242,
    1672.4561072645981,
    3599.914492018376,
    1064.2292415020402,
    3610.574946483554,
    3015.550976280075,
    2646.0387109667467,
    1114.374013928121,
    1195.8479129024759,
    3648.1799292434907,
    3663.4855265148476,
    1491.8496989148498,
    2410.503497362132,
    3599.648052582501,
    3657.2606958987276,
    3607.7721959467995,
    3645.1250805681143,
    1828.6327770773962,
    2197.537766359901,
    3620.7867314788173,
    1137.725939602028,
    1246.0144448497897,
    1959.0050360348143,
    1419.0469489671527,
    3627.225856270377,
    3623.938665805871,
    3662.187062462033,
    1128.178747634098,
    2182.415618897106,
    889.6809834903767,
    1887.1906147363259,
    3600.7406004705226,
    2124.584284712211,
    2779.5888931190043,
    3365.610866837644,
    970.39225517705,
    3604.380240076362,
    3627.6453423910853,
    1280.857240084732,
    3614.609605928416,
    3611.8107939690017,
    3637.9889650232562,
    2168.181567003412,
    3693.9489147277363,
    3632.6618224036815,
    1282.8479543306444,
    3631.7701559171874,
    1310.0724165915922,
    3596.9742537431425,
    1591.6498713613576,
    992.6604317283466,
    2667.694269853809,
    2094.247132223041,
    1017.1931746233703,
    1025.7688939741565,
    3035.4302385958867,
    2158.7191901877295
  ],
  "elapsed_s": 64938.7007188797
}