{
  "env": "HalfCheetah-v4",
  "agent": "Optimal_HCGAE_v2_NoGate",
  "seed": 4,
  "total_steps": 501760,
  "final_reward": 1359.5880769562357,
  "eval_rewards": [
    -687.103585775664,
    -655.8522970599029,
    -599.1492713050555,
    -525.0000987735839,
    -472.8220324957194,
    -412.3002842206548,
    -356.47217858582576,
    -302.050457067416,
    -237.1009014472234,
    -194.10577647273024,
    -57.673106835713796,
    28.193371911107725,
    146.47304529151876,
    246.45694386916233,
    308.30078100955916,
    448.9371068888748,
    558.7116951758808,
    612.7183440347487,
    680.3642324099778,
    650.5625448747535,
    795.9610837279058,
    844.0668937156977,
    868.802488093801,
    831.7961582408485,
    880.8142271944291,
    927.2296959878192,
    996.549788626577,
    1026.2775470697397,
    1010.6485618743257,
    1021.5666286195462,
    1092.9842894006974,
    1076.74707022708,
    1117.5789945127553,
    1134.5995293614678,
    1178.5892941552618,
    1141.4915750695366,
    1208.7019455789998,
    1192.4993488237585,
    1191.9579900841156,
    1229.485679363231,
    1300.8096503609613,
    1303.8153094684442,
    1347.9827686188032,
    1343.7348267351024,
    1377.7895089157587,
    1324.964609981951,
    1390.317574053011,
    1336.3326269791585,
    1368.536064851299
  ],
  "eval_steps": [
    10240,
    20480,
    30720,
    40960,
    51200,
    61440,
    71680,
    81920,
    92160,
    102400,
    112640,
    122880,
    133120,
    143360,
    153600,
    163840,
    174080,
    184320,
    194560,
    204800,
    215040,
    225280,
    235520,
    245760,
    256000,
    266240,
    276480,
    286720,
    296960,
    307200,
    317440,
    327680,
    337920,
    348160,
    358400,
    368640,
    378880,
    389120,
    399360,
    409600,
    419840,
    430080,
    440320,
    450560,
    460800,
    471040,
    481280,
    491520,
    501760
  ],
  "episode_rewards": [
    -635.7346999406616,
    -688.9656761164416,
    -557.5254040212438,
    -729.2868433090522,
    -720.5237269637512,
    -708.7918003752985,
    -797.8610527134001,
    -650.5213069432365,
    -612.9542525157647,
    -751.5876979233484,
    -651.4185270600651,
    -627.5015861608025,
    -628.0390318988301,
    -719.7406250894874,
    -810.4302617176675,
    -541.2727993961604,
    -638.0817746031266,
    -743.2609124201897,
    -623.9367248851955,
    -603.7661431925937,
    -739.2053420664638,
    -570.2020113013376,
    -659.6856547749051,
    -613.6781742902339,
    -565.5776080481625,
    -650.9320084358105,
    -780.8776068144323,
    -744.7049365351068,
    -638.6018006934913,
    -673.0700597159214,
    -525.0883103369392,
    -523.5302915476426,
    -574.7490229051388,
    -509.57117986494893,
    -818.1727142133708,
    -572.8528795654126,
    -505.35331605703584,
    -538.262110302669,
    -509.25726147927617,
    -526.3976075421759,
    -552.6370696211324,
    -387.3311988518166,
    -491.09384461166024,
    -580.5873601888034,
    -532.3684998129157,
    -503.5788354780567,
    -446.35172916696047,
    -545.9666337817746,
    -487.1241356374221,
    -588.2274208592279,
    -412.79022309710047,
    -439.4315673725526,
    -448.1785652987625,
    -429.2231914355137,
    -392.17465840617825,
    -432.32040890574876,
    -512.507350869886,
    -606.5504615062581,
    -465.57749657041114,
    -396.142788003991,
    -449.5531428714305,
    -296.67513702723664,
    -420.27976933673676,
    -385.93326632773176,
    -352.93643895309265,
    -519.7365786207208,
    -395.63024434206216,
    -397.1462381282334,
    -304.81190768382106,
    -339.0836029173451,
    -347.9856467053414,
    -345.67327481764585,
    -332.21759875971145,
    -382.11957345253876,
    -520.1329754401554,
    -301.0449341046825,
    -323.15408638029373,
    -300.6127678953396,
    -248.42268116348595,
    -299.41370743328133,
    -274.20063019113707,
    -368.88771626284165,
    -322.74360412485555,
    -309.5648213932537,
    -252.021919998163,
    -326.40417526029063,
    -326.1789136206453,
    -261.01469474773137,
    -219.5098121591801,
    -271.6012981632906,
    -228.12917514247295,
    -248.67838722677652,
    -228.57185716963852,
    -227.4414637018494,
    -193.22632352106493,
    -208.49969497844444,
    -190.86327328229393,
    -183.36403856139387,
    -173.02318375299134,
    -196.19330415411085,
    -180.91045179566018,
    -155.15270794230986,
    -135.16833082658553,
    -200.27149382280805,
    -151.12164184323404,
    -84.83588365441399,
    -94.8300464905556,
    -110.91872165334942,
    -96.47093669848539,
    -42.928465904822616,
    -73.24865393359889,
    -39.76853001115544,
    -56.685907407635796,
    -47.36528390996314,
    3.078340522533087,
    -34.21726311773469,
    -30.21227801281323,
    -95.77756384785684,
    -17.919414645833978,
    -45.48709697078529,
    35.99924053573597,
    -19.612255811504383,
    -7.5467009419987585,
    107.70020609534177,
    40.50633983707508,
    106.40761247784333,
    70.02046070434717,
    62.062166890508266,
    4.898240601874579,
    106.71997243655834,
    144.5922275824404,
    14.149600760998927,
    71.63277229306378,
    148.2113035441557,
    151.15538554752715,
    195.65069803421912,
    172.521978076443,
    134.1981264846575,
    279.38793197718246,
    94.61885567589738,
    29.060699758261865,
    284.90548193760105,
    303.39076675533886,
    253.1023154235802,
    381.1026914057683,
    294.51316842244717,
    376.88616907258773,
    361.84749850775574,
    262.84916115374284,
    393.63298175757075,
    343.12371997700745,
    468.3983631120501,
    261.6607696040661,
    366.9099329942475,
    381.42994090505715,
    433.0714729623571,
    361.0830687388018,
    482.0695816622781,
    439.64027595821085,
    502.6806742879315,
    442.65018900886906,
    443.98061373385747,
    461.99811248141083,
    309.3877853776971,
    499.2898890433866,
    522.2851963289994,
    486.5604972463499,
    498.95641314800775,
    570.4811853804206,
    570.4033258427546,
    582.7884509307877,
    647.888156096888,
    614.3498247057635,
    491.7776668675698,
    600.4155927703754,
    553.5301014748053,
    505.5107414089243,
    557.0922680095115,
    620.3778997880712,
    595.3403039018109,
    562.5523882901809,
    638.5419674782805,
    677.7555902558304,
    690.4194265187475,
    503.5537049452014,
    658.0494673050978,
    635.1098364224524,
    603.2008199712585,
    703.7050389997431,
    663.11985221069,
    683.4716039862352,
    670.6017204180253,
    720.933478035599,
    654.097010745977,
    726.5292825223142,
    668.392565556955,
    728.2228337216366,
    589.554522394939,
    744.3948411080867,
    818.5027054915062,
    717.5095924095428,
    444.3706342860534,
    646.8992610567889,
    714.1445667043682,
    782.730913806131,
    869.327939737337,
    714.5175293697462,
    667.9792269758861,
    760.0417992997432,
    745.6088522969787,
    852.0047197517146,
    872.1326425550983,
    847.188819153643,
    834.3523112571928,
    674.5425845730005,
    543.4854771897294,
    820.5617314284865,
    685.5241005317596,
    778.609418674707,
    800.1728004789128,
    811.2858810004635,
    815.3797030580314,
    856.4394712050623,
    682.8611469981482,
    867.8061387963469,
    616.1360195027277,
    874.6203256571017,
    600.3858786850349,
    956.8661526273802,
    831.6956444089911,
    940.5504744915677,
    843.4561823766163,
    900.5049599593239,
    901.5058467778383,
    899.145644261069,
    847.1524900666246,
    860.7225249471575,
    904.9567403905227,
    733.5256211222714,
    884.5375020806766,
    797.5764355483261,
    811.7220464804898,
    885.40217017473,
    918.0759966720144,
    882.5347078214197,
    869.5935421695012,
    907.4096381171976,
    946.8480177035256,
    866.9493778117688,
    981.8766714860033,
    885.5109322075704,
    956.6587931516784,
    846.2674819214055,
    487.84557121771996,
    926.867171406063,
