{
  "env": "HalfCheetah-v4",
  "agent": "Optimal_HCGAE_v2_NoGate",
  "seed": 3,
  "total_steps": 501760,
  "final_reward": 1519.1212395355062,
  "eval_rewards": [
    -748.6817496316539,
    -661.2458596188324,
    -555.5492056644073,
    -500.22400389229176,
    -434.2033674350715,
    -384.77708422037847,
    -318.41799035590003,
    -259.28942686057763,
    -190.64074784510217,
    -86.29886053570051,
    37.41972451680633,
    56.031322300493095,
    -25.206068301174724,
    232.31023043468122,
    355.13012203639954,
    514.7204652864377,
    468.2983297586573,
    528.7770663826313,
    533.1126784522667,
    690.470757725014,
    423.0673979113898,
    581.8324421519202,
    910.7063227315782,
    978.6435810929603,
    1084.7669176428612,
    1050.1938668147748,
    923.9835566620486,
    977.6687959788424,
    1210.8887767423066,
    1112.5569130544234,
    1345.8332422824255,
    996.3624669261008,
    1216.4113930276822,
    1518.907260244874,
    1181.755316831073,
    1526.5936461221172,
    1252.1790506975663,
    1065.8068967583063,
    1698.0071436949972,
    1555.5064020748646,
    855.7180839426752,
    1354.7584099782055,
    1700.4840972254704,
    1574.7784276453513,
    1826.7097161431534,
    1782.4745667914242,
    1129.8558467465402,
    1311.5347526651344,
    1545.031315331278
  ],
  "eval_steps": [
    10240,
    20480,
    30720,
    40960,
    51200,
    61440,
    71680,
    81920,
    92160,
    102400,
    112640,
    122880,
    133120,
    143360,
    153600,
    163840,
    174080,
    184320,
    194560,
    204800,
    215040,
    225280,
    235520,
    245760,
    256000,
    266240,
    276480,
    286720,
    296960,
    307200,
    317440,
    327680,
    337920,
    348160,
    358400,
    368640,
    378880,
    389120,
    399360,
    409600,
    419840,
    430080,
    440320,
    450560,
    460800,
    471040,
    481280,
    491520,
    501760
  ],
  "episode_rewards": [
    -646.8135306524504,
    -630.3672604564296,
    -686.0570909348496,
    -545.000128818456,
    -636.0904397670724,
    -754.442702357379,
    -665.2594040073349,
    -596.0244839978174,
    -673.4899860194264,
    -642.9123099882177,
    -716.6654793228371,
    -688.8805188011621,
    -745.054591184283,
    -705.4878971432692,
    -734.9108926724454,
    -977.3578985136236,
    -671.0800335295868,
    -758.3798034533569,
    -780.8219532745863,
    -621.7905577071596,
    -714.3822876992234,
    -664.3849650738381,
    -649.9685209012115,
    -690.4227009328488,
    -713.8780627922646,
    -624.5575981489646,
    -666.6486782887316,
    -510.25629171556875,
    -709.5349127009995,
    -598.851364908439,
    -657.6238031689251,
    -568.9698710060867,
    -660.6869882058842,
    -544.777709829566,
    -491.94683605844904,
    -424.5175023197057,
    -442.59755371562693,
    -484.9623400343822,
    -521.7022481414001,
    -472.20321374366824,
    -532.9672772832386,
    -443.932996209743,
    -525.7739478930062,
    -380.7989998278205,
    -549.2373784664865,
    -340.75757411806285,
    -561.6732777679237,
    -227.5318911471691,
    -454.19488253206225,
    -315.7978139879757,
    -404.2156199156911,
    -373.855080247824,
    -448.39677958952814,
    -546.6928289432054,
    -456.1349503575552,
    -396.86310307483484,
    -341.9801556948947,
    -304.3570406784402,
    -293.92106664568496,
    -421.45052521648836,
    -290.43295443654074,
    -460.3215055494351,
    -348.7427849090201,
    -430.2805165682234,
    -330.92278846040335,
    -323.89345917518807,
    -420.53316970752485,
    -305.2422563604241,
    -293.4774055837415,
    -394.46311417680016,
    -395.42191310467786,
    -283.9672512422728,
    -277.3856132504871,
    -226.27141637687347,
    -160.00386156390934,
    -194.50036869568982,
    -166.01693338548694,
    -230.48211914257905,
    -318.3905504625436,
    -136.65010523887304,
    -174.60437172662733,
    -257.60117829046993,
    -38.969736591369205,
    -433.4545590834482,
    -215.13628288693997,
    -361.389359880188,
    -4.552055667866638,
    -155.50139561174967,
    -103.25036615352332,
    -158.54769657312414,
    -195.8981684607326,
    -124.34432752468445,
    -11.230749630464306,
    -143.8631844760441,
    -134.0323569620077,
    -45.63974579627245,
    -193.99353536790122,
    -194.05827361885423,
    -77.98652618119694,
    -119.57494029241764,
    -209.79019133398597,
    -147.13870047977304,
    -127.39451699772503,
    -45.066516496190985,
    -111.90127297638472,
    -4.1076477171021395,
    82.15366154511007,
    -182.5657413570053,
    -107.03819060484798,
    -127.45256749068524,
    -249.35441930537738,
    -379.89967576688633,
    -168.65859903452355,
    133.96202125860736,
    179.93701524441875,
    16.290776411818662,
    -201.73663428822397,
    52.59610532716144,
    16.087417884625566,
    184.87068564444982,
    148.3991920267728,
    -47.693891411951725,
    -16.119000250080912,
    25.388074673126447,
    209.4059003860063,
    51.97573415602448,
    282.23500263545264,
    -347.8554950967244,
    184.27272481437566,
    292.2856324496606,
    260.2190233862042,
    227.0758926475644,
    40.66796613494571,
    -165.96517395732204,
    174.32346191988145,
    278.03957695190894,
    274.01155488788504,
    343.58301058478594,
    118.54655197234048,
    338.62443225543774,
    321.201162077227,
    421.3123623520678,
    429.46436860687885,
    162.85456070583726,
    366.82971512784894,
    430.99600924494695,
    326.92682519414143,
    251.98581136308667,
    288.9940378813211,
    409.28924285321443,
    325.5158297193844,
    440.77196235824306,
    375.0751640136694,
    481.4950187723469,
    562.6767206394753,
    -91.8580607416059,
    479.8330778295973,
    538.469883655736,
    361.6402969962462,
    474.89487994105275,
    313.74966008017094,
    530.8753934631314,
    599.1180382541099,
    477.41080390903744,
    -244.56799308297582,
    403.6482041448862,
    349.65914643254064,
    250.56982115843965,
    624.7536402939586,
    554.0291244229409,
    559.9509923582284,
    298.437448671988,
    655.8287265277779,
    497.1059190694777,
    543.5808952896431,
    704.8352555654739,
    482.6718605156051,
    -315.85443105494824,
    563.3267813316564,
    691.6613758020887,
    561.9056958422182,
    724.9788752061568,
    620.9709377352938,
    726.7267737077723,
    576.0523589532955,
    697.2846855324053,
    743.4412605734469,
    856.6562770895442,
    711.1489956972315,
    723.46239860179,
    904.8168093161212,
    789.8633397068808,
    815.2647978502134,
    408.54124843331033,
    789.6843131436258,
    893.9703087216395,
    177.00798360727,
    859.1263671203377,
    409.54595646326413,
    890.8533744935384,
    777.1642181643397,
    -263.9630026998362,
    752.2435039270359,
    811.2505232541516,
    324.0816378399811,
    850.9190212528925,
    1026.2954193156859,
    692.1894606560642,
    931.4919598551078,
    709.8016537060596,
    921.0949192101718,
    696.5861007917034,
    859.7972034119852,
    633.680971703804,
    935.1940062489766,
    908.1578992886707,
    1025.6873509583352,
    223.3621535944192,
    1072.9097224382986,
    509.92749680871395,
    950.9093917604412,
    1118.8462498955637,
    940.2322579591257,
    882.0245901467734,
    516.1160443439805,
    189.69743267480396,
    965.010558329746,
    1049.535965847206,
    386.3548912183726,
    997.8035848881315,
    1080.2570362920446,
    1078.1753846813417,
    750.0399462044214,
    968.5836588781635,
    -233.27983291925418,
    1093.0520244126833,
    890.9962398732284,
    1128.1752497872837,
    1072.1621950379028,
    1251.7887082190616,
    1075.2994865219605,
    521.5452056485206,
    930.7034549006071,
    39.345242599995075,
    1145.0979282827284,
    1159.4121629556716,
    1178.7938093362657,
    199.08035310117646,
    1114.4041222287647,
    -185.48057875249413,
    -180.143877271331,
    1208.0400669633152,
    999.1616766225139,
