{
  "env": "HalfCheetah-v4",
  "agent": "Optimal_HCGAE_v2_NoGate",
  "seed": 0,
  "total_steps": 501760,
  "final_reward": 1886.7498356958833,
  "eval_rewards": [
    -626.1618067945437,
    -597.6566410372734,
    -462.746681422219,
    -468.11282301067865,
    -382.1313154830094,
    -304.7187395113716,
    -262.28100619682465,
    -71.39458938825547,
    49.16863212659373,
    185.8493570339079,
    184.97245639996436,
    211.73730267166002,
    492.6903063416254,
    305.7628903522428,
    326.4421033618593,
    589.6233288699295,
    396.4032575905832,
    649.4697133173247,
    613.3360768120787,
    491.59070890562435,
    596.2691275662925,
    860.2100656767241,
    1116.521973073101,
    1053.5564042662847,
    1111.6453052944903,
    1268.9941591936908,
    1263.8758413499006,
    1258.1357319505798,
    1209.605740640874,
    1144.9779712385102,
    1559.9989819367217,
    1137.6780889901304,
    1650.2051929539568,
    1667.3668471464164,
    1541.699001304669,
    1454.5543325368665,
    1658.2839957006304,
    1850.5101498699769,
    1872.4820576716752,
    1898.7894932635772,
    1613.9436581218583,
    1897.9229936933018,
    1850.6452115053103,
    1661.438519417664,
    1676.9961068400498,
    1878.2781791083344,
    1888.9502381693565,
    1970.3723730586025,
    2019.1522813030726
  ],
  "eval_steps": [
    10240,
    20480,
    30720,
    40960,
    51200,
    61440,
    71680,
    81920,
    92160,
    102400,
    112640,
    122880,
    133120,
    143360,
    153600,
    163840,
    174080,
    184320,
    194560,
    204800,
    215040,
    225280,
    235520,
    245760,
    256000,
    266240,
    276480,
    286720,
    296960,
    307200,
    317440,
    327680,
    337920,
    348160,
    358400,
    368640,
    378880,
    389120,
    399360,
    409600,
    419840,
    430080,
    440320,
    450560,
    460800,
    471040,
    481280,
    491520,
    501760
  ],
  "episode_rewards": [
    -685.3904957203363,
    -601.2630764282266,
    -614.1398180293793,
    -461.6802600072041,
    -674.0905937192646,
    -733.5279751282151,
    -714.0921439878196,
    -596.5843074505672,
    -661.979706870509,
    -720.7061675331587,
    -670.7829988538691,
    -546.283594851596,
    -654.0090277323594,
    -552.6376128488591,
    -582.1477307308922,
    -616.1463188629453,
    -641.9252956388336,
    -529.4408508731074,
    -494.1123742212823,
    -530.4060807264777,
    -535.4283569899192,
    -591.8299281586767,
    -463.6265055250077,
    -490.7358039883822,
    -588.429786858819,
    -499.6756928408059,
    -498.22022329753503,
    -549.9609035447993,
    -403.7834249814006,
    -510.8697990511775,
    -531.0569184203017,
    -526.6652980787062,
    -659.7875988384209,
    -325.1775891582367,
    -491.755410815239,
    -407.23484048679035,
    -383.76879053540006,
    -313.1687032191388,
    -429.14180615831594,
    -436.3648311451099,
    -537.156038846903,
    -488.54037735835925,
    -484.08178648248855,
    -500.9901730607236,
    -339.62783650774674,
    -364.9859494497093,
    -504.80683716711263,
    -407.11974455131843,
    -423.5974421568743,
    -515.3199081352619,
    -253.89214486878234,
    -498.79796523958885,
    -425.69772052024996,
    -250.9036812152832,
    -302.38340414450454,
    -309.4341440550762,
    -396.8962660752794,
    -356.5320604634648,
    -274.36891855576374,
    -341.64870016748245,
    -407.7880187525431,
    -510.4723444940139,
    -261.9397031257504,
    -289.4096549655451,
    -83.64180220914241,
    -333.5192019739393,
    -210.95055557309777,
    -376.32191838976524,
    -182.81629647035055,
    -166.5129952735736,
    -108.07709892562359,
    -108.01861462315766,
    -390.9282919205305,
    -224.39599491623417,
    -194.5887763997934,
    -22.628092671988245,
    -310.7233843493646,
    -91.90213588230937,
    -18.650678614010793,
    -96.59072992017744,
    -27.158358522070948,
    -46.68028212138694,
    -175.88839434045354,
    30.530095852231327,
    -70.24370385062134,
    -59.08495202687864,
    -57.159143536724265,
    48.445290739468966,
    -28.456304558426357,
    198.4045349840681,
    7.345377403338335,
    148.16758212523797,
    169.9522119213033,
    -421.0703916056626,
    134.58672694864964,
    11.859423998377178,
    78.28935869662659,
    160.6945979333872,
    241.0268373341527,
    -237.25792772925843,
    39.2778236845134,
    -38.03161953297618,
    130.74750482220773,
    29.787689970659166,
    436.3816964074081,
    242.8227219367162,
    160.6901742963829,
    126.20837119462404,
    132.8379171836349,
    294.21844959880036,
    410.9301576279282,
    495.56746638956605,
    232.79494460695324,
    340.71003947697284,
    429.1763635647816,
    181.3614866858734,
    281.76380726520546,
    387.23557648401385,
    424.9880955379916,
    161.74768304961725,
    448.90879598823665,
    300.07144074880966,
    364.8715834353676,
    368.24730143946147,
    505.2230416293464,
    -452.5405613118474,
    542.9738282136846,
    -223.831633863575,
    351.58899877240793,
    308.1753939017436,
    417.7480171930047,
    523.8461469424012,
    257.46700089118093,
    423.74217601695,
    377.33393094546346,
    567.5259574568445,
    417.42579803052433,
    525.9607390530049,
    571.3372646685563,
    525.7320738005333,
    654.0702900578096,
    420.8179860071767,
    453.67559697861964,
    459.4132808961007,
    448.6835059995392,
    659.3526438058161,
    -519.368033506938,
    612.0117577645358,
    -270.7005814317687,
    618.2639076189208,
    642.3025845679324,
    558.9125349726247,
    516.4262135757771,
    567.1138057003827,
    583.8896481934521,
    -235.8615392713641,
    1.5570342047660448,
    596.6348275233688,
    -181.5697986563241,
    488.5379754280775,
    521.6949332697677,
    586.3698617152672,
    -59.11036542785171,
    365.3090437108301,
    790.8443238188792,
    778.2597337833444,
    573.545944057009,
    771.1586318260523,
    -465.361661686449,
    754.3699041750743,
    -50.4194761083367,
    690.5665164234371,
    698.6620624929226,
    450.63872911558167,
    749.5049790836111,
    583.1848416756841,
    869.1431870528338,
    876.9069486017445,
    892.5110646483494,
    -333.8829927267347,
    826.3138800599036,
    828.5866685921355,
    757.8675210419142,
    849.3488845123687,
    803.1828381824076,
    -326.2574078634534,
    785.3704868641439,
    895.2942361697891,
    976.848469908113,
    891.9117441192392,
    891.1860240749982,
    790.5796927486638,
    828.7217445111636,
    259.87645672604015,
    344.5896965144444,
    37.938683270511376,
    296.6212963729974,
    812.4141437370465,
    787.2081349364045,
    923.4999490064577,
    -97.5884325046173,
    960.3562361222499,
    814.2170970667418,
    886.0736469190532,
    -663.5549779700746,
    908.7384712814826,
    1049.7723812566676,
    815.8332616890038,
    605.6673768001879,
    1036.6198867796636,
    955.0501882119587,
    1226.4965112109235,
    1001.2068552170958,
    1067.7358209761874,
    953.2851275404669,
    1125.6273705065084,
    914.5663371903138,
    1077.7072047682134,
    1149.6602037070088,
    777.0318272706497,
    745.9744488972772,
    1095.0819831245528,
    1172.0257431772357,
    1159.0669109606722,
    1219.3716306486754,
    307.39962434105354,
    946.9042626977007,
    1079.388043589408,
    481.6074234985307,
    1081.1519065953569,
    1077.6346678366815,
    921.5401228564958,
    1009.5485808015228,
    1088.3390751580664,
    1109.934485544256,
    1112.879475343067,
    1107.3506459622186,
    1086.0854533609313,
    826.1825472349204,
    951.0194860590302,
    -397.63738025121324,
    1142.210798520587,
    963.4988462651411,
    -923.665103640876,
    1063.0592782670237,
    1214.398221742087,
    1135.698691932756,
    1229.3551808272505,
    1148.9143990086802,
    1084.2184966055277,
    1276.5561159891854,
    1132.3393119632838,
    1105.8211255806095,
    1123.0830054503745,
    1241.2001031698371,
