{
  "env": "HalfCheetah-v4",
  "agent": "Optimal_HCGAE_v2_NoGate",
  "seed": 2,
  "total_steps": 501760,
  "final_reward": 1271.7559138171014,
  "eval_rewards": [
    -619.9874781824377,
    -593.9447423832452,
    -492.3011448239619,
    -413.9109623721558,
    -357.27938904337645,
    -331.1948638978248,
    -254.41473996238966,
    -209.08419724025742,
    -173.75994862476665,
    -96.10567314996392,
    -65.56365392162505,
    40.34721864238596,
    40.3968149968046,
    80.06267838607864,
    164.54520992277435,
    256.0655752576571,
    410.9434269480107,
    435.0933222598008,
    514.6773932109079,
    570.2785626814167,
    644.9171508118575,
    723.5731354130712,
    730.6190117838993,
    774.4440560262158,
    824.9036207698025,
    858.2624750366942,
    905.251510028807,
    919.4854277849802,
    968.132307234694,
    1028.4656145472675,
    1055.7874482347406,
    1089.3791205796974,
    1110.6641061181388,
    1151.4237706755325,
    1132.1918017956523,
    1154.8014688674239,
    1199.2514046503973,
    1168.0418342929438,
    1197.6674602974804,
    1215.2676850753546,
    1238.5449787619048,
    1243.750859314751,
    1263.1763533969552,
    1256.7085088586703,
    1275.894298857841,
    1262.4036971825262,
    1271.1075734535113,
    1282.1714695939568,
    1267.2025299976713
  ],
  "eval_steps": [
    10240,
    20480,
    30720,
    40960,
    51200,
    61440,
    71680,
    81920,
    92160,
    102400,
    112640,
    122880,
    133120,
    143360,
    153600,
    163840,
    174080,
    184320,
    194560,
    204800,
    215040,
    225280,
    235520,
    245760,
    256000,
    266240,
    276480,
    286720,
    296960,
    307200,
    317440,
    327680,
    337920,
    348160,
    358400,
    368640,
    378880,
    389120,
    399360,
    409600,
    419840,
    430080,
    440320,
    450560,
    460800,
    471040,
    481280,
    491520,
    501760
  ],
  "episode_rewards": [
    -666.6439625446745,
    -708.6556213341916,
    -557.378537684891,
    -814.4997314648971,
    -691.3034104385399,
    -740.362037610058,
    -612.4663196353321,
    -650.5211281267945,
    -591.7561595290024,
    -624.9837438735657,
    -668.354982736304,
    -579.8357966666756,
    -638.58009628494,
    -690.4849017885828,
    -457.35195614244685,
    -655.8252638166921,
    -572.9741793867884,
    -588.9006190447315,
    -478.63185968699224,
    -594.7370258952524,
    -560.577025976187,
    -560.2263174285608,
    -576.958728976607,
    -543.9694677562516,
    -414.4610470598036,
    -520.0881749571444,
    -469.51993500514857,
    -455.03407753553927,
    -560.3942479876109,
    -467.1540518329191,
    -418.89206679674396,
    -477.6806539741614,
    -516.8478745038307,
    -402.63230777038837,
    -493.8388988624606,
    -404.79515803005967,
    -333.12213359113065,
    -398.4481631267018,
    -444.1288714065695,
    -473.4451496369685,
    -424.51469136343997,
    -452.1955705320315,
    -448.0832403556464,
    -320.7693132247279,
    -402.0465509607117,
    -425.7198642595595,
    -318.6934466893244,
    -333.109193309078,
    -356.1332754383543,
    -364.54924667483,
    -421.78234059494844,
    -448.90338159235023,
    -360.8734675179415,
    -436.7318801403879,
    -322.7485766447759,
    -304.9249380962469,
    -348.7722970970344,
    -332.34624898328417,
    -374.61918003583384,
    -287.7588243910846,
    -307.0564676349538,
    -296.04708887426824,
    -315.90626937105833,
    -286.6358849927846,
    -380.3067324418591,
    -246.15272796776208,
    -234.69755931615032,
    -292.5277079122054,
    -258.4792637328712,
    -349.50216400789833,
    -221.0198985247382,
    -414.47095611268884,
    -243.66995460332694,
    -227.55271537487832,
    -256.81816096501274,
    -232.14895800368595,
    -214.97362510661532,
    -207.8317434419862,
    -213.33089959266056,
    -178.1152744368792,
    -110.6634869485147,
    -215.94962797088547,
    -170.44695021126046,
    -194.0556734736079,
    -203.63661201228257,
    -169.68680560254703,
    -232.2835066023653,
    -79.3788986847834,
    -175.59859733729186,
    -262.45135975584174,
    -118.76466827238907,
    -194.08658147395985,
    -119.67583393023865,
    -152.13783715786997,
    -107.05091577402928,
    -163.60851253987065,
    -124.43657648576956,
    -132.04185208765497,
    -182.81593808735144,
    -159.86901504414905,
    -98.25229346087886,
    -25.665368210017544,
    -24.430838530767854,
    -85.96632384563311,
    -99.25262810855686,
    -51.64685906574504,
    -27.123721651418442,
    -159.12145877362792,
    -47.735086877552185,
    -42.665684362194725,
    -14.580509568658949,
    -20.660184130322676,
    -30.727999542770203,
    -52.46143050677221,
    22.039303748797604,
    42.15080582594293,
    -69.69846647220955,
    -16.447776180390612,
    14.934408100527985,
    63.15234011094757,
    41.29507476473548,
    129.46406402562522,
    -30.91539979277835,
    20.300002948255766,
    73.68129975929327,
    -24.76470411106993,
    50.33743818035477,
    70.19200696907389,
    21.386393050207104,
    52.00934114896482,
    65.28707690277042,
    22.559776314769405,
    25.085851862276836,
    110.06453738133551,
    101.29673607056756,
    109.88865179171275,
    -74.16460265013691,
    -16.716513245494653,
    76.56793521662229,
    53.69033983007703,
    104.76614362261931,
    90.16404861865668,
    148.50619522340565,
    79.69523883640538,
    134.64501346864256,
    175.1679178315586,
    206.6570953898192,
    186.23379450809554,
    256.39352123444195,
    181.17193350208825,
    160.8602087077135,
    251.5036564459353,
    200.8693956765577,
    130.79752863558238,
    75.40051892589979,
    275.22727990999067,
    112.0329847507331,
    288.8497216813363,
    247.2544675309895,
    237.01953338668085,
    209.8712522027505,
    294.4164389113454,
    360.4870152938848,
    347.5016879321422,
    298.61980679367764,
    204.72800736457054,
    136.637460870764,
    293.024936654407,
    361.79528513330695,
    371.8091235339253,
    400.6437651182076,
    259.27893289932746,
    426.06847908917075,
    371.05373842320796,
    410.90648421748864,
    393.6608786274788,
    425.448837996288,
    354.44975278743493,
    382.7694952137629,
    496.7890147233884,
    445.21875963439874,
    503.85995368934385,
    455.1715153212174,
    395.54932377065717,
    477.7563274217975,
    321.1643108173457,
    444.28053846164306,
    522.103161901255,
    498.9559752377089,
    533.0236762830875,
    534.0951346839241,
    463.82150783120846,
    568.9257009523304,
    417.28886178555166,
    525.8720450417501,
    467.9172208414004,
    570.1413700119845,
    520.4749105495791,
    342.16040876911427,
    466.45025283133066,
    580.8430597368312,
    596.2203301816821,
    612.7876000920993,
    524.7313035155189,
    548.6136546210357,
    645.5496826498771,
    584.8633716869731,
    599.0522794956362,
    503.11260151354514,
    647.924183012806,
    653.0151011517981,
    599.8817484929758,
    670.3286825552777,
    681.032151458268,
    616.1453605959437,
    725.1293635826237,
    591.5984057248726,
    630.8142555952188,
    687.5704974597853,
    630.1121665740437,
    668.4536083719346,
    755.6641602682785,
    704.6799387844073,
    758.5462842104347,
    747.1331482560819,
    748.3040827483633,
    671.2661823143308,
    738.0115945099928,
    771.1596608337345,
    710.6562767616391,
    703.9899910570338,
    672.447532164459,
    717.5475071189335,
    752.5598218893914,
    857.7653894296922,
    785.6225687907831,
    754.0854436998542,
    835.2890917205157,
    735.1748383724043,
    838.1900671478717,
    765.5164144370565,
    829.7009095895314,
    871.5919111553902,
    862.5627172330891,
    854.3097981549726,
    883.7571360022981,
    834.2417013130178,
    770.8981108393095,
    773.9098039907351,
    877.7673364348233,
    816.4338356778478,
    686.1278553202865,
    830.3927468686254,
    815.4401225829728,
