{
  "env": "HalfCheetah-v4",
  "agent": "Optimal_PPO",
  "seed": 0,
  "total_steps": 501760,
  "final_reward": 1400.8904466595152,
  "eval_rewards": [
    -583.3632513062496,
    -485.6535132606192,
    -393.22331666246134,
    -319.9571907394722,
    -262.88645793087403,
    -215.6385347549961,
    -141.4984857520373,
    -31.596504275594686,
    112.59946863968844,
    276.6110414342467,
    369.4766450543269,
    470.0101072418668,
    591.3925438507015,
    703.4763071693394,
    753.9705568994132,
    788.0606168557518,
    865.5742025821313,
    932.5644965849029,
    964.6833981118571,
    1036.125817784346,
    1044.3684575510044,
    1086.6879215902204,
    1079.4413740532796,
    1150.6139598016425,
    1170.759158595505,
    1188.8817554429484,
    1213.0526147520336,
    1200.862830088996,
    1247.8570307471148,
    1216.607698556804,
    1261.983918351219,
    1251.0933582013981,
    1290.7170679338928,
    1297.780919406638,
    1315.8326970778173,
    1305.2817691432501,
    1337.0630976631378,
    1325.6177973838144,
    1342.825058364098,
    1346.8522155533926,
    1363.5110668744767,
    1376.485907698672,
    1408.0787944973824,
    1380.5856262356667,
    1399.8732796930221,
    1408.8434473198363,
    1393.7198427266019,
    1390.6374064081879,
    1411.3782571499264
  ],
  "eval_steps": [
    10240,
    20480,
    30720,
    40960,
    51200,
    61440,
    71680,
    81920,
    92160,
    102400,
    112640,
    122880,
    133120,
    143360,
    153600,
    163840,
    174080,
    184320,
    194560,
    204800,
    215040,
    225280,
    235520,
    245760,
    256000,
    266240,
    276480,
    286720,
    296960,
    307200,
    317440,
    327680,
    337920,
    348160,
    358400,
    368640,
    378880,
    389120,
    399360,
    409600,
    419840,
    430080,
    440320,
    450560,
    460800,
    471040,
    481280,
    491520,
    501760
  ],
  "episode_rewards": [
    -685.3904957203363,
    -601.2630764282266,
    -614.9386203616629,
    -616.9197703228024,
    -645.9290097745105,
    -489.40240365779476,
    -585.5571371010541,
    -580.8243628814859,
    -647.2011042007755,
    -550.5408414483519,
    -590.2007274250913,
    -711.6433308893328,
    -531.8091461743837,
    -449.7286549243499,
    -649.9115359224458,
    -528.3805261123472,
    -555.8686175956944,
    -536.2182884305491,
    -597.2134413030764,
    -531.0261061130257,
    -447.11443620350275,
    -443.3081827461777,
    -444.06156161921,
    -464.8255645644269,
    -467.5091481212706,
    -467.95057202111724,
    -405.75197283233996,
    -463.65615572922275,
    -422.22488711209303,
    -414.9217088686542,
    -393.1823981783907,
    -316.9210382107719,
    -372.4819221180186,
    -374.93827247871474,
    -309.37987725991826,
    -360.3506501914608,
    -357.5891442445037,
    -319.1368669499612,
    -330.28799918881924,
    -282.37794671737134,
    -332.6533115169613,
    -345.4021926284913,
    -472.934214608209,
    -383.076718320627,
    -310.170251265044,
    -244.8421786393652,
    -379.7323127948789,
    -282.7441905599601,
    -300.77411364628944,
    -268.8590290758645,
    -209.52492025250817,
    -271.51547342400306,
    -340.11254610485724,
    -228.31994743922002,
    -260.61378972658156,
    -413.71445975346535,
    -241.73169581905626,
    -313.35524502978,
    -139.1652451256395,
    -136.22915008922408,
    -200.50825310995913,
    -219.01313334225534,
    -219.50328024788817,
    -215.1338666970531,
    -213.02088207539535,
    -129.17873561171288,
    -237.30518215270206,
    -295.97534196362045,
    -145.55001783894645,
    -102.39028688385847,
    -88.7130648646646,
    -131.70558651220202,
    -77.77630943382593,
    -178.57434366810193,
    -48.338688585071644,
    -55.50406167999393,
    -90.62269818095899,
    -97.55158321684925,
    -56.21288289110478,
    53.76025474601425,
    0.9427496674858917,
    -17.42129955240551,
    13.19572806986175,
    58.83912463987324,
    -70.05659981105504,
    25.412883337106226,
    177.42754307436294,
    1.8243038546867674,
    89.04805164130954,
    69.2311353996097,
    -221.50164212371504,
    228.2151448329447,
    236.9629037732373,
    -16.980852722087622,
    122.44528458449942,
    164.99561938207108,
    229.9057582138373,
    228.17309654145652,
    293.4939099976903,
    260.16831603429335,
    287.08406289963614,
    265.24213301376716,
    227.12826508480083,
    275.25786799375885,
    258.3186139300121,
    189.5056573391753,
    350.692822399103,
    380.7835096709979,
    347.2232666295438,
    338.3720744560222,
    325.3320232839924,
    441.4380512992793,
    387.0811835080607,
    471.13244772243087,
    393.376790834895,
    478.3695247256452,
    494.4882778339718,
    452.11333996749,
    436.6436984675597,
    454.0940289588462,
    365.02901832876637,
    555.0683104252922,
    529.0324094417269,
    575.530991755921,
    614.0151002427762,
    546.2471271533988,
    572.2886738810514,
    524.1959281529881,
    600.9756333601351,
    561.265592012573,
    501.53248396908117,
    602.7988780876026,
    637.4323463018889,
    611.9978354086221,
    716.8151495667031,
    649.4832496479861,
    587.4670854157728,
    589.94223038837,
    547.4458439641304,
    674.2691149417967,
    663.3554453335097,
    651.9547494458074,
    657.6063810684516,
    673.0796774324205,
    718.587003842405,
    798.7390958225058,
    715.2066697427541,
    767.1370424776657,
    792.5672135494628,
    771.1435939714064,
    718.0799976530824,
    659.9052535477043,
    772.0403700409722,
    827.4135019126807,
    753.4722703296733,
    798.7603928711715,
    705.6951396661855,
    835.4381923513342,
    814.9062958379915,
    778.0842374692389,
    822.300881865624,
    833.0369446163763,
    807.3868194034659,
    808.3773350064686,
    838.8853748403426,
    801.0239588999748,
    815.6197782079381,
    865.3148545823857,
    850.7627236210226,
    891.0208262675715,
    761.2715632916825,
    760.6949444680187,
    866.0680839273065,
    882.585414891784,
    766.337609913719,
    832.6501714616849,
    900.2121076769391,
    878.0685064348281,
    769.3178849066405,
    881.1152780797061,
    937.9725915119798,
    892.8067605087665,
    952.8840225241086,
    832.6864042096673,
    909.387552355666,
    935.4770357013947,
    902.4581242986918,
    940.9041280990218,
    980.8576492502922,
    996.5985271492069,
    968.7322574003033,
    974.5327640555173,
    938.0399656398937,
    979.9699359364022,
    957.5076301758365,
    960.8452511718535,
    1000.2474680499585,
    1017.8594299941235,
    988.8266901394122,
    1008.5035423676235,
    966.0403047486659,
    1063.1296784157228,
    1003.3522351964111,
    1028.4562853982238,
    1087.6043354605201,
    988.70071829105,
    1002.1375543549212,
    996.6873569427929,
    1071.83346747945,
    955.4785423718281,
    1050.7979126805665,
    1036.654124966691,
    1036.09028098771,
    1052.1106624242857,
    1053.6975833691693,
    996.3802982385992,
    1033.899924124489,
    1013.812969919199,
    1081.6292610988144,
    1020.2617920992158,
    1058.8057897487138,
    1072.903331285065,
    1081.5307412628592,
    1085.9279566973355,
    1077.3665063277397,
    1106.9842708759147,
    1081.322643459071,
    1057.080395677786,
    1139.4085335478715,
    1121.9488327277668,
    1107.6278938393564,
    1100.5282655126516,
    1079.401716526462,
    1120.120563516486,
    1069.314331472331,
    1096.0003489493595,
    1129.4398401308204,
    1083.9595761905234,
    1131.494432586481,
    1172.9323973352812,
    1104.7993708644688,
    1096.3656453474118,
    1044.7690778667707,
    1121.9060864197336,
    1188.4920959035762,
    1141.2094835174944,
    1170.4509729623662,
    1177.068606748027,
    1178.231923794184,
    1139.9891773790382,
    1181.2707406353884,
    1155.8202895065774,
    1211.5515624830068,
    1212.1484982938491,
    1185.8179183892105,
    1214.6591185844486,
    1255.539623448828,
