{
  "seed": 456,
  "final_mean_reward": 2924.9020696247153,
  "best_reward": 3087.8514857122004,
  "eval_rewards": [
    [
      10240,
      212.78829748733398
    ],
    [
      20480,
      326.19284753612067
    ],
    [
      30720,
      327.5869921316686
    ],
    [
      40960,
      340.078084145904
    ],
    [
      51200,
      459.9201417588403
    ],
    [
      61440,
      512.7907262872601
    ],
    [
      71680,
      1627.234789203003
    ],
    [
      81920,
      2260.760154346829
    ],
    [
      92160,
      2102.331665618976
    ],
    [
      102400,
      2311.227983507156
    ],
    [
      112640,
      1813.8121627304142
    ],
    [
      122880,
      3003.739997111884
    ],
    [
      133120,
      2752.0644595155595
    ],
    [
      143360,
      2824.684056520315
    ],
    [
      153600,
      2574.7377777128086
    ],
    [
      163840,
      2906.6394363551335
    ],
    [
      174080,
      2984.0484980994506
    ],
    [
      184320,
      3071.233150243983
    ],
    [
      194560,
      3087.8514857122004
    ]
  ],
  "ev_history": [
    [
      161792,
      0.9956993522596256
    ],
    [
      163840,
      0.9943358898901195
    ],
    [
      165888,
      0.9957861254048822
    ],
    [
      167936,
      0.9785300127865295
    ],
    [
      169984,
      0.9818314605006114
    ],
    [
      172032,
      0.9941975242184122
    ],
    [
      174080,
      0.9770358564513011
    ],
    [
      176128,
      0.9945579869629942
    ],
    [
      178176,
      0.9956203941945126
    ],
    [
      180224,
      0.9794265212358249
    ],
    [
      182272,
      0.9930245939482307
    ],
    [
      184320,
      0.9960408734172737
    ],
    [
      186368,
      0.9918362831679591
    ],
    [
      188416,
      0.9909754483630743
    ],
    [
      190464,
      0.9942471004863777
    ],
    [
      192512,
      0.9751661659101196
    ],
    [
      194560,
      0.9722553555810581
    ],
    [
      196608,
      0.7729187036087362
    ],
    [
      198656,
      0.9657225035960985
    ],
    [
      200704,
      0.9912109146136803
    ]
  ],
  "scr_history": [
    [
      161792,
      0.11573040698917784
    ],
    [
      163840,
      0.13273681906402962
    ],
    [
      165888,
      0.1162272036940405
    ],
    [
      167936,
      0.20144237308483007
    ],
    [
      169984,
      0.23278246032895913
    ],
    [
      172032,
      0.11962313078342973
    ],
    [
      174080,
      0.33846492469612965
    ],
    [
      176128,
      0.11798694352429316
    ],
    [
      178176,
      0.12911419360589058
    ],
    [
      180224,
      0.20859616896954314
    ],
    [
      182272,
      0.14699620068244754
    ],
    [
      184320,
      0.10909933474109836
    ],
    [
      186368,
      0.21995889288572315
    ],
    [
      188416,
      0.14839458745295236
    ],
    [
      190464,
      0.12172284698514967
    ],
    [
      192512,
      0.18710635057292857
    ],
    [
      194560,
      0.21822536223917297
    ],
    [
      196608,
      0.47022946002539134
    ],
    [
      198656,
      0.21372060694093875
    ],
    [
      200704,
      0.1761577716345877
    ]
  ],
  "snr_weight_history": [
    [
      161792,
      1.0
    ],
    [
      163840,
      1.0
    ],
    [
      165888,
      1.0
    ],
    [
      167936,
      1.0
    ],
    [
      169984,
      1.0
    ],
    [
      172032,
      1.0
    ],
    [
      174080,
      1.0
    ],
    [
      176128,
      1.0
    ],
    [
      178176,
      1.0
    ],
    [
      180224,
      1.0
    ],
    [
      182272,
      1.0
    ],
    [
      184320,
      1.0
    ],
    [
      186368,
      1.0
    ],
    [
      188416,
      1.0
    ],
    [
      190464,
      1.0
    ],
    [
      192512,
      1.0
    ],
    [
      194560,
      1.0
    ],
    [
      196608,
      1.0
    ],
    [
      198656,
      1.0
    ],
    [
      200704,
      1.0
    ]
  ],
  "snr_ratio_history": [
    [
      161792,
      0.0
    ],
    [
      163840,
      0.0
    ],
    [
      165888,
      0.0
    ],
    [
      167936,
      0.0
    ],
    [
      169984,
      0.0
    ],
    [
      172032,
      0.0
    ],
    [
      174080,
      0.0
    ],
    [
      176128,
      0.0
    ],
    [
      178176,
      0.0
    ],
    [
      180224,
      0.0
    ],
    [
      182272,
      0.0
    ],
    [
      184320,
      0.0
    ],
    [
      186368,
      0.0
    ],
    [
      188416,
      0.0
    ],
    [
      190464,
      0.0
    ],
    [
      192512,
      0.0
    ],
    [
      194560,
      0.0
    ],
    [
      196608,
      0.0
    ],
    [
      198656,
      0.0
    ],
    [
      200704,
      0.0
    ]
  ],
  "ev_early": [
    0.002883249637873564,
    0.1628217147901353,
    0.17236905180802564,
    0.1325620905238275,
    0.15586940467988575,
    0.22172662062476034,
    0.3458754055850145,
    0.5381007861224478,
    0.7383954684789993,
    0.6807160386893887
  ],
  "ev_late": [
    0.9930245939482307,
    0.9960408734172737,
    0.9918362831679591,
    0.9909754483630743,
    0.9942471004863777,
    0.9751661659101196,
    0.9722553555810581,
    0.7729187036087362,
    0.9657225035960985,
    0.9912109146136803
  ],
  "elapsed_s": 64.02017378807068
}