{
  "env": "Hopper-v4",
  "agent": "HCGAE_Optimal_GRPO",
  "seed": 5,
  "config": {
    "hidden_dim": 256,
    "lr": 0.0003,
    "gamma": 0.99,
    "lam": 0.95,
    "eps_clip": 0.2,
    "n_epochs": 10,
    "batch_size": 64,
    "n_steps": 2048,
    "ent_coef": 0.0,
    "vf_coef": 0.5,
    "max_grad_norm": 0.5,
    "use_obs_norm": true,
    "use_adv_norm": true,
    "use_lr_anneal": true,
    "use_vclip": false,
    "device": "cpu",
    "total_timesteps": 1000000,
    "eval_freq": 20480,
    "n_eval_episodes": 10,
    "eval_mode": "deterministic_mean"
  },
  "total_steps": 1001472,
  "elapsed_s": 1002.9516887664795,
  "final_reward": 3054.339675418086,
  "peak_reward": 3054.339675418086,
  "max_reward": 3647.0789566252897,
  "eval_rewards": [
    81.44113258760657,
    315.9158935698595,
    420.97541876273215,
    687.5951815988981,
    886.6695346575401,
    957.3740974254855,
    1069.3647436096164,
    857.5003699390357,
    999.3797216013334,
    1210.4076646130288,
    871.3673791468394,
    1130.7948150610378,
    1172.4872143160087,
    2408.220770694438,
    1029.5714637471724,
    3400.4628413304367,
    3281.745786213466,
    3461.2157932931163,
    1788.625922681434,
    2071.1255487385506,
    3494.8732198564735,
    3502.702582433542,
    3547.8229530065087,
    3333.0891357448527,
    3599.5036565463465,
    3598.292043969474,
    3568.9597154293815,
    3404.125791809387,
    3559.1174323367013,
    3620.7033869237143,
    3589.4344826315746,
    3153.586220617373,
    3205.033180830146,
    2950.3412959893494,
    3093.077415474389,
    3617.601680830846,
    2649.1934962937835,
    3619.3695339065425,
    3607.845640054888,
    3627.340218484596,
    3200.743238574597,
    3625.563104636977,
    3635.674915925857,
    1149.2696552224984,
    3647.0789566252897,
    3633.702838743114,
    3636.805936094044,
    3264.3876666628585,
    1122.8302232110307
  ],
  "eval_steps": [
    2048,
    22528,
    43008,
    63488,
    83968,
    104448,
    124928,
    145408,
    165888,
    186368,
    206848,
    227328,
    247808,
    268288,
    288768,
    309248,
    329728,
    350208,
    370688,
    391168,
    411648,
    432128,
    452608,
    473088,
    493568,
    514048,
    534528,
    555008,
    575488,
    595968,
    616448,
    636928,
    657408,
    677888,
    698368,
    718848,
    739328,
    759808,
    780288,
    800768,
    821248,
    841728,
    862208,
    882688,
    903168,
    923648,
    944128,
    964608,
    985088
  ],
  "episode_rewards": [
    3582.5791829905515,
    971.4875396228259,
    979.5942298506841,
    2042.157737762132,
    1684.725558539297,
    1428.0748638022749,
    3651.8925888619237,
    3673.056512449747,
    3574.2654007073966,
    910.5702210239342,
    2495.5897723584767,
    1865.2674401763177,
    2997.2957620543234,
    1589.3095156397885,
    3073.367601180864,
    1029.6847925954276,
    1001.9161542514502,
    2070.9759260499122,
    1462.194012407646,
    2481.828378896798,
    3536.400870966612,
    1700.1391448032455,
    3613.8958401604364,
    967.6370039783338,
    2710.9248340719596,
    2377.772337643208,
    2318.452999283465,
    1168.8354809199534,
    3647.375840497241,
    3650.5570988308045,
    1049.6809381684152,
    3684.051005465971,
    1142.1067318379623,
    867.7928279653106,
    1291.3345919632613,
    3605.601170425622,
    845.1752342389132,
    1326.7983615785658,
    2684.4049216607946,
    3661.1775259055626,
    2699.954404991045,
    2198.4524624476862,
    1461.567493723968,
    1759.5821824477555,
    3580.434413919981,
    2636.4094247998405,
    971.5528358682408,
    1648.6281345964126,
    3302.939521622654,
    2288.516005902117,
    1056.1923676335264,
    3666.108445116018,
    1541.2857199377345,
    965.5841395785834,
    2880.725014621414,
    855.5995356066204,
    3649.5571722742457,
    2413.618010360016,
    3652.1414061786695,
    1548.4149287192563,
    3533.7309743930714,
    1318.565803864895,
    787.1345302970318,
    2851.770999261885,
    1302.984922109266,
    2131.432456772207,
    769.9753786251698,
    2128.255304417253,
    3600.799310642695,
    2210.8868847366757,
    2114.003890396596,
    1712.2187533465997,
    2923.2920580822624,
    1644.7574735344815,
    2083.1559730106933,
    1613.909305725606,
    1060.9243417244722,
    2051.4899151702143,
    1676.279411037643,
    1925.146049896121,
    2485.472689126307,
    1415.8542029202333,
    1054.8087408359236,
    3581.872426038313,
    3634.9674947654103,
    2101.3813708121115,
    1714.371141472992,
    3597.0081316576025,
    2725.8308127554747,
    3480.546106346301,
    3564.4743624324997,
    2836.9248316437543,
    3657.4748589494634,
    3565.4741798891278,
    1166.3752531031641,
    2573.143619073744,
    3610.1300148128175,
    1917.2506276998806,
    2953.126743645914,
    1299.3178449247496,
    2671.757366490666,
    3604.660504802478,
    1076.6045001025589,
    2257.35018823903,
    1992.9521144533448,
    1309.173757428178,
    1812.3038351033597,
    2502.488196596388,
    3259.0220866127775,
    1889.386764126546,
    1739.7077550324086,
    3590.6586614818398,
    2210.152108748673,
    1069.8559099152765,
    1752.6060546913307,
    1634.4906599750263,
    920.1764043798117,
    2038.7483530164182,
    1969.7682185132248,
    960.4866872649907,
    1001.8148453228297,
    1516.8824805136458,
    1974.464132544496,
    2532.8271159320416,
    1092.4015439238572,
    3724.4398983608103,
    2420.6038505465635,
    1066.2822775892319,
    1065.7576512171763,
    684.9457245429551,
    919.3311898482626,
    646.6189212165915,
    3680.6560345852113,
    2077.920491253845,
    3876.5600460003784,
    2053.6934418513324,
    1784.4732372568762,
    1961.4725611481838,
    1020.1376673510796,
    922.7752548766134,
    1038.343473426199,
    2428.2650440140487,
    1436.2804017302844,
    1098.0746842204846,
    3427.542122716969,
    2058.201856560526,
    994.1739984132582,
    1085.2665564909,
    1023.3760022776149,
    1004.5216530051882,
    1170.8758141664398,
    3021.18182684791,
    1317.5958672061233,
    2418.1303896463487,
    725.0288839256167,
    994.3051782569347,
    3719.1826441855196,
    1017.4064692162757,
    1417.4914920749607,
    729.514889970422,
    2370.6838625040727,
    1036.9871806635965,
    1146.5822544928683,
    1090.631552679466,
    890.6325311875183,
    1425.071155135406,
    1019.6848317285092,
    3563.920845718569,
    3087.0254475754,
    1084.7015674573217,
    1696.2885722239375,
    1353.3240510983685,
    3141.556340282118,
    725.403242410601,
    870.0196541447813,
    3609.1402929255964,
    2950.0408071149564,
    2649.175220903814,
    2995.177936222318,
    2334.1904842834756,
    969.2001327546801,
    1587.9745342143215,
    884.7209817876432,
    818.3541066553178,
    948.8384151957168,
    1192.7440156190507,
    818.1834737422707,
    2171.6476500213375,
    1122.9969122668635,
    2506.4468402713264,
    1033.90721424027,
    924.9168427632494,
    1009.395968868413,
    2014.8877479219068,
    1658.4635762146431,
    3182.902774618048,
    1396.5065754182713,
    1007.5939510759799,
    1235.217196836201,
    1057.6108552068724
  ],
  "diagnostics": [
    {
      "step": 2048,
      "ev_ema": 0.00043554445281618337,
      "g_std_ema": 2.3697180451169126
    },
    {
      "step": 22528,
      "ev_ema": 0.36971737579526603,
      "g_std_ema": 18.424789099069574
    },
    {
      "step": 43008,
      "ev_ema": 0.7485034166898034,
      "g_std_ema": 19.435442650713767
    },
    {
      "step": 63488,
      "ev_ema": 0.8258821196577105,
      "g_std_ema": 26.13124299495743
    },
    {
      "step": 83968,
      "ev_ema": 0.9008862967254947,
      "g_std_ema": 24.182060618613104
    },
    {
      "step": 104448,
      "ev_ema": 0.9273287264779126,
      "g_std_ema": 21.385167736973887
    },
    {
      "step": 124928,
      "ev_ema": 0.9346540838780402,