{
  "env": "Hopper-v4",
  "agent": "HCGAE_Optimal_GRPO",
  "seed": 9,
  "config": {
    "hidden_dim": 256,
    "lr": 0.0003,
    "gamma": 0.99,
    "lam": 0.95,
    "eps_clip": 0.2,
    "n_epochs": 10,
    "batch_size": 64,
    "n_steps": 2048,
    "ent_coef": 0.0,
    "vf_coef": 0.5,
    "max_grad_norm": 0.5,
    "use_obs_norm": true,
    "use_adv_norm": true,
    "use_lr_anneal": true,
    "use_vclip": false,
    "device": "cpu",
    "total_timesteps": 1000000,
    "eval_freq": 20480,
    "n_eval_episodes": 10,
    "eval_mode": "deterministic_mean"
  },
  "total_steps": 1001472,
  "elapsed_s": 990.1621208190918,
  "final_reward": 3570.9764442797546,
  "peak_reward": 3570.9764442797546,
  "max_reward": 3662.4956210591417,
  "eval_rewards": [
    78.88450000347164,
    361.49337471260696,
    460.51868127183013,
    686.5866775631425,
    919.2339600968932,
    780.194283969987,
    685.1308474962556,
    963.3413293101112,
    1088.684316160054,
    1163.082375242484,
    1339.1087234958866,
    1974.0602767074881,
    3340.376642005932,
    3304.1027352250735,
    3396.2821557542775,
    3010.083368514637,
    1618.9716130292547,
    2069.6610995040637,
    2766.1875671047756,
    3413.7228726628227,
    3374.3657037825565,
    3411.985257810411,
    3399.5273151342735,
    3413.754164252144,
    3492.4112465049134,
    2215.09633667913,
    3511.896048469018,
    3462.635755340228,
    3487.2031282781136,
    3493.886244592216,
    2472.6167672327997,
    3542.2770637185276,
    3570.833608565419,
    3582.6794854728128,
    3587.331211173738,
    2761.324865918351,
    2378.0824857332204,
    3598.975175100316,
    3615.775510189903,
    3573.367253534541,
    3505.227674195471,
    3644.4112792085457,
    3615.401253828528,
    3101.832075631227,
    3660.9164740222127,
    3662.4956210591417,
    3655.0058681797586,
    3648.4743769345196,
    3642.632566203601
  ],
  "eval_steps": [
    2048,
    22528,
    43008,
    63488,
    83968,
    104448,
    124928,
    145408,
    165888,
    186368,
    206848,
    227328,
    247808,
    268288,
    288768,
    309248,
    329728,
    350208,
    370688,
    391168,
    411648,
    432128,
    452608,
    473088,
    493568,
    514048,
    534528,
    555008,
    575488,
    595968,
    616448,
    636928,
    657408,
    677888,
    698368,
    718848,
    739328,
    759808,
    780288,
    800768,
    821248,
    841728,
    862208,
    882688,
    903168,
    923648,
    944128,
    964608,
    985088
  ],
  "episode_rewards": [
    2777.6967261992377,
    1073.8453005076985,
    2239.511468862459,
    3682.297240380432,
    2234.8278336856633,
    40.51550549079437,
    1585.0102157082824,
    3680.1763371071443,
    2065.974963791806,
    1596.3426757104864,
    1292.2033536273416,
    3022.0717322501864,
    1381.987445157224,
    3295.800698498252,
    1512.5521106334527,
    1237.6253890426358,
    1395.1847479982637,
    1697.8391684775581,
    1402.482365723008,
    3027.384132424506,
    1609.8818875693753,
    2371.8188109354974,
    1425.4895142063076,
    2594.9851436893505,
    3637.253267783893,
    1023.5212673159217,
    1177.6480971453423,
    1494.7893110647049,
    1855.4272195282601,
    3630.489449805939,
    2649.5407425783874,
    3731.0881475206597,
    2479.4484203671254,
    2181.439672119217,
    3653.750287636648,
    3165.4988902184514,
    3802.6832626153114,
    1249.4188280972592,
    3623.8797493099146,
    1895.3285982474856,
    3170.9145243173966,
    3738.8912421103364,
    858.6896247506896,
    1970.1514875876858,
    1533.1326237666826,
    1650.5657389009602,
    3764.9214543013572,
    1397.7510100452278,
    1546.1760564497645,
    2226.7423423620003,
    1624.2139953301341,
    3667.4984139331327,
    3688.1927090691256,
    776.8187238589494,
    2269.7716603063805,
    2078.936128759908,
    1827.1331716665036,
    1264.9417036504258,
    1749.6862366976354,
    3202.1293340026923,
    2955.4149146348873,
    2695.453423489603,
    1445.374381459783,
    1356.5200785515617,
    1836.079334756334,
    2305.18326335121,
    1397.8011214779494,
    1273.7919574246205,
    1590.8465027585112,
    2413.7700598836,
    3636.602346923128,
    2031.577568739043,
    1485.4690498554105,
    1369.7080184189997,
    1221.1013105962872,
    1121.6457763079673,
    3576.630112265882,
    1497.9695702701772,
    3293.1016777717505,
    1315.6271415698427,
    2190.6805930476753,
    2886.833161298127,
    2551.949996596627,
    1129.5451136772083,
    1099.9376242539502,
    3657.2222844465778,
    36.68376127773047,
    2641.285164461549,
    1292.8955530422672,
    1866.2605770314326,
    1037.0666730814246,
    3647.5698417869635,
    808.5626849969719,
    2009.377033320563,
    1762.7795934516796,
    1149.8413999621773,
    2303.0608647152185,
    1416.2560832987647,
    3286.0942035929897,
    1528.1935281556978,
    1906.0360115863,
    1717.9432014304643,
    2453.2406079245147,
    1498.778467765311,
    3019.1599984988684,
    2044.2015601170137,
    3515.266523015331,
    1399.02478166969,
    3708.658667876471,
    2346.71425056323,
    2037.274791035171,
    3661.9898872916046,
    2212.977501587394,
    3647.1488640282046,
    1834.7461735473253,
    2001.1085931810821,
    1341.8172817601853,
    3690.885424115743,
    1735.1275305533281,
    3271.7895448089134,
    1047.1224654674947,
    1999.693353388118,
    1921.1602672484125,
    1737.0113369394899,
    2686.6501157024686,
    1729.9495511239627,
    1095.6795851068982,
    1797.4316717828137,
    3666.1344737037684,
    1427.7569251769835,
    3651.07232404956,
    2689.714374935422,
    861.0679174874354,
    3653.7859839104776,
    2921.5053182462957,
    3556.7028531360024,
    1650.8129952939303,
    1899.1747510803648,
    1495.7544978854187,
    3533.5030111522724,
    2966.236994823377,
    1806.4165387871678,
    2588.979741172014,
    1424.8938139003983,
    3295.203494036568,
    1994.4703491296289,
    2500.191545263125,
    3673.1548787239194,
    2989.7495837413076,
    1697.6910733076884,
    2856.8480995687764,
    1576.1273165372877,
    1323.7760301521826,
    1793.2667907749567,
    1730.1324606123183,
    2064.581393047416,
    1045.3929424502824,
    3457.2319557962132,
    2054.020812462403,
    3683.5936314645965,
    1653.6783498652628,
    2745.521210697666,
    2081.290445397632,
    2837.4516015881204,
    348.8391692878288,
    2038.1909036529214,
    1422.9299739812757,
    1350.3043593023876,
    1938.324161540325,
    1981.7700561210038,
    1088.2173659346124,
    2658.6161061875555,
    3571.89157338641,
    1860.9040407433706,
    2236.1597309803246,
    782.4227433703901,
    2946.1840514181736,
    3636.369513853356,
    1983.2932429364555,
    1040.8489818298688,
    2509.0289446279007,
    1417.5608168612594,
    2292.6908238326137,
    1642.7083385587134,
    2701.919430124571,
    3799.5957683642523,
    1961.108551231049,
    3664.6761783909315,
    3622.6485325145027,
    811.503527252193,
    3394.9219065622074,
    2203.0224528201024,
    2974.1314879577385,
    2257.7572306342463,
    1678.7908137006414,
    1717.316425627208,
    1671.8211439206825,
    216.86032472619502,
    1043.9943658406594,
    3631.9746581889463
  ],
  "diagnostics": [
    {
      "step": 2048,
      "ev_ema": -0.0023011178355989204,
      "g_std_ema": 1.981370311277805
    },
    {
      "step": 22528,
      "ev_ema": 0.3006118950890575,
      "g_std_ema": 18.856866772473737
    },
    {
      "step": 43008,
      "ev_ema": 0.628192824258574,
      "g_std_ema": 25.748617362827712
    },
    {
      "step": 63488,
      "ev_ema": 0.7309592064266535,
      "g_std_ema": 28.908177875282874
    },
    {
      "step": 83968,
      "ev_ema": 0.734812831709336,
      "g_std_ema": 35.487374229498315
    },
    {
      "step": 104448,
      "ev_ema": 0.6819344702773299,
      "g_std_ema": 38.49493944657693
    },
    {
      "step": 124928,
      "ev_ema": 0.7905543208832997,