{
  "env": "Hopper-v4",
  "agent": "HCGAE_Optimal_GRPO",
  "seed": 6,
  "config": {
    "hidden_dim": 256,
    "lr": 0.0003,
    "gamma": 0.99,
    "lam": 0.95,
    "eps_clip": 0.2,
    "n_epochs": 10,
    "batch_size": 64,
    "n_steps": 2048,
    "ent_coef": 0.0,
    "vf_coef": 0.5,
    "max_grad_norm": 0.5,
    "use_obs_norm": true,
    "use_adv_norm": true,
    "use_lr_anneal": true,
    "use_vclip": false,
    "device": "cpu",
    "total_timesteps": 1000000,
    "eval_freq": 20480,
    "n_eval_episodes": 10,
    "eval_mode": "deterministic_mean"
  },
  "total_steps": 1001472,
  "elapsed_s": 1043.064740896225,
  "final_reward": 3026.3686679899,
  "peak_reward": 2917.4434977676447,
  "max_reward": 3281.4615773796845,
  "eval_rewards": [
    96.53824790116396,
    351.0550283175056,
    607.6979500649284,
    629.6240605666153,
    827.4942062769048,
    1005.2158503134322,
    956.2608243757616,
    1126.643464437503,
    1481.2191500109534,
    1275.1851204023108,
    2246.2749671589736,
    2102.2955758210182,
    2183.9280928578646,
    3181.0161090920687,
    3131.138973376485,
    3281.4615773796845,
    3270.4387598889234,
    3279.6972708253525,
    3251.1321375680795,
    3247.051513707997,
    3256.458185025536,
    3245.6045497925093,
    3257.471712344555,
    3256.4045457117377,
    3263.275315036522,
    3256.3655766679885,
    3244.6233994597133,
    3237.1278224131643,
    3251.8917363158184,
    3050.3138272774268,
    3181.1838780559106,
    3183.9968305104494,
    3248.9927394390975,
    3258.7318566490617,
    3264.650169514993,
    3138.6342331237674,
    3262.787374025822,
    3249.998113974639,
    3248.6736210237714,
    3158.55264556132,
    3009.3237830795924,
    3224.1188816471704,
    3147.968570943967,
    1744.338105989272,
    2943.830789321767,
    3260.8726025713895,
    3260.120285050887,
    3258.4967519257334,
    3256.0642638079034
  ],
  "eval_steps": [
    2048,
    22528,
    43008,
    63488,
    83968,
    104448,
    124928,
    145408,
    165888,
    186368,
    206848,
    227328,
    247808,
    268288,
    288768,
    309248,
    329728,
    350208,
    370688,
    391168,
    411648,
    432128,
    452608,
    473088,
    493568,
    514048,
    534528,
    555008,
    575488,
    595968,
    616448,
    636928,
    657408,
    677888,
    698368,
    718848,
    739328,
    759808,
    780288,
    800768,
    821248,
    841728,
    862208,
    882688,
    903168,
    923648,
    944128,
    964608,
    985088
  ],
  "episode_rewards": [
    2283.1527712094507,
    915.319718184623,
    770.811695378365,
    3294.477589725209,
    858.8654489456612,
    2805.6766310703624,
    958.4181023069908,
    2231.193695886663,
    3083.787865761798,
    1765.1139179629051,
    3086.780299092729,
    748.5715155487574,
    2874.0729529679847,
    793.6644134231201,
    1213.4221335450022,
    1898.745521539174,
    1752.564557339362,
    3334.36742201801,
    2139.047344475388,
    2002.5912548410392,
    3275.995189666784,
    925.3228560758031,
    2017.7415475602515,
    2453.097768612591,
    1628.8232564644165,
    2201.5244076097492,
    1182.852214811,
    3012.7467360533833,
    3395.1108148285016,
    1309.3409012697375,
    3320.613579285121,
    3355.224865679152,
    1223.8322800162239,
    1934.1050784306258,
    2344.022425668901,
    1474.5403013026062,
    1124.5721577769525,
    1497.244199632641,
    1954.3322707888149,
    3282.5737782218343,
    1232.8928503579514,
    2922.209204701253,
    1536.3517714003524,
    1270.7082277507461,
    1161.6811160076834,
    1927.7570114399098,
    2159.450591069274,
    1130.3553732965756,
    2558.2784455643055,
    3163.424605316412,
    2497.749392975425,
    1388.9579512796786,
    2336.759608493782,
    2936.8415236642354,
    1246.236770626839,
    957.9686766678789,
    1147.0022137426756,
    3317.944844113533,
    2083.9281562406495,
    1117.4224196749985,
    2265.737213254812,
    3271.5283659214456,
    1985.5624965281258,
    3277.587201979967,
    1425.4927365325814,
    1649.3477427868793,
    1966.4162803768377,
    1086.452899877897,
    3264.8736851403523,
    3283.612146336018,
    1398.8063459775663,
    1213.4745095917203,
    3263.1248445642786,
    2529.799619276994,
    1475.2714462365298,
    1224.8159583881445,
    1393.7983471686857,
    1465.723685875602,
    3299.5119405280957,
    2043.16385935168,
    3226.003318902462,
    846.6783176094278,
    1194.7606142808177,
    2332.177343133871,
    1963.273633215224,
    2576.744953422309,
    2141.1781088317393,
    1789.9161232065435,
    1496.9998964012398,
    1766.5833521444056,
    1837.3507011764032,
    1075.687739838024,
    3281.2607667867965,
    1807.595044044149,
    3138.946234939525,
    1076.681554268696,
    3273.59405854894,
    796.1485561336584,
    1939.206299923466,
    1116.224146219788,
    684.4495834769608,
    1589.3105343591621,
    1531.9194476583361,
    964.4489541432141,
    2065.3860183509178,
    3279.1714224960506,
    3270.2602504744873,
    3266.549619176481,
    812.4385292751966,
    3265.789174696135,
    1325.3885093269275,
    1271.8891188158066,
    1277.6043830368062,
    1243.338760330078,
    2287.0315753070195,
    2923.753139404925,
    2351.9048979616296,
    897.0706959056782,
    3265.7972150897845,
    3260.4214461133365,
    1172.2162989609853,
    1456.1613518443764,
    2959.0021951161198,
    3274.7734471497324,
    3258.31924061741,
    2003.7631374471475,
    1879.7775104736493,
    3383.4534849925963,
    1421.2274092082232,
    2106.161241532892,
    2297.2409421392863,
    2800.0223073209027,
    1514.5223096460306,
    3275.7672296172864,
    2015.0588550754394,
    3021.5063293338812,
    2296.461200855768,
    884.9263170238924,
    2312.864455520622,
    1749.7970107928168,
    1250.1483996035013,
    2869.5263193768783,
    892.8101763474382,
    1485.5536675563255,
    1141.8247351385148,
    1781.2615491284344,
    1475.5576678647174,
    965.7177739714598,
    823.5891682395498,
    3266.9982512096462,
    2370.280960785971,
    881.3775382266269,
    1073.4542265989264,
    3269.729247606512,
    894.4910232467797,
    3271.250874030495,
    1478.1678736476215,
    902.2310021443304,
    1788.4505370057448,
    914.0866875814337,
    1855.2955144608093,
    1663.2612246619246,
    1686.4989410534336,
    878.4915228272197,
    2073.172340170256,
    1253.6367264080109,
    2334.5602626684104,
    2044.3935274742435,
    953.8388519458567,
    1688.1433445776138,
    1612.2655399760724,
    1076.0870489584324,
    594.9328630708318,
    1810.9282370181638,
    686.1014431649796,
    1149.6670577570058,
    3277.132561192181,
    917.5973699514446,
    3250.748550134056,
    2594.9775444537727,
    841.1921548983088,
    1142.4497207918284,
    951.940518629263,
    1515.6152969724662,
    3339.8308337235767,
    932.0987255647192,
    1004.2182878713019,
    967.3244139803174,
    2060.798023101393,
    2111.6436956933358,
    879.6248590561914,
    993.3117708282527,
    1673.599888623941,
    3266.410449671221,
    1988.21108949531,
    1215.4510751608948,
    1670.3685852555068,
    1501.5134139675984,
    1046.9781607451152,
    870.1915843416314
  ],
  "diagnostics": [
    {
      "step": 2048,
      "ev_ema": -0.0013174691389034267,
      "g_std_ema": 2.257934769272648
    },
    {
      "step": 22528,
      "ev_ema": 0.2834080540883778,
      "g_std_ema": 20.417157379254554
    },
    {
      "step": 43008,
      "ev_ema": 0.5983655366105648,
      "g_std_ema": 27.028809679397572
    },
    {
      "step": 63488,
      "ev_ema": 0.7694064490228534,
      "g_std_ema": 27.574008927397937
    },
    {
      "step": 83968,
      "ev_ema": 0.8753800229946167,
      "g_std_ema": 22.167349146955242
    },
    {
      "step": 104448,
      "ev_ema": 0.832309029733111,
      "g_std_ema": 26.465644247908347
    },
    {
      "step": 124928,
      "ev_ema": 0.8490168345538652,