{
  "env": "Hopper-v4",
  "agent": "HCGAE_Optimal_GRPO",
  "seed": 0,
  "config": {
    "hidden_dim": 256,
    "lr": 0.0003,
    "gamma": 0.99,
    "lam": 0.95,
    "eps_clip": 0.2,
    "n_epochs": 10,
    "batch_size": 64,
    "n_steps": 2048,
    "ent_coef": 0.0,
    "vf_coef": 0.5,
    "max_grad_norm": 0.5,
    "use_obs_norm": true,
    "use_adv_norm": true,
    "use_lr_anneal": true,
    "use_vclip": false,
    "device": "cpu",
    "total_timesteps": 1000000,
    "eval_freq": 20480,
    "n_eval_episodes": 10,
    "eval_mode": "deterministic_mean"
  },
  "total_steps": 1001472,
  "elapsed_s": 1048.9277942180634,
  "final_reward": 3478.4404499047837,
  "peak_reward": 3505.797198790938,
  "max_reward": 3577.066340108499,
  "eval_rewards": [
    71.3233115134116,
    328.0360000418233,
    409.6005056224136,
    507.27212940371675,
    717.2620738373355,
    914.1717824982043,
    968.5156368927923,
    1038.2846689081912,
    1267.1312897686707,
    1605.9637464834318,
    3161.2060524302697,
    2731.1422491216613,
    3338.547831764404,
    2001.87094002759,
    1642.3988382411121,
    3304.9167918633293,
    3165.623819685601,
    2952.9404192943375,
    2987.609366003427,
    3151.2429982658186,
    2586.3570747374724,
    3294.4458123022255,
    2810.968715868222,
    2639.6114013699575,
    3378.09676343734,
    3376.530896286387,
    3405.4612163516103,
    3280.1114848621705,
    3021.940044942945,
    3036.4945190251933,
    3435.2320857019868,
    3436.318878219573,
    3496.351713981556,
    3367.933272336572,
    2890.401898519182,
    2619.7035670337136,
    3398.348809988468,
    3522.02263604536,
    3521.4445687464736,
    3541.5861296287926,
    3532.0634444459997,
    3555.3304511971523,
    3577.066340108499,
    3504.9109459308393,
    3509.2468789489385,
    3506.622252999127,
    3287.6783398581983,
    3336.9961805966254,
    3432.9035353336594
  ],
  "eval_steps": [
    2048,
    22528,
    43008,
    63488,
    83968,
    104448,
    124928,
    145408,
    165888,
    186368,
    206848,
    227328,
    247808,
    268288,
    288768,
    309248,
    329728,
    350208,
    370688,
    391168,
    411648,
    432128,
    452608,
    473088,
    493568,
    514048,
    534528,
    555008,
    575488,
    595968,
    616448,
    636928,
    657408,
    677888,
    698368,
    718848,
    739328,
    759808,
    780288,
    800768,
    821248,
    841728,
    862208,
    882688,
    903168,
    923648,
    944128,
    964608,
    985088
  ],
  "episode_rewards": [
    2418.2423324180386,
    1565.0527733908775,
    915.5704774729109,
    2346.8094765675023,
    3612.3841949668063,
    1559.372079321653,
    1913.3667772599115,
    1559.4082192650628,
    3022.311834696807,
    1885.8682518153128,
    1638.8024421007747,
    1327.9891694486205,
    1342.8440127490735,
    2794.423027135038,
    1149.5934298616462,
    2285.0287672664163,
    1345.7976379041875,
    3549.5201561578233,
    989.5722264201559,
    1418.0005056268408,
    2198.4807250161602,
    1405.3650790195918,
    1362.971400675163,
    1619.6259156481638,
    3563.9023542816435,
    1331.6916333083736,
    1344.9379811130636,
    1268.070263921175,
    2005.7880883562652,
    1605.0415442495093,
    1186.590278679136,
    1970.4020834811674,
    1788.079560849537,
    1888.8316112219634,
    1995.455421808377,
    2972.6930065346323,
    1180.157451668662,
    1352.4116630228982,
    3674.316364140705,
    1359.8547928349126,
    1222.228944292814,
    1610.6223892541652,
    1874.041578851019,
    1309.1704799993709,
    1198.0514257721818,
    2625.1176032708754,
    1902.3721644242437,
    1738.2352521737373,
    1793.6025901596806,
    1499.9876554987845,
    1941.7368112723234,
    1349.5722142351847,
    1979.3289645453399,
    1894.4488028668966,
    1618.2258537230298,
    1667.9404327902578,
    3568.1393789742565,
    1785.3219317829557,
    1280.249326067993,
    2051.9398615914047,
    1383.5347666644266,
    2503.5744904225935,
    1378.5261505042686,
    3271.039794235208,
    1541.7726416394726,
    1356.5592440451944,
    1426.1042919203337,
    2462.4880514043593,
    889.3735841225779,
    1581.666550961765,
    1191.947177819741,
    1385.5040363064504,
    1350.6770009265522,
    1912.7785283794765,
    2057.9042067845116,
    2702.645162350506,
    545.459939320816,
    3307.109371445221,
    1935.4277973517778,
    3565.877485463483,
    1943.8547262422476,
    1309.3475707919035,
    1947.015852185208,
    2782.33449510894,
    2785.591516729612,
    1154.0440517611787,
    1859.2429822506695,
    1820.1085794181147,
    949.3526645232184,
    1298.1122930556364,
    2485.558611016879,
    1959.4753846144963,
    3641.291437344681,
    1777.1913798609337,
    1404.1165568176707,
    2715.370128852791,
    2421.7365628990533,
    1631.0306073390755,
    2352.6004909752346,
    2095.4653587006437,
    1476.2460936761436,
    1680.6673947708134,
    1642.9667111605013,
    390.3157984201238,
    2655.3662557245784,
    2608.4383049120706,
    2797.2345571329297,
    2473.961295848451,
    2409.2004167119608,
    1327.0339785045946,
    3567.967816663822,
    1409.3151197822672,
    2152.2672551057944,
    1610.3947728653436,
    1315.6156184662218,
    2242.000267879608,
    1371.682255855708,
    1363.2737060040067,
    1988.6291883952492,
    2551.4413749337614,
    1828.9738245188569,
    3695.152081537508,
    3152.533759503701,
    1853.1940766846178,
    3528.7236975017368,
    1615.3088567997029,
    1460.9461740791664,
    3596.6129991524294,
    1337.601734210638,
    1141.7845087465134,
    2072.4156755293484,
    1350.2533896944012,
    2904.6695623096903,
    2478.173958568531,
    2517.321701430368,
    1409.7572943037082,
    1328.7907904176582,
    2146.168769948562,
    1579.5401834584584,
    3235.156788297287,
    2788.7474349907257,
    1786.3320005454543,
    2200.2682600317366,
    1653.4484494437552,
    1356.273308863913,
    1286.7513248645369,
    2545.6009925557873,
    996.2578842869311,
    1490.7435745105493,
    914.080323188321,
    1924.8615347592124,
    2328.319426825857,
    2179.8831704954396,
    1485.5063574207293,
    1424.5289123052019,
    2218.4352118037323,
    2031.3734413713428,
    1447.4906626464735,
    1630.2329918093085,
    2244.0817011659883,
    1088.9145826277547,
    1107.3623165950603,
    2782.3686791197506,
    2622.161716701468,
    1489.2270888056087,
    2421.7241393354243,
    1026.028343934838,
    3636.426112117546,
    1594.0035682851017,
    1046.5428722490997,
    2200.0783402732272,
    2865.0559498188204,
    1081.698237618674,
    1582.197694775009,
    2222.9308760246304,
    1614.4334280517885,
    2163.52228945674,
    1609.7214581575047,
    2831.745407221936,
    1334.8646935382085,
    2042.5851854531559,
    1540.6136505591123,
    2987.793971831928,
    3596.2519201842792,
    2307.918801366022,
    2265.638292521947,
    3568.5213859506553,
    2314.7060519856905,
    3622.1703701290635,
    3408.392291833683,
    1893.3992014455407,
    1350.1572833634646,
    856.0398498176379,
    2537.1400789921067,
    3562.954280175374,
    1465.8706786108426,
    1434.4868967638297,
    2385.6220399879758,
    1376.0069906625351,
    1477.672747028716
  ],
  "diagnostics": [
    {
      "step": 2048,
      "ev_ema": -0.0013724367490102196,
      "g_std_ema": 1.9567682975440732
    },
    {
      "step": 22528,
      "ev_ema": 0.2983544309084054,
      "g_std_ema": 21.35451850056003
    },
    {
      "step": 43008,
      "ev_ema": 0.7053785989650243,
      "g_std_ema": 21.373196290017326
    },
    {
      "step": 63488,
      "ev_ema": 0.845060980864803,
      "g_std_ema": 22.03814739721973
    },
    {
      "step": 83968,
      "ev_ema": 0.886081228410191,
      "g_std_ema": 27.943808532179453
    },
    {
      "step": 104448,
      "ev_ema": 0.868419095561068,
      "g_std_ema": 28.192566265040544
    },
    {
      "step": 124928,