{
  "env": "Hopper-v4",
  "agent": "HCGAE_Optimal_GRPO",
  "seed": 4,
  "config": {
    "hidden_dim": 256,
    "lr": 0.0003,
    "gamma": 0.99,
    "lam": 0.95,
    "eps_clip": 0.2,
    "n_epochs": 10,
    "batch_size": 64,
    "n_steps": 2048,
    "ent_coef": 0.0,
    "vf_coef": 0.5,
    "max_grad_norm": 0.5,
    "use_obs_norm": true,
    "use_adv_norm": true,
    "use_lr_anneal": true,
    "use_vclip": false,
    "device": "cpu",
    "total_timesteps": 1000000,
    "eval_freq": 20480,
    "n_eval_episodes": 10,
    "eval_mode": "deterministic_mean"
  },
  "total_steps": 1001472,
  "elapsed_s": 1008.8600599765778,
  "final_reward": 2017.3492385114082,
  "peak_reward": 2017.3492385114082,
  "max_reward": 3673.876267279222,
  "eval_rewards": [
    132.86629231871922,
    256.67361530840327,
    558.8763341938676,
    648.9521059638789,
    951.5387128442229,
    859.5021563613033,
    782.1750760008993,
    769.9942237468165,
    1884.1745017889066,
    3086.6724203897984,
    1893.0596850900045,
    1921.1007598813594,
    2395.688155982829,
    2807.573509391906,
    3181.8047500810185,
    1247.8827998817594,
    2686.3041284314318,
    1229.9400174048735,
    1697.9736973639883,
    1899.9599607276741,
    1626.3840189660127,
    2214.1599088621215,
    3057.397011984633,
    3009.1729024654146,
    2815.296492302158,
    1606.1799409599043,
    2289.8845234781415,
    2884.469320295737,
    2403.6232233404453,
    3096.5331601215385,
    2745.647351515865,
    3002.6057841482957,
    3429.0315135141523,
    2311.6993374654203,
    1872.2340496512957,
    1642.8663439857955,
    1418.7049541811853,
    3243.398627771892,
    1507.766946443932,
    1849.2134428176923,
    1233.784460407673,
    1262.6386691242765,
    1428.4625414219643,
    3426.517172492403,
    1475.9116226141614,
    3673.876267279222,
    1471.700596841624,
    2434.9631950143175,
    1916.4244171007485
  ],
  "eval_steps": [
    2048,
    22528,
    43008,
    63488,
    83968,
    104448,
    124928,
    145408,
    165888,
    186368,
    206848,
    227328,
    247808,
    268288,
    288768,
    309248,
    329728,
    350208,
    370688,
    391168,
    411648,
    432128,
    452608,
    473088,
    493568,
    514048,
    534528,
    555008,
    575488,
    595968,
    616448,
    636928,
    657408,
    677888,
    698368,
    718848,
    739328,
    759808,
    780288,
    800768,
    821248,
    841728,
    862208,
    882688,
    903168,
    923648,
    944128,
    964608,
    985088
  ],
  "episode_rewards": [
    12.175586903288536,
    850.2895118202061,
    1218.984292703725,
    3634.2031725803513,
    1867.7024744514445,
    1774.9715842017708,
    1195.1377411475298,
    3651.5198983712285,
    3684.0739269759956,
    3574.580805419734,
    1993.6191877245562,
    1741.1732095179952,
    1689.3374206200356,
    1371.0782934582892,
    1358.4482030212357,
    3652.1889701456394,
    1562.323922324563,
    1429.991441055786,
    3615.325405323598,
    729.8078858688164,
    13.877642734785354,
    1968.1362033842674,
    954.0756160963396,
    1360.2533266176436,
    3686.4329276186445,
    1099.6402494615122,
    838.1593327203876,
    1019.880070976867,
    1721.7564618987044,
    2721.04073272951,
    962.3850268288852,
    1509.2193159907256,
    3281.843833255983,
    2844.735968601609,
    2372.856728992338,
    3617.5508753268787,
    1706.6095833356057,
    3628.8577701257163,
    1386.370252884406,
    1249.05473257467,
    1153.8698411600478,
    2156.2530556627403,
    1897.8938010502761,
    3405.3996363871856,
    2480.0245601096995,
    3203.3219165989503,
    8.62113433552967,
    2411.5990267353754,
    1665.9313318272393,
    2434.276310513427,
    3092.483152655471,
    3640.876376541014,
    2953.739095527014,
    3466.1472408305526,
    3706.30591221903,
    1051.422772638414,
    1772.9174991998611,
    1913.3011026396296,
    3596.3551941815826,
    1343.731940323069,
    826.2274570576396,
    895.3153944263155,
    2283.925103644814,
    1794.956082504702,
    2806.9676312096785,
    3588.65998015685,
    3610.3185940199182,
    3392.5308030073033,
    3644.074059739686,
    3222.202589561064,
    1029.159086824883,
    2270.9076328019787,
    475.85397237707997,
    1345.2508531084472,
    1579.188156928247,
    1025.3379428394421,
    3395.701392242034,
    3137.3097334727986,
    690.2747919094943,
    1277.3216423225267,
    2256.5636251681817,
    1583.1743708400643,
    1730.7541904197092,
    2244.556729520301,
    3613.053814755877,
    930.2672910510837,
    3721.306301329023,
    828.487702947278,
    1675.028941141228,
    1318.7531731042343,
    3737.0605151247364,
    1674.1654038398196,
    1009.0415964885433,
    3548.65012544334,
    3659.278182519258,
    1658.0779798139129,
    1508.0576203514293,
    11.853889371797441,
    2711.0878844424037,
    1608.8933705386298,
    2966.97289401353,
    1574.840219962306,
    3371.430971395563,
    1951.776509639464,
    2866.8338698918287,
    3049.150356476031,
    3771.559764062016,
    1858.3840320424767,
    3628.49665442662,
    1028.2394990498813,
    1004.2957804055335,
    2660.589329296117,
    971.5802871311618,
    1816.5689106508664,
    2441.3661182666265,
    1886.899477252287,
    1107.710599313873,
    3419.830259737662,
    3615.849533867017,
    3617.3224156705655,
    804.0822761075649,
    3372.8379229307484,
    923.43884698917,
    1417.3373131764788,
    1574.2446170226895,
    1848.1808122925204,
    1809.4645306119696,
    2073.571789038441,
    1284.3943956695239,
    2404.2082395076086,
    1424.005000786947,
    1341.6540361458979,
    1326.7976259570914,
    1057.7765319585724,
    3381.26398669435,
    2571.6105586003955,
    1771.7156201161763,
    2594.1366838202393,
    1362.921066328998,
    1214.9485404868926,
    2206.062025419322,
    1179.081799283658,
    2453.0993243000758,
    2001.2422748757579,
    1634.0984468450802,
    471.0493913918944,
    1387.247673117814,
    2337.203023301881,
    1390.8550600161307,
    3637.5303556901667,
    2828.739296718312,
    497.51098110995366,
    1112.0704396193983,
    2781.4927265101524,
    1612.6135643300202,
    1439.004746868634,
    2527.410075734906,
    2781.564822125753,
    1804.0859928921343,
    2336.1216239115106,
    1685.2157903037842,
    3650.4911183123636,
    1183.1377773135207,
    2561.8360306487352,
    2610.9577687805813,
    1620.5801359118134,
    1326.0761054639559,
    1247.7799847937506,
    1118.76861988536,
    1119.948787383878,
    1791.382857837363,
    1606.2890344048649,
    1532.15104806975,
    2719.7034945107225,
    3416.609947678382,
    1813.2878753510486,
    1119.3549189654286,
    1078.7379871730725,
    1415.2122519295544,
    3323.6416967448736,
    1744.366524493678,
    2993.0960766805656,
    1972.325789743029,
    1657.6890808873775,
    3546.6722363939916,
    3673.577694616235,
    1818.8166633652856,
    1645.793096173193,
    1053.352952166656,
    2193.2850225422385,
    1432.8396315299071,
    1867.2997517427946,
    1116.2474737236398,
    2907.346444204965,
    1737.97259644882,
    1850.9342458545277,
    2656.050691753746,
    3206.188669235238,
    1134.6169943195666,
    1813.5066508287387
  ],
  "diagnostics": [
    {
      "step": 2048,
      "ev_ema": 0.0005422878295988865,
      "g_std_ema": 2.1701312246664384
    },
    {
      "step": 22528,
      "ev_ema": 0.38102216604633604,
      "g_std_ema": 17.170662039169063
    },
    {
      "step": 43008,
      "ev_ema": 0.6844081738091894,
      "g_std_ema": 25.19327732969245
    },
    {
      "step": 63488,
      "ev_ema": 0.8344818461724011,
      "g_std_ema": 23.253929598136516
    },
    {
      "step": 83968,
      "ev_ema": 0.918579205570319,
      "g_std_ema": 21.89768814179558
    },
    {
      "step": 104448,
      "ev_ema": 0.9492109613990577,
      "g_std_ema": 17.893096504868637
    },
    {
      "step": 124928,
      "ev_ema": 0.9601198615400073,