{
  "env": "Hopper-v4",
  "agent": "Optimal_GRPO",
  "seed": 0,
  "config": {
    "hidden_dim": 256,
    "lr": 0.0003,
    "gamma": 0.99,
    "lam": 0.95,
    "eps_clip": 0.2,
    "n_epochs": 10,
    "batch_size": 64,
    "n_steps": 2048,
    "ent_coef": 0.0,
    "vf_coef": 0.5,
    "max_grad_norm": 0.5,
    "use_obs_norm": true,
    "use_adv_norm": true,
    "use_lr_anneal": true,
    "use_vclip": false,
    "device": "cpu",
    "total_timesteps": 1000000,
    "eval_freq": 20480,
    "n_eval_episodes": 10,
    "eval_mode": "deterministic_mean"
  },
  "total_steps": 1001472,
  "elapsed_s": 1389.8339760303497,
  "final_reward": 3016.6638429193345,
  "peak_reward": 3016.6638429193345,
  "max_reward": 3635.9487632629616,
  "eval_rewards": [
    70.545731203982,
    224.2659153934382,
    345.81874301602494,
    434.990045709748,
    674.2280640432882,
    819.4366865738009,
    267.7544477086889,
    2678.5475690646244,
    2751.5822188079637,
    2776.493277730825,
    2297.4208741317334,
    1548.577618873292,
    1488.0269448299764,
    2052.379475193814,
    2785.9487661181774,
    3024.7187197707512,
    2863.2400494486533,
    3448.8669483724634,
    3558.6243494395785,
    3582.375824607806,
    3613.073653624204,
    3550.7034023761144,
    3564.939859422284,
    3536.7043214365194,
    3406.965317977797,
    3494.054322780864,
    3196.199311064683,
    2120.1263455364406,
    2311.0431244232977,
    2250.3703143342127,
    1903.2704270827398,
    3596.596093902791,
    3087.312667362565,
    3409.467324254875,
    2141.847520407575,
    1194.638432181714,
    3242.7297612173243,
    1829.0981510258275,
    2119.5906998787605,
    3232.418523884734,
    2011.7911138005704,
    1875.6092776038706,
    1464.3879050404398,
    3617.9607466083894,
    3488.5720821870223,
    3575.5746257894375,
    3635.9487632629616,
    3633.649597665498,
    3630.725793350421
  ],
  "eval_steps": [
    2048,
    22528,
    43008,
    63488,
    83968,
    104448,
    124928,
    145408,
    165888,
    186368,
    206848,
    227328,
    247808,
    268288,
    288768,
    309248,
    329728,
    350208,
    370688,
    391168,
    411648,
    432128,
    452608,
    473088,
    493568,
    514048,
    534528,
    555008,
    575488,
    595968,
    616448,
    636928,
    657408,
    677888,
    698368,
    718848,
    739328,
    759808,
    780288,
    800768,
    821248,
    841728,
    862208,
    882688,
    903168,
    923648,
    944128,
    964608,
    985088
  ],
  "episode_rewards": [
    1094.4197593037486,
    788.1064772354234,
    1477.796872605031,
    1171.0476019382656,
    3572.897923215561,
    1821.2319641899558,
    2677.467973713389,
    2583.9401940379425,
    3642.2881019141014,
    988.3488373764679,
    1529.3233388370927,
    2963.2886734663075,
    1208.5998709451276,
    1028.435302851725,
    1578.5363927508145,
    1782.9261917865965,
    2843.3616186140325,
    3588.3144045734653,
    1360.4986618605808,
    3064.812468621821,
    1056.1143680569332,
    2111.532515841419,
    1522.4889869087965,
    1034.9236088381886,
    1573.6680779798814,
    1444.8951667801418,
    2016.2479535208968,
    3102.1862122067832,
    979.9138150492852,
    1285.1529341606426,
    3261.2711550350323,
    1514.1233663134171,
    1072.0196147190265,
    2633.6418572019875,
    1366.282944918669,
    1762.7778608283859,
    1377.7533851600147,
    1789.8440142800362,
    1653.4631910780308,
    2033.7600421169038,
    3484.5590770196923,
    1537.2523735284576,
    2359.337057946435,
    3555.052038692935,
    1997.5251514963288,
    1403.6438973923684,
    1671.9545861587883,
    1441.1971530296619,
    1539.0567591967138,
    2864.2129687713077,
    1428.993849027624,
    1868.149223155727,
    2392.818559919908,
    1783.3036322374637,
    3640.156774007592,
    3076.0036169891114,
    1461.4620085252407,
    1189.2019174851398,
    1452.1326729229474,
    1525.3782170749269,
    2070.673675556203,
    1987.9933071353566,
    1383.396347622032,
    661.193219978885,
    1127.7716949328046,
    3623.4144049298216,
    1855.8776994400748,
    1086.6238214197854,
    3195.4654602221276,
    957.8681839745789,
    1068.2990858346238,
    1164.2303630420984,
    2107.557064975377,
    1908.4583013088559,
    2140.661011056019,
    944.9393611175287,
    1276.0316863012201,
    3563.6576210669687,
    2448.586212898505,
    3361.7138913002377,
    742.1875635438756,
    1154.7535472413547,
    3641.2488655638613,
    3554.7099418205858,
    1533.7900411192088,
    1484.6437097116193,
    2428.564008587378,
    3089.2647477350465,
    2794.646661087344,
    3613.2983900891704,
    2720.8275162850846,
    3599.167118519243,
    3656.2254370581127,
    3744.15918527788,
    1195.7927108550377,
    3058.6489864912737,
    3606.741126517991,
    1436.8543047277585,
    3578.4195572685794,
    2055.182064743321,
    736.2290077220126,
    3557.418686524707,
    3756.6372800211975,
    1628.33993677863,
    1762.8196140690736,
    2453.83772618787,
    1424.0097764218667,
    3644.4609015524356,
    3621.7374345743096,
    2320.077500645036,
    1972.6061801732067,
    1470.6285026329554,
    3043.241028145415,
    2451.49384076022,
    2585.7137823917474,
    1438.2315213488878,
    1670.3721910801992,
    1492.9317433722265,
    2621.8068607908585,
    3636.7002053607484,
    2799.438443496433,
    2789.839266705653,
    3601.1406633563456,
    1212.1389554695922,
    1732.6453271821017,
    1754.2848963861563,
    3540.159667127881,
    1110.6355751689105,
    3667.169512706076,
    3624.8338433531644,
    3599.2765150569576,
    3663.76714224331,
    3592.0138442576717,
    1801.622111861386,
    3642.753558695363,
    3599.0114346118967,
    2190.546714899911,
    3575.174166359848,
    3588.6267055250764,
    3599.710044189091,
    1343.1561294853184,
    1443.215996796147,
    3585.3904575010756,
    3637.1860208387784,
    1274.784488368598,
    3586.471005111377,
    3567.1971821562356,
    1117.7044249288879,
    3667.3093922300404,
    3590.06884241515,
    3569.3232952237595,
    3542.78964250017,
    3548.534565512602,
    1396.1645881392667,
    1699.1876674868663,
    3193.1844086035285,
    1017.1720222093752,
    2901.162991088333,
    1064.2392746563607,
    3589.378758625023,
    3526.7753419916626,
    3560.3260528495252,
    1217.6796632793787,
    3585.344978499464,
    2443.573305133062,
    1135.2891287674202,
    2586.139175583293,
    2811.450230300021,
    1287.5589989386492,
    3606.8636805416,
    1098.5606623430224,
    3594.3368090496124,
    3318.2466083503123,
    2228.5625563853087,
    3036.5994630844234,
    3575.3138595947735,
    3596.1729463626234,
    3735.5096581247044,
    1147.8258566171855,
    2137.453897116731,
    1766.4802372960698,
    1765.4195926322432,
    1022.4979104481203,
    3292.923157241952,
    3581.814123302524,
    3517.266577577879,
    1489.7407838761858,
    3582.124750736618,
    3568.3365687660516,
    3082.1042588702167,
    3565.14344651974,
    3562.4849656717624,
    1443.140379151028,
    3549.2284319203836,
    3678.771250240279,
    3535.198425505833,
    1862.5275608183726,
    3603.140741018005,
    3640.8976532347056,
    3624.5434124092226
  ],