{
  "env": "Hopper-v4",
  "agent": "Optimal_GRPO",
  "seed": 8,
  "config": {
    "hidden_dim": 256,
    "lr": 0.0003,
    "gamma": 0.99,
    "lam": 0.95,
    "eps_clip": 0.2,
    "n_epochs": 10,
    "batch_size": 64,
    "n_steps": 2048,
    "ent_coef": 0.0,
    "vf_coef": 0.5,
    "max_grad_norm": 0.5,
    "use_obs_norm": true,
    "use_adv_norm": true,
    "use_lr_anneal": true,
    "use_vclip": false,
    "device": "cpu",
    "total_timesteps": 1000000,
    "eval_freq": 20480,
    "n_eval_episodes": 10,
    "eval_mode": "deterministic_mean"
  },
  "total_steps": 1001472,
  "elapsed_s": 1086.9484238624573,
  "final_reward": 3011.002761682633,
  "peak_reward": 2719.7281555316454,
  "max_reward": 3596.526648937681,
  "eval_rewards": [
    81.85178605055746,
    288.74089597329584,
    580.823706252396,
    682.9595032085648,
    697.6770111501667,
    1243.8343548059524,
    2358.0852877621865,
    2331.5988975264218,
    978.1402937460592,
    2104.394093564183,
    1766.8164439671305,
    2669.3096740791325,
    2841.1310021817403,
    2316.0752810532786,
    1322.65725096929,
    1558.0079169298535,
    941.662333718682,
    838.0651471888153,
    912.0906937589682,
    895.6042038808033,
    1237.5966239905606,
    1127.9898156702425,
    1036.0720523773257,
    1022.2589145254558,
    1242.9218387093013,
    1692.5977880275161,
    2335.6951627403223,
    2617.2134086050037,
    1797.4645301060195,
    2144.084229475454,
    2232.256130021452,
    2003.278156718986,
    2309.3442468169887,
    3109.8436345522987,
    2130.3010042068227,
    3216.227423175864,
    2742.9099564046696,
    1592.238046507647,
    3579.3337877255726,
    3596.526648937681,
    3469.274779878513,
    1093.577758318101,
    3421.2810134297993,
    2355.6111367317876,
    3068.5508204349917,
    2607.2075082868455,
    3482.9892668929438,
    3462.3492733466855,
    3552.659410568979
  ],
  "eval_steps": [
    2048,
    22528,
    43008,
    63488,
    83968,
    104448,
    124928,
    145408,
    165888,
    186368,
    206848,
    227328,
    247808,
    268288,
    288768,
    309248,
    329728,
    350208,
    370688,
    391168,
    411648,
    432128,
    452608,
    473088,
    493568,
    514048,
    534528,
    555008,
    575488,
    595968,
    616448,
    636928,
    657408,
    677888,
    698368,
    718848,
    739328,
    759808,
    780288,
    800768,
    821248,
    841728,
    862208,
    882688,
    903168,
    923648,
    944128,
    964608,
    985088
  ],
  "episode_rewards": [
    2616.828528928937,
    1113.1445198962833,
    1053.4358280573842,
    1459.9922462057675,
    2036.3813187241442,
    1483.6062495782905,
    1463.636396177338,
    2012.85510443333,
    1299.2833554042245,
    1541.5951109751475,
    1479.8972898636223,
    1492.2475908871095,
    2757.8723741574163,
    3724.6830462289645,
    1424.7352496860515,
    1031.0510043346492,
    2060.166124805547,
    1625.7175325258183,
    1356.4421819686327,
    1641.7828515798735,
    2682.358025425965,
    1456.81545572296,
    1112.1104601897823,
    1085.038188680654,
    1429.4632595200824,
    1894.694510952462,
    1772.2850980646929,
    2809.6616784973908,
    3615.439250712858,
    3551.088455185025,
    1118.9637318465652,
    3461.840253739517,
    1263.537147594453,
    1133.3496381442258,
    1657.3086475055015,
    3375.6302816898133,
    3317.398550319746,
    1705.1458967502028,
    843.4790059957066,
    1091.0760334808933,
    1469.0897900612551,
    1416.1870930738044,
    1811.5054761808315,
    1109.527541949706,
    1639.4425726056138,
    1243.6106373275636,
    1147.048319831897,
    1143.2087333647507,
    1083.7693320158344,
    1131.411878783539,
    1421.7172653806049,
    973.7431436722696,
    1816.9711605075438,
    2751.4484581801003,
    3591.6837416612116,
    3003.269855945962,
    1466.9278367892616,
    1503.7975224573972,
    961.5022607129865,
    2787.076111530978,
    1459.1828297954382,
    3559.2947342747666,
    2443.1066084769413,
    1828.3747187523854,
    3222.9556116713857,
    1757.5131596263093,
    1458.055654104767,
    1295.0062549397633,
    1305.63880191669,
    2113.696409257053,
    882.3203250236327,
    1449.9698264169306,
    1304.7224340260886,
    1475.493017198706,
    2861.150281987712,
    1529.7054858309523,
    1887.9902493134516,
    1513.1436688877795,
    1496.599971962262,
    1339.3863152522806,
    1787.0385631371305,
    1236.949480116493,
    1360.1695169089385,
    2076.1568038470423,
    1323.729761189929,
    2122.4085550207756,
    1573.665494045919,
    1425.2095912565114,
    1421.9320901425801,
    2456.795542708846,
    3095.8698658279473,
    1843.555493963379,
    1238.6127221771849,
    2515.3072309340037,
    2344.415549443477,
    1474.835489680881,
    1555.0492654063348,
    1473.577638852651,
    2739.831229486557,
    2429.0833029434334,
    3666.8684151747034,
    3590.3173702656263,
    3565.586417560846,
    2154.308035038867,
    2463.3717891859364,
    2153.2589959898874,
    2788.1957178867538,
    3607.5613929943347,
    3674.170861575818,
    3446.5691075651634,
    3559.2545832723063,
    3577.617049083528,
    3591.715009516857,
    3538.432507838908,
    2304.665686587375,
    3704.731200795704,
    3547.1795374143626,
    1315.2880267528226,
    3554.904153665731,
    2660.170706300322,
    2363.650575326201,
    1781.8123688367632,
    2333.012133699171,
    1402.5658713807504,
    2133.437273618446,
    1076.9630267793668,
    1416.2691688992145,
    2078.0614138406213,
    1350.647181764269,
    3134.8917355081435,
    1021.3805067439505,
    1630.1285517373888,
    2596.897282397793,
    2599.275774036122,
    3678.2386348702357,
    2237.7523525229785,
    1450.7834739295124,
    1575.7253997110492,
    2467.679556652233,
    1430.0996981862102,
    3654.179826785609,
    2865.162012662878,
    3523.028084312795,
    2120.926760466054,
    3630.3080350651503,
    2337.3537094854023,
    1796.9020288086513,
    2877.5107274777943,
    1352.885447171745,
    1868.4608125668838,
    1712.1518291058753,
    2540.8196016359266,
    1928.3670803157866,
    3684.902536481002,
    3535.4138254897002,
    1732.7664979914384,
    2725.1748308304827,
    1724.9386485138245,
    3548.8721237345776,
    2728.4117161656623,
    2228.6722864845956,
    2620.22335976717,
    3085.104054334966,
    2498.545677268033,
    2111.1101605708154,
    1610.0665235135837,
    745.809634005753,
    1705.0725419241187,
    1744.2880267627545,
    3589.4600149686094,
    1979.5568305598406,
    716.5604074841114,
    1840.0272077572024,
    2813.965630919787,
    2112.7467757657414,
    3213.567134471047,
    3704.70407200511,
    1436.1852007450432,
    996.9230742306942,
    3581.8883692874792,
    3474.6359587304514,
    987.6835141454264,
    3545.7022438768995,
    3568.5860365720882,
    1991.1666397829183,
    1558.048500649286,
    1889.445216463708,
    2309.185934746353,
    2716.515435064412,
    1811.5225882639088,
    2984.033101421565,
    2155.0865980872945,
    2286.2148138588154,
    1658.0204977667504,
    3531.645071266542,
    3591.799253831304,
    3550.4091371794907,
    1530.4178587503195,
    2433.481770930938,
    3560.7734094128523
  ],