{
  "env": "Hopper-v4",
  "agent": "Optimal_GRPO",
  "seed": 4,
  "config": {
    "hidden_dim": 256,
    "lr": 0.0003,
    "gamma": 0.99,
    "lam": 0.95,
    "eps_clip": 0.2,
    "n_epochs": 10,
    "batch_size": 64,
    "n_steps": 2048,
    "ent_coef": 0.0,
    "vf_coef": 0.5,
    "max_grad_norm": 0.5,
    "use_obs_norm": true,
    "use_adv_norm": true,
    "use_lr_anneal": true,
    "use_vclip": false,
    "device": "cpu",
    "total_timesteps": 1000000,
    "eval_freq": 20480,
    "n_eval_episodes": 10,
    "eval_mode": "deterministic_mean"
  },
  "total_steps": 1001472,
  "elapsed_s": 1037.7103378772736,
  "final_reward": 2334.12098613765,
  "peak_reward": 2112.9019943563226,
  "max_reward": 3247.8910431954437,
  "eval_rewards": [
    147.44155315199177,
    290.6179090562474,
    425.7861718630039,
    603.3075943959514,
    585.7782800732933,
    657.1335320085976,
    643.0346208775702,
    930.2298743937984,
    776.6608658871982,
    995.826634992875,
    1048.6938330810099,
    1169.4273109753058,
    2164.7977362570223,
    1593.9897618688606,
    1387.1264779058451,
    1130.6183366125442,
    2139.105001308645,
    3186.3281323336,
    3178.7397315316953,
    1906.286068155085,
    1530.8528580272043,
    2314.7415347050533,
    2259.6337965253933,
    1141.7244735389418,
    2919.9067613840134,
    1377.7999897203986,
    2187.637060742874,
    1472.2714417723398,
    2794.4143910466914,
    1440.2649773133703,
    1146.3486257919362,
    1917.0171273272322,
    3234.8261777485195,
    897.3780775036148,
    1993.989366287674,
    1460.304495259133,
    1742.1101907214518,
    1571.7062126890237,
    1231.8637884666737,
    1885.9936925374077,
    2090.8023448267427,
    3247.8910431954437,
    3064.451757114766,
    2369.850235597104,
    1668.4805775055506,
    2255.8701009090632,
    3046.269136703367,
    2129.678225992569,
    1581.9227469944879
  ],
  "eval_steps": [
    2048,
    22528,
    43008,
    63488,
    83968,
    104448,
    124928,
    145408,
    165888,
    186368,
    206848,
    227328,
    247808,
    268288,
    288768,
    309248,
    329728,
    350208,
    370688,
    391168,
    411648,
    432128,
    452608,
    473088,
    493568,
    514048,
    534528,
    555008,
    575488,
    595968,
    616448,
    636928,
    657408,
    677888,
    698368,
    718848,
    739328,
    759808,
    780288,
    800768,
    821248,
    841728,
    862208,
    882688,
    903168,
    923648,
    944128,
    964608,
    985088
  ],
  "episode_rewards": [
    3005.476616852458,
    2601.823561080257,
    1887.6373552363982,
    1482.642530780379,
    1328.1399441473793,
    1294.6256538355174,
    1266.123214650549,
    1804.5156347601696,
    2053.8876008201323,
    1835.5835572017254,
    1141.3485076756635,
    1330.3832436537725,
    2303.704930639291,
    1141.627723086594,
    1449.4321994203056,
    1398.0985534358203,
    1956.297306524666,
    1203.288067282396,
    2356.988392434424,
    1246.7300649750275,
    2592.2218217263344,
    1266.7636205809765,
    2038.461290331645,
    2219.245151627323,
    1241.8633422749529,
    1079.682569888819,
    1044.3551881492356,
    2100.1638750788766,
    1845.6690461611688,
    2029.920673788548,
    1279.8474818148998,
    1882.931843094308,
    1633.6896599947347,
    2058.038530365241,
    1602.7931430976162,
    1280.617332139182,
    695.2690643227044,
    978.1930301817148,
    1941.7686099689988,
    1042.672224815944,
    773.6046575355455,
    1909.1765165125,
    1107.0165932139423,
    1112.4838981216176,
    1203.0286568056174,
    1677.0837588960121,
    1222.3820993529307,
    1174.3490432890455,
    1743.0492333187713,
    1133.4064591828082,
    3238.410823298413,
    1670.2429094244856,
    1003.907787390342,
    1424.1017517290627,
    1811.2957766737998,
    1908.5965595267219,
    1771.0775035378856,
    1082.6313254205927,
    1357.3474812406057,
    2088.5647413622846,
    1227.6493021336494,
    2327.994303910775,
    2928.3606352887305,
    2498.8643098457974,
    1310.7572301725418,
    3145.9865820651635,
    1309.514131448372,
    2067.892735839953,
    1440.8977852754713,
    1604.5240503879234,
    1065.3104399539159,
    3236.2887713074524,
    1255.673236668681,
    2012.794817234336,
    3244.5545585710342,
    3217.518632961601,
    2603.7024480215505,
    1471.8481342765072,
    3143.768700152516,
    2537.79413835787,
    1771.0090159224796,
    1236.9350220304445,
    1907.8517993202406,
    2384.326829573902,
    2186.890134648681,
    979.8250110021254,
    1542.2353908247853,
    2836.9591347656683,
    3326.7519525333737,
    3232.6712114600155,
    1939.8724655018855,
    1073.731529190391,
    1114.0900137244669,
    686.7549939809476,
    3394.807672657821,
    1235.5394143168373,
    3275.162311276421,
    722.3977331629719,
    1964.769874305833,
    1376.6250341459784,
    2316.043790368531,
    692.3291505068933,
    870.4574243690018,
    2183.629623762589,
    2048.0308067345995,
    2038.6201380921636,
    2947.5311011406457,
    2534.9730511974385,
    1015.5645259689719,
    1630.1546609769678,
    1193.1759076506164,
    1789.4910750703157,
    936.4742777817487,
    820.8780517596238,
    989.5788000787011,
    878.4924335771351,
    1556.7859498068926,
    695.2003391687064,
    1776.321477114228,
    858.3435120125337,
    3288.0477060475773,
    1961.121006882858,
    3387.7578575301,
    1467.3441317740526,
    2901.794626670224,
    1459.5084583681653,
    2645.3090402594576,
    1125.7185619318466,
    3316.3487838551982,
    1052.286148278807,
    2020.3176313639808,
    2331.3969032922278,
    1199.8857523661989,
    2528.151233491945,
    1949.887662994142,
    1377.8665512267648,
    1186.4343258807235,
    3325.6892848153834,
    1488.6526586390062,
    3349.1439583320202,
    3262.237236987432,
    1235.524254150546,
    3250.6741902326503,
    1001.5258499228329,
    2166.8993049064893,
    1244.6631469786903,
    1915.9004865653355,
    970.5397419796554,
    970.4840261469587,
    966.0678411975564,
    1538.78040087956,
    1170.9496586824557,
    3300.4743781379043,
    2595.063707755356,
    3331.3665332808077,
    966.0769164105484,
    2531.2335265061956,
    1248.3047934963727,
    3247.782081400068,
    697.9324661288586,
    1266.239939750736,
    1126.4469904727378,
    1506.8839877028602,
    2841.7873078495904,
    1066.4887712529596,
    1504.5616091634886,
    3354.1827026028677,
    1424.7541275952585,
    3246.982721341194,
    2355.723627478707,
    1783.7287439329739,
    1176.9761845852788,
    1851.4628690446716,
    1534.3396683904512,
    977.7207698962892,
    3265.538908032493,
    2578.6557378534344,
    1674.7250062065566,
    2145.667807806668,
    1785.2102878201827,
    1779.0895394861964,
    3358.1197292577604,
    3246.735169176203,
    1228.8911067259828,
    3125.8527647201017,
    2642.867429467805,
    1311.9853232940666,
    1517.7540780437419,
    983.2475114895074,
    2668.463181552879,
    1753.0396779015175,
    2924.1956984166013,
    1083.9019991129774,
    1170.091559355828,
    2905.4983662989866,
    1162.164560416391,
    2806.3111383293394,
    2212.8915510530487,
    3236.5130450990177,
    3325.4812875770663
  ],