{
  "env": "HumanoidStandup-v4",
  "agent": "Optimal_HCGAE_Optimal",
  "seed": 10,
  "config": {
    "hidden_dim": 256,
    "lr": 0.0003,
    "gamma": 0.99,
    "lam": 0.95,
    "eps_clip": 0.2,
    "n_epochs": 10,
    "batch_size": 64,
    "n_steps": 2048,
    "ent_coef": 0.0,
    "vf_coef": 0.5,
    "max_grad_norm": 0.5,
    "use_obs_norm": true,
    "use_adv_norm": true,
    "use_lr_anneal": true,
    "use_vclip": false,
    "device": "cpu",
    "total_timesteps": 1000000,
    "eval_freq": 20480,
    "n_eval_episodes": 10,
    "eval_mode": "deterministic_mean"
  },
  "total_steps": 1001472,
  "elapsed_s": 2195.4325091838837,
  "final_reward": 84634.81971040231,
  "peak_reward": 85279.24202176055,
  "max_reward": 102859.56337434948,
  "eval_rewards": [
    28151.132485476126,
    53577.50324554248,
    59190.626426848605,
    57136.300265137186,
    61965.198893486384,
    57564.24604337723,
    73175.23304560981,
    74271.59792501267,
    71448.65097537027,
    69671.69082320335,
    57047.83420443167,
    58784.66666103269,
    71625.46091356923,
    56780.107158929364,
    68505.37845493581,
    58568.98913049263,
    71835.28826102144,
    74592.8448002315,
    72828.6847418519,
    71494.28969623466,
    74619.70841903603,
    61533.63946377537,
    72741.31857522557,
    69822.97720820132,
    75068.67541862224,
    71436.59829413299,
    70312.45428381211,
    74447.48234450577,
    68894.702070713,
    70802.9769796853,
    85187.97439075164,
    82425.12726531982,
    102859.56337434948,
    100902.36442640764,
    75395.11257610303,
    100605.33113151537,
    91271.78565825455,
    82807.87002050408,
    87800.49317461488,
    86639.18512175787,
    82362.1000668062,
    92227.33538667098,
    89918.53437152752,
    80404.79673852175,
    83836.95130234768,
    81760.01230065037,
    83837.49935400287,
    80561.88740840707,
    84799.89505333066
  ],
  "eval_steps": [
    2048,
    22528,
    43008,
    63488,
    83968,
    104448,
    124928,
    145408,
    165888,
    186368,
    206848,
    227328,
    247808,
    268288,
    288768,
    309248,
    329728,
    350208,
    370688,
    391168,
    411648,
    432128,
    452608,
    473088,
    493568,
    514048,
    534528,
    555008,
    575488,
    595968,
    616448,
    636928,
    657408,
    677888,
    698368,
    718848,
    739328,
    759808,
    780288,
    800768,
    821248,
    841728,
    862208,
    882688,
    903168,
    923648,
    944128,
    964608,
    985088
  ],
  "episode_rewards": [
    78958.60915437188,
    87324.0645345792,
    83623.98851812084,
    82251.2971361375,
    80969.62930702331,
    79823.86617119938,
    72642.35458960918,
    91380.33781527964,
    74438.29007943174,
    73645.64446984632,
    85595.25872256893,
    73617.93011032308,
    74845.33278495674,
    93206.97085759195,
    84695.06227782265,
    76392.84481748476,
    71338.44618240323,
    78225.45024960839,
    80713.12534122806,
    75779.61374954222,
    76201.97049565897,
    83992.78270381823,
    75224.70274010437,
    72967.29477649923,
    67048.81860849052,
    87225.5749775593,
    68011.80658959722,
    72198.01616979537,
    85904.46185220592,
    87785.13047247085,
    70438.41257818836,
    79525.311369485,
    80159.50159974498,
    76159.52887008297,
    70683.92700431566,
    75788.29377102033,
    71062.1031695373,
    91881.97967079669,
    94590.03199219082,
    67757.1475962154,
    70411.54892614474,
    101548.11108060413,
    79603.8156469278,
    85305.6196401313,
    77346.6294125989,
    77035.66471390109,
    70666.4056148898,
    74709.26296576974,
    69340.90028497454,
    87258.232301919,
    77963.27979395911,
    69563.54268237216,
    70375.66573873626,
    76320.30455154985,
    80685.64126624016,
    75571.10602215388,
    106400.6732292474,
    75755.86617962531,
    64476.87908668123,
    90732.55222453554,
    81942.33229950788,
    77740.8907111853,
    72708.428468024,
    70730.67182241642,
    73863.06146991362,
    81958.36827956863,
    76499.90114801639,
    73875.20152426341,
    66557.38655265581,
    73722.10146147344,
    80680.9151821021,
    79036.12651066777,
    74550.66233680594,
    67035.00947480509,
    80461.39128021985,
    70674.5712763147,
    67545.223344382,
    69989.3532638158,
    73971.12976516063,
    88711.2828841178,
    78788.64261898774,
    73758.60986747041,
    76558.42790630515,
    78546.25929120806,
    71157.15870589468,
    64888.99272366379,
    71713.73705712036,
    77697.65165315369,
    75951.06814649714,
    68592.02890326749,
    78830.76022059542,
    77240.55941072106,
    66090.75087025706,
    79255.1102955522,
    76400.68414632125,
    80804.99357844489,
    76920.97901047085,
    93680.72375054553,
    72765.4451860732,
    79557.6929641207,
    68184.56041625125,
    57923.40656765651,
    77957.55739147967,
    77332.64415551735,
    73408.4281779059,
    68655.71209050655,
    110324.27051666875,
    72696.3087991456,
    77024.86679936189,
    81811.00919795786,
    80981.17174336102,
    97032.7194292338,
    87626.7966562072,
    68920.4910013785,
    75928.21135646102,
    100085.21094957994,
    66033.89570030461,
    77649.10707345877,
    72896.134768772,
    79519.1096202553,
    76545.21826380306,
    82345.25799158921,
    97101.13054672469,
    61481.52488962542,
    68771.63284679198,
    69891.23818136136,
    71156.45623732614,
    76277.69407381031,
    74188.70857021627,
    88225.71560348378,
    78488.11705253157,
    78152.55995643731,
    84054.98253016036,
    72668.5547413934,
    74554.51487629759,
    68849.11086615591,
    76121.7806773974,
    72666.17576329983,
    75343.72670568545,
    72712.30263502576,
    72204.72329658878,
    80977.91428882207,
    73759.63036544813,
    85135.75625243035,
    72730.22583174655,
    74175.10533419083,
    65684.78955221816,
    77088.7427512555,
    80320.86804160803,
    68775.93589711019,
    83934.8652635856,
    74279.08043152053,
    73618.00121387227,
    79341.59954012555,
    76533.79983877104,
    75249.06884834333,
    78226.8112110465,
    88383.9976533748,
    86705.75969753695,
    71113.87149004295,
    67184.01836524518,
    76388.51024180133,
    80972.32722445123,
    81673.0259883276,
    79930.26718415206,
    82662.5098895266,
    80928.22461902109,
    69546.37557930544,
    85660.3824755819,
    76113.73181591864,
    68796.47621552,
    76169.38452311933,
    67246.11591031266,
    75076.14459188886,
    72704.75772289133,
    72559.89289579561,
    72419.60241522783,
    72991.71818187018,
    71499.35093419605,
    74897.16459791583,
    77426.61470803518,
    71498.83119249209,
    86777.84759377562,
    61897.42406744149,
    73388.25750530008,
    79167.46999002855,
    78589.95350233142,
    76837.88987427793,
    90617.89862640783,
    76297.17558130088,
    74984.79230366331,
    64679.33150697428,
    82143.91239320557,
    81063.29750980217,
    92882.79427926395,
    82459.77471558977,
    89629.27323589836,
    88342.16306535884,
    82804.17405466597,
    77604.1771343187
  ],
  "diagnostics": [
    {
      "step": 2048,
      "scr_ema": 1.4680135587833272,
      "ev_ema": -3.194711411380613e-06,
      "g_std_ema": 63.95789795021875
    },
    {
      "step": 22528,
      "scr_ema": 3.863397066462798,
      "ev_ema": -0.00011154013441065701,
      "g_std_ema": 502.21269557560146
    },
    {
      "step": 43008,
      "scr_ema": 4.388617292936688,
      "ev_ema": -0.0004475829022740026,
      "g_std_ema": 744.5110323591966
    },
    {
      "step": 63488,
      "scr_ema": 5.012060927309785,
      "ev_ema": -0.0023127593894003264,
      "g_std_ema": 750.2330480737894
    },
    {
      "step": 83968,
      "scr_ema": 4.648538445692011,
      "ev_ema": -0.003783265151765754,
      "g_std_ema": 900.9739855862767
    },
    {
      "step": 104448,
      "scr_ema": 4.043479460410587,
      "ev_ema": -0.0049296073944250455,