{
  "env": "HumanoidStandup-v4",
  "agent": "Optimal_HCGAE_Optimal",
  "seed": 18,
  "config": {
    "hidden_dim": 256,
    "lr": 0.0003,
    "gamma": 0.99,
    "lam": 0.95,
    "eps_clip": 0.2,
    "n_epochs": 10,
    "batch_size": 64,
    "n_steps": 2048,
    "ent_coef": 0.0,
    "vf_coef": 0.5,
    "max_grad_norm": 0.5,
    "use_obs_norm": true,
    "use_adv_norm": true,
    "use_lr_anneal": true,
    "use_vclip": false,
    "device": "cpu",
    "total_timesteps": 1000000,
    "eval_freq": 20480,
    "n_eval_episodes": 10,
    "eval_mode": "deterministic_mean"
  },
  "total_steps": 1001472,
  "elapsed_s": 1733.8568997383118,
  "final_reward": 88211.87633460895,
  "peak_reward": 65753.300424378,
  "max_reward": 108392.6637535637,
  "eval_rewards": [
    32541.173903731775,
    61818.891347979,
    76055.2612124333,
    108392.6637535637,
    62331.132896315146,
    58832.803027945294,
    59166.632287512184,
    63067.82390258611,
    60566.14604363197,
    74760.47586808159,
    71822.54580780996,
    80454.67557113091,
    72863.96437440386,
    72729.6255970862,
    79037.87820240184,
    82881.99039131544,
    66645.20897108549,
    78070.92987670659,
    72686.05844271355,
    73102.25542507623,
    67879.94449355193,
    65020.14251910117,
    76152.0312507357,
    75521.10026756648,
    79354.12374976414,
    76182.763526318,
    65393.52581831608,
    87460.13931519113,
    80650.83279701024,
    93599.45788437201,
    80711.70141843738,
    78237.10103457021,
    81178.08237063025,
    84276.9007664064,
    78235.28919630947,
    80020.31620987096,
    84341.72044070806,
    80926.87274365788,
    79620.84465438144,
    85948.45507531571,
    84488.67144666231,
    88484.00779025433,
    90173.35657717366,
    86427.02628127462,
    86003.66565518007,
    91303.89174901509,
    88185.37780753661,
    87731.42575766162,
    93372.88520601559
  ],
  "eval_steps": [
    2048,
    22528,
    43008,
    63488,
    83968,
    104448,
    124928,
    145408,
    165888,
    186368,
    206848,
    227328,
    247808,
    268288,
    288768,
    309248,
    329728,
    350208,
    370688,
    391168,
    411648,
    432128,
    452608,
    473088,
    493568,
    514048,
    534528,
    555008,
    575488,
    595968,
    616448,
    636928,
    657408,
    677888,
    698368,
    718848,
    739328,
    759808,
    780288,
    800768,
    821248,
    841728,
    862208,
    882688,
    903168,
    923648,
    944128,
    964608,
    985088
  ],
  "episode_rewards": [
    81823.26748171015,
    81820.90517471878,
    78068.63332533525,
    72434.07325975974,
    80771.46361164954,
    90188.51230508772,
    74346.24263844408,
    73559.15204206789,
    74871.40614889847,
    76021.4114281982,
    84082.17146116393,
    71208.58995128568,
    73495.29752500354,
    82039.85716328694,
    71765.19950043029,
    94175.07883961145,
    83294.83835204577,
    78724.3920808866,
    99977.7532988658,
    73280.44473645852,
    98287.60141637425,
    75636.18753180023,
    78181.3753568584,
    64120.43510809259,
    84204.83427304067,
    69532.6963493143,
    89174.35880868578,
    85442.60386063808,
    79616.94558755921,
    79112.92692839883,
    89128.59807249095,
    88284.41773153578,
    88985.8894037614,
    66221.54589480325,
    65392.080502990175,
    69669.91119435556,
    70911.6674004478,
    70042.45761881144,
    80766.73217784842,
    73454.63728072985,
    62070.960243253714,
    89251.20975347963,
    86222.37571470435,
    88581.97430875184,
    97374.62472715283,
    68910.65207597213,
    82841.0644748771,
    76720.93966668755,
    92669.02686776507,
    80185.78600306649,
    89145.21687503078,
    79376.23202401887,
    67224.6091521749,
    81581.5482312792,
    74036.35155303858,
    68524.0913103905,
    80537.35445888214,
    63430.34454410702,
    79539.65165960156,
    87190.58768623501,
    73290.10689146422,
    75202.30930924388,
    96502.06411472928,
    80368.13729305778,
    85346.78245706549,
    72053.84487123135,
    65427.23682189503,
    71253.4896158246,
    102815.94927949339,
    92367.94381522687,
    72802.7438821345,
    100011.44004585217,
    83843.64055583683,
    104156.70496021543,
    74938.13740596507,
    98725.2981821844,
    95025.76812387475,
    79667.42949212628,
    87966.94615853456,
    61584.0764175349,
    78281.56276586355,
    90983.79252762771,
    91994.23327787616,
    68513.59799087433,
    83580.55335239295,
    87108.3129953558,
    88506.9138788611,
    69071.79437446102,
    80690.4241503145,
    95671.6864114338,
    94169.83849636624,
    70196.77395606964,
    77652.49354826192,
    77718.39569234011,
    96313.35634580346,
    59014.571342488496,
    71444.53097391146,
    72098.86774064186,
    66757.52001796613,
    84733.34373702371,
    83149.63814426663,
    90407.64221082722,
    68052.03603953253,
    82067.19450251885,
    72868.50011872663,
    80972.23698552136,
    76112.1295162173,
    81335.26344460336,
    79090.47286638602,
    75640.21717562106,
    86591.12243349921,
    85983.58227366961,
    75817.23604917538,
    73225.55223492443,
    85731.86590934412,
    78493.64513677952,
    77056.37795231529,
    82442.9797287959,
    98261.64305688153,
    87026.08623666418,
    88592.68637058165,
    85359.4529279335,
    96997.85851729113,
    75926.61155797547,
    90936.4267886855,
    77403.86806575157,
    86162.0348349028,
    100035.71707477262,
    74369.07470949458,
    81145.22083945698,
    76833.38260727949,
    95212.13916605794,
    86725.49143935663,
    68632.35142373029,
    95668.43405061017,
    83971.86905463257,
    84470.45761048603,
    55680.882900911834,
    89336.44716221222,
    73288.61904238204,
    93769.7175029198,
    69904.22424170488,
    79576.23745050743,
    73792.70697208152,
    79596.141473996,
    82618.90011382353,
    86822.27054724295,
    72347.16327997511,
    77060.50094193066,
    74304.3950093115,
    82140.788399176,
    67607.5023484015,
    90864.39078951886,
    74815.53052864633,
    80699.49249063618,
    87975.34645607922,
    92785.85452179535,
    68341.48008308368,
    74745.530572195,
    74279.65371344305,
    98991.6040032376,
    67714.25189898185,
    100667.3902917774,
    76345.4946058128,
    71514.12564977803,
    71384.57100287716,
    84164.18755737321,
    82022.58721523784,
    93294.19422246402,
    80958.4859601854,
    91313.10149249881,
    98583.28939783087,
    76147.81814072414,
    73801.12325987776,
    71744.78952169004,
    80259.42761324793,
    90910.04607350909,
    67917.79133335916,
    110194.12405564358,
    87167.56468534787,
    79604.67267671628,
    97992.29731723167,
    67502.64763367546,
    95568.52686716894,
    106492.69187384026,
    81304.93086090073,
    73786.16776319325,
    88041.74672694244,
    80307.52406969655,
    90769.65946134277,
    73076.71342429263,
    79429.30347861665,
    68926.81666523397,
    70210.17757343885,
    82427.53155196206,
    72074.76312149443,
    92540.51502054367,
    91541.22351593236,
    78717.7381140611,
    76092.7789791865
  ],
  "diagnostics": [
    {
      "step": 2048,
      "scr_ema": 1.4558766671410277,
      "ev_ema": 6.552385520652848e-06,
      "g_std_ema": 64.8316162119375
    },
    {
      "step": 22528,
      "scr_ema": 3.961543377317067,
      "ev_ema": -0.0028180550114975137,
      "g_std_ema": 511.1877786078623
    },
    {
      "step": 43008,
      "scr_ema": 4.607949570946272,
      "ev_ema": 0.006736639561182229,
      "g_std_ema": 698.7333232552438
    },
    {
      "step": 63488,
      "scr_ema": 4.705344785024296,
      "ev_ema": 0.002241461110501333,
      "g_std_ema": 849.5525777373845
    },
    {
      "step": 83968,
      "scr_ema": 4.172766896904737,
      "ev_ema": -0.0006257984727766517,
      "g_std_ema": 1095.057940244833
    },
    {
      "step": 104448,
      "scr_ema": 3.845806386120908,
      "ev_ema": -0.0028336916648133968,