{
  "env": "HumanoidStandup-v4",
  "agent": "Optimal_HCGAE_Optimal",
  "seed": 19,
  "config": {
    "hidden_dim": 256,
    "lr": 0.0003,
    "gamma": 0.99,
    "lam": 0.95,
    "eps_clip": 0.2,
    "n_epochs": 10,
    "batch_size": 64,
    "n_steps": 2048,
    "ent_coef": 0.0,
    "vf_coef": 0.5,
    "max_grad_norm": 0.5,
    "use_obs_norm": true,
    "use_adv_norm": true,
    "use_lr_anneal": true,
    "use_vclip": false,
    "device": "cpu",
    "total_timesteps": 1000000,
    "eval_freq": 20480,
    "n_eval_episodes": 10,
    "eval_mode": "deterministic_mean"
  },
  "total_steps": 1001472,
  "elapsed_s": 1715.6467609405518,
  "final_reward": 96361.5192565284,
  "peak_reward": 96361.5192565284,
  "max_reward": 103939.21860955723,
  "eval_rewards": [
    27108.81048930994,
    50589.54226981731,
    75056.89957470541,
    75163.24018246938,
    48671.59823461115,
    59250.94283686268,
    65573.89523885232,
    64258.526203620786,
    67901.31547094339,
    63534.467938341455,
    71756.53003145165,
    71130.50632416629,
    63740.733290010554,
    81867.88237485859,
    75588.01263691294,
    83737.89774301808,
    72705.24807596962,
    68076.73253353438,
    71688.3910763949,
    73334.22609692786,
    74109.71979153535,
    74899.99944259532,
    69808.7042652528,
    75530.34416420602,
    73054.08464677454,
    72828.75477739559,
    74054.43752433234,
    73862.70886776855,
    82297.05229412133,
    86636.50246342624,
    83443.87014545393,
    87560.8654754642,
    95417.57794021184,
    103659.3869490686,
    91806.41219523858,
    97157.17758729235,
    99507.41264707725,
    100800.86265928371,
    98261.89714151753,
    101924.21376356174,
    98162.61069187903,
    103130.74843518884,
    91141.56764524074,
    91151.32115527996,
    103939.21860955723,
    91655.79248003424,
    97846.8838557502,
    93956.33337392253,
    90706.50255486954
  ],
  "eval_steps": [
    2048,
    22528,
    43008,
    63488,
    83968,
    104448,
    124928,
    145408,
    165888,
    186368,
    206848,
    227328,
    247808,
    268288,
    288768,
    309248,
    329728,
    350208,
    370688,
    391168,
    411648,
    432128,
    452608,
    473088,
    493568,
    514048,
    534528,
    555008,
    575488,
    595968,
    616448,
    636928,
    657408,
    677888,
    698368,
    718848,
    739328,
    759808,
    780288,
    800768,
    821248,
    841728,
    862208,
    882688,
    903168,
    923648,
    944128,
    964608,
    985088
  ],
  "episode_rewards": [
    80408.53651225923,
    80529.18801034868,
    80026.42593707496,
    80959.470533753,
    76931.38619313322,
    86543.76238474504,
    83461.27674510624,
    81156.70459510089,
    77069.81350576117,
    70658.48265442878,
    77110.71224908424,
    77675.90932663181,
    84679.46364134343,
    81979.3324283087,
    86388.27630983446,
    91684.68487400505,
    91132.38769960843,
    75805.83744997226,
    81692.80891591735,
    76221.46316647192,
    82742.75917390031,
    79683.70016066612,
    81719.96725548127,
    85559.95869453273,
    82172.97936781889,
    77112.08509191804,
    78892.05305316605,
    97654.85165269928,
    79745.62152408277,
    86032.40027271153,
    84538.33993019174,
    71272.05878029966,
    83645.33128449593,
    83342.50482033742,
    77441.60943264594,
    78187.22109760644,
    91985.12956062822,
    82942.16612303168,
    76144.45781244746,
    88890.17180230869,
    83037.72444568822,
    76905.30756166218,
    78241.37259588916,
    83164.61520192308,
    82940.82859646683,
    92341.6182891935,
    90033.73545321693,
    87378.61256263779,
    101222.40609424912,
    87757.60375812603,
    77431.17147475266,
    74350.08491299102,
    75413.38970026848,
    89874.68228700668,
    73443.96260252965,
    82615.10899137963,
    87553.17907339282,
    85468.234487269,
    79943.92596680205,
    83618.7185793754,
    91192.84034217044,
    69395.2065785666,
    77996.14214594977,
    80787.62579624128,
    82638.71280169496,
    90409.25903064407,
    83665.12297606387,
    85395.09659586303,
    84605.14310720167,
    89185.40759640011,
    84802.29636467443,
    85472.65199702141,
    83389.88636638496,
    78048.18332595995,
    85725.43762195262,
    83823.51107934548,
    78144.20067471133,
    81626.78961278728,
    85654.51754266913,
    66115.87741439935,
    88533.71770012953,
    93056.14127391479,
    80428.42026722153,
    82281.19208593827,
    81846.93875510915,
    90192.64814773313,
    81062.08790697693,
    90320.2750732864,
    83255.02437324553,
    81175.9025176151,
    94928.5235971281,
    79424.96824155444,
    76182.4391661646,
    93993.80225128512,
    71787.21804406325,
    83384.7240981341,
    86434.73434274949,
    79570.6268682239,
    83132.82108990455,
    79351.51550070889,
    94027.59849814832,
    80091.22048523914,
    85408.11494192609,
    86262.06392724976,
    74665.28000819984,
    96630.8985797215,
    71656.33422724124,
    68499.2679352589,
    89516.78710372861,
    79294.78291895478,
    85012.58929263186,
    88615.515017624,
    83509.85869054259,
    99017.94798271565,
    93746.10073767565,
    84458.28095526861,
    76866.32336728898,
    82536.10308177343,
    85093.2651307159,
    85842.35894249131,
    87773.20715709694,
    87974.9171833077,
    86891.79077236274,
    73369.97624390706,
    78027.23466940418,
    88601.46789265709,
    81054.34840171796,
    93546.86694516228,
    74670.94783902474,
    95268.13875134884,
    86200.09938923009,
    72010.50209565437,
    81176.78764124909,
    76448.03867664469,
    96477.22416345227,
    96457.03791250089,
    93746.92185328336,
    80846.28087627164,
    73559.97772952821,
    91008.98189798054,
    77158.90361916614,
    84952.64002645342,
    102784.26434677004,
    87271.8072886817,
    75234.7284054389,
    88383.63815690036,
    95627.48566652754,
    79363.74193636078,
    78124.5588091877,
    79472.04824607096,
    74056.32459731921,
    93388.52049512853,
    85691.80858192612,
    84196.0944130094,
    95364.0009339941,
    87766.8693470572,
    82324.84851675856,
    89339.39976037569,
    74976.75573363547,
    87010.51993188295,
    86380.265947855,
    72654.24110663887,
    80398.14147838936,
    83578.46936535093,
    77030.27965716628,
    98879.29876117366,
    81105.1408620786,
    81075.77771029051,
    86099.69759523893,
    91217.71172375951,
    89780.51331178685,
    90598.66640784984,
    80352.4270624827,
    85152.62265211431,
    82703.14947304214,
    94617.0546983398,
    83498.36853977572,
    84155.97712885775,
    85782.22164682424,
    82739.23964589834,
    93449.07124344599,
    86525.57539583214,
    85191.42122990133,
    81470.71684457651,
    77275.37418663343,
    84809.05134418803,
    81127.0543999857,
    81929.01468115475,
    80503.79593603987,
    85784.39348860962,
    83731.83013439499,
    87809.1247022532,
    84455.57177837433,
    84825.95099425888,
    83381.0211611073,
    83853.1326092186,
    88612.7060928986,
    77991.56587999215,
    99412.90351014046,
    85180.08463628785
  ],
  "diagnostics": [
    {
      "step": 2048,
      "scr_ema": 1.4316166510117825,
      "ev_ema": 7.137354483266467e-06,
      "g_std_ema": 68.73560791115627
    },
    {
      "step": 22528,
      "scr_ema": 4.003665457612639,
      "ev_ema": -0.0068162158239188095,
      "g_std_ema": 488.51492215170947
    },
    {
      "step": 43008,
      "scr_ema": 4.7780193482118944,
      "ev_ema": -0.0035531623356729854,
      "g_std_ema": 662.9328737603255
    },
    {
      "step": 63488,
      "scr_ema": 5.051374444598159,
      "ev_ema": -0.0030954706208145477,
      "g_std_ema": 757.578383357347
    },
    {
      "step": 83968,
      "scr_ema": 4.789975741272393,
      "ev_ema": -0.004009655035012898,
      "g_std_ema": 865.4754891407122
    },
    {
      "step": 104448,
      "scr_ema": 4.182649696183803,
      "ev_ema": -0.004575053638372972,