{
  "env": "HumanoidStandup-v4",
  "agent": "Optimal_HCGAE_Optimal",
  "seed": 4,
  "config": {
    "hidden_dim": 256,
    "lr": 0.0003,
    "gamma": 0.99,
    "lam": 0.95,
    "eps_clip": 0.2,
    "n_epochs": 10,
    "batch_size": 64,
    "n_steps": 2048,
    "ent_coef": 0.0,
    "vf_coef": 0.5,
    "max_grad_norm": 0.5,
    "use_obs_norm": true,
    "use_adv_norm": true,
    "use_lr_anneal": true,
    "use_vclip": false,
    "device": "cpu",
    "total_timesteps": 1000000,
    "eval_freq": 20480,
    "n_eval_episodes": 10,
    "eval_mode": "deterministic_mean"
  },
  "total_steps": 1001472,
  "elapsed_s": 2313.6138010025024,
  "final_reward": 82117.82629198181,
  "peak_reward": 82117.82629198181,
  "max_reward": 95788.121096509,
  "eval_rewards": [
    28248.339100839592,
    56895.23793081922,
    67800.68529659297,
    64496.12480268065,
    78918.49763126133,
    68441.0601100622,
    64311.16226586152,
    53847.2049891238,
    95604.95035148323,
    68715.24591286099,
    65362.020024395395,
    69646.83110369137,
    69414.14563546344,
    65417.784759312155,
    69715.01217372296,
    75642.23117350489,
    68164.60635643326,
    72186.49468035321,
    64806.13532357679,
    73166.28851238822,
    82401.04416808345,
    81664.50404741876,
    69821.31654888525,
    69408.02457228724,
    76679.04412484156,
    76199.61551007301,
    75519.12522500087,
    63881.98044179458,
    80314.13931752622,
    82273.13917081826,
    77662.43252322996,
    73920.2664842252,
    81548.27945749983,
    82955.59184042376,
    91867.97701426335,
    80000.2624436495,
    80267.55030960307,
    74211.62774613491,
    79645.80074097993,
    76284.03607742071,
    73127.7971647542,
    71875.69252117208,
    74685.33813695775,
    82303.56599991731,
    87510.12157089594,
    95788.121096509,
    86486.3323771272,
    82897.323724376,
    90219.9342506878
  ],
  "eval_steps": [
    2048,
    22528,
    43008,
    63488,
    83968,
    104448,
    124928,
    145408,
    165888,
    186368,
    206848,
    227328,
    247808,
    268288,
    288768,
    309248,
    329728,
    350208,
    370688,
    391168,
    411648,
    432128,
    452608,
    473088,
    493568,
    514048,
    534528,
    555008,
    575488,
    595968,
    616448,
    636928,
    657408,
    677888,
    698368,
    718848,
    739328,
    759808,
    780288,
    800768,
    821248,
    841728,
    862208,
    882688,
    903168,
    923648,
    944128,
    964608,
    985088
  ],
  "episode_rewards": [
    76830.1009679866,
    75262.12054847526,
    106827.87469061566,
    77397.8987543318,
    95508.06456479958,
    104382.57699583568,
    93079.51785133519,
    96466.50378522764,
    64876.28324501324,
    77394.43322441171,
    80210.32540680678,
    86939.71755145429,
    79859.22473711551,
    76336.43598202249,
    93626.8303534176,
    88748.1915702344,
    95684.93024739955,
    83022.88928242787,
    83586.8354771766,
    84743.0622746146,
    77655.05703703026,
    79826.62838025043,
    85607.31366434603,
    102053.56624619255,
    73165.3185566637,
    78883.85560635172,
    96475.41316524295,
    76349.1267146982,
    101139.27189015887,
    74954.3231024941,
    84840.72371400498,
    89407.17823880397,
    73810.05226510079,
    61808.864303140545,
    79615.74674327212,
    78768.7478735918,
    71385.26377433797,
    96688.15853550879,
    96577.84101556744,
    71960.87854055566,
    83467.53879774878,
    88050.95362140967,
    80168.17185015064,
    103831.92882597,
    78620.66202965795,
    74887.80866375375,
    94367.8420913672,
    94725.32580285057,
    95178.96822594437,
    80920.60091904226,
    79815.8395363847,
    83357.90220125609,
    85344.40971430168,
    80137.94610676073,
    90509.8890785452,
    87305.5937756528,
    101858.8320352227,
    85135.14019241594,
    82704.08006891087,
    93651.79008068696,
    82055.16691108167,
    66030.82323080719,
    79514.41062174078,
    66368.82522877086,
    105198.43555327567,
    87630.25622418984,
    79002.45092059029,
    74618.71017072955,
    82171.42178348046,
    75125.72409311483,
    95022.21443470339,
    80694.8596329465,
    104869.22266065511,
    79208.64103690718,
    67371.52038978093,
    73568.65717747044,
    81834.12087223916,
    63276.78219706223,
    87950.4058894034,
    76027.16802201394,
    93160.24870315059,
    74470.93018846802,
    66729.87994813072,
    88152.72299642555,
    85695.37220216078,
    80774.34701488669,
    68822.86968048957,
    79336.40738647294,
    102769.1572813603,
    107913.93052486643,
    89588.02771230317,
    95722.74616457612,
    89594.8876342173,
    101119.51371574338,
    87433.57475595754,
    78887.59065852589,
    89400.39472180148,
    73910.08747892061,
    89328.30556890849,
    80694.51920525184,
    74439.33935040732,
    72206.48757147507,
    70780.15358766862,
    74362.78020058255,
    85218.80469579814,
    82733.83938581936,
    76456.11712465335,
    73930.05647496901,
    79877.8022224171,
    111356.85383426273,
    73052.75551762778,
    97466.6677508085,
    78301.37896164054,
    77240.91932957144,
    105660.65675747283,
    74354.20559000016,
    77024.5695650419,
    85838.86908550521,
    76251.62959148265,
    92227.98529864775,
    77300.78338451085,
    71998.1182359641,
    71228.53928504333,
    72093.61293559149,
    85434.2360003667,
    81954.79125123352,
    90780.14088944613,
    63168.24781994205,
    77793.10039568588,
    74636.63751612502,
    83039.74204311808,
    79177.51287928336,
    74322.66996532395,
    71889.38467258317,
    102717.1498071353,
    78678.3463230132,
    76296.2809378231,
    96362.53099565404,
    68862.41557080303,
    88268.17821655385,
    95315.50114103236,
    93561.58203378922,
    89463.97933237636,
    81229.30261800335,
    85985.78108453722,
    80598.09975571591,
    83530.90024080564,
    73023.42962425077,
    75344.91334264407,
    86654.6411181039,
    91815.69794046211,
    88517.41307778576,
    76424.79054109837,
    78920.19907979589,
    82916.16227494931,
    82406.70008058226,
    64096.875768938364,
    77481.20959128336,
    98594.43031855047,
    73715.40814555937,
    74277.08935881563,
    81746.64774158022,
    74535.50995678116,
    79284.87361011609,
    83213.71161048683,
    82464.06342512992,
    87822.5029111957,
    69316.44350273916,
    81798.94641424835,
    89538.52796572022,
    76663.17195356889,
    92949.64899823701,
    89557.00206692186,
    77391.78711104466,
    71846.51723253503,
    91812.27886989253,
    85668.68272826745,
    75923.34560942187,
    75497.51766781369,
    91979.97460841028,
    86419.7119602433,
    86169.92111779988,
    93955.44107667147,
    88396.3342305365,
    87756.73191548603,
    93394.77545374222,
    81520.75535662504,
    84015.0823739074,
    79513.44490385173,
    77042.40107917889,
    78160.17655707379,
    93571.15600323443,
    79793.89735670282,
    76979.48245108749,
    88782.08841171666,
    96653.20233000923,
    102519.5789380916,
    100082.68037604583,
    80368.80392693686,
    71848.93063227768
  ],
  "diagnostics": [
    {
      "step": 2048,
      "scr_ema": 1.547819773750922,
      "ev_ema": 1.3561160837172181e-05,
      "g_std_ema": 53.55133667092188
    },
    {
      "step": 22528,
      "scr_ema": 4.055226318846538,
      "ev_ema": -0.00024092862709213894,
      "g_std_ema": 493.7792761091381
    },
    {
      "step": 43008,
      "scr_ema": 4.398178450692303,
      "ev_ema": 0.00023794074145069816,
      "g_std_ema": 790.5239168073305
    },
    {
      "step": 63488,
      "scr_ema": 4.626799510320416,
      "ev_ema": -0.0019246796324324925,
      "g_std_ema": 836.7871792203061
    },
    {
      "step": 83968,
      "scr_ema": 4.136454438292347,
      "ev_ema": -0.003821752028807728,
      "g_std_ema": 1029.085216387614
    },
    {
      "step": 104448,
      "scr_ema": 3.784769165186736,
      "ev_ema": -0.005042755614252954,