{
  "env": "HumanoidStandup-v4",
  "agent": "Optimal_HCGAE_Optimal",
  "seed": 6,
  "config": {
    "hidden_dim": 256,
    "lr": 0.0003,
    "gamma": 0.99,
    "lam": 0.95,
    "eps_clip": 0.2,
    "n_epochs": 10,
    "batch_size": 64,
    "n_steps": 2048,
    "ent_coef": 0.0,
    "vf_coef": 0.5,
    "max_grad_norm": 0.5,
    "use_obs_norm": true,
    "use_adv_norm": true,
    "use_lr_anneal": true,
    "use_vclip": false,
    "device": "cpu",
    "total_timesteps": 1000000,
    "eval_freq": 20480,
    "n_eval_episodes": 10,
    "eval_mode": "deterministic_mean"
  },
  "total_steps": 1001472,
  "elapsed_s": 2281.9072568416595,
  "final_reward": 76803.28142478764,
  "peak_reward": 86332.16002745916,
  "max_reward": 106308.14421437975,
  "eval_rewards": [
    29541.334489031848,
    38049.0406606512,
    64286.41941224794,
    66798.34046260983,
    71534.1500076305,
    90205.22340414347,
    76069.3059190178,
    73831.05746423078,
    58174.557696272175,
    89052.15016818568,
    82296.26523542311,
    61074.502536660446,
    66258.65494248053,
    70015.49330749882,
    73280.0959383738,
    73224.18885694025,
    72625.73753113484,
    72446.47929848256,
    73494.34777954394,
    70868.82051542567,
    77542.54706872796,
    85213.67798374774,
    80272.97578915852,
    92464.26951520087,
    90212.12215480757,
    79416.76554314894,
    84802.44965747159,
    76903.36591439674,
    88833.79528660617,
    90445.97033315622,
    106308.14421437975,
    92312.75800124447,
    85120.95572920368,
    74918.0933580728,
    84259.3022369113,
    67949.21113486864,
    68454.7148136021,
    71773.56554653493,
    72490.69772881459,
    65027.089933161544,
    72871.39755701223,
    86269.02902592934,
    87149.37136521385,
    78176.35206209311,
    69471.8330997294,
    81420.25153451065,
    72037.67212115243,
    81333.0861653974,
    74276.73138367642
  ],
  "eval_steps": [
    2048,
    22528,
    43008,
    63488,
    83968,
    104448,
    124928,
    145408,
    165888,
    186368,
    206848,
    227328,
    247808,
    268288,
    288768,
    309248,
    329728,
    350208,
    370688,
    391168,
    411648,
    432128,
    452608,
    473088,
    493568,
    514048,
    534528,
    555008,
    575488,
    595968,
    616448,
    636928,
    657408,
    677888,
    698368,
    718848,
    739328,
    759808,
    780288,
    800768,
    821248,
    841728,
    862208,
    882688,
    903168,
    923648,
    944128,
    964608,
    985088
  ],
  "episode_rewards": [
    69298.34847708335,
    83206.36954669582,
    77923.23432442003,
    81756.37102538826,
    85653.30628381208,
    65818.985438409,
    82499.87433903411,
    73642.96936967828,
    61619.63840368877,
    82630.85209550406,
    92460.47436748452,
    73216.95018745551,
    74448.41080933111,
    78222.58208596242,
    76754.83603630618,
    73526.78001484195,
    105931.88463531455,
    66992.49176295764,
    72410.2272506764,
    76979.40465556894,
    77554.51968154142,
    75221.69154565022,
    65142.74472895572,
    77180.95267811047,
    81220.56639859603,
    88169.01497613738,
    68940.64421521938,
    67533.89260709596,
    75449.27414131252,
    76532.88602791127,
    68467.91120298843,
    63891.335011722986,
    78543.7467649429,
    74175.42208660598,
    69902.64730345775,
    76150.83671448095,
    69648.67783312511,
    92936.72827547042,
    90174.63297961731,
    106562.84682450151,
    82153.55439568292,
    74971.92759093131,
    69648.09284842048,
    64432.13234019301,
    77520.12164256524,
    71681.46320815323,
    67415.04110506654,
    64217.15525125061,
    123512.15255768981,
    55842.61698247981,
    78705.74410042293,
    69697.99317441537,
    93401.53899185253,
    76386.07406932182,
    73875.04899253248,
    81558.54526885318,
    76373.75872124603,
    69573.08943485437,
    77605.19244672798,
    66192.88367996682,
    75266.39235379513,
    77985.9167290922,
    87852.67100458869,
    73405.97790022344,
    75107.22564898524,
    70540.34160967288,
    77622.29779629046,
    72425.4811179567,
    72304.37617459273,
    77236.95087397403,
    90361.43273908604,
    75060.31051830365,
    80527.7107270813,
    76508.71212898496,
    71523.31902343908,
    79421.93843791705,
    71903.71486389206,
    75309.11187608048,
    73734.71738967905,
    76414.61671926102,
    67174.84837616986,
    68578.55882595757,
    94711.4569568819,
    77554.48210172252,
    72855.77750973727,
    73994.35770653182,
    74215.7027565878,
    78677.33498714883,
    73585.17261045048,
    67349.68813304126,
    72037.3595319947,
    70719.66719968534,
    74616.61584483435,
    72353.82907796942,
    73689.83720799512,
    83913.70665307135,
    69144.76139333287,
    81107.43424615457,
    71837.16079062341,
    75696.26415351495,
    74681.27522810378,
    89016.33976978318,
    75605.83063571254,
    68691.86572214395,
    81355.84647616258,
    84368.10002128557,
    73865.41694858932,
    69931.54847693739,
    63680.219640576266,
    90204.64710060706,
    82741.73576948066,
    120518.76466120915,
    75575.64143441328,
    81648.71875491507,
    72899.33995249216,
    82772.3773730313,
    69781.88734388126,
    76119.24110401496,
    73503.2142513773,
    111447.47098230096,
    80046.53948070739,
    93676.22160246236,
    81260.11464639526,
    79592.61429915793,
    58598.99295047355,
    104188.58018195424,
    63224.25183478777,
    73178.91219376234,
    89278.31760016663,
    85213.17954452737,
    65109.96362830313,
    87388.93206465099,
    69247.33595093859,
    81447.2687063973,
    69470.55663889523,
    69313.4921310896,
    107716.9323441129,
    129942.92631723879,
    73357.78336245497,
    76031.8451225964,
    70942.02190565092,
    74628.66009448907,
    77560.22516380079,
    76178.74231073097,
    73037.47028650579,
    82520.92943184175,
    67956.81630736793,
    82728.44209764042,
    73182.02678568594,
    81129.72844032841,
    78753.91595792766,
    73485.94966947165,
    83730.91511979177,
    80985.52832772884,
    79011.52122218382,
    92543.57196204817,
    55261.883833705906,
    82159.58028370593,
    107803.87233815077,
    99862.61088074985,
    68724.16790559674,
    71118.9045949755,
    74369.8556173756,
    72172.02100197124,
    69127.35077192092,
    79000.27881036972,
    76013.31391642887,
    74828.44140369371,
    70771.9630849376,
    77413.59315341138,
    82373.35159641734,
    69935.48726467203,
    91771.6985388583,
    73987.49978901734,
    87617.8700392432,
    72366.54319700414,
    80447.16905396477,
    69370.83805191987,
    72509.3711466365,
    76156.1009984838,
    69831.80902258291,
    70632.56330661371,
    74158.04679608012,
    73842.80585213263,
    74939.80182627677,
    66477.02197462923,
    60085.57477485842,
    91396.92544812383,
    79750.72639188725,
    105980.81765502405,
    64543.66219687344,
    72321.84195619672,
    73286.00612166862,
    76953.16103237821,
    79002.6053922938,
    78709.25783266332,
    75363.30248097563,
    71778.22870162656,
    75912.11549087873,
    78691.7378324296
  ],
  "diagnostics": [
    {
      "step": 2048,
      "scr_ema": 1.4129851632212682,
      "ev_ema": -4.926813900962834e-06,
      "g_std_ema": 69.24839477639064
    },
    {
      "step": 22528,
      "scr_ema": 3.977342164448992,
      "ev_ema": -0.01281077907209541,
      "g_std_ema": 486.7973953370213
    },
    {
      "step": 43008,
      "scr_ema": 4.649403902988596,
      "ev_ema": -0.007880587698979678,
      "g_std_ema": 670.6989965012024
    },
    {
      "step": 63488,
      "scr_ema": 4.767664810867588,
      "ev_ema": -0.00618361574721875,
      "g_std_ema": 798.1803346381395
    },
    {
      "step": 83968,
      "scr_ema": 4.604152250194419,
      "ev_ema": -0.006801292201939647,
      "g_std_ema": 871.0402222855797
    },
    {
      "step": 104448,
      "scr_ema": 4.103621822692869,
      "ev_ema": -0.007602443685122457,