{
  "env": "HumanoidStandup-v4",
  "agent": "Optimal_HCGAE_Optimal",
  "seed": 9,
  "config": {
    "hidden_dim": 256,
    "lr": 0.0003,
    "gamma": 0.99,
    "lam": 0.95,
    "eps_clip": 0.2,
    "n_epochs": 10,
    "batch_size": 64,
    "n_steps": 2048,
    "ent_coef": 0.0,
    "vf_coef": 0.5,
    "max_grad_norm": 0.5,
    "use_obs_norm": true,
    "use_adv_norm": true,
    "use_lr_anneal": true,
    "use_vclip": false,
    "device": "cpu",
    "total_timesteps": 1000000,
    "eval_freq": 20480,
    "n_eval_episodes": 10,
    "eval_mode": "deterministic_mean"
  },
  "total_steps": 1001472,
  "elapsed_s": 2235.4787471294403,
  "final_reward": 86506.0804361319,
  "peak_reward": 64903.91040033639,
  "max_reward": 114577.24097441373,
  "eval_rewards": [
    27798.892181974217,
    44572.31329961172,
    114577.24097441373,
    54645.47802920735,
    82502.6221520403,
    76505.61558859385,
    62475.835356733296,
    60021.861901590295,
    61615.131665178225,
    64324.112854020925,
    61121.4575355851,
    76463.9998869296,
    70023.79393756572,
    64949.02928678859,
    71428.16138760734,
    68354.0054662466,
    75855.55269680957,
    72374.91972830312,
    81000.34259473915,
    76365.91392279994,
    73987.95242732594,
    73165.10522136399,
    88787.85194012521,
    76142.73294070867,
    74586.32818445344,
    75538.42579517468,
    79024.68860732889,
    80355.42562486263,
    79347.44459774296,
    77233.38877287439,
    94401.77741176162,
    82173.32467407934,
    86931.11497353058,
    91255.67060556563,
    87945.4071239245,
    85905.42495924502,
    87640.56424997395,
    86025.21685573776,
    78183.96415205364,
    81906.39180556966,
    88627.71569594204,
    88305.60336220155,
    83031.89116131033,
    87836.85942097736,
    85611.27926744542,
    82722.73929700955,
    86614.80263526751,
    88767.91029221685,
    91635.61142337884
  ],
  "eval_steps": [
    2048,
    22528,
    43008,
    63488,
    83968,
    104448,
    124928,
    145408,
    165888,
    186368,
    206848,
    227328,
    247808,
    268288,
    288768,
    309248,
    329728,
    350208,
    370688,
    391168,
    411648,
    432128,
    452608,
    473088,
    493568,
    514048,
    534528,
    555008,
    575488,
    595968,
    616448,
    636928,
    657408,
    677888,
    698368,
    718848,
    739328,
    759808,
    780288,
    800768,
    821248,
    841728,
    862208,
    882688,
    903168,
    923648,
    944128,
    964608,
    985088
  ],
  "episode_rewards": [
    74140.11241707824,
    77257.23383005876,
    73920.36960805458,
    84077.6432701926,
    82344.87674866423,
    82152.93858932337,
    80875.89883769071,
    88063.32972574362,
    79596.32851783834,
    91524.90674016227,
    88874.93119415,
    86909.88386543698,
    92850.82433336976,
    89508.21215363703,
    71660.11360388303,
    72006.73389925969,
    80370.5040283163,
    74432.43143519686,
    83551.17522238875,
    77128.9949633806,
    69279.9667314406,
    74220.59925386813,
    77169.01710004007,
    73303.11744790166,
    73653.59943283103,
    83190.60630756091,
    90552.44125126862,
    92280.17571645188,
    74299.63592661323,
    81427.69511751668,
    88839.03694806747,
    82647.6947699943,
    75212.76997852615,
    86156.93269222067,
    87784.06713887067,
    75903.48200302491,
    83032.22200985662,
    91059.84410014132,
    70905.16022489246,
    87542.68428742667,
    84747.96623832436,
    95771.42080272228,
    81783.95559214953,
    77174.94426407146,
    83805.65032922817,
    75507.19819347169,
    89997.2306815586,
    84254.55224004024,
    76127.09466737202,
    81048.7988838705,
    75537.36677756463,
    90901.88095346543,
    86552.43898308658,
    94176.11792166461,
    78438.67683623657,
    69847.96067666695,
    77363.76689077026,
    76860.13987439217,
    84555.44709808272,
    63425.63252655466,
    78441.92215386954,
    85429.54948281229,
    89816.2551563441,
    92512.66683730566,
    77628.73609332922,
    92969.28185008878,
    98316.09254266306,
    78988.79203708212,
    78129.6715823597,
    76259.31972965455,
    90356.51878426412,
    78056.95250789639,
    79039.76944800197,
    75480.82678497292,
    90160.88748313842,
    90630.95449856196,
    100411.2403885267,
    92933.12772155162,
    85842.52623461785,
    92192.21561615498,
    79644.9914535733,
    82674.91661637054,
    85609.51055446846,
    82676.71857905923,
    86725.96374083347,
    73937.20737538816,
    79355.23026977453,
    95248.37557502963,
    77423.54137012277,
    79603.78795311594,
    64365.95751731548,
    81623.90822509966,
    85508.3049664612,
    78993.49987751333,
    80534.70317257472,
    78829.45105952365,
    75843.00707888184,
    73557.20327046694,
    73759.03784270055,
    69906.8330128773,
    98695.75663459042,
    80290.92679848957,
    75047.38266385497,
    96071.2296061106,
    104635.82148248955,
    82188.29389269726,
    81187.86611876341,
    93591.51975519676,
    75596.8140031468,
    88384.86371036145,
    95331.01369076771,
    82169.0391491067,
    83489.17974529201,
    79662.37291612415,
    84652.84290300112,
    91693.85576588857,
    81624.00633173055,
    83857.84122908331,
    80303.75308508541,
    64999.701650328774,
    76381.0663600284,
    88849.59895800024,
    89068.11386129857,
    84369.16340041572,
    79049.1027663674,
    77351.59265744268,
    79121.71527332923,
    88898.30377158592,
    73601.13778090355,
    77485.59969995225,
    77329.20878079382,
    80272.42781002344,
    75307.87364705603,
    88896.25887522171,
    75934.1108816114,
    66997.22180339198,
    77963.44741333867,
    76327.59036700414,
    93567.74308366307,
    96565.83289788153,
    82755.07051578152,
    80812.78537549559,
    77003.75365745902,
    77177.57634834124,
    88962.40741550851,
    90171.03558210882,
    80933.52247274377,
    64161.56906728819,
    98336.34770355986,
    73459.8740659004,
    76798.44058532888,
    74051.52897705926,
    78163.22762387953,
    91702.33255775468,
    80900.19010587905,
    91927.94995520255,
    70580.6134053578,
    72097.98423577842,
    66405.90304402716,
    81637.08866561469,
    71682.80495252354,
    91416.0712972741,
    97351.97467201,
    111474.34750913321,
    67887.96937425574,
    83111.45809546234,
    101800.6284022679,
    85348.90740174972,
    76822.60994178409,
    84937.88059917805,
    81805.62042051545,
    78994.58486422032,
    83688.96822204642,
    82804.35426744408,
    81139.62569386471,
    93118.27926745426,
    95225.22870839675,
    88547.58060863352,
    82455.16998292324,
    95366.00568254378,
    73359.8057170645,
    81481.93723929841,
    70034.51988319457,
    75225.12469098096,
    105367.60498076033,
    89065.09156413662,
    84234.77668544024,
    91288.10083792702,
    90757.9898745642,
    99782.54817263699,
    80711.30176784948,
    78165.75155474481,
    71483.07997580776,
    78155.9806138798,
    80326.68108253152,
    81469.15811650829,
    79462.0079448021,
    80631.38458025013,
    85232.99607184349,
    85900.86264594055
  ],
  "diagnostics": [
    {
      "step": 2048,
      "scr_ema": 1.4865405967504632,
      "ev_ema": -1.0975043239958017e-05,
      "g_std_ema": 62.78466186623438
    },
    {
      "step": 22528,
      "scr_ema": 3.648327763576806,
      "ev_ema": -0.002066565833930146,
      "g_std_ema": 568.7973312660135
    },
    {
      "step": 43008,
      "scr_ema": 4.739003425372982,
      "ev_ema": -0.0017861409221128898,
      "g_std_ema": 671.9381407405784
    },
    {
      "step": 63488,
      "scr_ema": 4.75973519604146,
      "ev_ema": -0.001995385582250835,
      "g_std_ema": 771.084566340095
    },
    {
      "step": 83968,
      "scr_ema": 4.387561364986989,
      "ev_ema": -0.0036114765940111642,
      "g_std_ema": 1011.2147023807411
    },
    {
      "step": 104448,
      "scr_ema": 4.060101769064978,
      "ev_ema": -0.005526415177538136,