{
  "Hopper-v4": {
    "Standard_PPO": {
      "mean": 1804.044395562342,
      "std": 68.65412674213789,
      "sem": 30.703058866261298,
      "n": 5,
      "seeds": [
        1793.476554846215,
        1827.7007718332684,
        1885.9041075679954,
        1697.520903571355,
        1815.6196399928776
      ]
    },
    "Optimal_PPO": {
      "mean": 1598.0567954064322,
      "std": 148.9765342535397,
      "sem": 66.62433152864813,
      "n": 5,
      "seeds": [
        1441.7699197632537,
        1634.3425350159264,
        1745.2473964900528,
        1441.285455009819,
        1727.6386707531092
      ]
    },
    "Optimal_HCGAE_v2": {
      "mean": 1760.1490205255661,
      "std": 379.6779917101726,
      "sem": 169.7971598049095,
      "n": 5,
      "seeds": [
        1241.0355029421391,
        2274.6246069222298,
        1602.6017285381536,
        1888.593315819012,
        1793.8899484062963
      ]
    },
    "Optimal_HCGAE_v2_NoBdry": {
      "mean": 1545.1350390221182,
      "std": 153.2165884556761,
      "sem": 68.52054141350025,
      "n": 5,
      "seeds": [
        1317.644627338846,
        1469.3171878121875,
        1628.9548422623254,
        1603.460854995122,
        1706.2976827021114
      ]
    },
    "Optimal_HCGAE_v2_NoGate": {
      "mean": 1636.5497977473553,
      "std": 320.20832467481995,
      "sem": 143.20151618684412,
      "n": 5,
      "seeds": [
        1552.394347444128,
        1603.7386769658497,
        1207.3758979125055,
        1724.3501867480477,
        2094.889879666246
      ]
    },
    "_stats": {
      "Optimal_HCGAE_v2_vs_Optimal_PPO": {
        "p_value": 0.42063492063492064,
        "cohens_d": 0.5620391675888033,
        "improvement_pct": 10.143082873152505,
        "significant": false
      },
      "Optimal_HCGAE_v2_vs_Standard_PPO": {
        "p_value": 1.0,
        "cohens_d": -0.1608910799436434,
        "improvement_pct": -2.43316490129113,
        "significant": false
      },
      "Optimal_PPO_vs_Standard_PPO": {
        "p_value": 0.031746031746031744,
        "cohens_d": -1.7759070587926835,
        "improvement_pct": -11.418100389406396,
        "significant": true
      }
    }
  },
  "Walker2d-v4": {
    "Standard_PPO": {
      "mean": 1424.8209970398834,
      "std": 223.04978734532708,
      "sem": 99.75089737420474,
      "n": 5,
      "seeds": [
        1173.9950751134365,
        1365.9103210087544,
        1787.0791583828952,
        1400.8500743647844,
        1396.2703563295474
      ]
    },
    "Optimal_PPO": {
      "mean": 1596.386605761271,
      "std": 417.4949121329007,
      "sem": 186.70940075789352,
      "n": 5,
      "seeds": [
        2034.4990655470078,
        1415.855260247186,
        1290.8853776902874,
        1185.4933865501032,
        2055.19993877177
      ]
    },
    "Optimal_HCGAE_v2": {
      "mean": 1998.4662506602629,
      "std": 784.9672596852697,
      "sem": 351.0480305535986,
      "n": 5,
      "seeds": [
        955.0097261772086,
        2759.721906563569,
        2362.9635479247218,
        1382.8016866027945,
        2531.834386033019
      ]
    },
    "Optimal_HCGAE_v2_NoBdry": {
      "mean": 1474.7917421286597,
      "std": 642.8737427233971,
      "sem": 287.5018779358453,
      "n": 5,
      "seeds": [
        1358.4729699014508,
        2541.5724032585526,
        963.4456636271113,
        1523.2911079808869,
        987.1765658752972
      ]
    },
    "Optimal_HCGAE_v2_NoGate": {
      "mean": 1563.4707522991241,
      "std": 372.6922753369482,
      "sem": 166.6730524684969,
      "n": 5,
      "seeds": [
        1106.0552158675607,
        1686.3315008670775,
        1319.6867540803967,
        1623.9417868584594,
        2081.3385038221254
      ]
    },
    "_stats": {
      "Optimal_HCGAE_v2_vs_Optimal_PPO": {
        "p_value": 0.42063492063492064,
        "cohens_d": 0.6395622930705704,
        "improvement_pct": 25.18685908823025,
        "significant": false
      },
      "Optimal_HCGAE_v2_vs_Standard_PPO": {
        "p_value": 0.42063492063492064,
        "cohens_d": 0.9941360112352264,
        "improvement_pct": 40.26086468462508,
        "significant": false
      },
      "Optimal_PPO_vs_Standard_PPO": {
        "p_value": 0.5476190476190477,
        "cohens_d": 0.5125894327774542,
        "improvement_pct": 12.041204409298938,
        "significant": false
      }
    }
  },
  "HalfCheetah-v4": {
    "Standard_PPO": {
      "mean": 1050.8648600111023,
      "std": 134.23779001501342,
      "sem": 60.0329647245825,
      "n": 5,
      "seeds": [
        1121.29803985648,
        1113.4237157019493,
        1135.09011091417,
        814.7432249626422,
        1069.7692086202696
      ]
    },
    "Optimal_PPO": {
      "mean": 1486.8203708443161,
      "std": 61.22698378271995,
      "sem": 27.381539559087802,
      "n": 5,
      "seeds": [
        1400.8904466595152,
        1472.5158342760835,
        1571.9735626302977,
        1489.799529277711,
        1498.9224813779726
      ]
    },
    "Optimal_HCGAE_v2": {
      "mean": 1550.135848501226,
      "std": 389.3108524471789,
      "sem": 174.10510609005647,
      "n": 5,
      "seeds": [
        2200.484328880223,
        1304.5418561274735,
        1357.2918963017335,
        1622.141779766295,
        1266.2193814304046
      ]
    },
    "Optimal_HCGAE_v2_NoBdry": {
      "mean": 1766.2745399015046,
      "std": 754.5305399849573,
      "sem": 337.4363157011975,
      "n": 5,
      "seeds": [
        1242.5149886611662,
        2437.284008157724,
        2731.9130454626343,
        1187.8130047555858,
        1231.8476524704129
      ]
    },
    "Optimal_HCGAE_v2_NoGate": {
      "mean": 1502.0316232410858,
      "std": 235.8301132648005,
      "sem": 105.46643288031375,
      "n": 5,
      "seeds": [
        1886.7498356958833,
        1472.9430502007024,
        1271.7559138171014,
        1519.1212395355062,
        1359.5880769562357
      ]
    },
    "_stats": {
      "Optimal_HCGAE_v2_vs_Optimal_PPO": {
        "p_value": 0.6904761904761905,
        "cohens_d": 0.22720758309205497,
        "improvement_pct": 4.258448357183143,
        "significant": false
      },
      "Optimal_HCGAE_v2_vs_Standard_PPO": {
        "p_value": 0.007936507936507936,
        "cohens_d": 1.714590942075253,
        "improvement_pct": 47.5104846954439,
        "significant": true
      },
      "Optimal_PPO_vs_Standard_PPO": {
        "p_value": 0.007936507936507936,
        "cohens_d": 4.178713923160621,
        "improvement_pct": 41.48540192165712,
        "significant": true
      }
    }
  }
}