{
  "env": "HalfCheetah-v4",
  "agent": "Optimal_GRPO",
  "seed": 4,
  "config": {
    "hidden_dim": 256,
    "lr": 0.0003,
    "gamma": 0.99,
    "lam": 0.95,
    "eps_clip": 0.2,
    "n_epochs": 10,
    "batch_size": 64,
    "n_steps": 2048,
    "ent_coef": 0.0,
    "vf_coef": 0.5,
    "max_grad_norm": 0.5,
    "use_obs_norm": true,
    "use_adv_norm": true,
    "use_lr_anneal": true,
    "use_vclip": false,
    "device": "cpu",
    "total_timesteps": 1500000,
    "eval_freq": 20480,
    "n_eval_episodes": 10,
    "eval_mode": "deterministic_mean"
  },
  "total_steps": 1501184,
  "elapsed_s": 2383.095217227936,
  "final_reward": 1188.6429208817513,
  "peak_reward": 1180.3930879421891,
  "max_reward": 1282.2987171485847,
  "eval_rewards": [
    -0.05735411400754294,
    -14.337159527863454,
    -34.9662739888481,
    -49.71520670944616,
    -209.25289253774955,
    7.112382528158541,
    260.87381751270243,
    -208.379206916859,
    235.67697987140747,
    86.59571853794776,
    755.2814324958681,
    797.243568124349,
    697.2156416862495,
    -23.62424086152235,
    860.7155123484583,
    946.1681696638767,
    947.1220530765097,
    967.8398718629007,
    1044.523572442514,
    1080.3459925919165,
    1100.7916828070752,
    733.2804010230228,
    1114.8546450745262,
    1163.6145751252968,
    1007.3788406594847,
    578.074521361852,
    940.5607799727507,
    763.0411778430387,
    1078.4165606057322,
    1064.9980837390638,
    1058.947499310477,
    1086.9592247981222,
    1094.314965364698,
    1068.579044075431,
    1115.21344828697,
    1132.6328182873697,
    1126.3140702579506,
    1094.5669978619994,
    1166.8124523875347,
    1141.5019787783099,
    1127.9081385311454,
    993.0455387079188,
    1052.0324805995715,
    700.0215432367789,
    558.0317543365318,
    791.8803749645001,
    1158.190073034457,
    717.6884774473209,
    1158.970982881507,
    1051.2994570429412,
    984.8363001203086,
    794.631380629168,
    1139.6696534854295,
    812.5090259372553,
    683.6431946352566,
    1002.7336045597287,
    1234.2369413398098,
    904.5153906172493,
    698.0184616633949,
    594.6788700126415,
    874.2778854032024,
    757.8933920936818,
    1045.7341807607713,
    1053.0180505760395,
    1247.3774930721247,
    1211.6662012222996,
    1135.035881461246,
    1112.2270644229793,
    1282.2987171485847,
    1234.8088755098283,
    1255.8937004875074,
    1120.3482652246435,
    1151.2566302966375,
    1135.516379971663
  ],
  "eval_steps": [
    2048,
    22528,
    43008,
    63488,
    83968,
    104448,
    124928,
    145408,
    165888,
    186368,
    206848,
    227328,
    247808,
    268288,
    288768,
    309248,
    329728,
    350208,
    370688,
    391168,
    411648,
    432128,
    452608,
    473088,
    493568,
    514048,
    534528,
    555008,
    575488,
    595968,
    616448,
    636928,
    657408,
    677888,
    698368,
    718848,
    739328,
    759808,
    780288,
    800768,
    821248,
    841728,
    862208,
    882688,
    903168,
    923648,
    944128,
    964608,
    985088,
    1005568,
    1026048,
    1046528,
    1067008,
    1087488,
    1107968,
    1128448,
    1148928,
    1169408,
    1189888,
    1210368,
    1230848,
    1251328,
    1271808,
    1292288,
    1312768,
    1333248,
    1353728,
    1374208,
    1394688,
    1415168,
    1435648,
    1456128,
    1476608,
    1497088
  ],
  "episode_rewards": [
    1163.756631166832,
    1163.1291305352909,
    1159.4269051302579,
    1176.34784689495,
    1154.4298804672198,
    1183.023724032959,
    1086.7936723513012,
    1175.6301898839245,
    1173.4913767734483,
    1102.6041939827735,
    1130.7161075718993,
    1204.8185954760497,
    1158.8361546668357,
    1156.554330499919,
    1159.6172807726016,
    1166.0863351725186,
    861.7751598620085,
    1158.3156108460223,
    1200.370936146405,
    1116.364724116832,
    1134.4878334084226,
    1118.8698231883016,
    1200.2860988012073,
    1167.6225717255902,
    1136.8105120790308,
    1110.1092699842734,
    931.0765990652608,
    1177.3384424024666,
    1088.644217847715,
    1117.3113735745214,
    1128.173896640644,
    1233.7920794579989,
    1054.3254187440473,
    1149.1286185594424,
    1162.355186668421,
    1202.3457072466674,
    1177.2276113496323,
    1181.2376010288747,
    1144.2705159888699,
    1190.3878418078878,
    1146.3942602733555,
    1167.9036811739854,
    1104.321849465871,
    1181.3006448457913,
    1192.4863222477977,
    1173.7732606706245,
    1135.4231112531916,
    1138.797121434875,
    1151.092934683637,
    963.2081857148219,
    1086.514087793405,
    1236.0900567292063,
    1099.3308495794506,
    1158.948097291406,
    1110.1975347643047,
    1235.4894109906702,
    1053.9895720534296,
    1124.2674321472484,
    1175.2894397107593,
    1113.5854751662346,
    1159.331051944907,
    1087.7336851771347,
    1167.084220806612,
    1169.829039222612,
    1151.3247402720685,
    1081.8850280296697,
    1027.0420960919128,
    1129.870680732383,
    1105.1806863430695,
    1154.3452862112388,
    1180.3452340426638,
    1110.6285486103516,
    1151.1139035726735,
    1111.9566266246454,
    1059.3983914745447,
    1139.3541105083802,
    -1198.7303907154462,
    1119.4834969398237,
    1112.3298293779415,
    1137.4519014771697,
    1167.2008623857162,
    981.6419047246059,
    1110.00083934503,
    1131.9682148278287,
    1152.481093140489,
    1174.744798536888,
    1155.4955906239186,
    1087.0835298644026,
    1105.971158611914,
    1170.0416992242424,
    1223.7801981294049,
    1193.2299081091273,
    1177.6972153440802,
    1081.0311176689554,
    1178.9141831053,
    1190.8154305012347,
    1156.7084193383705,
    1166.1836243861605,
    1079.0353118427017,
    1137.4748444340878,
    1126.2383363142633,
    1127.2802581061396,
    1212.789790243678,
    1145.3298948165318,
    1043.4104254859824,
    1209.870743413098,
    1147.6386354920087,
    1203.116761674692,
    1153.5144867584438,
    1061.669682006086,
    1095.5927868184674,
    1200.421125529381,
    1132.1374200873013,
    1217.2660757822684,
    1129.5970961350931,
    1233.559265173999,
    1159.1628079849013,
    1146.6162398088507,
    1177.7736528072594,
    1132.2566887376295,
    1147.8765132973385,
    1177.9423764483925,
    1218.4250308864682,
    1179.1460998597738,
    1213.6359900708842,
    1187.1927436968342,
    1192.041635663836,
    1158.8341109582002,
    1200.5261005194227,
    1227.3086105930026,
    1129.3816847201165,
    1156.692551564224,
    990.29232707347,
    1197.3990164519776,
    1271.0590533357777,
    1116.039781720648,
    1144.5420001825837,
    1185.232331736308,
    1136.3363208719263,
    1183.742057708375,
    1167.0179797162518,
    1256.3269825154798,
    1169.814205710062,
    1127.554692405381,
    1110.5523376356969,
    1189.731138583112,
    1176.3667916037434,
    1115.3042238270546,
    1189.3253268326307,
    1192.4884272222678,
    1147.1657124064316,
    1188.1441197262789,
    1036.087525105635,
    1232.5263290396117,
    1134.2906396820927,
    1106.7597058555289,
    1010.237908132419,
    802.537102513461,
    1147.0103000738607,
    1186.6917115743472,
    1210.556425291623,
    1180.189269735751,
    1195.7890904098847,
    1178.7615517146546,
    1184.2591226575369,
    1221.609092737369,
    1268.6111880562844,
    1203.1585481298812,
    1200.6448873448016,
    1192.3747717169165,
    1227.0674409452097,
    1198.8310662544345,
    1208.359334672448,
    1145.0010998002303,
    1213.9463692567178,
    957.245966968624,
    1140.4643453921256,
    1141.4724482015215,
    1197.7619174758504,
    1077.2373358709165,
    1215.5712931466994,
    1178.9129986668356,
    1177.4845061387095,
    1189.5425902183247,
    1178.0870860958078,
    1119.1248446296208,
    1168.3883150436166,
    1234.3699924059767,
    1193.8815983371271,
    1160.8790929452289,
    1179.9399223665957,
    1148.1279068142187,
