{
  "env": "HalfCheetah-v4",
  "agent": "Optimal_GRPO",
  "seed": 14,
  "config": {
    "hidden_dim": 256,
    "lr": 0.0003,
    "gamma": 0.99,
    "lam": 0.95,
    "eps_clip": 0.2,
    "n_epochs": 10,
    "batch_size": 64,
    "n_steps": 2048,
    "ent_coef": 0.0,
    "vf_coef": 0.5,
    "max_grad_norm": 0.5,
    "use_obs_norm": true,
    "use_adv_norm": true,
    "use_lr_anneal": true,
    "use_vclip": false,
    "device": "cpu",
    "total_timesteps": 1500000,
    "eval_freq": 20480,
    "n_eval_episodes": 10,
    "eval_mode": "deterministic_mean"
  },
  "total_steps": 1501184,
  "elapsed_s": 1564.9098951816559,
  "final_reward": 1455.8853308442303,
  "peak_reward": 1455.8853308442303,
  "max_reward": 1623.368730764333,
  "eval_rewards": [
    -0.6860695828054473,
    -6.08263969028417,
    -26.368579024624147,
    -36.64744632579025,
    -51.26272044739038,
    -133.4192091335456,
    9.598165376202314,
    112.25375929632438,
    -66.4816118429487,
    -84.06418131563905,
    156.90615766447323,
    421.4266315726112,
    616.8318525532638,
    818.9798835526001,
    858.2510933126316,
    891.2303070039743,
    945.5758364123234,
    966.42425190506,
    969.9691471486589,
    1030.709352282935,
    1001.8825711663328,
    1046.1805489645767,
    1164.0290145800707,
    1162.7741689047702,
    1318.427910998648,
    1199.5259328397892,
    1179.690758966209,
    1245.4365387347375,
    1304.600795281284,
    1342.2749193989027,
    1292.016943953904,
    1518.556225119083,
    1411.4516349663281,
    1460.9029208379077,
    1311.2007142952398,
    1371.442266569797,
    1230.9644742475964,
    1399.4309960405958,
    1486.9821686008404,
    1408.8188411147332,
    1465.8739257668515,
    1426.0488696133777,
    1231.697696695032,
    1552.2075991204435,
    1541.2420330734076,
    1551.1733885523993,
    1330.7183490894029,
    1567.5111510603867,
    1568.6436831834776,
    1552.8321003331064,
    1550.7704551710226,
    1592.51063818101,
    1578.5113519985257,
    1520.9754154676775,
    1531.8911469832715,
    1529.5538073751156,
    1309.7691166160807,
    1424.2225060350609,
    1481.4800967629324,
    1394.364822174914,
    1362.6049609276472,
    1288.8496941198189,
    1222.0300344193097,
    1381.7734354277059,
    1358.7804797023018,
    1473.162305202564,
    1210.0556479758138,
    1616.9126873328187,
    1261.7196485352542,
    1623.368730764333,
    1567.3290244319735,
    1453.5921581921953,
    1445.5659498417401,
    1548.366676463307
  ],
  "eval_steps": [
    2048,
    22528,
    43008,
    63488,
    83968,
    104448,
    124928,
    145408,
    165888,
    186368,
    206848,
    227328,
    247808,
    268288,
    288768,
    309248,
    329728,
    350208,
    370688,
    391168,
    411648,
    432128,
    452608,
    473088,
    493568,
    514048,
    534528,
    555008,
    575488,
    595968,
    616448,
    636928,
    657408,
    677888,
    698368,
    718848,
    739328,
    759808,
    780288,
    800768,
    821248,
    841728,
    862208,
    882688,
    903168,
    923648,
    944128,
    964608,
    985088,
    1005568,
    1026048,
    1046528,
    1067008,
    1087488,
    1107968,
    1128448,
    1148928,
    1169408,
    1189888,
    1210368,
    1230848,
    1251328,
    1271808,
    1292288,
    1312768,
    1333248,
    1353728,
    1374208,
    1394688,
    1415168,
    1435648,
    1456128,
    1476608,
    1497088
  ],
  "episode_rewards": [
    1556.455426281914,
    1546.4854301717553,
    1397.4053693470023,
    413.38252331006265,
    1323.8209907027076,
    1598.707747804412,
    1500.432006146276,
    537.0336985563836,
    1315.8872308108428,
    1427.8578064387953,
    1523.8072785672264,
    965.8469754021334,
    1636.4711154744036,
    1491.0452613039138,
    710.8997818674376,
    1630.7231061505106,
    1460.8775353398928,
    42.16947054314728,
    1437.4537936007098,
    1465.9357848704378,
    1749.2705528327288,
    1102.4900917105692,
    1463.1130982441719,
    1472.5216202555703,
    1248.9957518551803,
    1230.207749168613,
    1555.2450461827818,
    1179.9350924765718,
    1523.6504495650408,
    1622.7877949036438,
    1377.4898809666504,
    1492.5713232124278,
    1644.3484075120753,
    1507.8313174177063,
    1634.9294319734813,
    1384.0880076240321,
    1471.3578610388133,
    1533.915766641815,
    1336.2161448200654,
    1342.1656466179027,
    1407.8369177879244,
    1571.5861348940837,
    1406.345033544487,
    1415.1894291234833,
    1593.1559512256717,
    1723.2798198663759,
    0.8050901149659242,
    1542.78294442163,
    1646.8367315413714,
    1548.6785478953452,
    863.9958490114129,
    1620.0866416768438,
    1365.1401489680939,
    1584.454568859721,
    1527.4172733329106,
    551.714924906224,
    1532.7524679428896,
    702.1827484979975,
    1280.1889047321692,
    1393.6321194200664,
    737.9279256547676,
    1416.9286375605154,
    1517.6756397124245,
    1373.1229208405907,
    1484.2207343606065,
    1278.2707362910417,
    1381.0050063814301,
    1614.3852281909722,
    1451.4211703051722,
    1470.201702562788,
    1364.0007777544092,
    1275.9501007947272,
    1376.4094772694345,
    1375.473036833472,
    -33.657861051582046,
    1497.341556397263,
    1284.3546170495945,
    1574.4312798165372,
    1601.1113825150128,
    1345.4614401860206,
    1656.3771902977278,
    1551.2812825363685,
    1259.956304128517,
    1446.2725981715364,
    1535.9135453074498,
    1247.652142677411,
    1387.567657727561,
    1483.332191032803,
    1509.107966756363,
    822.107632322799,
    1375.6015773714144,
    1865.2137284107746,
    1275.0987157188945,
    826.2087829475784,
    1461.7916183594666,
    1697.6557509196957,
    1515.0354326424358,
    1664.7388865709133,
    1468.2043278251342,
    574.3579147146162,
    1387.3353626304965,
    1463.895705621046,
    1606.4312443258295,
    1589.9249760474254,
    1429.2071336921508,
    538.3175868153118,
    1363.4335300104444,
    1589.193094236929,
    1626.4163433176718,
    1568.7447927188782,
    1416.16787160228,
    1414.1191151779544,
    1105.3131055965537,
    1397.640382074995,
    1376.218657382924,
    1397.7695767543626,
    1648.9713255091924,
    1620.4383571958736,
    1358.6317450878048,
    1622.7977766354998,
    535.2203718833807,
    1300.5723350006633,
    1300.0575982253138,
    1506.2483841824398,
    1439.2881610728764,
    1611.9274515453956,
    1652.365430080152,
    1332.134822919299,
    1645.512903348664,
    1619.8996618019248,
    1604.285966387425,
    1151.7799742243,
    1044.7393876431147,
    1778.4997369173689,
    1513.2933348368406,
    1460.648270243472,
    1102.6631283998183,
    1527.5018635516678,
    458.8161949088037,
    1577.045549705938,
    1648.025780818629,
    1454.4777238879656,
    1649.8502336222482,
    1615.0073832922917,
    1657.3563036032501,
    1603.2956606872376,
    1549.516776343745,
    1532.9416548913637,
    1119.3882437125792,
    1879.9229917255698,
    1414.09035440871,
    1686.7984505776324,
    1124.2799242611738,
    511.44480537489994,
    1330.780118099887,
    1515.65245866552,
    253.6618469942506,
    1719.6576568230396,
    1585.6482215390229,
    1449.8411743662223,
    1593.8730921095785,
    1347.6706846664013,
    1065.936549897525,
    1481.0760431554868,
    1763.4937234895638,
    262.0383930187783,
    1360.65051000673,
    1534.9602711766636,
    297.4417491109912,
    1269.3051794019855,
    1585.177725173703,
    1466.2603665534662,
    1730.8476745692324,
    907.0647599439919,
    1536.291955921074,
    435.1091009434591,
    1273.9025773605126,
    1556.8056683844236,
    1271.6745019274476,
    222.41489881400898,
    1426.0206283513892,
    1392.6193631278124,
    1429.2936250707762,
    1705.2839990725297,
    1719.4818340892903,
    1532.8462515479762,
    1615.0054951518766,
    1323.221232636217,
    1035.34101031856,
    1292.9138052085611,
    1432.2577623840093,
