{
  "env": "HalfCheetah-v4",
  "agent": "Optimal_GRPO",
  "seed": 1,
  "config": {
    "hidden_dim": 256,
    "lr": 0.0003,
    "gamma": 0.99,
    "lam": 0.95,
    "eps_clip": 0.2,
    "n_epochs": 10,
    "batch_size": 64,
    "n_steps": 2048,
    "ent_coef": 0.0,
    "vf_coef": 0.5,
    "max_grad_norm": 0.5,
    "use_obs_norm": true,
    "use_adv_norm": true,
    "use_lr_anneal": true,
    "use_vclip": false,
    "device": "cpu",
    "total_timesteps": 1500000,
    "eval_freq": 20480,
    "n_eval_episodes": 10,
    "eval_mode": "deterministic_mean"
  },
  "total_steps": 1501184,
  "elapsed_s": 1516.0976657867432,
  "final_reward": 716.9854345598706,
  "peak_reward": 716.9854345598706,
  "max_reward": 977.2454708633759,
  "eval_rewards": [
    -2.7500472141281804,
    -9.86692483330077,
    -9.685902385605932,
    44.255818489121715,
    -85.00455880271525,
    -86.86081076300874,
    5.054031467677853,
    112.11321008849836,
    165.49223633388965,
    143.66748393989224,
    347.6848091762623,
    350.14247697455795,
    405.42957464247553,
    -280.03281478621545,
    -107.09455369158893,
    -80.05622409786803,
    150.1206071327553,
    327.6493056088525,
    448.81107900976156,
    765.899790237431,
    733.8105805741392,
    635.2889806698988,
    49.86099199404924,
    427.9772661510284,
    853.478611762653,
    757.4696538914246,
    790.6817994822455,
    774.6895648530177,
    542.3916862396309,
    500.200161046302,
    498.0688206267872,
    388.936184882138,
    819.9528322540949,
    878.0260818794507,
    883.6727274399551,
    888.3950291210944,
    720.8106434234539,
    902.9368697585938,
    594.5107251077553,
    946.510192673466,
    939.4005032810435,
    930.7559347140008,
    884.2688813352673,
    890.4269673219011,
    760.8906291632478,
    777.5032631709354,
    781.2118641796044,
    595.6920858504011,
    921.2140500281532,
    789.5116833695374,
    787.8301383610319,
    795.1866230815947,
    937.2015805300716,
    801.9041573272586,
    29.4710051204819,
    526.0425665014982,
    350.72844001838536,
    45.993014260558596,
    -98.6624525052207,
    -100.76049553671295,
    39.726293727939776,
    486.5917974608011,
    61.87678208408458,
    500.25715557506646,
    218.017023472532,
    104.51937322491763,
    693.5240604095997,
    906.4024539166533,
    646.675872137508,
    965.0816930084442,
    977.2454708633759,
    886.7930789942784,
    889.3052728137469,
    882.2900467576503
  ],
  "eval_steps": [
    2048,
    22528,
    43008,
    63488,
    83968,
    104448,
    124928,
    145408,
    165888,
    186368,
    206848,
    227328,
    247808,
    268288,
    288768,
    309248,
    329728,
    350208,
    370688,
    391168,
    411648,
    432128,
    452608,
    473088,
    493568,
    514048,
    534528,
    555008,
    575488,
    595968,
    616448,
    636928,
    657408,
    677888,
    698368,
    718848,
    739328,
    759808,
    780288,
    800768,
    821248,
    841728,
    862208,
    882688,
    903168,
    923648,
    944128,
    964608,
    985088,
    1005568,
    1026048,
    1046528,
    1067008,
    1087488,
    1107968,
    1128448,
    1148928,
    1169408,
    1189888,
    1210368,
    1230848,
    1251328,
    1271808,
    1292288,
    1312768,
    1333248,
    1353728,
    1374208,
    1394688,
    1415168,
    1435648,
    1456128,
    1476608,
    1497088
  ],
  "episode_rewards": [
    927.7092693375907,
    825.3403421204705,
    918.4654626789978,
    961.7965962046983,
    911.6856925666683,
    903.0109865260484,
    892.6909124804423,
    918.3263809862888,
    889.353585453397,
    970.4800178686505,
    949.4486565042748,
    880.9909489623446,
    890.7248008610848,
    798.6607783718116,
    899.9633916323905,
    935.7922121905033,
    931.6699175762872,
    900.5048664439155,
    904.5593078784335,
    869.5253437412138,
    826.7613659298482,
    938.5367840795162,
    593.1535910600875,
    907.6813398996563,
    907.6161192968074,
    864.6891487027438,
    906.7166451442296,
    821.9884280527743,
    876.3888861196734,
    888.971363029823,
    875.0485276066299,
    837.2438144209177,
    839.583900127196,
    852.3521054983146,
    970.2372302731367,
    816.6214350622282,
    898.2558397880733,
    964.8148342577057,
    931.8636014685023,
    778.0749211157454,
    902.4170658619336,
    852.2837992801927,
    811.1957790151987,
    934.6778840435737,
    975.3074703845107,
    875.9132713762878,
    929.6201956388201,
    902.8167093082511,
    879.4388926928267,
    892.2368505485289,
    938.1702774782104,
    996.1024396175978,
    828.9940965546508,
    876.4830260064948,
    899.2693945781875,
    822.4234453405561,
    811.7614572059192,
    891.4723641321509,
    913.5254360775234,
    677.9312750543701,
    871.4156436319159,
    909.1413410543005,
    902.0158802522985,
    884.6817055779262,
    884.7277500762038,
    910.9023348361698,
    951.8401345314522,
    996.2702073584526,
    908.5681012366256,
    953.2169070677337,
    684.3812099838709,
    935.2274796106165,
    946.0496459257524,
    925.8186064517058,
    963.0876256407831,
    927.6719465701572,
    336.2471509070827,
    985.6269362028004,
    930.006729301145,
    651.358841078043,
    919.3154060701621,
    902.5310397012511,
    799.2916416575171,
    909.7260686488241,
    935.7587807626877,
    871.6163198494423,
    818.4261137367702,
    978.7459211920585,
    917.0793846527456,
    878.9040116526122,
    975.1022270236633,
    909.3534049793798,
    912.5572759694513,
    911.4074189040689,
    900.2220838469416,
    966.6927580537408,
    924.0013639389558,
    966.4039971131423,
    962.8160229859332,
    991.6778490416712,
    665.5675332473082,
    840.8824758971177,
    912.0087492304738,
    921.5141034921741,
    881.9959143416137,
    939.0148218810289,
    932.0915633991594,
    956.9394180513441,
    959.1022577216103,
    830.2222043343256,
    969.226397592837,
    902.6284792602993,
    974.0344675784345,
    942.9331529589903,
    921.3620242821193,
    902.0762974994291,
    937.0193902406463,
    815.8551204430066,
    942.3106110480126,
    716.4497831386303,
    925.6168157755266,
    865.1967454798498,
    979.738969198447,
    867.0903939435664,
    958.7555372499245,
    944.1145752707413,
    938.7856193467833,
    940.1253107920736,
    916.9353773417477,
    914.2392101103668,
    875.5582819427888,
    986.8354930297454,
    865.463916304908,
    993.8677529424939,
    853.4549256596054,
    937.5383339608909,
    936.5448114960776,
    919.074992196671,
    835.3011725190221,
    957.00801738011,
    865.3911555225202,
    840.7533584893389,
    894.0121866727792,
    909.7903759943988,
    762.7957586399681,
    823.7250584418263,
    931.5419968847673,
    856.6659520087067,
    920.8301936372213,
    955.8211385685015,
    866.8534273728355,
    829.7454872907136,
    896.9667495955696,
    913.6321249146786,
    872.8167074895885,
    935.0128674047367,
    965.5488637135527,
    936.002780281811,
    926.0370602620324,
    928.532539599899,
    829.732561027907,
    897.806967257339,
    888.377992495283,
    923.8237117176393,
    873.6045426843084,
    1006.8772626038708,
    959.1135344540862,
    881.9707958989653,
    966.2392134224735,
    819.0921596182742,
    848.8109193156124,
    890.1130502181228,
    900.8191097693608,
    984.7118306848153,
    924.6622572545066,
    851.463003396812,
    894.6174313493481,
    885.6307529926574,
    973.4321954141307,
    460.7849368334249,
    934.656969001845,
    953.6875014341458,
    769.8490248677962,
    805.4700181904948,
    855.2151968331907,
    916.7073316971868,
    958.1442958125743,
    842.0326898776734,
    855.4219188371507,
    993.6481150867362,
    945.6465514751477,
    942.2178191407286,
    958.0940895393804,
    882.1712140145995,
    876.1805270876682,
    940.7101269573975,
    838.9776283380927,
    956.1139433407214,
    887.244790168606,
