{
  "env": "HalfCheetah-v4",
  "agent": "Optimal_GRPO",
  "seed": 0,
  "config": {
    "hidden_dim": 256,
    "lr": 0.0003,
    "gamma": 0.99,
    "lam": 0.95,
    "eps_clip": 0.2,
    "n_epochs": 10,
    "batch_size": 64,
    "n_steps": 2048,
    "ent_coef": 0.0,
    "vf_coef": 0.5,
    "max_grad_norm": 0.5,
    "use_obs_norm": true,
    "use_adv_norm": true,
    "use_lr_anneal": true,
    "use_vclip": false,
    "device": "cpu",
    "total_timesteps": 1500000,
    "eval_freq": 20480,
    "n_eval_episodes": 10,
    "eval_mode": "deterministic_mean"
  },
  "total_steps": 1501184,
  "elapsed_s": 1522.0439250469208,
  "final_reward": 1287.3897540594078,
  "peak_reward": 1304.499870510724,
  "max_reward": 1452.4845987357903,
  "eval_rewards": [
    -0.8586690964896778,
    -12.042229774245788,
    -80.61717580546595,
    -90.7643309494687,
    -129.66552470971996,
    -172.16888109186232,
    -155.2189158625895,
    -23.110485237824655,
    -40.19427258748191,
    20.45366816429085,
    156.26440456858634,
    260.41002710303144,
    375.80649734457546,
    530.1849348991148,
    557.6430273091333,
    695.1849516315563,
    816.9724580617371,
    832.975650374726,
    902.5566703527711,
    863.9034076124601,
    922.6753916585191,
    939.4249700200446,
    974.6085862475696,
    1059.0604170307383,
    1094.5160376247693,
    1008.8267889445533,
    1048.4373170414874,
    1106.669601928166,
    1019.8276199891067,
    1050.4905896187388,
    912.619878111909,
    852.9163761884298,
    922.3784618948588,
    1042.2720016140197,
    1205.3236006956108,
    1252.7990587009658,
    1225.3625953432843,
    1128.031310713335,
    1255.192527527406,
    1093.4514568707714,
    1186.469381247394,
    1058.1374065997989,
    1268.549906031125,
    1121.3844434344692,
    1337.2050189047447,
    1078.5125933341144,
    1072.921917614851,
    998.7689737616995,
    1130.3660575584533,
    984.6729746779256,
    1146.9556405271137,
    1038.2210104005837,
    1150.19400432142,
    1182.5246968515405,
    1245.4576648939674,
    1372.792266046499,
    1245.1687699363742,
    1254.816504098651,
    1209.6302191825464,
    1351.8664789703173,
    1353.0933865616555,
    1408.3384962158314,
    1218.8698503352687,
    1452.4845987357903,
    1255.4227619417597,
    1106.0223370878357,
    1345.3914030933838,
    1343.8791729828476,
    1253.467320889493,
    1313.6595382603064,
    1307.4842141749348,
    1248.4603093511355,
    1338.561234570705,
    1361.549248241678
  ],
  "eval_steps": [
    2048,
    22528,
    43008,
    63488,
    83968,
    104448,
    124928,
    145408,
    165888,
    186368,
    206848,
    227328,
    247808,
    268288,
    288768,
    309248,
    329728,
    350208,
    370688,
    391168,
    411648,
    432128,
    452608,
    473088,
    493568,
    514048,
    534528,
    555008,
    575488,
    595968,
    616448,
    636928,
    657408,
    677888,
    698368,
    718848,
    739328,
    759808,
    780288,
    800768,
    821248,
    841728,
    862208,
    882688,
    903168,
    923648,
    944128,
    964608,
    985088,
    1005568,
    1026048,
    1046528,
    1067008,
    1087488,
    1107968,
    1128448,
    1148928,
    1169408,
    1189888,
    1210368,
    1230848,
    1251328,
    1271808,
    1292288,
    1312768,
    1333248,
    1353728,
    1374208,
    1394688,
    1415168,
    1435648,
    1456128,
    1476608,
    1497088
  ],
  "episode_rewards": [
    1364.9549656848778,
    1394.6147803929698,
    1511.783822740627,
    1453.0220019695132,
    1276.3404497626404,
    555.370651276047,
    1338.45907099291,
    1144.8114982706938,
    1265.6923355539245,
    1287.631860759082,
    1334.9533413706322,
    724.9667266644732,
    661.7336540698168,
    1352.2678054661933,
    1431.2892253127104,
    1236.9145615194961,
    1292.7064114311113,
    1408.9410286245543,
    1280.075122423881,
    1381.094189386193,
    1587.3365769047323,
    379.7375760554884,
    1438.093309536625,
    1469.9218043404253,
    201.65581215985816,
    1397.5463629245965,
    1514.761301556258,
    338.70343489930355,
    1490.3161273263818,
    1353.737743150721,
    1409.3057752171474,
    1331.197411307816,
    1480.2336905335917,
    1276.6895559648174,
    1337.237224320428,
    639.4955358527722,
    207.56204520162837,
    1304.6819685951127,
    234.25780092921784,
    503.05516493087265,
    1292.426714873821,
    1406.1225710518104,
    1326.9036036847908,
    520.8891407422562,
    1146.7282813775385,
    800.5814320522971,
    1320.009122727241,
    233.48103830860273,
    1226.9615896784917,
    1379.3687519743144,
    1388.9317512466869,
    1466.5917982218725,
    1450.387581906479,
    1401.1636797537024,
    1270.1790230378588,
    1458.1075303823106,
    296.34914875102265,
    817.5361423037626,
    359.5068733178514,
    1244.0850950636882,
    1541.331491117118,
    1418.5467101652148,
    1113.4644028174578,
    1357.687989334133,
    627.3774138026189,
    1422.6794485707064,
    392.2018760982877,
    1336.053146688661,
    1363.7223456748716,
    1351.5379954542495,
    1378.539853239306,
    1384.1028535594098,
    390.6771402184687,
    209.66129415761912,
    1295.4078190608298,
    1351.3391957343886,
    1424.8329768891592,
    1509.0395474370991,
    212.52174909338825,
    1140.9247607560073,
    875.3731839299868,
    623.8765626534127,
    1300.7823020105704,
    1303.981220972147,
    821.8808269862557,
    1487.3725007772669,
    930.488583273508,
    1014.7006179635662,
    1387.6579038314928,
    594.7863796098035,
    1287.0111232144616,
    1406.219541150453,
    969.2952624321448,
    593.1561380877238,
    956.6482740508483,
    1474.6588506579142,
    1417.700899855236,
    1257.9689166340193,
    1338.1065693686114,
    1352.0861763555063,
    1441.0026324736007,
    1307.3930008864777,
    1552.9303565187865,
    975.2312740645834,
    1068.692898507373,
    1339.2612744646908,
    1187.4049235876068,
    1511.8559930146762,
    1374.4166719999962,
    1521.6851141777925,
    1420.2225615153832,
    1426.6830577957073,
    403.96268600627184,
    1451.060751994245,
    1343.1318818691516,
    1332.785523999448,
    1480.509767765463,
    1381.848909623493,
    1527.448236773553,
    1534.4622098668606,
    1449.2534814922801,
    1410.993606218638,
    1426.2529610975291,
    303.7126234063574,
    1409.863081874296,
    859.1296135177213,
    873.5396558416655,
    1490.3594196801312,
    1181.3372576107063,
    415.5053767060131,
    1391.3233407273174,
    1385.96969725592,
    445.64918778706385,
    1457.1672280121768,
    1492.555464765498,
    1376.1494533817695,
    1271.9299476450894,
    1263.6969354707337,
    1500.308124941363,
    1550.460573580512,
    363.3221594390164,
    1387.4143115502116,
    1117.9708517711565,
    1422.3881456158065,
    289.66645077107154,
    1506.6152293790567,
    881.4983529881489,
    1425.1687995470043,
    592.1683535621471,
    1327.6048669834872,
    1470.4079445301659,
    1452.6253386319258,
    1451.2490025630786,
    1433.079287714848,
    699.1847391495936,
    1417.4982331500569,
    345.83836615348275,
    1486.4164360937227,
    1057.0986751709795,
    1242.2522363916396,
    1644.7563817685093,
    1233.232420306781,
    746.7908550514499,
    1508.5101599532477,
    1353.0775314493853,
    1338.482998043295,
    644.8752467382625,
    1391.7850893490304,
    1403.893624267219,
    1528.027668046099,
    1484.2066798588942,
    1496.553466729376,
    1285.9891516392468,
    1105.5118224722805,
    1406.8425918616601,
    493.21821136286405,
    776.050403681148,
    1403.9770742403825,
    1303.3043958358517,
    1251.7080165516327,
    1450.6131364687415,
    1328.9327080723604,
    1312.7039156794926,
    1432.915573378444,
    1330.0051665160483,
    1466.157413377476,
    844.6224900334503,
    1380.7602451563066,
    409.8062750393651,
    1259.0533816258724,
    580.8923869823905,
    482.52131716948713,
