{
  "env": "HalfCheetah-v4",
  "agent": "Optimal_GRPO",
  "seed": 6,
  "config": {
    "hidden_dim": 256,
    "lr": 0.0003,
    "gamma": 0.99,
    "lam": 0.95,
    "eps_clip": 0.2,
    "n_epochs": 10,
    "batch_size": 64,
    "n_steps": 2048,
    "ent_coef": 0.0,
    "vf_coef": 0.5,
    "max_grad_norm": 0.5,
    "use_obs_norm": true,
    "use_adv_norm": true,
    "use_lr_anneal": true,
    "use_vclip": false,
    "device": "cpu",
    "total_timesteps": 1500000,
    "eval_freq": 20480,
    "n_eval_episodes": 10,
    "eval_mode": "deterministic_mean"
  },
  "total_steps": 1501184,
  "elapsed_s": 2385.01576089859,
  "final_reward": 1145.3017352847767,
  "peak_reward": 1145.3017352847767,
  "max_reward": 1214.4993289634247,
  "eval_rewards": [
    -1.074321063899249,
    -3.084814038458173,
    -27.952017452541064,
    -36.11135985614467,
    -30.379793065227755,
    274.88795945216515,
    519.5182776576371,
    -193.0193381198811,
    281.46068037131874,
    -263.41668724070394,
    -108.33700326641379,
    -3.912893867865148,
    -60.476694339620074,
    838.591089390586,
    1075.8487638872477,
    1081.8548108509647,
    790.2229109007686,
    998.3494625404674,
    912.5554075354609,
    964.9062675841091,
    803.5404109023034,
    885.577643266547,
    1116.1210169956412,
    968.5234908599856,
    1106.9431020234933,
    1129.491242809914,
    810.9217766846909,
    970.496042351638,
    807.9339782267004,
    1017.0087773344818,
    1032.5877123517148,
    919.0789776213762,
    978.3249114390549,
    1140.4539827108201,
    1001.801377474773,
    1181.7480190622614,
    839.3319266240645,
    12.844460389590063,
    1202.5530444863,
    693.6806440811075,
    852.8015445045418,
    986.2583237254588,
    949.7485939299817,
    1122.0471516851235,
    574.8320196478262,
    995.9395096515891,
    524.2848070963393,
    744.598829893094,
    1205.9934385684205,
    926.570620443217,
    374.5578454363312,
    616.4868607419733,
    1179.6426532704436,
    720.5790595530887,
    756.1699370263517,
    959.924608785272,
    1087.5941737588364,
    629.5413764386855,
    933.0135065318018,
    673.7291086105968,
    944.0146801977689,
    1082.2294275013578,
    1007.5581416153982,
    1023.7258991371027,
    1109.0368466244513,
    1079.367076474508,
    1129.8240820069248,
    1160.5088788491362,
    1149.403909432363,
    1214.4993289634247,
    1209.9072686489799,
    1127.73905983564,
    1140.5421880152112,
    1132.1887139971282
  ],
  "eval_steps": [
    2048,
    22528,
    43008,
    63488,
    83968,
    104448,
    124928,
    145408,
    165888,
    186368,
    206848,
    227328,
    247808,
    268288,
    288768,
    309248,
    329728,
    350208,
    370688,
    391168,
    411648,
    432128,
    452608,
    473088,
    493568,
    514048,
    534528,
    555008,
    575488,
    595968,
    616448,
    636928,
    657408,
    677888,
    698368,
    718848,
    739328,
    759808,
    780288,
    800768,
    821248,
    841728,
    862208,
    882688,
    903168,
    923648,
    944128,
    964608,
    985088,
    1005568,
    1026048,
    1046528,
    1067008,
    1087488,
    1107968,
    1128448,
    1148928,
    1169408,
    1189888,
    1210368,
    1230848,
    1251328,
    1271808,
    1292288,
    1312768,
    1333248,
    1353728,
    1374208,
    1394688,
    1415168,
    1435648,
    1456128,
    1476608,
    1497088
  ],
  "episode_rewards": [
    972.3025160379077,
    1079.992081528519,
    1063.6426489398661,
    1103.2649191490907,
    996.6172909588684,
    1045.3903113000576,
    1101.5104840068045,
    921.0223224880815,
    1004.1835068212748,
    1032.7487847540663,
    1019.3051180911006,
    1061.848015609837,
    1097.6568086781517,
    510.1560052257903,
    530.6476186652649,
    318.69305860927386,
    913.3927171021993,
    1164.9566143089169,
    1061.2541375947121,
    1082.7765744279964,
    1092.5598087945364,
    822.8381352875736,
    816.3587130698257,
    1085.5711387523988,
    968.0036749818531,
    695.6436070709022,
    797.0070605584241,
    850.4959600173037,
    459.68063187006743,
    993.0632684981106,
    525.923097183443,
    1120.2606453156268,
    881.1844723437791,
    954.9056421940613,
    1088.9643023659532,
    669.6705119317869,
    737.5530569890763,
    1047.0629422286877,
    1048.5417061696194,
    862.4931576558317,
    1024.4478597847651,
    1030.2191503858091,
    1095.8352809589398,
    1067.4035927864709,
    912.0057672285701,
    1113.2054595301274,
    958.4570454256418,
    1085.7726678614135,
    1054.5896023581204,
    1069.3676352477905,
    1102.4409610007015,
    771.7090529959617,
    1111.162544289718,
    1103.1169766331843,
    626.7138966455174,
    597.1022749583399,
    946.8744506109157,
    1079.7861384661237,
    1087.5773080149788,
    1129.1145098063027,
    983.4347630381964,
    1162.028913004276,
    1042.735893538379,
    820.3855890629663,
    1074.932806046473,
    452.4421182244797,
    702.0399157779058,
    1136.912748777149,
    1137.39801118874,
    965.2020823502874,
    1161.1769384817655,
    1053.5018877127352,
    1104.49873621554,
    1122.36388452314,
    1002.6672153116408,
    1036.8037673736485,
    1082.150765344721,
    1066.7048371553992,
    1096.5731403681982,
    701.1318932839088,
    1101.1880409224186,
    988.4097886370308,
    1096.8082825510687,
    977.6450730908342,
    1083.713713785886,
    936.2526537061366,
    1143.694710207888,
    1107.6240266883187,
    1019.0100998341901,
    869.6439307361409,
    1044.9649786009204,
    1126.5506957136968,
    1118.1335859032254,
    1027.0971940853008,
    1023.8820894177823,
    1064.817543274002,
    1134.2817628557684,
    1060.2948162761709,
    889.9033685496677,
    1006.4447351839583,
    973.7024066342684,
    1064.8416158404366,
    1145.279069778794,
    1094.6377135838125,
    756.5455910751048,
    806.2457381000182,
    1103.606827612854,
    1081.3500015124484,
    984.0076004694779,
    1119.293852589094,
    1077.5727582430968,
    1040.3878408816627,
    964.1610211744362,
    1117.9554571095348,
    1021.5180226196821,
    998.7665884203603,
    990.1118587806924,
    1074.9257493344812,
    1019.4898529562254,
    1157.0758092033957,
    1124.6472247587587,
    962.8296997747643,
    935.3094573508582,
    977.7986509422991,
    1123.3665047642976,
    1124.9514511764235,
    1108.9564492081795,
    1097.3913881116516,
    910.4110133909764,
    1141.0399824127699,
    1114.801632393326,
    1084.8666373890903,
    1084.2652530549692,
    1037.7540897418871,
    923.16786997021,
    887.3349415868178,
    973.4433817520052,
    1091.7038411180333,
    928.516511351448,
    945.2184411175361,
    1052.226638840632,
    946.7742949758375,
    633.2849506362282,
    853.3360379209357,
    920.4213741941956,
    670.3959926043726,
    709.7482831743345,
    1087.2504054241497,
    1028.7001329363898,
    1138.8430916282489,
    1070.7214049017366,
    927.6204728432625,
    976.196623867346,
    1076.6861023619638,
    914.213158961595,
    984.8808792390935,
    835.2279215063691,
    1068.1159593977588,
    1033.700789262787,
    1017.098547977819,
    1111.747490132258,
    637.8813754152777,
    1013.3908939654094,
    1094.6643989024699,
    868.2417734489186,
    562.1692656290841,
    1099.7609266706472,
    1118.6051298335258,
    721.8812189820867,
    1067.5799286213903,
    745.459394811851,
    1044.4601060663958,
    1013.570747107329,
    1069.4361465051477,
    1025.5463232772586,
    876.9145196004123,
    1045.7837503969909,
    1063.9860239564882,
    971.3178802952424,
    1024.8497956058627,
    868.7430745797359,
    1090.4873990598483,
    1068.8848582364442,
    265.33190018997,
    596.1589207045039,
    1155.4313257746153,
    1153.7252461227195,
    772.7609627894071,
    625.1715826044881,
    967.7993933329421,
    1076.7516456214612,
    889.8297758666889,
    1049.3153315602274,
    491.64598047807795,
