{
  "env": "HalfCheetah-v4",
  "agent": "Optimal_HCGAE_Optimal",
  "seed": 2,
  "config": {
    "hidden_dim": 256,
    "lr": 0.0003,
    "gamma": 0.99,
    "lam": 0.95,
    "eps_clip": 0.2,
    "n_epochs": 10,
    "batch_size": 64,
    "n_steps": 2048,
    "ent_coef": 0.0,
    "vf_coef": 0.5,
    "max_grad_norm": 0.5,
    "use_obs_norm": true,
    "use_adv_norm": true,
    "use_lr_anneal": true,
    "use_vclip": false,
    "device": "cpu",
    "total_timesteps": 1000000,
    "eval_freq": 20480,
    "n_eval_episodes": 10,
    "eval_mode": "deterministic_mean"
  },
  "total_steps": 1001472,
  "elapsed_s": 2200.9524760246277,
  "final_reward": 1712.9352662301874,
  "peak_reward": 1712.9352662301874,
  "max_reward": 1741.8877790482584,
  "eval_rewards": [
    -1.305237958856381,
    -25.231328911403107,
    -86.08099769934529,
    -10.692984681527491,
    -152.88034789180142,
    993.8329122739784,
    802.7321743891325,
    1033.5466690310896,
    1191.367360835096,
    1274.1770627489263,
    1188.8677405991186,
    1327.3892308152049,
    1371.4486600574,
    1398.5206495600344,
    1426.1508800608565,
    1451.6094441359915,
    1435.9233918549412,
    1459.7881063959464,
    1494.5795159829806,
    1510.8073899046271,
    1492.9562527961061,
    1515.4227459581152,
    1514.6990569910754,
    1528.4292274004154,
    1556.7442028844955,
    1561.2847003204452,
    1616.84188756818,
    1584.3950272692014,
    1584.9192607207438,
    1586.9904298607134,
    1580.0835665807258,
    1606.242560173133,
    1621.7407159317552,
    1616.403062238875,
    1461.9340488826942,
    1653.9168276232654,
    1671.6065049070621,
    1675.2730091734618,
    1685.3986982386511,
    1691.6323505656903,
    1704.4962705065311,
    1687.4650450747492,
    1698.4185527285722,
    1720.3469424015693,
    1708.4883590764105,
    1712.0042621927046,
    1724.6936019515383,
    1741.8877790482584,
    1739.919498755849
  ],
  "eval_steps": [
    2048,
    22528,
    43008,
    63488,
    83968,
    104448,
    124928,
    145408,
    165888,
    186368,
    206848,
    227328,
    247808,
    268288,
    288768,
    309248,
    329728,
    350208,
    370688,
    391168,
    411648,
    432128,
    452608,
    473088,
    493568,
    514048,
    534528,
    555008,
    575488,
    595968,
    616448,
    636928,
    657408,
    677888,
    698368,
    718848,
    739328,
    759808,
    780288,
    800768,
    821248,
    841728,
    862208,
    882688,
    903168,
    923648,
    944128,
    964608,
    985088
  ],
  "episode_rewards": [
    1499.2751709332076,
    1521.5434490119555,
    1601.2824669614015,
    1549.967307735105,
    1500.1180713725375,
    1591.649786370764,
    1523.3470034907034,
    1540.3819221306003,
    1532.491433841788,
    1571.0361693805296,
    1547.8049667456667,
    -342.0007095991806,
    1573.605978109104,
    1635.9359545058242,
    1483.6851799343358,
    1451.8782095013464,
    1567.5270798402785,
    1481.4002199628294,
    1512.0041734310062,
    1572.4002864530767,
    1543.4424779104907,
    1520.9691245201302,
    1524.4496875400255,
    1535.2765117510835,
    1510.4541763798004,
    1534.4752183342891,
    1585.906293995802,
    1537.5935734698385,
    1490.3631286295285,
    1580.0940080591038,
    1456.8807086562556,
    -366.0126641617293,
    1643.8409379989362,
    1497.3654242305652,
    1536.0371648495154,
    1552.9052697971424,
    1488.5592730077847,
    1477.483371513566,
    1489.7834919382908,
    1522.3202449850332,
    1551.3863430073025,
    1548.8859722705718,
    1594.4165951636417,
    1604.5184685904292,
    -359.89508466228614,
    1513.8075160501664,
    1583.4267254102474,
    1527.2238777677603,
    1546.0825377129704,
    1545.336581936297,
    1593.1075550483972,
    -360.67962291446935,
    1545.0561455170696,
    1580.6013300441336,
    1498.912962539775,
    1615.180867167083,
    1612.74410286436,
    1571.2059212138465,
    1597.234641336203,
    1628.6121437197064,
    -370.8270652438621,
    1593.4344274390003,
    1589.8349194579107,
    1517.040088004092,
    1617.1345326800624,
    1557.1919720572573,
    1559.1788529937674,
    1547.8679218501932,
    1541.7356572489603,
    1535.6179430373543,
    1567.2545252475338,
    1523.4061436651994,
    1501.1595852791631,
    1570.9210991700738,
    1538.0185349393212,
    1541.343537690399,
    1541.0556559053723,
    1515.834361221457,
    1597.281990270992,
    1456.4625575236453,
    1555.0808757595387,
    1582.4555694935193,
    1503.8729995905294,
    1525.4759227950865,
    1538.6285501584139,
    1566.7089090985735,
    1587.3865642126866,
    1531.2790212133787,
    1553.3535463761532,
    1563.690670415458,
    1564.7467346385972,
    1572.0518842590495,
    1511.2981365367143,
    1590.2250651981756,
    1554.188258301839,
    1547.5925485029225,
    1537.3519334276123,
    1593.503733714745,
    1596.9803559079703,
    1602.283317452216,
    1539.9125152938122,
    1536.5960593325492,
    1536.220181123388,
    1577.8883170077431,
    1537.202693237202,
    1560.5657514623729,
    1563.9092352887242,
    1577.763682420425,
    1575.898294848607,
    1579.5882584380263,
    1493.7369795776758,
    1552.4713606793132,
    1516.2832813892965,
    1544.9516954798837,
    1519.624828447825,
    1571.6839145785564,
    1600.207028362593,
    1533.4375084796166,
    1559.139051113132,
    1562.2934358141272,
    1643.113793581796,
    1623.0033372975006,
    1562.6667345410965,
    1581.5805745388259,
    1482.4582604667066,
    1556.1628747562568,
    1562.2080614724186,
    1611.7497840228375,
    1549.1907493791914,
    1610.8760916053152,
    1481.5545083982454,
    1550.921776272946,
    1560.0867078160222,
    1623.9009604346802,
    1631.0140497421069,
    1563.9007879555734,
    1567.4205928942145,
    1560.0421980803778,
    1624.0179737603812,
    -329.4227890524555,
    1614.3022904446225,
    1564.1376599728678,
    1623.2889781434358,
    1576.2401318368534,
    1523.977325292977,
    1602.2839206359677,
    1600.1328223068388,
    1595.8140575330517,
    1567.5731616135677,
    1576.0821015113734,
    1640.1512376252701,
    1567.8885653377129,
    1579.0014947585412,
    1570.3319812220057,
    1550.6811355728591,
    1589.5567839061594,
    1647.3269449553432,
    1580.5801278502656,
    1588.107101947484,
    1635.927590392298,
    1641.935942003747,
    1491.697413706569,
    1597.5587958155113,
    1538.5138909324346,
    1568.7772876283045,
    1533.76366382268,
    1637.507565720286,
    1565.4475259658577,
    1561.5664678009214,
    1657.0768269004284,
    1626.4025877738163,
    1480.6399678154885,
    1630.648119033301,
    1478.0529059651776,
    1645.3158051017874,
    1547.1940501834292,
    1567.0503258328204,
    1570.790152369108,
    1615.2056755357949,
    1629.739417784619,
    1622.494539631683,
    1562.7627007185824,
    1597.554643926948,
    -328.29439482741697,
    1655.8487247621276,
    1612.1943251174737,
    1552.6161565771288,
    1549.9431572252822,
    1574.7169109984452,
    1601.028474352849,
    1566.7298013777083,
    1584.5765271060427,
    1554.925103253891,
    1601.0184698684343,
    1628.8518873266014,
    1549.831935598563,
    1610.0574333897468,
    1592.6568915254106,
    1556.628459632533,
    1549.0061164880026
  ],
  "diagnostics": [
    {
      "step": 2048,
      "scr_ema": 1.1384686958750265,
      "ev_ema": 5.926970353826722e-05,
      "g_std_ema": 4.004393578575684
    },
    {
      "step": 22528,
      "scr_ema": 1.2265292315571497,
      "ev_ema": -0.3072914305761434,
      "g_std_ema": 9.10844492425773
    },
    {
      "step": 43008,
      "scr_ema": 0.7332338950634223,
      "ev_ema": -0.2098550943364079,
      "g_std_ema": 8.763232553898144
    },
    {
      "step": 63488,
      "scr_ema": 0.5005512837661111,
      "ev_ema": -0.13700335909642392,
      "g_std_ema": 9.211658916559276
    },
    {
      "step": 83968,
      "scr_ema": 0.5238951383702144,