{
  "env": "HalfCheetah-v4",
  "agent": "Optimal_HCGAE_Optimal",
  "seed": 18,
  "config": {
    "hidden_dim": 256,
    "lr": 0.0003,
    "gamma": 0.99,
    "lam": 0.95,
    "eps_clip": 0.2,
    "n_epochs": 10,
    "batch_size": 64,
    "n_steps": 2048,
    "ent_coef": 0.0,
    "vf_coef": 0.5,
    "max_grad_norm": 0.5,
    "use_obs_norm": true,
    "use_adv_norm": true,
    "use_lr_anneal": true,
    "use_vclip": false,
    "device": "cpu",
    "total_timesteps": 1000000,
    "eval_freq": 20480,
    "n_eval_episodes": 10,
    "eval_mode": "deterministic_mean"
  },
  "total_steps": 1001472,
  "elapsed_s": 1884.0462582111359,
  "final_reward": 1784.5321774479082,
  "peak_reward": 1784.5321774479082,
  "max_reward": 1820.8235344837456,
  "eval_rewards": [
    -0.5016217805477312,
    -2.1317004832789475,
    19.54939355128401,
    -48.62942024789785,
    538.6483357024999,
    810.5659073766527,
    935.8502921523395,
    -148.4356837979726,
    1092.5118564342542,
    1220.9165563445918,
    1283.2385464141623,
    1352.4591264488504,
    1403.611489277743,
    1396.8330215579736,
    438.90905567100145,
    1433.1150752819594,
    1519.9472116248367,
    16.641687134809604,
    339.2815807295168,
    1339.4642104923057,
    1580.7824581764805,
    1368.4663293597039,
    1373.089587082784,
    1384.8680987122254,
    1578.3193921077946,
    1008.2466261962466,
    1427.4326622388533,
    1665.8541076753154,
    1697.9451033324208,
    1714.5719101869483,
    1487.4971437465033,
    1704.1878259838334,
    1705.9365004569995,
    1702.7642628736035,
    1313.1584133185418,
    1496.536070445511,
    1705.5607087918736,
    1540.2626378658197,
    1765.7676585230263,
    1733.795334416261,
    1775.6738638242518,
    1783.105294042173,
    1792.6430251672525,
    1782.3192845808564,
    1797.5876952725143,
    1810.270608768919,
    1813.2313025527062,
    1820.8235344837456,
    1735.8718313704012
  ],
  "eval_steps": [
    2048,
    22528,
    43008,
    63488,
    83968,
    104448,
    124928,
    145408,
    165888,
    186368,
    206848,
    227328,
    247808,
    268288,
    288768,
    309248,
    329728,
    350208,
    370688,
    391168,
    411648,
    432128,
    452608,
    473088,
    493568,
    514048,
    534528,
    555008,
    575488,
    595968,
    616448,
    636928,
    657408,
    677888,
    698368,
    718848,
    739328,
    759808,
    780288,
    800768,
    821248,
    841728,
    862208,
    882688,
    903168,
    923648,
    944128,
    964608,
    985088
  ],
  "episode_rewards": [
    1581.3114052369347,
    1619.2368552887197,
    1669.2198717517142,
    1574.208739303518,
    1620.4891320954787,
    1632.0746977191568,
    1673.677453935024,
    1553.179376067741,
    1573.6682740079257,
    1603.7474266900085,
    1596.6609250903562,
    1555.8413172143407,
    1668.1821642142759,
    1601.4750128604405,
    1607.86288400677,
    1602.766831805497,
    1589.4652262063235,
    1625.7383757454543,
    1635.3047831131366,
    1645.2749269925232,
    1632.8492227302945,
    1625.6296647799898,
    1572.240402148211,
    1642.259185440242,
    1592.8413201305887,
    1616.5495330781982,
    1641.3120095737386,
    1662.0350131061944,
    1626.2401096168403,
    1649.4568801515375,
    1633.092387860155,
    1620.9641909368884,
    1607.5593142835232,
    1635.1667313186283,
    1614.3462849093978,
    1633.3379766276619,
    1648.81857359444,
    1646.8645576075555,
    1638.9622090140276,
    1566.4097331486998,
    1599.2611570684471,
    1579.4275466919437,
    1626.350988700892,
    1648.992316288714,
    1636.5885365673887,
    1673.599519281778,
    1653.4109369312644,
    1644.5344789212772,
    1643.2589435439652,
    1649.4103502542914,
    1652.5749153283925,
    1615.1315525414493,
    1614.899089510837,
    1663.0749921095432,
    1574.7469456231943,
    1600.8487990869216,
    1627.709864774612,
    1656.1732308204105,
    1663.1275044572676,
    1675.6652329664996,
    1681.5707685186158,
    1648.5211844669425,
    1585.152058704551,
    760.9001640985413,
    1631.0941876266604,
    1629.185537477012,
    1620.7273880439238,
    1608.8792533762714,
    1615.3428973995487,
    1696.9481549757845,
    1634.5563463357855,
    1609.515540637123,
    1620.839058328505,
    1639.89686832766,
    1644.7719986808816,
    1715.7713837088106,
    1692.1968995756158,
    1583.859756970781,
    1643.2405670684652,
    1647.1624385670784,
    1694.5429055060085,
    1699.4445707371044,
    1664.1411273007116,
    1677.7565105948893,
    1639.6761854736326,
    1661.0809069460047,
    1657.640508779693,
    1622.0505495532427,
    1672.140060766583,
    1702.8818447884084,
    1634.052736778584,
    1692.4185190538817,
    1664.176891212984,
    1666.4009629593306,
    1637.145568766816,
    1659.4233266816311,
    1675.3151113242736,
    1701.6802790864556,
    1677.2677621806997,
    1639.9085041381886,
    1687.3854784623927,
    1655.2215081802476,
    1698.2782671508442,
    1615.3928846232557,
    1690.7281218811513,
    1687.573794692707,
    1694.0373135992168,
    1604.4345948730338,
    1654.5331428070463,
    1692.8726530453982,
    1691.247705508519,
    1684.0042557838176,
    1665.2763448130427,
    1661.4531197182448,
    1674.7649311232396,
    1726.4055640168206,
    1634.5755348643704,
    1640.2290097761465,
    1678.6755125002242,
    1702.0621707364262,
    1655.93171451828,
    1705.238460774873,
    1704.852124564036,
    1677.1922838793955,
    1605.4195133751944,
    1713.3144245181102,
    1647.8790476438237,
    1680.6075391183995,
    1690.654831591592,
    1685.1828447451617,
    1650.6275078752474,
    1718.063191857232,
    1656.8613012828673,
    1667.223701125299,
    1613.5278744576428,
    1623.291012747698,
    1666.9275068058766,
    1641.8514817339299,
    1687.049773936157,
    1688.4811698131223,
    1653.8441445317117,
    1672.478687745308,
    1674.860677719199,
    1701.8591690244193,
    1670.091881676735,
    1682.0477785494338,
    1664.2249840085788,
    546.7692760150691,
    1647.4631244060881,
    1688.9041793367765,
    1682.9083578427449,
    1662.736171855675,
    1645.808713604711,
    1705.8459260489678,
    1387.6518914625008,
    1687.8277437430022,
    1716.490495645061,
    1650.8199355131892,
    1626.9053318940457,
    1681.9466827838037,
    1669.0022361317294,
    1254.0500846820646,
    1589.984175130981,
    1676.6891924077574,
    1654.5504621530836,
    1681.0532195579585,
    1682.055850350184,
    1675.7674646264986,
    1701.7224082403486,
    1707.2383316227333,
    1701.0219931177078,
    1647.8687604175843,
    1614.7150889187544,
    1634.2146365781775,
    1695.6834084104016,
    1679.5100686563765,
    1706.7793755186867,
    1640.827843628019,
    1665.1920980785092,
    1659.7778757547603,
    1739.1650338709412,
    1686.5135637186627,
    1695.2436168147497,
    1693.192201800909,
    1723.3786755900542,
    1704.8464627696665,
    1689.5870423461704,
    1683.8515612427352,
    1713.750866043395,
    1680.228720952051,
    1677.9667099230028,
    1650.920657204996,
    1674.2561429524817,
    1682.240459899642,
    1632.9695674722066,
    1672.240867665678,
    1701.9184718598042,
    1710.6767159812866,
    1703.021372726995,
    1678.50984553815
  ],
  "diagnostics": [
    {
      "step": 2048,
      "scr_ema": 1.3122237157958736,
      "ev_ema": -0.00047121104789616953,
      "g_std_ema": 2.2618258486257328
    },
    {
      "step": 22528,
      "scr_ema": 1.0689971147523083,
      "ev_ema": -0.049095064439772546,
      "g_std_ema": 9.460185847645485
    },
    {
      "step": 43008,
      "scr_ema": 1.0616951514663546,
      "ev_ema": -0.1554877129061788,
      "g_std_ema": 11.984642851004702
    },
    {
      "step": 63488,
      "scr_ema": 0.6717376745733342,
      "ev_ema": -0.08093009124157122,
      "g_std_ema": 12.11334104668056
    },
    {
      "step": 83968,
      "scr_ema": 0.48865670240610415,