{
  "env": "Hopper-v4",
  "agent": "HCGAE_Optimal_GRPO",
  "seed": 0,
  "config": {
    "hidden_dim": 256,
    "lr": 0.0003,
    "gamma": 0.99,
    "lam": 0.95,
    "eps_clip": 0.2,
    "n_epochs": 10,
    "batch_size": 64,
    "n_steps": 2048,
    "ent_coef": 0.0,
    "vf_coef": 0.5,
    "max_grad_norm": 0.5,
    "use_obs_norm": true,
    "use_adv_norm": true,
    "use_lr_anneal": true,
    "use_vclip": false,
    "device": "cpu",
    "total_timesteps": 500000,
    "eval_freq": 20480,
    "n_eval_episodes": 10,
    "eval_mode": "deterministic_mean"
  },
  "total_steps": 501760,
  "elapsed_s": 836.128988981247,
  "final_reward": 3225.875129538644,
  "peak_reward": 3225.875129538644,
  "max_reward": 3428.7009551379515,
  "eval_rewards": [
    71.64812139732987,
    251.54744543968815,
    340.87385725339175,
    424.65146602777384,
    612.7258615974025,
    774.589119338261,
    942.9121853816827,
    1000.3090597076059,
    1262.1850601449707,
    1042.4055815253187,
    1226.3537515567236,
    1636.2856846926584,
    3260.2089638896373,
    1472.2713600819202,
    3261.803607658604,
    3268.6902897146488,
    2302.9075890348277,
    3288.3108703295948,
    3294.9987687499843,
    3279.526779574268,
    3221.913841114278,
    3343.422018849378,
    3413.6409246535795,
    3416.6392582279304,
    3428.7009551379515
  ],
  "eval_steps": [
    2048,
    22528,
    43008,
    63488,
    83968,
    104448,
    124928,
    145408,
    165888,
    186368,
    206848,
    227328,
    247808,
    268288,
    288768,
    309248,
    329728,
    350208,
    370688,
    391168,
    411648,
    432128,
    452608,
    473088,
    493568
  ],
  "episode_rewards": [
    1691.6628168661182,
    2091.5273806657087,
    1199.8185428229328,
    3236.027620943366,
    2190.9601751583236,
    1642.4834920397677,
    1474.5938447550654,
    2150.5370899708564,
    3278.356184446015,
    1053.4543249894966,
    2019.357927122339,
    2070.2710662614077,
    1789.053989539126,
    2619.496273742166,
    3172.124224689546,
    1531.7625416257906,
    3215.5846578602327,
    1739.324766731175,
    1928.2496679425328,
    999.3961019818171,
    3285.0848358674457,
    3255.873227731599,
    3276.533199180153,
    3253.172005877927,
    3227.742100977949,
    648.2936482917805,
    2360.961988735337,
    1621.2060739993706,
    3307.145480562756,
    1511.712401267154,
    3282.764111134959,
    1855.251197764797,
    2304.2253512914876,
    2977.242015843869,
    3281.7243088317878,
    1411.1951505757836,
    1854.3235513282186,
    3392.579284131974,
    3362.9764102472236,
    3282.763766633313,
    1956.569391557687,
    1468.771238587797,
    1342.3872881758623,
    1617.5097022699824,
    1043.8064357941748,
    1333.567610233065,
    2965.587654717345,
    865.6431966463783,
    1538.1684178961207,
    1638.9586191742007,
    954.5712507731994,
    1342.4497570393144,
    1400.1122548126868,
    1801.4734531443946,
    1249.1842200492845,
    3192.470372104287,
    1358.1905012027164,
    1309.3832508211478,
    2741.741150569773,
    1284.972355553952,
    1534.287690382281,
    3268.4666747886495,
    3056.1219658455248,
    3372.4642993435173,
    1712.0418202336637,
    2517.350261182941,
    3225.5221143142935,
    3285.8250386559894,
    1126.1187910420854,
    1366.0354158307991,
    1399.9192295587952,
    2894.413574460687,
    1659.5507797243906,
    3318.908049911124,
    3125.784763899621,
    1057.2087498681874,
    2423.524349815665,
    3315.6668879669605,
    3313.6726469598125,
    1277.3403364530143,
    1206.1558850250601,
    3311.0545611012576,
    1779.036973621329,
    3356.6950803580135,
    1818.218228548413,
    1042.7342859181265,
    2626.816201785932,
    3334.2290717157393,
    1385.929547601788,
    2261.1289340723133,
    1488.5958496654207,
    2727.7901167723226,
    3327.7422284645863,
    12.78393102684512,
    1574.722929253066,
    1985.3977712373344,
    1944.698093073443,
    1277.025983644678,
    2340.8825983704864,
    1885.5383761530568,
    1275.0270257738705,
    1310.4954010558492,
    2401.5124438205407,
    3384.9884665936447,
    1894.7718622471884,
    1146.6965275184243,
    2295.6679798824703,
    1921.4814327917434,
    2695.6715521250367,
    1562.3221856669106,
    2824.9687370962065,
    1676.9767336266525,
    2337.6802815824217,
    1376.6249961843375,
    1949.044779939776,
    17.13582575787145,
    2869.885360760476,
    1301.9014370503446,
    2070.483880224969,
    998.1292477084146,
    3377.74724368525,
    2822.276165498177,
    2225.0064273883863,
    3384.982955310095,
    3385.4042052947225,
    1134.456811007377,
    3373.9342231684295,
    3377.0532032449896,
    1073.533500280405,
    1412.3489610220238,
    1993.6039472140726,
    3306.226341732428,
    2694.834795907719,
    3411.477034245643,
    3366.2569647833952,
    2710.7746174237745,
    1337.3198409961626,
    1357.133308003163,
    3431.7989912584417,
    1451.2017218153985,
    3414.2865420684907,
    1263.5839819840814,
    2070.4456430156015,
    1641.041471377106,
    3372.1193220123223,
    1427.715242182651,
    3428.0836286677313,
    1084.8688736180657,
    2869.797945415657,
    3406.8789228042256,
    327.36954594180276,
    2112.3848378347416,
    3577.3614799466036,
    1865.765366341523,
    2815.7453213852423,
    3521.0044575125717,
    2402.9325404279944,
    2533.8975868927655,
    3395.146475061152,
    3369.180561791265,
    2046.1815437851021,
    3375.3821549254026,
    2046.3836267891406,
    1885.140502205679,
    1472.0042288381946,
    1892.5515817033222,
    3213.550237755463,
    3448.178726475371,
    3094.954279700272,
    3353.35103583157,
    3421.67701559399,
    1259.4255347922249,
    19.07449383638504,
    3168.020021130593,
    3457.5090298695195,
    1475.3317857496484,
    3155.802048397689,
    1322.8738118847366,
    667.3627435118159,
    2483.1497188788762,
    10.904820656659936,
    1430.2169741691976,
    3175.5584262325574,
    3466.5069055076538,
    1348.0336247876387,
    1732.2860551116532,
    1694.3290003768989,
    1265.2168808941406,
    2493.9120920634596,
    1924.1593619452012,
    3495.326236936083,
    3428.4847523639237,
    1484.708406053645,
    3343.5068600716704,
    1857.778376236814,
    2807.6307681849885,
    1590.0068733876442,
    3429.5807090092467,
    3255.101996262677,
    2152.4418014088646
  ],
  "diagnostics": [
    {
      "step": 2048,
      "ev_ema": -0.0013724367490102196,
      "g_std_ema": 1.9567682975440732
    },
    {
      "step": 22528,
      "ev_ema": 0.32683121130330406,
      "g_std_ema": 17.222111656407325
    },
    {
      "step": 43008,
      "ev_ema": 0.7060325822547877,
      "g_std_ema": 19.357450581086855
    },
    {
      "step": 63488,
      "ev_ema": 0.8619279365541387,
      "g_std_ema": 18.248813100042067
    },
    {
      "step": 83968,
      "ev_ema": 0.9145892335310877,
      "g_std_ema": 20.501628014690944
    },
    {
      "step": 104448,
      "ev_ema": 0.9437559082762289,
      "g_std_ema": 23.259421440102884
    },
    {
      "step": 124928,
      "ev_ema": 0.9626378548947774,
      "g_std_ema": 20.057607845313104
    },
    {
      "step": 145408,
      "ev_ema": 0.968806973127903,
      "g_std_ema": 20.265999042435524
    },
    {
      "step": 165888,
      "ev_ema": 0.9478906938379492,
      "g_std_ema": 23.119070815849533
    },
    {
      "step": 186368,
      "ev_ema": 0.9626811623601323,
      "g_std_ema": 20.233748819458494
    },
    {
      "step": 206848,
      "ev_ema": 0.9165127954227772,
      "g_std_ema": 21.020720815367756
    },
    {
      "step": 227328,
      "ev_ema": 0.9550675783538867,
      "g_std_ema": 18.555906054013544
    },
    {
      "step": 247808,
      "ev_ema": 0.9686226776655917,
      "g_std_ema": 17.54399991820602
    },
    {
      "step": 268288,
      "ev_ema": 0.9714448775686059,
      "g_std_ema": 17.071669297318564
    },
    {
      "step": 288768,