{
  "env": "Walker2d-v4",
  "agent": "Optimal_PPO",
  "seed": 3,
  "config": {
    "hidden_dim": 256,
    "lr": 0.0003,
    "gamma": 0.99,
    "lam": 0.95,
    "eps_clip": 0.2,
    "n_epochs": 10,
    "batch_size": 64,
    "n_steps": 2048,
    "ent_coef": 0.0,
    "vf_coef": 0.5,
    "max_grad_norm": 0.5,
    "use_obs_norm": true,
    "use_adv_norm": true,
    "use_lr_anneal": true,
    "total_timesteps": 1000000,
    "eval_freq": 20480,
    "n_eval_episodes": 10,
    "eval_mode": "deterministic_mean",
    "scr_ema_alpha": null,
    "scr_relax": null,
    "clip_c": null,
    "use_dcppo_s": false,
    "dcppo_w_min": 0.1
  },
  "total_steps": 1001472,
  "elapsed_s": 879.2800362110138,
  "final_reward": 4196.798258186114,
  "max_reward": 4704.76149073407,
  "eval_rewards": [
    268.80610162690834,
    355.90523186100023,
    389.05786496326584,
    403.3855477651655,
    370.85223845937463,
    355.6135970760239,
    601.0775027191438,
    642.9704920158465,
    636.2026739267931,
    766.9557374264272,
    742.7509434385554,
    823.3593304269522,
    795.365687696764,
    873.0261019430878,
    943.9739812221894,
    961.4708219671984,
    1078.7837099511362,
    939.586428141688,
    925.762560387074,
    1016.0542679307586,
    1858.3344184766925,
    3498.9619925476336,
    3612.3125288151277,
    3036.169723432283,
    4098.982015456914,
    4046.161110395026,
    4240.850332041934,
    4004.433699392699,
    4188.202987691976,
    3322.6744338792523,
    2005.0165075656623,
    3576.180857932142,
    840.488502667793,
    813.0722413181643,
    808.852318410193,
    839.6891434904098,
    1219.6151936392505,
    4122.138799669723,
    3998.817971654811,
    4199.075864748664,
    2880.992951265622,
    2577.8820464485048,
    4377.875591645547,
    4663.40825891508,
    4701.798601710683,
    4567.891667816086,
    4704.76149073407,
    4672.642315132924,
    4621.653793443964
  ],
  "eval_steps": [
    2048,
    22528,
    43008,
    63488,
    83968,
    104448,
    124928,
    145408,
    165888,
    186368,
    206848,
    227328,
    247808,
    268288,
    288768,
    309248,
    329728,
    350208,
    370688,
    391168,
    411648,
    432128,
    452608,
    473088,
    493568,
    514048,
    534528,
    555008,
    575488,
    595968,
    616448,
    636928,
    657408,
    677888,
    698368,
    718848,
    739328,
    759808,
    780288,
    800768,
    821248,
    841728,
    862208,
    882688,
    903168,
    923648,
    944128,
    964608,
    985088
  ],
  "episode_rewards": [
    2642.8674182096597,
    4516.971398510145,
    1216.2966742174249,
    862.0928383746881,
    3905.778451682613,
    4662.563462065301,
    3664.105380876084,
    3987.1789877640795,
    4608.84892993477,
    4529.011219688665,
    1789.6888373477304,
    3470.1275964756824,
    1164.2504115605675,
    1557.216011626737,
    1793.510916929694,
    767.7394923280923,
    1752.0000277508718,
    3352.793530864368,
    4596.150539521744,
    4736.262177967393,
    4548.781517609968,
    4620.775815166968,
    3146.2609428334717,
    4582.438258186047,
    4619.706619808591,
    3060.8706241113596,
    1417.0799759568192,
    3236.063552810748,
    4616.230209211562,
    4394.510829830523,
    4664.462065962978,
    4565.828069221961,
    4602.199166797933,
    4711.3793001023505,
    4640.250314003124,
    883.5491634889735,
    4624.055849828307,
    1915.9108536972356,
    4706.872066895767,
    2241.3668495369657,
    4672.736251962713,
    2547.7517889968053,
    3185.919224727957,
    4604.111397683301,
    4529.661039447316,
    2005.9167413275438,
    4674.634290523079,
    1697.6162925095684,
    3688.457664757471,
    4783.718100858813,
    1777.8132284941755,
    4743.787966030527,
    3337.904887990748,
    4587.886225132853,
    4591.130366138599,
    1571.4828429781273,
    3800.9713668555196,
    1271.8799796138592,
    4435.829173215054,
    4553.503537706696,
    4639.131256904821,
    2890.006034847005,
    4522.385499298435,
    4594.477074585692,
    3759.2962043042576,
    4662.646114314759,
    551.2950182523077,
    4533.984251294443,
    683.8481903950053,
    4497.784090588903,
    4513.403818033076,
    4557.607943623398,
    3788.427868265505,
    4642.507849758059,
    4607.20151794114,
    4578.537987318489,
    4546.369829385746,
    4644.5063461857,
    3924.296280334658,
    4500.503047904332,
    4452.5824015538155,
    1960.3060433218673,
    4494.54037867522,
    669.1133963302265,
    4688.833235891484,
    4504.422087045768,
    4536.501262231659,
    4698.727529806403,
    4540.981511918799,
    4678.889404938084,
    4583.556494468273,
    4592.931563461016,
    2963.011174442806,
    4690.280701009827,
    4506.225071949781,
    1717.8082357192234,
    4408.250537156518,
    4655.33981097053,
    4498.199182309124,
    4448.2533394392685,
    4601.40381645539,
    4281.65560214713,
    4479.816764735107,
    4576.591284591018,
    4509.627307317606,
    4601.673372209658,
    4469.6887743184725,
    4537.923636705797,
    4670.618270628347,
    4565.849373213445,
    2730.703871398925,
    4604.419545430369,
    4520.358856794199,
    4634.337755523063,
    1329.6530668026678,
    4526.4029669284655,
    4494.5961333040495,
    4575.621224982063,
    1351.4407566126604,
    4344.772508353283,
    3814.165172249742,
    4518.381760480299,
    4563.194956267944,
    3387.509028567774,
    4431.043272447765,
    4461.636856997873,
    4383.945126247244,
    4537.3591573571985,
    4583.5367606249965,
    1120.3474170440484,
    3633.5156641535514,
    4496.276763913831,
    4633.6654735981365,
    2281.021710004581,
    2559.308253912399,
    4452.66661250178,
    1298.7416936914292,
    4386.293158315992,
    4561.813793206122,
    2311.575253886861,
    4573.370496247052,
    4531.456236690991,
    4628.637202872841,
    2548.1495365183096,
    460.4365568310264,
    1534.24569685991,
    4552.528627961538,
    4478.50095122297,
    2686.3438126514457,
    4540.128919361636,
    4441.2269209711585,
    3269.7250196081395,
    3040.045829175199,
    4417.713159427561,
    4567.556568146921,
    4625.389323712314,
    3580.26660175532,
    4677.645341692415,
    4521.232917147356,
    935.7979615904969,
    1758.859155126272,
    2016.9746873578795,
    1703.529626980194,
    4631.4647244325415,
    2199.0018413061525,
    4512.39387124339,
    4591.229680284767,
    4287.795714837835,
    1531.7714525678784,
    4766.076225539734,
    4596.497440736357,
    4673.998944978492,
    2899.568873075043,
    1323.350777297185,
    4434.195594997861,
    4693.048530144972,
    4654.948845115692,
    4485.332757878046,
    4669.219912438945,
    2656.4090771639753,
    4670.188286118877,
    4572.745740438461,
    4616.296046804653,
    4596.442220335159,
    3625.9908639912383,
    4557.996985017027,
    4708.345246564322,
    4742.080150455977,
    4497.765000224763,
    4586.539002324991,
    3645.3128456276327,
    4645.865689984146,
    4180.083207920692,
    4305.0892487579185,
    4667.988472555254,
    4454.308874654771,
    4522.236399215343,
    4485.868895058302,
    4160.308546421514,
    2663.4883735673366
  ],
  "bhvf_diagnostics": []
}