{
  "env": "Walker2d-v4",
  "agent": "Optimal_PPO",
  "seed": 0,
  "config": {
    "hidden_dim": 256,
    "lr": 0.0003,
    "gamma": 0.99,
    "lam": 0.95,
    "eps_clip": 0.2,
    "n_epochs": 10,
    "batch_size": 64,
    "n_steps": 2048,
    "ent_coef": 0.0,
    "vf_coef": 0.5,
    "max_grad_norm": 0.5,
    "use_obs_norm": true,
    "use_adv_norm": true,
    "use_lr_anneal": true,
    "total_timesteps": 1000000,
    "eval_freq": 20480,
    "n_eval_episodes": 10,
    "eval_mode": "deterministic_mean",
    "scr_ema_alpha": null,
    "scr_relax": null,
    "clip_c": null,
    "use_dcppo_s": false,
    "dcppo_w_min": 0.1
  },
  "total_steps": 1001472,
  "elapsed_s": 885.31285405159,
  "final_reward": 3136.6082458797514,
  "max_reward": 4588.794648735968,
  "eval_rewards": [
    268.6372062788631,
    327.19333879821636,
    347.5382795194117,
    573.2978390938518,
    566.0364843689762,
    716.5607782112862,
    815.4612287532531,
    588.4077182225406,
    1386.650222598666,
    1805.8177246731252,
    2707.1708340172336,
    2988.8857863591447,
    2304.995850289425,
    2213.396127964096,
    1076.3283891967244,
    3011.6127255664824,
    2106.661947233829,
    3538.842706627505,
    3774.8784156638676,
    2708.2917996436,
    3346.523078528125,
    3235.8793308092913,
    3655.6086106195,
    2908.494501682694,
    2231.0232559987803,
    4357.500820425722,
    4385.47400712123,
    4231.68974418656,
    4162.924305296113,
    4228.893946783595,
    4588.794648735968,
    4347.043563473062,
    4530.606378275652,
    3375.9107039465575,
    3621.7565355148245,
    2510.2329807860397,
    3038.7490063456944,
    3953.1219285289844,
    3348.269192470822,
    4249.042031754925,
    2955.918903241789,
    1556.1727579929288,
    1822.8386987089045,
    2567.339118790877,
    3092.1383372883997,
    4203.200762601971,
    3386.1782475569307,
    3502.5091304754083,
    4030.7444703853776
  ],
  "eval_steps": [
    2048,
    22528,
    43008,
    63488,
    83968,
    104448,
    124928,
    145408,
    165888,
    186368,
    206848,
    227328,
    247808,
    268288,
    288768,
    309248,
    329728,
    350208,
    370688,
    391168,
    411648,
    432128,
    452608,
    473088,
    493568,
    514048,
    534528,
    555008,
    575488,
    595968,
    616448,
    636928,
    657408,
    677888,
    698368,
    718848,
    739328,
    759808,
    780288,
    800768,
    821248,
    841728,
    862208,
    882688,
    903168,
    923648,
    944128,
    964608,
    985088
  ],
  "episode_rewards": [
    1744.5609371072123,
    2324.485328384742,
    1698.8085452211672,
    1442.3362350229547,
    1166.938865663809,
    3786.96117722407,
    2618.952260117327,
    1755.131483936683,
    1184.4568658947335,
    1903.1534971175092,
    4462.9451731378595,
    2123.8328030403663,
    1551.5485549949726,
    1251.639654980708,
    1336.2902051463914,
    2083.10427693817,
    3850.5728991153333,
    2129.686642154425,
    2501.818876177499,
    1667.0307240908608,
    2170.4151346263548,
    2342.150088299343,
    2362.293294757011,
    2079.818208721663,
    1124.585593274001,
    3208.577284506937,
    2324.669595686379,
    1678.6475178217881,
    1992.3470574296755,
    927.7435925925,
    2495.2124398304904,
    2032.013257877273,
    864.1403265058918,
    3202.8662932340208,
    1374.9645814789478,
    2469.194254202582,
    3466.7299719162284,
    826.8722156087892,
    1310.756874498388,
    2402.0204963852016,
    4400.870960254513,
    2441.5820776684504,
    974.1244727180025,
    2389.755750348206,
    1516.8400759907906,
    3186.43819996747,
    4185.061942967023,
    2349.608717141919,
    1224.6991194995896,
    4445.79689118841,
    1638.4202104642582,
    2600.1458019132624,
    2753.2797116754887,
    2997.4992164502546,
    1733.2605922749397,
    3106.493802435818,
    1428.7975855029756,
    2747.2145087276485,
    1201.1584642767239,
    1748.0408254109102,
    3185.7978215078224,
    2354.513233884123,
    1460.1108860503691,
    1436.7487292393255,
    1902.887660966047,
    1735.2055421917355,
    2149.78758355463,
    1706.5011269840645,
    1583.9431363471858,
    2158.6132892672517,
    5050.65573043032,
    3483.6303430182174,
    2401.8459088492505,
    2186.7101622752352,
    3520.5694687734713,
    3287.0981551093587,
    2802.2513655876064,
    2918.575705316168,
    2435.569583126332,
    2292.886964766967,
    4588.351887864459,
    4328.5668381511705,
    2772.5475019068695,
    290.5503031061786,
    2075.995323179698,
    3107.1263677587667,
    2490.542274723241,
    2106.953992093022,
    3682.540140491945,
    4246.536516906511,
    3146.6631471364703,
    4667.553754648726,
    2188.9070091918616,
    4710.556946304532,
    2470.2917185981423,
    1404.1219433514088,
    4776.0394481097355,
    4968.796343711471,
    2150.034800185887,
    1857.83526029958,
    1971.937191422181,
    1454.564339308205,
    2252.6828293303656,
    1680.1002904948327,
    4672.282649589108,
    3043.1461153938994,
    3069.5951713005024,
    3669.562309998299,
    4552.444201220656,
    4688.347998033669,
    3002.9699017655767,
    4895.868377087675,
    953.0104586173783,
    3238.1956917862453,
    898.153125027306,
    2701.763256529235,
    4844.914772297962,
    3607.5905644634922,
    1815.049473787908,
    4752.639964302909,
    3365.7268769321827,
    1858.3833628081716,
    2706.4249451846777,
    1826.5346633386769,
    1514.5720496295703,
    1899.6185390658457,
    1640.4291997087548,
    2350.0270030200745,
    4067.755341982262,
    1737.9735019824254,
    2513.5240343898504,
    1760.8641484664975,
    4150.879882712758,
    4810.229465874115,
    2225.9418668107414,
    2780.914914421064,
    4136.18719308236,
    3689.0053771859484,
    1603.8264475599603,
    1605.9540146505703,
    2626.1785991844263,
    4903.923493314044,
    637.7276123284304,
    3571.9521325945393,
    2664.27966185911,
    4326.620411381674,
    2877.4477637338136,
    2254.423816170838,
    2701.863654159072,
    4761.451585580728,
    2714.093274839939,
    2658.0577425310325,
    4372.202664389206,
    1636.1062388450682,
    1520.9451952339414,
    2897.702420582179,
    4613.913167318898,
    1790.8704018212884,
    1777.7218607369568,
    3887.9650852854234,
    1395.6225367810046,
    2414.3823424949865,
    3194.024542133566,
    1626.7963683602952,
    2645.868132457033,
    2633.5702556173537,
    1037.72453833638,
    4676.191788853413,
    4572.549206059159,
    4863.372808784254,
    1379.6419417950306,
    4984.805351753107,
    1723.063895127678,
    2455.6063028740405,
    1522.9881955689054,
    1122.7636710370043,
    4488.6762962634075,
    1938.2927838467522,
    2372.852476076171,
    1435.9669287788402,
    3425.4082299298225,
    1161.4865089689517,
    2572.904435615471,
    4978.226735696695,
    3098.0321454987493,
    1603.4656113285662,
    2957.5918323031206,
    4394.8211170371,
    4683.4379467555445,
    1441.9837989579642,
    2357.6282109211274,
    1208.728777992321,
    2421.9750116606265,
    3913.523805194027,
    1830.3101723811635,
    2874.1772692377504,
    4619.297274002677,
    1802.9779119127104,
    4247.77248913922,
    2458.4223570265067
  ],
  "bhvf_diagnostics": []
}