{
  "env": "Walker2d-v4",
  "agent": "Optimal_PPO",
  "seed": 10,
  "config": {
    "hidden_dim": 256,
    "lr": 0.0003,
    "gamma": 0.99,
    "lam": 0.95,
    "eps_clip": 0.2,
    "n_epochs": 10,
    "batch_size": 64,
    "n_steps": 2048,
    "ent_coef": 0.0,
    "vf_coef": 0.5,
    "max_grad_norm": 0.5,
    "use_obs_norm": true,
    "use_adv_norm": true,
    "use_lr_anneal": true,
    "total_timesteps": 1000000,
    "eval_freq": 20480,
    "n_eval_episodes": 10,
    "eval_mode": "deterministic_mean",
    "scr_ema_alpha": null,
    "clip_c": null,
    "use_dcppo_s": false,
    "dcppo_w_min": 0.1
  },
  "total_steps": 1001472,
  "elapsed_s": 2736.987071990967,
  "final_reward": 3384.054545544301,
  "max_reward": 4641.979245925826,
  "eval_rewards": [
    266.7909946628014,
    274.91292744812176,
    305.70192980104173,
    378.61682464535767,
    354.85762865429416,
    322.1351137905887,
    339.18756845688506,
    398.4614751252541,
    671.8256335333655,
    774.596118739288,
    1384.1540255880104,
    2106.0075093471823,
    2284.770766570416,
    2840.634475769336,
    3153.542619153234,
    3364.696185884461,
    2242.7731388939765,
    2891.5680532315746,
    3073.419908330211,
    3318.0075471032374,
    2501.746759226463,
    2901.889894550773,
    3712.861233957522,
    3446.4329304258063,
    2834.8461008749628,
    3735.160584718892,
    4347.219090838407,
    3574.5958131918933,
    4286.321562861096,
    4111.033818627216,
    4243.980156153313,
    4291.099940217583,
    4256.81383451926,
    4511.899799431229,
    4641.979245925826,
    4256.972544712899,
    4491.444484835762,
    2384.7757603506298,
    3347.3562715915295,
    3618.9348856225733,
    3792.5075151564133,
    3591.815104877397,
    3193.1155830792536,
    4093.24689705633,
    2549.446632632576,
    4371.010096273824,
    2312.8645913510145,
    1850.4951441990015,
    4467.1090051946285
  ],
  "eval_steps": [
    2048,
    22528,
    43008,
    63488,
    83968,
    104448,
    124928,
    145408,
    165888,
    186368,
    206848,
    227328,
    247808,
    268288,
    288768,
    309248,
    329728,
    350208,
    370688,
    391168,
    411648,
    432128,
    452608,
    473088,
    493568,
    514048,
    534528,
    555008,
    575488,
    595968,
    616448,
    636928,
    657408,
    677888,
    698368,
    718848,
    739328,
    759808,
    780288,
    800768,
    821248,
    841728,
    862208,
    882688,
    903168,
    923648,
    944128,
    964608,
    985088
  ],
  "episode_rewards": [
    3535.7661715903896,
    1418.5448224310003,
    4583.062223346475,
    905.2944718696086,
    4404.820768673231,
    1888.1543075556515,
    1700.6935301432231,
    1633.523450683358,
    4475.537575762139,
    1802.2267662408312,
    4552.857160579849,
    3438.9288336293193,
    1834.071161688852,
    3144.0080716353195,
    1775.8906500972994,
    4599.357641459737,
    4518.163950370251,
    4512.123580295717,
    4444.685554862128,
    4482.180876781908,
    4522.101010796173,
    3434.2743377888805,
    3820.4450645099782,
    3679.183757316429,
    3393.444985327975,
    3016.82134366412,
    4649.374032915507,
    4496.842179010179,
    1158.1239112942349,
    2162.5855154043647,
    4555.615781427046,
    1170.397903016591,
    3067.638332450578,
    4457.748298479184,
    4583.221724985214,
    2687.4692189968564,
    1202.523741386406,
    4715.793903208912,
    4672.372674693828,
    2464.799004890846,
    4717.801500525188,
    3059.8568286468417,
    4615.810161186213,
    1058.6144190983846,
    4729.868058466366,
    1314.8293032690108,
    2497.135835027125,
    4591.891780598782,
    2062.85397457066,
    4392.501973814845,
    3134.4036565397173,
    2361.0829269525407,
    844.8356706391392,
    4745.93127113237,
    2476.6049908977625,
    1571.0162321310536,
    4839.780533594217,
    1365.6171647596316,
    2136.0283155962757,
    4725.359281026074,
    3001.3020092888355,
    4055.7091722929713,
    4464.953362854123,
    2459.599505436653,
    3423.010302997365,
    1936.3644768190627,
    2626.4950343985392,
    4680.21223983007,
    1638.0530200751457,
    1019.2793976184347,
    2388.977824562648,
    4559.54038828781,
    3402.811650820593,
    4614.8796033373,
    1035.8212378677756,
    4483.269814807441,
    1212.064169906822,
    2669.6431868325194,
    3196.9661680562044,
    1524.9679597589836,
    3166.344151867624,
    4580.874217056497,
    3608.1594725253044,
    4186.818945499166,
    2728.310552778178,
    1732.0205237663938,
    888.4565442277121,
    3706.896550545801,
    4613.345574130147,
    2276.375700874066,
    2119.015774899701,
    4711.344630576652,
    4592.334636212835,
    4600.251573056099,
    1553.802322904532,
    3879.909892374222,
    4557.358944803153,
    4497.00335855368,
    4452.362431925161,
    4551.270984407131,
    4591.253043650706,
    2732.7477229684723,
    4596.036830424143,
    4835.720117225888,
    3844.623837194401,
    1241.1291938985305,
    862.6204641669394,
    857.8932031201161,
    782.6896363668402,
    4502.11229091815,
    3457.6904422268667,
    2770.237639411089,
    4664.594971085517,
    865.1731042407791,
    977.345442934302,
    1029.435277475778,
    892.3728912002734,
    3536.673768213322,
    1080.596602033144,
    3497.81426817561,
    4693.097502499237,
    2457.0606262145106,
    4636.950116485787,
    2030.940682317897,
    2147.2370890033335,
    2731.373545656319,
    3291.2485416985246,
    858.6877416905932,
    1504.3628166821445,
    2995.608138711917,
    751.6245579563376,
    4755.6195639400585,
    4674.906654194296,
    1232.205958990377,
    4678.563603558146,
    4573.247910045533,
    2137.0123589773552,
    4637.6111318995445,
    4829.29699858136,
    1501.2017086900473,
    2363.6716162559514,
    2075.3988502750362,
    4568.023199726504,
    3158.1776809739,
    902.704757623097,
    2905.4992166192037,
    4341.161725887104,
    4527.396760123541,
    4798.74983278782,
    2220.863148901699,
    2982.7998672042886,
    849.5583282633382,
    4623.811252671829,
    1835.966285484849,
    2746.814348135511,
    957.4955798614438,
    917.6432546540652,
    1295.969916800448,
    4674.783422550075,
    4748.050183885088,
    1492.9179268048035,
    2388.804021623939,
    2308.714289702356,
    4675.405049194393,
    1984.9512690463864,
    1804.0690250335974,
    1136.2461440834852,
    4575.331718694845,
    4473.224510704001,
    4586.717437861901,
    4690.978769013967,
    3093.660279410059,
    3756.8758093906363,
    4320.771287334909,
    925.2953429241812,
    4522.1105272718405,
    4259.242798947047,
    2086.763421064261,
    4675.17797497278,
    4664.854375833084,
    928.7535230692043,
    3258.710855026617,
    4441.814489325382,
    4487.586727284513,
    4544.482944110213,
    971.5394924329332,
    757.9727129010738,
    1418.1048583956392,
    4528.040242457105,
    2869.4396429304566,
    2021.115503778119,
    2020.1639231835106,
    4552.783365207657,
    3238.195182845173,
    4698.347395222776,
    4556.524675835185,
    1152.8967708631071,
    4543.30426900035,
    4486.072770221257,
    4761.752698150054
  ],
  "bhvf_diagnostics": []
}