{
  "env": "Walker2d-v4",
  "agent": "Optimal_PPO",
  "seed": 8,
  "config": {
    "hidden_dim": 256,
    "lr": 0.0003,
    "gamma": 0.99,
    "lam": 0.95,
    "eps_clip": 0.2,
    "n_epochs": 10,
    "batch_size": 64,
    "n_steps": 2048,
    "ent_coef": 0.0,
    "vf_coef": 0.5,
    "max_grad_norm": 0.5,
    "use_obs_norm": true,
    "use_adv_norm": true,
    "use_lr_anneal": true,
    "total_timesteps": 1000000,
    "eval_freq": 20480,
    "n_eval_episodes": 10,
    "eval_mode": "deterministic_mean",
    "scr_ema_alpha": null,
    "clip_c": null,
    "use_dcppo_s": false,
    "dcppo_w_min": 0.1
  },
  "total_steps": 1001472,
  "elapsed_s": 3303.539810180664,
  "final_reward": 4176.590733116688,
  "max_reward": 4682.196302721132,
  "eval_rewards": [
    258.5287508305308,
    284.8488357173707,
    300.590784746613,
    352.4576809783145,
    349.8223700114423,
    392.8644657398273,
    446.35540537087655,
    767.0278386130792,
    760.0086931729331,
    770.8670319154083,
    801.3784749940162,
    1069.6764350273652,
    1055.6233784092387,
    2621.594530500467,
    1207.341039901525,
    804.7426264134922,
    1665.536791792089,
    2285.8542493449904,
    2436.857845531567,
    3689.022921337461,
    2354.742651331364,
    2801.8314184515575,
    2818.1029570012806,
    3395.6251852532105,
    3423.3630748080723,
    3880.917528387984,
    4040.126014287973,
    3763.4075885123157,
    3910.122029714507,
    3731.6732855154164,
    3898.752305645275,
    4000.0647640911,
    4142.294993870574,
    4102.693448536109,
    4116.002421146319,
    4085.9194612361184,
    4286.991974109349,
    4419.086225039064,
    3893.2149138893205,
    4366.5808471366545,
    4388.390168839431,
    4239.481384728538,
    3953.7311222199833,
    2741.242053130335,
    3690.7081358324513,
    4488.16949190067,
    4656.756571249124,
    4682.196302721132,
    4558.651253408565
  ],
  "eval_steps": [
    2048,
    22528,
    43008,
    63488,
    83968,
    104448,
    124928,
    145408,
    165888,
    186368,
    206848,
    227328,
    247808,
    268288,
    288768,
    309248,
    329728,
    350208,
    370688,
    391168,
    411648,
    432128,
    452608,
    473088,
    493568,
    514048,
    534528,
    555008,
    575488,
    595968,
    616448,
    636928,
    657408,
    677888,
    698368,
    718848,
    739328,
    759808,
    780288,
    800768,
    821248,
    841728,
    862208,
    882688,
    903168,
    923648,
    944128,
    964608,
    985088
  ],
  "episode_rewards": [
    3152.4511611448534,
    2701.2462744567847,
    4256.358476448007,
    4488.715485008509,
    4596.348172140715,
    2170.0019630228967,
    2318.93930103331,
    4545.404534722018,
    4375.539343923358,
    1105.7988615372167,
    4431.760289635478,
    2504.719388226471,
    1486.1334997243275,
    4545.832293636356,
    3992.156370006497,
    4441.970522141375,
    2180.4284091373156,
    3809.721694726851,
    2750.3742559176094,
    4541.668139736371,
    4467.16863483033,
    3600.503445618254,
    3965.0331385296995,
    4640.86055128027,
    4366.261918098935,
    1753.873894517489,
    1932.3636715811556,
    4673.443059096832,
    1671.3446383794014,
    4327.9218081101635,
    4090.7343428429863,
    3035.7284107529367,
    2054.986581004759,
    4100.613116898498,
    1842.3104787971288,
    4239.536963860661,
    4319.543098122407,
    1960.2007269909043,
    1768.761462626178,
    1804.0660694852745,
    1763.8122691234373,
    4374.415468151199,
    4453.464044452009,
    2046.13885190192,
    3499.943226077434,
    2119.0318346209906,
    1487.6876607072609,
    4374.697619473982,
    3457.16808864026,
    4328.0910516228105,
    2344.228603505488,
    2338.9424694363493,
    3910.443173343727,
    4403.014249218653,
    3227.71768234919,
    1452.1678478695098,
    4296.8379499325365,
    3123.4648721434232,
    4394.693664100871,
    4298.08017478357,
    4303.596712946507,
    4563.827185833083,
    4366.233956015421,
    4466.521310919685,
    2785.710197318591,
    518.5782730166521,
    4396.926584957924,
    4500.814141347171,
    4212.231657149753,
    1934.044108696586,
    2066.017213907998,
    4430.541632439109,
    4294.343130772914,
    4410.341848855667,
    2902.2412200529593,
    4382.659260177218,
    3425.2987941818265,
    4292.782625665077,
    4519.848256170835,
    2533.2605430060166,
    4239.917024111971,
    4523.070319145667,
    2456.7139384055167,
    2925.939059496247,
    4554.169244597506,
    4366.394755467361,
    4342.506778956599,
    4467.710946986534,
    504.27627360936305,
    4475.386716920913,
    4632.44384264398,
    4376.279402669149,
    4291.192742568785,
    2818.6982292237735,
    1809.259632995288,
    4404.278182850349,
    2208.4484463320805,
    4390.405263045576,
    2598.3339855989934,
    1461.317272327225,
    4292.25051277155,
    4412.903826323031,
    4343.738393370501,
    3492.4096612931135,
    4363.650022934045,
    1320.169231974178,
    423.96888697854564,
    1875.90870401294,
    3678.7032671551997,
    2824.6557547421457,
    4411.292460604075,
    4415.741174133341,
    4482.331429498483,
    3661.590977315555,
    4390.313474430876,
    4529.755184716195,
    3332.4895913598884,
    3065.994542071437,
    4489.398582598242,
    1574.080572388824,
    4436.197531932102,
    4350.210437410988,
    2035.3349525347041,
    2244.5581963825334,
    2692.2762072244545,
    2641.378697924457,
    2086.1828674916965,
    1639.6404556628258,
    3874.182428821105,
    2424.795365074959,
    2578.3003142089206,
    1820.108607134884,
    4521.3559961004075,
    4311.1132490156815,
    1711.2134636375413,
    1568.146836713759,
    3815.6739970722488,
    4378.904145469068,
    3716.608849236993,
    3922.1614663676783,
    3336.2755040365296,
    1677.0171931640568,
    1414.5785385854092,
    2277.0929371272505,
    490.04285933701993,
    2178.7090832334766,
    4520.382011819929,
    825.6697279493866,
    4645.610926491114,
    3679.2185745902702,
    3162.302330495976,
    4322.502938540042,
    2004.1561329655765,
    4497.399943239698,
    4515.33309256208,
    2599.8486716091306,
    4577.333085524792,
    2323.5523138547146,
    1515.4472735291392,
    4597.579696563134,
    3101.5391513291465,
    677.006407200643,
    4524.0854303017,
    2003.8933857290808,
    3012.654347082448,
    2593.603694081211,
    4421.74236608339,
    5.372807261286421,
    4607.397183606353,
    4542.326569726044,
    4425.3052896884265,
    2213.82268913456,
    4582.605429590208,
    4477.315823486011,
    4528.229734756423,
    3958.2938769845223,
    2785.128081629663,
    4506.4594080958395,
    4235.355547881966,
    1247.588074632166,
    2571.4076869130467,
    4451.999868223922,
    4356.601254144206,
    4119.430671194738,
    4413.200838696431,
    3061.1320848534865,
    2998.221224839507,
    4375.137158664758,
    5.027582216459017,
    4469.230603187329,
    4540.335962525452,
    4253.473373969197,
    3272.25395170863,
    4278.278486371883,
    4435.852469275732,
    4651.749701868821,
    3302.431342150274,
    3761.1917294560826,
    1929.9938937582856,
    4.067532300042342
  ],
  "bhvf_diagnostics": []
}