{
  "env": "HalfCheetah-v4",
  "agent": "Optimal_PPO",
  "seed": 0,
  "final_reward": -97.99630119216148,
  "eval_rewards": [
    -0.791785812027484,
    -22.833990451013182,
    -98.8207709435846,
    -87.99095421810972,
    -107.17717841479013
  ],
  "eval_steps": [
    2048,
    22528,
    43008,
    63488,
    83968
  ],
  "bhvf_diagnostics": []
}