{
  "env": "Ant-v4",
  "agent": "Optimal_HCGAE_v2_NoBdry",
  "seed": 4,
  "config": {
    "hidden_dim": 256,
    "obs_norm": true,
    "adv_norm": true,
    "lr_anneal": true,
    "eval_mode": "deterministic_mean",
    "n_seeds": 12,
    "total_timesteps": 1000000
  },
  "total_steps": 1001472,
  "final_reward": 1847.3412332506773,
  "max_reward": 2118.9752060797487,
  "best10_mean": 1886.9633367982483,
  "eval_rewards": [
    857.5553298632398,
    322.8334379141385,
    38.64615741814559,
    401.33132505266707,
    516.318251690824,
    174.8962157374256,
    470.3415002165126,
    213.8746145945442,
    153.54835556070125,
    548.383557696726,
    674.6754506372714,
    826.4532348831362,
    806.381075327843,
    817.3149350462543,
    876.2966503164691,
    906.7765870834994,
    945.5338652431503,
    919.0877185219322,
    1162.9019405236218,
    1137.0601712875518,
    1048.4567089981256,
    1205.2657527816602,
    1264.144422310359,
    1373.879096240136,
    1427.1962961807753,
    1301.648595565404,
    1470.8756001627107,
    1550.9696194037472,
    1460.4327223956723,
    1312.2900246537752,
    1356.279847295851,
    1460.7517433455341,
    1479.2241200013198,
    1414.002476270226,
    1654.5250797232416,
    1833.739126056945,
    1963.6454121760296,
    1630.5466553970105,
    1763.5351956212035,
    2041.7754115291034,
    1929.2937679298234,
    2118.9752060797487,
    1736.479128782478,
    1888.8317947436328,
    1805.5294494847792,
    1664.6843739747862,
    1776.0726683465332,
    1748.2353360146851
  ],
  "eval_steps": [
    20480,
    40960,
    61440,
    81920,
    102400,
    122880,
    143360,
    163840,
    184320,
    204800,
    225280,
    245760,
    266240,
    286720,
    307200,
    327680,
    348160,
    368640,
    389120,
    409600,
    430080,
    450560,
    471040,
    491520,
    512000,
    532480,
    552960,
    573440,
    593920,
    614400,
    634880,
    655360,
    675840,
    696320,
    716800,
    737280,
    757760,
    778240,
    798720,
    819200,
    839680,
    860160,
    880640,
    901120,
    921600,
    942080,
    962560,
    983040
  ],
  "episode_rewards": [
    622.0331974152135,
    1804.2796178115389,
    1308.1251430651319,
    1632.411693436652,
    174.70895339440597,
    767.3842340929601,
    1543.9934931289247,
    725.8790542238138,
    618.5709339709731,
    659.3622655000235,
    1540.3550534755802,
    1770.3065760070494,
    577.0091842243394,
    1350.1598902270216,
    1704.1169888851891,
    631.0768870436956,
    1852.5410943295901,
    1763.1103481174475,
    1168.2078934061349,
    1737.943737110989,
    1564.0612735525451,
    1520.507172044409,
    578.0063760672413,
    1797.4195382736655,
    549.169340780212,
    1742.2817596803443,
    1769.8619780552579,
    126.0973439219157,
    1612.4546875055858,
    1713.112156731788,
    1739.69167181818,
    1798.4432549554574,
    1220.7339964292182,
    1174.0213701758964,
    1756.7015473388144,
    984.9820477716335,
    1897.0103712284204,
    1865.6894406460242,
    1043.6537455121718,
    585.5402350876186,
    1820.307280441481,
    861.8073397662193,
    1438.915551325595,
    182.84274542708874,
    1708.489221525304,
    1400.508723085827,
    1138.5102386208714,
    1117.5141054511776,
    1293.5396512308814,
    1684.7056527945417,
    1767.236100445434,
    1358.3251400514896,
    1664.9293364131015,
    1859.1341742386555,
    1892.0243782341738,
    904.5465270914865,
    1828.6203901498716,
    1256.7453831743824,
    1773.0441947353995,
    1317.880301555223,
    1626.6873470946225,
    1711.1736531800789,
    1052.6331264092569,
    848.9919169716632,
    575.9569392010976,
    1682.320318889702,
    1916.797909116003,
    1639.5030343200606,
    539.0573905416329,
    1660.4681090935292,
    1748.5611617079821,
    654.9635632127378,
    180.67258045367194,
    91.06567154500364,
    1026.0827024471625,
    748.4045466621225,
    1707.3443657963098,
    652.0256580056684,
    1235.5844625152938,
    707.2110095684834,
    1800.6755305400807,
    210.98413976972142,
    70.2399385784555,
    84.98447143401825,
    329.45175353562996,
    1741.6104531069614,
    592.93518816731,
    610.3169152096008,
    1885.829432248695,
    1271.0414459230021,
    702.776259158318,
    1490.1729814559305,
    1041.496099841772,
    1719.4995514383847,
    1355.6315351506228,
    1785.6940936979329,
    1610.1415964368682,
    797.9101664370078,
    398.47581127638136,
    1294.1021215089809,
    1832.8051716538168,
    227.37860321345286,
    1800.4027367345338,
    1232.1393000665626,
    1437.4820227018192,
    1375.9535576336573,
    594.4582668060123,
    992.6414317956314,
    1476.6806711701267,
    1860.297212416823,
    939.8877788173564,
    1920.6178324037226,
    921.2025802565656,
    1969.6570187374407,
    1758.7792180577594,
    1787.0733403105132,
    1087.7301755772528,
    724.6976885831778,
    203.9870117761879,
    1175.6684581528832,
    1767.6990449914542,
    1964.4269634018976,
    442.1556198973196,
    56.12204409741213,
    969.2917494189157,
    1336.7110621396873,
    145.38374395155387,
    1804.504898475533,
    180.15802025502555,
    1047.600396015973,
    1210.7013735898947,
    1963.6648499818966,
    1034.9940545541128,
    735.0049840603017,
    1896.168864106814,
    926.7708108109367,
    520.6357239214428,
    13.221948444654899,
    1417.1292549377658,
    1947.580021751981,
    919.7279063376518,
    1547.7977684471002,
    92.55461546236842,
    1873.5470764926856,
    1705.4603016489648,
    1602.2457495392005,
    1538.5874615795556,
    503.226713512426,
    390.1867567282743,
    1041.321075605207,
    859.5334454870152,
    10.822271045296695,
    1942.6678436288048,
    1889.8541247422902,
    1383.4002546402046,
    1224.9772878821705,
    409.8382757637961,
    377.6228121257039,
    1691.9168443755204,
    1006.8106222033156,
    1501.2777431551558,
    722.0839202095697,
    752.2817141171728,
    766.469074515609,
    1685.6299372461483,
    1858.9347154435914,
    1552.6183197342693,
    1726.5108161478734,
    1920.073618527099,
    1865.192838518402,
    1534.181112704835,
    1962.4501612381596,
    1894.1616545417369,
    719.2020945244763,
    1283.4975963551797,
    1956.4460689961948,
    690.5977755406095,
    661.4466223005151,
    1766.1775978172222,
    153.86311826189979,
    896.8030649084392,
    490.67408678626373,
    1902.5116929423789,
    711.1786776544544,
    1924.3634402531666,
    1178.5583783535312,
    1847.7092811053312,
    1530.8032154345244,
    1839.87939718483,
    1878.4015651142265,
    185.14470942895525,
    1938.1470527306592,
    1137.2076557981295,
    1081.242397948593,
    1410.8517683996893,
    1894.5385655081334,
    756.3453547217409,
    870.8901311473145,
    1923.7534499545955,
    1799.52743730713
  ],
  "elapsed_s": 791.7749989032745
}