{
  "env": "Ant-v4",
  "agent": "Optimal_HCGAE_v2_NoBdry",
  "seed": 2,
  "config": {
    "hidden_dim": 256,
    "obs_norm": true,
    "adv_norm": true,
    "lr_anneal": true,
    "eval_mode": "deterministic_mean",
    "n_seeds": 12,
    "total_timesteps": 1000000
  },
  "total_steps": 1001472,
  "final_reward": 1400.5539791486053,
  "max_reward": 1831.7491030399826,
  "best10_mean": 1454.3910919037605,
  "eval_rewards": [
    1051.0096001869435,
    539.1367478574674,
    190.02110392652,
    211.43281849772492,
    142.18941725099853,
    282.92960321300194,
    0.22364656423658902,
    15.283374685636016,
    181.6813770180536,
    246.56654892657716,
    909.7337312400274,
    511.7288888349367,
    740.0317038838601,
    782.5044089083794,
    907.8928254938421,
    865.4167882535951,
    912.8924454885342,
    1049.1784556539706,
    882.8923561070594,
    896.844152623755,
    805.1094080895447,
    850.4798638614196,
    937.506841044537,
    1011.5859456730152,
    1037.3366525212637,
    828.1183373171483,
    1227.6418812584075,
    1191.1296748741865,
    1112.1785962819943,
    1161.974168488518,
    949.0381723487739,
    994.2994583542207,
    1131.6277650946508,
    929.2570004072911,
    1131.9962006340654,
    1400.9376242976682,
    1164.3191872301297,
    1290.2530356530403,
    1151.2905088131145,
    1229.1773815500494,
    1001.5290235860427,
    1413.447733169282,
    1461.4500732956371,
    1296.7099471475428,
    1238.8557954099556,
    1604.4705566381176,
    1831.7491030399826,
    1776.8596688363286
  ],
  "eval_steps": [
    20480,
    40960,
    61440,
    81920,
    102400,
    122880,
    143360,
    163840,
    184320,
    204800,
    225280,
    245760,
    266240,
    286720,
    307200,
    327680,
    348160,
    368640,
    389120,
    409600,
    430080,
    450560,
    471040,
    491520,
    512000,
    532480,
    552960,
    573440,
    593920,
    614400,
    634880,
    655360,
    675840,
    696320,
    716800,
    737280,
    757760,
    778240,
    798720,
    819200,
    839680,
    860160,
    880640,
    901120,
    921600,
    942080,
    962560,
    983040
  ],
  "episode_rewards": [
    912.8087224336716,
    1209.8818941629763,
    1378.035875562766,
    736.8409166917186,
    818.0423397862137,
    1169.5237841522421,
    1163.3229832086204,
    1061.7297930719963,
    1630.2803959512278,
    131.27417976078658,
    1019.8912797425673,
    909.6743443469758,
    1348.4176657565656,
    871.200680656252,
    956.1642698306335,
    741.3710436903402,
    1481.4815418572027,
    897.2399691197667,
    349.7014093318854,
    890.7701740937405,
    1365.7911702458816,
    1452.0565660367697,
    1010.6686988911675,
    995.6347892318272,
    1350.8509246135752,
    842.6793913486003,
    215.23602942561067,
    1275.8698476270336,
    1341.001545027101,
    845.9994339052305,
    11.842220568717352,
    19.839070674905024,
    1433.3353502628029,
    796.8817727980381,
    1021.7505881996781,
    121.72283489882506,
    198.97202762640848,
    660.1643531586803,
    826.3972263056246,
    430.8027725482549,
    763.8184393881733,
    620.1260445222903,
    879.7477078907375,
    1405.2663410410648,
    671.6541870147579,
    833.1931407433262,
    850.3553871794995,
    798.9807487920058,
    555.9331602290856,
    202.35005627332183,
    734.0070758361184,
    1017.6966877996593,
    46.52679345723885,
    1072.579340408061,
    74.55842401577745,
    832.8724049782056,
    762.2462353607847,
    879.2305546209112,
    993.8014569046667,
    255.16600282698903,
    816.887791591779,
    1125.0176603060638,
    1102.7794775408545,
    831.3148842616815,
    992.2070630762242,
    853.3747494674591,
    1344.4462585370745,
    344.6593635387179,
    1019.7033822431767,
    1471.4612527932584,
    1238.1021091631726,
    863.4734660386305,
    1133.8616017709335,
    825.1338382015412,
    995.2507438799965,
    848.9619883092694,
    928.5907494086894,
    1239.0134007811118,
    1253.2241241825593,
    877.3830195872148,
    1017.6953849032388,
    1364.9411798705437,
    830.293914519561,
    793.0181315288548,
    1684.1012628081423,
    1481.7481994830214,
    1140.6630924384801,
    840.5470192949625,
    53.388102756833604,
    1131.5388549058478,
    863.0795462909499,
    371.3253281455778,
    1383.0729141962686,
    1563.9345929428296,
    921.1802044189785,
    1146.3655868630774,
    1631.0631772475228,
    1410.0279091829473,
    875.1478246621105,
    48.79826356074101,
    1545.4005906943137,
    471.64807591595354,
    966.4320921382963,
    718.7755022229428,
    1193.1992758836138,
    1096.251762883418,
    1518.6079445546839,
    550.28566027148,
    185.40200533115782,
    113.39250386753115,
    1416.1076569808592,
    1497.1402521088398,
    978.4175117092732,
    893.4779137620319,
    914.6348639387087,
    953.433729183227,
    874.7752020445737,
    1195.8602502245565,
    1255.1604515102408,
    1250.726926765525,
    1322.035867129786,
    852.721495222568,
    1488.4069108129152,
    1466.0644559912687,
    1453.9046615326438,
    1001.6752354600688,
    1454.475537825582,
    1115.8583488140118,
    798.8419409934698,
    1429.4873822798877,
    989.5336146762311,
    1258.1497649604564,
    1602.1644892835607,
    1022.1398109041976,
    1750.6113690427105,
    979.4213786876383,
    841.4926313347025,
    1345.3053179428914,
    1068.7977825557696,
    840.0796531470922,
    227.06544974811388,
    683.5882138397478,
    628.5476387966369,
    1658.7509761661481,
    1027.244261853097,
    949.9182844503526,
    770.6678523251586,
    1698.4575966006216,
    1326.2500775993692,
    688.3985319144253,
    1601.112008662698,
    1696.743019389559,
    1085.8939312805035,
    1514.4218252453052,
    1068.0377713188939,
    1055.396996543023,
    935.3145722735399,
    976.5492862075758,
    876.8107878598814,
    907.6214380987917,
    993.8035944401724,
    1181.2508174408306,
    1729.5359771630153,
    923.8896114214751,
    840.4067933856663,
    1700.31883406085,
    1253.2033861137925,
    1844.0767954043613,
    1418.6216808853771,
    1421.5410868354193,
    1608.7644796477225,
    1703.741817566622,
    1393.9862790128986,
    1543.7333767327996,
    858.9851921755003,
    900.8369700509141,
    1525.6570319659072,
    1600.8232480912652,
    1131.7449642189472,
    1212.2346228107344,
    995.5291925913872,
    1022.2697549484078,
    1612.0395476296685,
    1141.5926714102081,
    1447.4300875648555,
    1698.238080135534,
    1717.8950101286143,
    1633.6665851362252,
    1269.570339525471,
    985.7153374896735,
    1641.0745144536454,
    1812.580845975494,
    77.56265332562865,
    1697.8108704360768,
    856.7836437153678,
    70.43740607605338,
    756.2702445205982,
    1708.653209305162,
    168.39851725435506,
    431.4573692609092
  ],
  "elapsed_s": 785.4737961292267
}