{
  "env": "Ant-v4",
  "agent": "Optimal_HCGAE_v2_NoBdry",
  "seed": 10,
  "config": {
    "hidden_dim": 256,
    "obs_norm": true,
    "adv_norm": true,
    "lr_anneal": true,
    "eval_mode": "deterministic_mean",
    "n_seeds": 12,
    "total_timesteps": 1000000
  },
  "total_steps": 1001472,
  "final_reward": 3402.8675478800856,
  "max_reward": 3913.6390360722808,
  "best10_mean": 3449.502039252517,
  "eval_rewards": [
    929.8669139325439,
    810.2626034809348,
    82.02746594016628,
    85.94881223951722,
    126.23843678766362,
    91.55060144764882,
    21.014151471816653,
    13.527713883904354,
    103.33473270740122,
    40.137876070613494,
    10.151672754258934,
    189.30431662401298,
    125.91771414964879,
    316.2391614104675,
    438.2264974335934,
    569.7297076174964,
    541.9737168224921,
    584.4076421789908,
    641.4095205938523,
    1209.178432624968,
    1173.1915416069407,
    958.7989069516191,
    1241.1351985403344,
    860.7532359881021,
    1420.0475950649247,
    1327.0524146580412,
    1433.906348069941,
    1741.3000962077228,
    2005.7784325888963,
    2081.9530997441816,
    2041.4927103317782,
    1752.7038266251602,
    2569.3072293883006,
    1729.6322060131872,
    2673.8320227179497,
    2906.585877032246,
    2533.6348701753423,
    3203.868623262476,
    2773.1094205331187,
    2871.000166037286,
    3037.624742622269,
    3116.432112655995,
    3638.9384588280896,
    3441.374267274564,
    3698.230037977858,
    3797.852483978765,
    3913.6390360722808,
    3740.474752820629
  ],
  "eval_steps": [
    20480,
    40960,
    61440,
    81920,
    102400,
    122880,
    143360,
    163840,
    184320,
    204800,
    225280,
    245760,
    266240,
    286720,
    307200,
    327680,
    348160,
    368640,
    389120,
    409600,
    430080,
    450560,
    471040,
    491520,
    512000,
    532480,
    552960,
    573440,
    593920,
    614400,
    634880,
    655360,
    675840,
    696320,
    716800,
    737280,
    757760,
    778240,
    798720,
    819200,
    839680,
    860160,
    880640,
    901120,
    921600,
    942080,
    962560,
    983040
  ],
  "episode_rewards": [
    406.92869984034667,
    569.5804344408286,
    892.4226163808298,
    2525.511734828349,
    2080.770378605146,
    781.2078015835921,
    1296.8156935473876,
    979.2037750841109,
    2209.823471935531,
    938.9484280733816,
    2740.383262198541,
    1246.1233115389089,
    2588.1493769036883,
    2631.8668106365285,
    2644.7282399068345,
    2581.5190437684682,
    2818.979808829199,
    1476.0808765520308,
    2712.7925934104237,
    2648.8698029113953,
    2466.9557898466173,
    457.59846162883366,
    2214.5905538284455,
    2663.5847431396014,
    1667.2367106678412,
    3121.7133370948436,
    574.6372644588894,
    2769.357712994611,
    2814.3060847915685,
    733.3646558424749,
    983.9226444701368,
    15.511510143510241,
    2646.5221302497393,
    933.0855687966572,
    1310.9176737218634,
    2763.487075597274,
    835.3237047671275,
    2003.4349171408176,
    643.2928703672883,
    693.6937282367292,
    1783.7189286045134,
    1620.7821203343779,
    2941.0549246025316,
    2692.741718827583,
    1750.140713274434,
    2692.595873411304,
    418.40420293539864,
    2012.0068222890973,
    967.513672814331,
    2754.414697195894,
    2624.59135849074,
    1424.8265750969344,
    450.5821944735615,
    3027.277620059277,
    2250.604937966165,
    2744.6833928333467,
    2740.1311226397734,
    2492.677445362763,
    2074.41652640048,
    2235.293928741848,
    1024.2191885016673,
    2029.7997409914099,
    2501.459831339295,
    1090.309073330374,
    2733.2245869952703,
    956.8277506390407,
    1026.0264599333962,
    526.4266882583527,
    3004.8456130541676,
    1534.9657818176247,
    1506.8673307101253,
    2779.5357231070725,
    1674.1265736074492,
    3246.5237693169347,
    1063.4355717609697,
    2350.1350432787694,
    126.49425022416527,
    1052.9833735161246,
    2968.061405172533,
    2731.622255204571,
    1976.9384355447753,
    41.15230665190596,
    2877.5098112775886,
    2642.7949689804764,
    2782.1783224687474,
    2481.0995044092665,
    2748.4708987167733,
    2895.3925294156006,
    1904.5800711951229,
    2874.116485371833,
    1487.0861069900704,
    3099.4516617460636,
    221.36199433618842,
    868.2398375050466,
    1531.223123760542,
    1225.2841685692479,
    3132.0637962627907,
    3016.7636866372054,
    3137.696084020007,
    3240.9869892262354,
    2443.792888813564,
    2955.88913708157,
    2699.556287638887,
    2829.8517003322795,
    2902.091092525867,
    1215.311714915895,
    2841.263189303929,
    3073.0989961626606,
    2128.8595291299735,
    2895.2416061584486,
    602.9677458086868,
    3268.8397441280913,
    3025.886409137048,
    2897.5246958451808,
    3084.533334167523,
    1943.6891411619054,
    3068.5726743958166,
    3177.294743497592,
    3168.140858738199,
    3338.325795251343,
    3127.2838683878917,
    1960.354728583841,
    2519.136476811323,
    3028.800824250049,
    3128.5700573488657,
    3014.289104100956,
    1715.2217928501595,
    185.72477214783288,
    2464.0458162454925,
    2969.2394327010707,
    3132.6242526672268,
    170.88858131354317,
    2891.5238830479057,
    3161.570083013353,
    633.6436628176338,
    833.7284532787248,
    2037.474341546229,
    980.1466579119817,
    1769.089139926116,
    2914.9189263919243,
    3018.5883022367134,
    3090.8786346275306,
    35.22064429345073,
    2068.6443035087464,
    3134.690712942927,
    2849.8514078926655,
    2990.1830592557026,
    1097.7946624492247,
    2965.8875363515176,
    2944.8204570970092,
    3170.2192756186687,
    171.9977054233677,
    2792.91235631659,
    979.7521151390332,
    3219.794147279281,
    1335.5546552697774,
    3072.9156568388207,
    2994.4957784865696,
    3054.151188403632,
    3191.7378357521593,
    3205.9078562841755,
    2875.256385272505,
    2875.3915520978744,
    3197.7679734294434,
    3313.4536108613843,
    1437.3037461909016,
    3196.962317343466,
    1797.6375447939017,
    3444.593994594262,
    3484.249879425722,
    3260.1739123923717,
    3095.699539218482,
    3095.008956067978,
    1284.8982050495692,
    1172.6561860546515,
    1139.9928471250628,
    3117.00602509689,
    3290.111686015213,
    1885.0926854185495,
    1785.7358488784364,
    1501.2449161971708,
    1114.6232295478078,
    3064.423556983922,
    3003.0241246147084,
    794.243698221492,
    3292.309470059337,
    3567.952891324086,
    3179.256926099709,
    3169.9406781610724,
    3147.500841612002,
    3162.727224730256,
    41.51482415941556,
    2856.1617925243595,
    3140.0024143049654,
    53.187443515084766,
    1318.8408624577296,
    3105.3541726862095,
    3059.1357147726517,
    3381.059484257302,
    2605.900174365327
  ],
  "elapsed_s": 669.637362241745
}