{
  "env": "Ant-v4",
  "agent": "Optimal_HCGAE_v2_NoBdry",
  "seed": 1,
  "config": {
    "hidden_dim": 256,
    "obs_norm": true,
    "adv_norm": true,
    "lr_anneal": true,
    "eval_mode": "deterministic_mean",
    "n_seeds": 12,
    "total_timesteps": 1000000
  },
  "total_steps": 1001472,
  "final_reward": 2121.8390944612456,
  "max_reward": 2356.3394514431684,
  "best10_mean": 2121.839094461245,
  "eval_rewards": [
    893.3591686249313,
    764.138923061053,
    148.03421898471794,
    171.29500268314666,
    347.6485437543778,
    84.87704587432933,
    327.91706152492736,
    142.31550605967803,
    537.3525722276974,
    159.9568668688767,
    685.5148873940893,
    646.6008529043136,
    744.1771226459676,
    804.391959147377,
    635.2448535224926,
    826.7523548863792,
    810.1559641776886,
    866.4786941373216,
    890.1921740090862,
    767.3271240047995,
    790.2912883601587,
    780.0599257424434,
    637.8716046467192,
    1132.6883023033256,
    883.3598893536404,
    945.1949980571693,
    1109.0372328195351,
    1320.692491928678,
    1593.6261040287627,
    1561.053927292063,
    1455.244285936226,
    1303.4570725454564,
    1154.6508095667527,
    1529.7231594979357,
    1363.9736024377564,
    1642.7819634101306,
    1720.5815103017055,
    1914.2284807826977,
    1958.6626522719835,
    2008.9565098644914,
    2138.7677512508617,
    1982.7137027526842,
    2118.321358347953,
    2012.0543401434375,
    2202.1666347556225,
    2184.318027058302,
    2356.3394514431684,
    2256.0905167239516
  ],
  "eval_steps": [
    20480,
    40960,
    61440,
    81920,
    102400,
    122880,
    143360,
    163840,
    184320,
    204800,
    225280,
    245760,
    266240,
    286720,
    307200,
    327680,
    348160,
    368640,
    389120,
    409600,
    430080,
    450560,
    471040,
    491520,
    512000,
    532480,
    552960,
    573440,
    593920,
    614400,
    634880,
    655360,
    675840,
    696320,
    716800,
    737280,
    757760,
    778240,
    798720,
    819200,
    839680,
    860160,
    880640,
    901120,
    921600,
    942080,
    962560,
    983040
  ],
  "episode_rewards": [
    1092.7184129627258,
    1765.7542434325228,
    448.87236924831865,
    1730.2745392612483,
    1379.3735037760018,
    1815.2767560304324,
    714.065996590534,
    1216.984784273524,
    689.4472495929069,
    1383.6857716506506,
    1775.58437218736,
    746.8202271566859,
    995.1948979837196,
    1742.8027484328952,
    1668.1793182835927,
    1613.3325494071225,
    1740.1156134410448,
    1853.0616359628136,
    1817.245419875736,
    1822.734454817305,
    1033.3817547179399,
    1068.1968524016947,
    1203.3934808871809,
    585.0087317491514,
    1796.1680264824188,
    1727.1985264223845,
    825.2130207020707,
    1683.5695543264019,
    1828.8414548771736,
    736.6410580091382,
    1742.8065274427204,
    1653.7413879676058,
    1916.840933033699,
    1794.0430272848976,
    34.325727778751464,
    1371.1878436091185,
    999.9996635707328,
    1164.094210005413,
    1758.134607152609,
    1744.7904747897653,
    1050.8439610842333,
    419.4977894468657,
    1023.1117639173325,
    1102.3792839655775,
    1889.7599511501123,
    1245.8093995795575,
    838.8816266485835,
    1278.791493055819,
    604.2877156414412,
    2003.4915643840425,
    1376.9898174016384,
    1864.7646805194468,
    1707.977625324534,
    1840.983638828318,
    1786.8167583379422,
    1171.5615840719463,
    1715.2140843284378,
    1139.6016275264801,
    1780.1754384958342,
    1767.9272091039334,
    1052.6699084898569,
    1854.2407530971905,
    1847.5045484910845,
    1843.213400061652,
    1764.6597576876507,
    1490.216970273547,
    668.2598802575102,
    53.622566949769336,
    1785.3503022058871,
    1193.4914579440824,
    1684.6654146280098,
    1798.2241159178543,
    1806.9049137282057,
    1896.54421870057,
    1009.1463993514504,
    1759.1380295140057,
    1232.24691627035,
    1734.3759703861922,
    1906.7132024662499,
    930.1901290604782,
    870.1879198742945,
    107.26036422880536,
    2026.5847623368772,
    2023.858377002763,
    1894.4567803678565,
    1952.7492296500063,
    1753.7195607331485,
    1869.5432074947516,
    1641.2061278818974,
    1823.2424618815635,
    1418.3159506616423,
    1976.1487117973004,
    950.6016638978149,
    1652.0498348633773,
    987.4605092279278,
    1903.1791139961288,
    1928.9227238886065,
    1934.3171412123238,
    1958.8813434875985,
    1325.236918434564,
    1890.7520950099167,
    1086.7242297203074,
    1724.8465775926584,
    898.5540416820295,
    1278.881265120333,
    1920.1752048600995,
    1163.815736763235,
    842.4696877245028,
    371.2778520776403,
    1903.6778525886618,
    1849.1662271732189,
    1984.2606719955284,
    1031.3888276451141,
    2024.0240286289313,
    685.6680063512929,
    573.2307877862003,
    1808.1670316190944,
    1885.8557420511793,
    984.0173261951131,
    776.9653553835324,
    2044.1357785895552,
    1930.2398588534197,
    1705.5066888836393,
    964.764375260215,
    1094.3210121187717,
    1718.094672660401,
    762.95967677519,
    1948.2907671831067,
    1896.8453931070967,
    1886.936858161303,
    1917.7689235144248,
    1913.0328754428206,
    1029.310227538846,
    1901.5046376762543,
    1411.5150018649874,
    561.1116816708623,
    1944.6606070300015,
    1038.0758882698037,
    1911.1602080544565,
    1910.8969746801808,
    1968.7247521990357,
    1898.2318003833384,
    2073.7134369235305,
    1942.184166742013,
    944.4904246339443,
    142.69172942726019,
    1886.8633115887403,
    2037.986098878783,
    438.5598321656538,
    1824.1723356096638,
    2009.2748751855715,
    1851.5443798034619,
    670.1731153653366,
    718.9161488144853,
    1455.575021443963,
    961.8459698408569,
    1570.5504046123772,
    1299.8909381938513,
    2077.2163319495257,
    1026.9562491319539,
    2038.7574934855768,
    1996.6240135251032,
    651.76387742453,
    1960.5383105695,
    1976.62906109477,
    1928.006466242598,
    2069.631066028968,
    2006.3659274827346,
    749.9704017152463,
    2067.796435735762,
    960.930945384464,
    2075.366661938635,
    1842.7845127114974,
    844.1534872795066,
    1424.0261647651178,
    523.2062439749994,
    1180.1857608431374,
    2105.500719643454,
    1429.2527023569378,
    173.6957227845465,
    1920.5962621183635,
    1991.748922278624,
    409.1707394589353,
    1275.1307590393292,
    250.74170393823692,
    1531.3789336148213,
    1590.5140226791618,
    953.3322837359375,
    1241.1029884135762,
    1581.9756165389967,
    901.0217653326457,
    329.5488044556112,
    1600.8392339171835,
    1962.0742978056944,
    2093.677820914843,
    2045.7684457476792,
    1550.7228789818485,
    1998.9835081946178,
    1917.2361323139924,
    1992.1517019240587
  ],
  "elapsed_s": 800.0938711166382
}