{
  "env": "Ant-v4",
  "agent": "Optimal_HCGAE_v2_NoBdry",
  "seed": 5,
  "config": {
    "hidden_dim": 256,
    "obs_norm": true,
    "adv_norm": true,
    "lr_anneal": true,
    "eval_mode": "deterministic_mean",
    "n_seeds": 12,
    "total_timesteps": 1000000
  },
  "total_steps": 1001472,
  "final_reward": 2384.5546830085104,
  "max_reward": 2576.0973045983455,
  "best10_mean": 2411.152639115783,
  "eval_rewards": [
    916.2085306803525,
    763.2380562258547,
    83.57413350629429,
    11.654964780851197,
    17.022048244904312,
    108.16334361991161,
    18.177179147961066,
    28.289689229788983,
    479.8039717261273,
    788.8896573142753,
    762.6687817145239,
    800.8963780533119,
    654.4930080486149,
    696.343578133319,
    608.8836266416695,
    822.9046863609616,
    940.700139634909,
    922.1253273385031,
    841.0378008064336,
    927.792696899021,
    818.7291475773546,
    1232.8286888780967,
    1280.4316924033324,
    1320.4273726813105,
    1486.5899923459085,
    1268.3982246592907,
    1509.4322702765576,
    1944.8029570855256,
    2003.2887594599683,
    2135.765085356727,
    1868.0596043971389,
    2000.5026327520998,
    2063.7655663070154,
    1867.94647297899,
    1661.9201168539362,
    2133.373599214144,
    2190.14413878022,
    2399.3057879310036,
    2133.3262268582826,
    2234.561496999148,
    2274.9876079466458,
    2398.2769347640906,
    2511.472875320419,
    2576.0973045983455,
    2527.1711065143822,
    2306.769930720221,
    2449.6854504736516,
    2433.197895889921
  ],
  "eval_steps": [
    20480,
    40960,
    61440,
    81920,
    102400,
    122880,
    143360,
    163840,
    184320,
    204800,
    225280,
    245760,
    266240,
    286720,
    307200,
    327680,
    348160,
    368640,
    389120,
    409600,
    430080,
    450560,
    471040,
    491520,
    512000,
    532480,
    552960,
    573440,
    593920,
    614400,
    634880,
    655360,
    675840,
    696320,
    716800,
    737280,
    757760,
    778240,
    798720,
    819200,
    839680,
    860160,
    880640,
    901120,
    921600,
    942080,
    962560,
    983040
  ],
  "episode_rewards": [
    2063.0355808387385,
    2135.3785413908217,
    188.95377748761655,
    2129.699372071882,
    1669.3991440341197,
    903.7308186795372,
    2162.297911404402,
    2015.8867782776729,
    2218.1956709055644,
    703.625696126279,
    1490.518072911232,
    2149.848486590134,
    1380.5945405611528,
    2141.818431685474,
    742.0674502191869,
    1922.3423345336398,
    2259.656248769,
    2092.5016035542526,
    2135.39284802375,
    1477.5057309520319,
    1590.5973046506804,
    492.94968067946354,
    1135.382429318262,
    1262.0784596230426,
    2131.8058492446817,
    2075.915395429462,
    1987.1342495154918,
    1649.4727044813083,
    1893.9575457385201,
    2090.2167035644893,
    2336.3493497856466,
    2240.8857656329155,
    456.1999489871852,
    2256.048963060718,
    2295.5603971013984,
    2054.424595058591,
    2423.3098242026385,
    2041.0207451435745,
    2136.346240421809,
    2420.795057857005,
    843.2922717387876,
    1977.9108594165373,
    2071.9826812571764,
    2266.128131070768,
    1188.1963648981446,
    701.0217960934986,
    2185.7926845358083,
    406.1450561058015,
    2186.462654434301,
    762.5761028598787,
    2130.335741107546,
    793.5012709625412,
    1400.3080233538894,
    1999.849835205495,
    722.0106565701317,
    2415.0211183715105,
    2101.4855451230915,
    1751.0898109411667,
    2475.213924299588,
    1753.1938580773008,
    1241.2987346389814,
    2304.00207609422,
    788.5019108839036,
    1100.404058025937,
    1402.5978553291707,
    2278.21869980928,
    480.8955047957106,
    741.2420933753906,
    1813.399751737521,
    334.79728115323394,
    144.24032325075848,
    1177.517176893565,
    604.1782850555356,
    971.8099521908754,
    1886.7526645748103,
    1294.536501917962,
    2224.008344358412,
    348.21149834196,
    2263.8838650857415,
    1049.3721364556172,
    2232.0418684957826,
    88.43880103844232,
    2259.3918721841983,
    1596.5985821587055,
    2340.5409410140405,
    556.6569486478462,
    848.4001891817736,
    1780.2480996599556,
    1064.0018192276093,
    1992.7172571145406,
    1930.7865629517676,
    2261.036428568709,
    2309.149999081502,
    839.9586067499429,
    2024.0188672006639,
    2357.583334739806,
    1705.4833687376909,
    2249.3901231507407,
    2345.665911313714,
    1272.9308858448,
    387.1692804354591,
    1894.8084573716362,
    1526.0136138336322,
    2360.5457996384866,
    1645.5176813186383,
    808.0361456040101,
    2152.5259135661886,
    1148.7623425064473,
    2224.9862654621925,
    772.2077598963551,
    1668.3808255850915,
    1616.1893800095113,
    381.1897196643599,
    2186.5809985218125,
    2270.6370797574427,
    987.0737016237122,
    2402.0176011032067,
    1600.914435024854,
    748.9306629392103,
    775.3326714621916,
    2238.3947727308973,
    1486.7771037333619,
    2372.4028003791777,
    1525.3714065528627,
    1097.305467995418,
    2351.13249380606,
    2244.365788435901,
    931.084233372834,
    618.5830635896928,
    2143.0797208489653,
    2138.063764285494,
    974.1556627717083,
    1958.4363795995614,
    2255.818229491852,
    2334.6396700574296,
    2342.047791766786,
    723.4517480415302,
    2213.539431824576,
    1734.555454969572,
    892.1167918714197,
    767.9212593240087,
    2334.580748273971,
    1986.9680071706348,
    1538.2012523365897,
    1680.8193749238337,
    2294.4140429575546,
    2389.0587448953675,
    1482.8315034430252,
    1074.988177438579,
    2324.5932772369924,
    852.2294285838229,
    2316.9245745614967,
    958.9014122343523,
    2063.445755842584,
    2173.1808397913073,
    323.72835924027765,
    1622.1460942651438,
    1904.2804592834775,
    1883.3779962732344,
    1072.7209505812505,
    2362.241769951927,
    1819.6862019037862,
    863.464259434572,
    1033.924160374011,
    933.0309847711908,
    2267.3178284534897,
    2428.0662998967223,
    583.1166261302233,
    2388.578429083859,
    2428.5740451396887,
    2310.866007233058,
    1686.969517706277,
    947.9571962576405,
    1737.6823014126303,
    2435.871136950866,
    2341.1412773714605,
    2342.564365161691,
    2221.394464082214,
    2321.0846715014395,
    2383.9836564838997,
    2218.328760381515,
    2192.350918595159,
    2347.1337464138714,
    2365.1435236085827,
    2152.9293542148207,
    2071.791803680569,
    2395.107156022498,
    1923.1168345568417,
    2308.9927011712157,
    2233.637220455735,
    2185.8566258730852,
    224.11271305875815,
    1182.7422720515738,
    933.1208539127141,
    2365.0460206207663,
    2150.669474728418,
    2243.3637709200507,
    2098.304307485126,
    2353.6878321428385,
    2263.473505826285
  ],
  "elapsed_s": 817.0708320140839
}