{
  "env": "Ant-v4",
  "agent": "Optimal_HCGAE_v2_NoBdry",
  "seed": 7,
  "config": {
    "hidden_dim": 256,
    "obs_norm": true,
    "adv_norm": true,
    "lr_anneal": true,
    "eval_mode": "deterministic_mean",
    "n_seeds": 12,
    "total_timesteps": 1000000
  },
  "total_steps": 1001472,
  "final_reward": 2373.757308475997,
  "max_reward": 2678.8243245084323,
  "best10_mean": 2373.757308475997,
  "eval_rewards": [
    895.1646575829079,
    477.07969682125895,
    484.0786700287401,
    32.207159420739174,
    147.76203193847127,
    197.40562092712872,
    108.13138428483799,
    173.96491118366208,
    400.2819023862723,
    351.57159143601496,
    529.323751882163,
    904.5165848010571,
    699.9189682478769,
    657.825138933784,
    815.1826244985581,
    869.7589637393427,
    984.0039110887772,
    902.6408870282118,
    896.1953364384051,
    1066.4964155905102,
    1031.8541337879567,
    892.684798195103,
    1184.530592647286,
    1289.242421327285,
    1227.8087966904661,
    1290.337737234799,
    1524.7744522355824,
    1442.8911658050617,
    1159.1696200026738,
    1462.8404038239928,
    1107.8164009346972,
    1362.8741112404273,
    1639.630649145224,
    1513.7112284959421,
    1662.435942951366,
    1505.5580113025712,
    1601.9969207928707,
    1592.8369823629284,
    2067.6156320626233,
    2162.3022252383175,
    2396.3438254019843,
    2309.3672782361696,
    2327.0605953963322,
    2339.5428486213978,
    2571.069807318191,
    2497.290598603556,
    2388.1559493729656,
    2678.8243245084323
  ],
  "eval_steps": [
    20480,
    40960,
    61440,
    81920,
    102400,
    122880,
    143360,
    163840,
    184320,
    204800,
    225280,
    245760,
    266240,
    286720,
    307200,
    327680,
    348160,
    368640,
    389120,
    409600,
    430080,
    450560,
    471040,
    491520,
    512000,
    532480,
    552960,
    573440,
    593920,
    614400,
    634880,
    655360,
    675840,
    696320,
    716800,
    737280,
    757760,
    778240,
    798720,
    819200,
    839680,
    860160,
    880640,
    901120,
    921600,
    942080,
    962560,
    983040
  ],
  "episode_rewards": [
    508.72671851592725,
    2205.0839411904863,
    116.12465500386108,
    2141.378348269397,
    748.0128588725968,
    2153.5114119381487,
    2110.990827420238,
    477.00204215303484,
    242.43403329816107,
    1549.6352536547497,
    826.0685705060085,
    1504.5406674018795,
    2167.3995132750306,
    938.2943886852148,
    729.8571643770705,
    2138.4044479086765,
    2166.2218107669974,
    2034.344992860249,
    2131.4288979890657,
    2251.2671986525957,
    2217.156739016368,
    1470.748475102199,
    2200.588802316989,
    2336.706637907515,
    2158.986945278452,
    643.3232860776859,
    2087.702875626904,
    2051.7896252716023,
    446.0728358929711,
    2281.9968803536876,
    1125.0774037763333,
    2210.1821942147067,
    975.7223820444447,
    740.0529746174813,
    2015.6830065935383,
    2252.382087632562,
    894.7803580845192,
    2185.3433896923357,
    491.001411948468,
    1565.5077300780413,
    1859.1231715203735,
    2312.9117625359095,
    2128.096970202227,
    803.9861646365238,
    2193.673745829354,
    2204.7244502738113,
    2249.053416098974,
    535.0575876545414,
    2229.876603748548,
    2392.843003306534,
    2204.832557436398,
    910.3274305807157,
    30.29049265104857,
    1455.5374513074505,
    417.4147758314843,
    1617.576925606378,
    857.4863485169525,
    37.20197719063726,
    289.3073427230908,
    2208.7022311354767,
    2075.8678665304315,
    835.5342917510072,
    756.1597506001439,
    172.68737220889346,
    1666.2708920392138,
    939.1746661623902,
    2206.1760476523195,
    436.4747688708526,
    2133.9176719285897,
    1586.4433878527147,
    2097.4636937587343,
    2252.9980132459336,
    2319.2533620282893,
    2257.7237481752136,
    1241.0101604280976,
    1263.914847139609,
    1237.6620427720127,
    280.85349327505713,
    799.4277462395096,
    2244.4439825308177,
    1026.310801382681,
    1885.575785545243,
    1386.6400973152336,
    669.7114216076087,
    765.8985030493204,
    2104.652377546007,
    272.85866148071506,
    1304.3880255890558,
    819.767609445992,
    890.3807832803528,
    902.5708343639579,
    2214.480413189472,
    2223.7485543358216,
    1206.0893794426534,
    1147.8037432465017,
    2354.2303090379173,
    703.2841879688708,
    2252.372400862329,
    1137.7806310541876,
    736.5924481034554,
    49.319261070986684,
    2254.53584033666,
    2296.01155684059,
    1644.590306992048,
    711.6097522630555,
    1754.338238806948,
    394.4331933682848,
    2176.161301160313,
    80.77964132415792,
    1483.7924036926602,
    2399.7048615267995,
    1449.0224268414906,
    2329.037218049519,
    1557.904188267369,
    380.85761022131896,
    2094.030919394104,
    2267.535291687924,
    792.9474546662955,
    2334.3644634854836,
    1453.6314031669638,
    1883.777117364212,
    862.7296555757038,
    2123.561236787756,
    2259.611937550734,
    2270.2274401762834,
    2318.5310246180657,
    392.5966891165907,
    2306.026164134904,
    2391.7613548349777,
    751.7183917415246,
    2551.2726693713216,
    2425.578686638004,
    2554.7613731814486,
    2337.5364891207837,
    2173.996377997756,
    571.3849989367951,
    735.1219571632382,
    906.9726514873411,
    1756.613262902858,
    29.597805885103536,
    2270.641457563507,
    53.546951935011315,
    20.67855124201177,
    791.0908550850158,
    2277.1816460357422,
    2516.785771445432,
    2272.7538980398913,
    2380.4500404746295,
    936.6254445772024,
    2222.5228507067195,
    964.3485797981646,
    2491.5383363708825,
    1817.4139359977546,
    181.7532854513462,
    890.0705700303076,
    1681.6228453719884,
    2397.8116512865226,
    1219.0757264672568,
    1248.6362084585464,
    2279.602687833454,
    1695.2770639433552,
    2423.820106229504,
    1332.2418370608325,
    1283.931464196629,
    2331.9649409917774,
    841.0525223419443,
    2308.282779140257,
    1603.0804185294132,
    532.6544584670473,
    2168.611933251875,
    2076.142067605879,
    2525.701026782942,
    1718.6248623481968,
    783.9037692057598,
    2603.2388658405366,
    2470.559930257534,
    1980.3188477794026,
    2454.5845332756035,
    2095.6701909275776,
    24.296471243462772,
    2480.8585991421123,
    642.9959309771307,
    774.2194082646712,
    2423.65362625686,
    728.100701473439,
    2500.2585977287354,
    571.5032161661253,
    1764.4539954956215,
    1166.1657693317127,
    2369.695568347089,
    814.6492807082002,
    591.628789349085,
    262.7898420533395,
    2489.682812740641,
    1915.1649463217268,
    2469.225943569522,
    643.6914233650865,
    2472.3470161105242,
    1755.4359278451043,
    2430.714866370786
  ],
  "elapsed_s": 715.263179063797
}