{
  "env": "Ant-v4",
  "agent": "Optimal_HCGAE_v2_NoBdry",
  "seed": 8,
  "config": {
    "hidden_dim": 256,
    "obs_norm": true,
    "adv_norm": true,
    "lr_anneal": true,
    "eval_mode": "deterministic_mean",
    "n_seeds": 12,
    "total_timesteps": 1000000
  },
  "total_steps": 1001472,
  "final_reward": 1669.8856458556954,
  "max_reward": 1874.3439862246444,
  "best10_mean": 1671.5569737068977,
  "eval_rewards": [
    918.5490150362696,
    242.13309822742244,
    111.09269105509489,
    155.39298144178525,
    25.576364071520196,
    88.51746734453681,
    11.400579978495657,
    30.4025487828398,
    114.2387166910253,
    152.014361439507,
    84.24038420777163,
    292.0707400376763,
    127.46944511241061,
    456.1675703912777,
    577.1330192848989,
    538.5316952023287,
    661.7126471244907,
    598.9828139418038,
    851.1205014750497,
    939.7210705007088,
    989.9761001550899,
    943.5089677903063,
    924.5627079025764,
    967.1913126687634,
    903.298182024651,
    1087.9471160191415,
    992.0039067976204,
    945.5073749935693,
    1176.148990057268,
    1166.4234015052718,
    1196.4043258443428,
    1172.2666873270587,
    1434.7354637479207,
    1484.503890979588,
    1490.90484639954,
    1349.8116575791857,
    1446.9410041049064,
    1493.0852906147034,
    1515.109251107599,
    1562.0967045490102,
    1494.7747085883643,
    1476.372012102678,
    1593.320666867086,
    1830.8607929693997,
    1874.3439862246444,
    1771.1780266083424,
    1816.6985645482775,
    1764.1017449915526
  ],
  "eval_steps": [
    20480,
    40960,
    61440,
    81920,
    102400,
    122880,
    143360,
    163840,
    184320,
    204800,
    225280,
    245760,
    266240,
    286720,
    307200,
    327680,
    348160,
    368640,
    389120,
    409600,
    430080,
    450560,
    471040,
    491520,
    512000,
    532480,
    552960,
    573440,
    593920,
    614400,
    634880,
    655360,
    675840,
    696320,
    716800,
    737280,
    757760,
    778240,
    798720,
    819200,
    839680,
    860160,
    880640,
    901120,
    921600,
    942080,
    962560,
    983040
  ],
  "episode_rewards": [
    811.4664718566825,
    1209.9469401850151,
    1529.0466895387613,
    1156.9851636754645,
    1352.8970607863557,
    787.9806078590517,
    846.8146003929608,
    1458.7604801127434,
    668.3433292283593,
    1297.2501253136584,
    1382.3900029576907,
    20.06467510204606,
    1517.1040860814135,
    393.8991788151791,
    38.213109709906774,
    1569.4271138165445,
    846.0776504205402,
    952.3644005126781,
    649.9222260201924,
    1613.1379631629766,
    1393.2539056534388,
    295.53700523505523,
    1629.5065806949574,
    793.7088111092293,
    1537.01661033781,
    1120.8442860239795,
    202.83041577082787,
    1608.6505939878734,
    1565.6145519753752,
    495.5458494312421,
    585.0899464282659,
    1407.7412088202584,
    1006.247651891978,
    1631.0522227777476,
    1421.47537706739,
    1104.1598619745623,
    1001.5793164630429,
    1440.0797650693207,
    799.0786874218986,
    651.7221237355647,
    1715.1121889145263,
    1038.0047323764422,
    1482.4231249111194,
    1431.5366303933351,
    1315.9868092964625,
    789.5899840123145,
    1691.3050351535435,
    144.4772152793636,
    1675.5357838386096,
    593.9391401552723,
    1272.7387961510326,
    992.2089369147668,
    1550.278148418366,
    451.74970124619006,
    892.1521543080977,
    123.26449175034931,
    1641.4753385766055,
    1301.7545013176925,
    1067.606716322364,
    1658.9384826846604,
    1650.9742298934686,
    419.7540379763923,
    921.5651306358836,
    1174.635658418924,
    138.99221653684376,
    1567.7822528639651,
    768.604619149859,
    1467.9095873209433,
    1029.6664928066953,
    1594.3166555409205,
    1733.001459147119,
    706.6521073798797,
    897.6138668511096,
    1347.1107941079044,
    954.9462321705242,
    983.4060103885971,
    957.3915647475689,
    1601.123733283715,
    504.79405697010924,
    1731.6158847757838,
    1269.4406916403796,
    1609.6045473658623,
    1634.0463776302765,
    652.858268702111,
    1444.1649536557748,
    1585.253038231558,
    1531.93120329554,
    924.9552419543072,
    760.6229330482566,
    1682.6650150018313,
    1689.786600497603,
    1645.2962518775055,
    843.6071812007617,
    1194.8677234431125,
    1447.8033933481277,
    1077.4561057011808,
    1583.675737071195,
    1862.5620010629084,
    1360.2665669653793,
    1232.3473107616137,
    1673.533741406304,
    1807.3070828930252,
    513.6597071116439,
    1379.2253716072737,
    1815.6170361580319,
    1699.4990337024378,
    1277.859750511712,
    1863.6889325533496,
    1375.264457861582,
    1681.7093848018549,
    262.8267076153653,
    853.533824060863,
    131.96819394550317,
    1410.9748598816211,
    1733.1086168601298,
    1618.3254432680044,
    203.07379488266912,
    1310.1005186988643,
    1497.947445991904,
    17.034585910548685,
    1856.5723239844328,
    1625.5330866610664,
    753.7210637433086,
    1185.6296692992619,
    1471.4956174069644,
    1647.1674493383077,
    971.0322164305469,
    1832.2209816856293,
    237.9499784976455,
    1686.9009777163267,
    133.6658542070052,
    1888.9376066292543,
    1106.3538196771706,
    1720.816012374792,
    1101.3225919660752,
    1680.9844174027505,
    1945.0556999858475,
    1826.8382896353623,
    1781.889078567449,
    657.2917276743835,
    857.6358125820494,
    1835.4248643492742,
    1851.9559882022597,
    806.9679944951325,
    1013.6691264177055,
    1734.128267542916,
    1779.3358423807197,
    349.78579471898036,
    1698.8754875581071,
    1863.359184067589,
    1000.6194660036115,
    652.3140444315928,
    39.26571173232187,
    701.7136732516747,
    680.2149765157576,
    275.0687847620381,
    1211.94391915198,
    1849.2654454913713,
    1179.739655957017,
    216.8438869216662,
    1302.621103640256,
    1810.5051790068585,
    356.50463886776765,
    1196.5957800197164,
    397.0021254322762,
    373.59585652636525,
    1729.8010661475284,
    399.3886838373718,
    1138.2187524908843,
    894.879621345063,
    1163.4602858357662,
    1260.7958791919093,
    322.89607890785646,
    876.5729403702494,
    947.5842964048514,
    132.73787482299142,
    1032.663282537024,
    361.5356512622623,
    1645.3670230985797,
    875.170941638948,
    1710.5480670352472,
    601.178034597741,
    339.2475450995037,
    113.02595447794496,
    1765.0108090215176,
    1310.3593213737236,
    1805.5550866337737,
    759.4239905526484,
    1819.422517057901,
    1926.9141575282626,
    1303.1645257469931,
    49.407576329710835,
    188.1561722636138,
    1127.4616285720288,
    1692.3172258698755,
    781.3755154633967,
    168.68378329965577,
    981.5859953069867,
    1818.7592658491299,
    1739.6553222631078
  ],
  "elapsed_s": 716.4542789459229
}