{
  "env": "Walker2d-v4",
  "agent": "Optimal_PPO",
  "seed": 4,
  "config": {
    "hidden_dim": 256,
    "use_obs_norm": true,
    "use_adv_norm": true,
    "use_lr_anneal": true,
    "eval_mode": "deterministic_mean_post_update"
  },
  "total_steps": 500000,
  "final_reward": 4525.306595767701,
  "eval_rewards": [
    268.36103824812915,
    295.33312829441763,
    309.20768756550257,
    310.2376519521614,
    392.62246841542867,
    391.51962763477684,
    384.4347029982984,
    383.17203977362453,
    376.98885914087225,
    408.9767391052077,
    423.78403845226796,
    431.5155737664919,
    419.33243295156717,
    440.14425460133907,
    444.63870833269027,
    438.00190119657054,
    509.6960573772359,
    551.1959136773146,
    568.0270099603978,
    600.7646626444447,
    745.5049104591533,
    695.5262825725289,
    828.6856602809473,
    924.5406144046398,
    854.4857018192473,
    1959.0029828025065,
    2780.874108964267,
    3511.642124563351,
    1387.72297029395,
    1366.6473893413718,
    1647.3880900098222,
    2111.5967265957097,
    1661.9813550894044,
    3105.4507956240254,
    3993.228212945408,
    3185.057278885282,
    3370.064385989133,
    4062.583946146323,
    4472.46665939376,
    4420.142446819502,
    4376.486226051285,
    4369.8933959060805,
    4235.106181321027,
    4215.766364541179,
    4425.640235081266,
    4517.865973375496,
    4599.088241125182,
    4564.419131219807,
    4519.519398036752
  ],
  "eval_steps": [
    10240,
    20480,
    30720,
    40960,
    51200,
    61440,
    71680,
    81920,
    92160,
    102400,
    112640,
    122880,
    133120,
    143360,
    153600,
    163840,
    174080,
    184320,
    194560,
    204800,
    215040,
    225280,
    235520,
    245760,
    256000,
    266240,
    276480,
    286720,
    296960,
    307200,
    317440,
    327680,
    337920,
    348160,
    358400,
    368640,
    378880,
    389120,
    399360,
    409600,
    419840,
    430080,
    440320,
    450560,
    460800,
    471040,
    481280,
    491520,
    500000
  ],
  "elapsed_s": 397.8
}