{
  "env": "Swimmer-v4",
  "agent": "Optimal_PPO",
  "seed": 13,
  "config": {
    "hidden_dim": 256,
    "lr": 0.0003,
    "gamma": 0.99,
    "lam": 0.95,
    "eps_clip": 0.2,
    "n_epochs": 10,
    "batch_size": 64,
    "n_steps": 2048,
    "ent_coef": 0.0,
    "vf_coef": 0.5,
    "max_grad_norm": 0.5,
    "use_obs_norm": true,
    "use_adv_norm": true,
    "use_lr_anneal": true,
    "use_vclip": false,
    "device": "cpu",
    "total_timesteps": 1000000,
    "eval_freq": 20480,
    "n_eval_episodes": 10,
    "eval_mode": "deterministic_mean"
  },
  "total_steps": 1001472,
  "elapsed_s": 1162.74325299263,
  "final_reward": 34.44687171118099,
  "peak_reward": 41.98619068196264,
  "max_reward": 49.39336854466923,
  "eval_rewards": [
    34.24981864787098,
    26.924657857927222,
    27.292109168831722,
    32.30261568937454,
    38.41247765277535,
    41.47864025741325,
    43.38160598218235,
    40.54745591284471,
    36.16449781009845,
    40.13386013421367,
    31.52741831702635,
    39.88593983298519,
    40.38795275452656,
    44.84777312960165,
    17.88692022545436,
    21.348778012310188,
    33.51082908388423,
    30.543478159979962,
    32.9072621110319,
    26.651099265749032,
    30.45462676732713,
    46.77952203623129,
    47.737118931463385,
    47.554517359292234,
    49.39336854466923,
    48.42880391203986,
    49.11671767224384,
    39.029584322108796,
    34.71654800850156,
    34.653202765509306,
    35.666907201716604,
    30.765438548689367,
    32.05059479909981,
    32.73049195744728,
    33.43155080070822,
    32.602131745966055,
    34.02479505567056,
    31.717140892895088,
    33.33435847890233,
    34.73958621424602,
    33.54322420880444,
    33.51101139235363,
    33.71984089481881,
    33.41240943861069,
    34.25135457008943,
    35.83221233113221,
    37.51470491833284,
    34.901287198740825,
    33.043085944681046
  ],
  "eval_steps": [
    2048,
    22528,
    43008,
    63488,
    83968,
    104448,
    124928,
    145408,
    165888,
    186368,
    206848,
    227328,
    247808,
    268288,
    288768,
    309248,
    329728,
    350208,
    370688,
    391168,
    411648,
    432128,
    452608,
    473088,
    493568,
    514048,
    534528,
    555008,
    575488,
    595968,
    616448,
    636928,
    657408,
    677888,
    698368,
    718848,
    739328,
    759808,
    780288,
    800768,
    821248,
    841728,
    862208,
    882688,
    903168,
    923648,
    944128,
    964608,
    985088
  ],
  "episode_rewards": [
    43.36696724630318,
    39.47502845883789,
    37.00886649808096,
    35.90272285103242,
    36.503978788121735,
    35.13698245461531,
    41.521263272630506,
    32.22370526417131,
    39.86632780979962,
    35.68415084459403,
    32.43573771884987,
    32.98781188054751,
    42.27834939761278,
    35.07178216361638,
    30.0144193600754,
    34.05386501406303,
    35.12936826060176,
    34.80457802203292,
    36.29177894300453,
    35.093999743968546,
    32.14118870188078,
    35.99844582338241,
    34.48915688654671,
    30.062125749214292,
    35.729167544415745,
    38.30496213705148,
    33.832372117643324,
    34.3040760437863,
    33.53841342453463,
    31.089089179188434,
    31.9837200347017,
    33.404519956228526,
    31.625197168687777,
    36.25169090473647,
    31.77097905947791,
    38.724417224260655,
    33.49171780717079,
    35.430330723240836,
    36.60982849526601,
    36.561033536189285,
    34.85161874890177,
    38.5950951249732,
    37.76166687275478,
    32.568872465491594,
    35.530996452482334,
    34.766427141352644,
    30.923823026316846,
    35.63946370053666,
    38.43188815263008,
    35.33138395775252,
    36.76263409240582,
    33.86737824067806,
    30.44758349212183,
    34.6453315308005,
    33.768529597683354,
    36.1515282923758,
    36.96124753328495,
    33.74212372489279,
    34.661490978734506,
    33.90229053774904,
    34.12575725271677,
    34.71081248026692,
    34.04447871736998,
    37.250337993625095,
    34.4867429690323,
    38.27549577450794,
    33.26627684277878,
    33.111742253754976,
    35.689972140530585,
    33.93975775204777,
    39.53262356733367,
    41.16232417543517,
    38.156949363514684,
    34.46328491324498,
    45.476226121070596,
    36.54682477976146,
    41.39844824659448,
    44.18424424818584,
    35.3017108950675,
    39.377525683064455,
    45.57947067495531,
    40.17371197452962,
    42.40790308428252,
    38.90242090661004,
    33.055986375503664,
    35.56949419423683,
    38.67656132296835,
    38.4341032649846,
    37.00674613399049,
    38.071853939705655,
    34.788554866564255,
    36.95350688426097,
    36.21297736261381,
    41.00116993703356,
    40.618961849698344,
    41.5317233075649,
    41.96540146225642,
    39.21824796057004,
    38.61965219097211,
    34.20376121076584,
    39.0238712896716,
    37.54999122656955,
    41.54106638853684,
    37.83713838839699,
    37.06047447400795,
    36.62368160312413,
    36.94606267661635,
    35.81396055313632,
    41.8909743383083,
    39.14427260727568,
    39.194547147043686,
    39.28566162256142,
    37.18617002629377,
    35.00457789884622,
    39.87174243743957,
    36.658915579259336,
    31.047507125626737,
    34.67173446573025,
    34.090534244862965,
    33.06140581369309,
    34.80307098238662,
    39.333705122805824,
    35.93155455491078,
    34.21284820661472,
    34.142336590047,
    36.794847456156624,
    34.70513905144809,
    35.94050439390389,
    35.74664590735683,
    36.169033412257754,
    37.89570059213179,
    35.351105782082314,
    34.52353447644716,
    37.61161069273231,
    38.94471566659002,
    38.22656536591058,
    37.00828630870721,
    40.34386864598673,
    38.534815979454706,
    34.65508042148769,
    38.66921004412297,
    39.59983323555384,
    38.47097883353639,
    37.21625896780299,
    38.05366021392723,
    38.01195188342127,
    36.904829844564524,
    35.07802500245828,
    37.13395341337006,
    35.25792349078942,
    30.965552954287862,
    34.147239757870196,
    37.70186359497906,
    33.111949461828665,
    36.562884415189465,
    37.276307862279104,
    34.11034414847102,
    32.418933559552286,
    40.06395149218529,
    35.34518540909212,
    34.67724437662379,
    35.980662314011205,
    38.38635461575495,
    34.210784733736496,
    32.779525271294396,
    34.60023151280969,
    34.03402426268748,
    35.83510641442218,
    34.29007190749722,
    32.80670077037523,
    35.66755063554166,
    33.11348347347106,
    35.05972474908221,
    36.55362904438836,
    33.409827266605646,
    35.520514008803104,
    33.13238307099947,
    33.91166404076169,
    38.03267041399965,
    31.780571054020516,
    35.00249220220923,
    36.7538444946873,
    33.49220442420031,
    33.13247174279453,
    32.767580596407406,
    34.09206147182253,
    36.43996901756999,
    39.533148973993995,
    33.93690403008855,
    33.03690726011349,
    36.93760402345462,
    33.54226339058053,
    38.10322920378195,
    32.84007315762743,
    33.599874466907444,
    37.60502749419288,
    34.15319003762073,
    35.86514914593176,
    34.22050937357102,
    33.059234768763645
  ],