{
  "env": "Swimmer-v4",
  "agent": "Optimal_PPO",
  "seed": 4,
  "config": {
    "hidden_dim": 256,
    "lr": 0.0003,
    "gamma": 0.99,
    "lam": 0.95,
    "eps_clip": 0.2,
    "n_epochs": 10,
    "batch_size": 64,
    "n_steps": 2048,
    "ent_coef": 0.0,
    "vf_coef": 0.5,
    "max_grad_norm": 0.5,
    "use_obs_norm": true,
    "use_adv_norm": true,
    "use_lr_anneal": true,
    "use_vclip": false,
    "device": "cpu",
    "total_timesteps": 1000000,
    "eval_freq": 20480,
    "n_eval_episodes": 10,
    "eval_mode": "deterministic_mean"
  },
  "total_steps": 1001472,
  "elapsed_s": 1184.304625749588,
  "final_reward": 111.47266031396339,
  "peak_reward": 111.47266031396339,
  "max_reward": 123.01297603239121,
  "eval_rewards": [
    26.705637003342947,
    17.791921418867208,
    26.47718744433888,
    29.32306017754745,
    42.884657349619076,
    33.908775664086676,
    44.15612486308406,
    34.06750132848097,
    23.5213999543054,
    21.6870441721635,
    19.246638088652535,
    41.267487148111265,
    29.669625604359815,
    44.55557987824045,
    25.669509788345643,
    51.797696723893424,
    41.15799337756691,
    49.36433481989881,
    53.92357184983183,
    58.557495755736156,
    95.86524876317851,
    70.53080147342058,
    79.08221053417932,
    55.514290879717905,
    96.3251352611552,
    82.61802789178851,
    70.96605878446303,
    105.47657143344864,
    77.92316377537395,
    88.89634876413757,
    72.09866076604472,
    111.53469565317428,
    92.65032685286772,
    112.20401064379686,
    106.22986462861897,
    114.03290885681486,
    112.53250203313753,
    115.87926144206862,
    107.87140015689745,
    95.33745304851169,
    119.27368006371114,
    107.41562305246619,
    116.61564228650427,
    105.78843807906215,
    105.62613453146261,
    119.05315099614234,
    105.52239345554946,
    123.01297603239121,
    117.08111159383286
  ],
  "eval_steps": [
    2048,
    22528,
    43008,
    63488,
    83968,
    104448,
    124928,
    145408,
    165888,
    186368,
    206848,
    227328,
    247808,
    268288,
    288768,
    309248,
    329728,
    350208,
    370688,
    391168,
    411648,
    432128,
    452608,
    473088,
    493568,
    514048,
    534528,
    555008,
    575488,
    595968,
    616448,
    636928,
    657408,
    677888,
    698368,
    718848,
    739328,
    759808,
    780288,
    800768,
    821248,
    841728,
    862208,
    882688,
    903168,
    923648,
    944128,
    964608,
    985088
  ],
  "episode_rewards": [
    92.4496291619965,
    85.37141038709207,
    107.69741735906298,
    99.71360783888876,
    110.9513399619965,
    103.77366409891845,
    118.75676541817352,
    112.62881536268834,
    117.49309613347131,
    120.55580052739114,
    114.26522217177391,
    110.39277408755198,
    124.19253709265989,
    115.98677826838318,
    120.21628424501395,
    124.42661558566257,
    123.12010808586047,
    120.08315280470948,
    118.88749536417858,
    120.77651132162777,
    115.03579083914252,
    113.93220218092802,
    120.48699038464385,
    113.96274910991066,
    113.81026732529361,
    102.48789826407175,
    114.49231273264715,
    108.2219078218572,
    109.84390603304567,
    106.51398518364991,
    110.51203131589486,
    108.22860239111536,
    104.44489022357672,
    105.66551617711409,
    100.19548875660242,
    98.47361927359462,
    111.15811944863594,
    103.99552747638842,
    106.4070205616888,
    104.80447181042075,
    106.10747989362112,
    110.71828543764323,
    112.35055687016896,
    110.43227730429032,
    109.48372794829251,
    112.49259473700393,
    112.2945380833885,
    116.18985588421494,
    114.03539182075751,
    120.16330286029657,
    105.13670529948236,
    115.86216153851255,
    109.78462209362603,
    112.26011018653438,
    113.43812737931408,
    116.90856567938896,
    111.17317822334284,
    113.07393949590988,
    115.69075567847165,
    115.35457867954521,
    114.25146694053113,
    111.14760794174508,
    112.98674836599511,
    115.88877328263976,
    115.69119444453781,
    110.4235554902031,
    117.50122050030558,
    113.0155708614649,
    111.15381774757407,
    114.13942549172903,
    97.54952102836636,
    106.4342697349354,
    110.49096808636939,
    112.51573987157731,
    98.30633934765265,
    97.04186285054205,
    109.78709427100117,
    102.4743744858053,
    111.51582883745914,
    106.81813711882995,
    104.35763624533956,
    103.86054680500939,
    100.50267067243448,
    93.2829548297196,
    100.15552495067391,
    109.31962647082356,
    107.472354988421,
    113.24407375250755,
    106.45872067433886,
    114.62842183371394,
    113.62293260069113,
    115.95053290675197,
    120.66691311212524,
    117.5259819182417,
    120.09502801281364,
    115.11631499460213,
    97.2580667347311,
    102.45870485966918,
    95.50648795323984,
    108.66631459401005,
    101.76874994827708,
    108.80354966263397,
    102.02563173635058,
    95.15602680701797,
    106.59582590489238,
    97.73017500352405,
    113.14249506599596,
    98.43533338083786,
    120.69549866071713,
    121.91498401937432,
    115.13908735386693,
    111.87082726624773,
    118.9175825618234,
    117.00003690759699,
    122.17062261348212,
    117.63050778134256,
    121.01123351423584,
    116.59433921182021,
    116.20821193521816,
    118.49294897125684,
    113.47265417078403,
    108.75791059759833,
    106.52252634350714,
    115.04592335625703,
    116.74742535824493,
    116.34319564714812,
    106.71907273786051,
    105.12224246748042,
    111.96192143138624,
    104.21357929637894,
    111.13476881334064,
    103.95893098891449,
    100.5489920650746,
    97.42274910556912,
    99.76037813696765,
    96.81083381074177,
    97.99444086700166,
    105.36821837288363,
    79.62374959854093,
    110.2467010674969,
    104.5778367409973,
    103.04081083137099,
    105.94952945966861,
    100.28120526656387,
    95.58329537896931,
    95.03983264406106,
    105.5114981994874,
    87.26064429617416,
    95.52455123762438,
    97.20442856329808,
    93.74313987486032,
    111.77458193428232,
    98.58372882558693,
    109.14788240284378,
    100.19582560771326,
    103.40285909009754,
    111.60900582853718,
    112.52831196221777,
    110.82326924317114,
    111.94138232666864,
    118.28229483669874,
    117.80004195261435,
    118.30320727353075,
    116.50183478968565,
    110.16364463838006,
    117.4230658514822,
    114.87666520199758,
    120.1003141076155,
    112.01794018878851,
    118.57839631788998,
    105.21427524493028,
    109.71992860093886,
    113.9964780780525,
    110.93583179339386,
    104.31453933297256,
    117.3998303396954,
    113.2797097828183,
    110.81924664104828,
    113.76681526916603,
    111.21024869536532,
    122.39533248420075,
    111.26221842709192,
    104.77834831960779,
    113.05074196265971,
    99.48775493765123,
    112.14573272209174,
    116.17571238322114,
    111.49527686800543,
    113.01747700290747,
    115.28797124209868,
    114.06367053458526,
    113.62227435546572,
    105.47075776056094,
    115.43458139814766,
    110.4565511266538,
    115.45393786498438,
    103.94871577504996,
    108.7996511662696,
    114.38130930576732,
    119.15223799757057
  ],