{
  "env": "Swimmer-v4",
  "agent": "Optimal_PPO",
  "seed": 19,
  "config": {
    "hidden_dim": 256,
    "lr": 0.0003,
    "gamma": 0.99,
    "lam": 0.95,
    "eps_clip": 0.2,
    "n_epochs": 10,
    "batch_size": 64,
    "n_steps": 2048,
    "ent_coef": 0.0,
    "vf_coef": 0.5,
    "max_grad_norm": 0.5,
    "use_obs_norm": true,
    "use_adv_norm": true,
    "use_lr_anneal": true,
    "use_vclip": false,
    "device": "cpu",
    "total_timesteps": 1000000,
    "eval_freq": 20480,
    "n_eval_episodes": 10,
    "eval_mode": "deterministic_mean"
  },
  "total_steps": 1001472,
  "elapsed_s": 1196.314388036728,
  "final_reward": 41.66490130388296,
  "peak_reward": 34.8203789056361,
  "max_reward": 47.537680907939865,
  "eval_rewards": [
    28.537432177047116,
    26.70138927540226,
    27.899165510471494,
    36.68032711612078,
    47.537680907939865,
    39.71738702222547,
    39.85624814279831,
    36.82304207406022,
    33.01422541987193,
    31.436891410423478,
    39.02180883406781,
    43.28627192214274,
    41.15906210920572,
    29.775905110702517,
    30.05323769927903,
    31.408286042477066,
    42.10800845945364,
    28.824881023206977,
    35.82914281092516,
    33.42726471010373,
    34.060094038789664,
    33.10560621945983,
    34.05165208672816,
    40.45864374315072,
    40.03904644343781,
    41.45239137203016,
    41.6606407926943,
    31.776348047025987,
    32.2280542424079,
    34.77575472135599,
    35.15626296897237,
    29.734518796437204,
    35.09107414961959,
    31.6095025424034,
    35.72755072512892,
    33.14828191190289,
    37.50802844551891,
    37.09738026292435,
    40.73020726017481,
    40.17553881894688,
    43.70609418179956,
    42.55372018335966,
    41.07877731523354,
    40.722198493008406,
    40.847367819989344,
    41.099960278518914,
    43.46177584833249,
    40.276517250924435,
    42.72706284871635
  ],
  "eval_steps": [
    2048,
    22528,
    43008,
    63488,
    83968,
    104448,
    124928,
    145408,
    165888,
    186368,
    206848,
    227328,
    247808,
    268288,
    288768,
    309248,
    329728,
    350208,
    370688,
    391168,
    411648,
    432128,
    452608,
    473088,
    493568,
    514048,
    534528,
    555008,
    575488,
    595968,
    616448,
    636928,
    657408,
    677888,
    698368,
    718848,
    739328,
    759808,
    780288,
    800768,
    821248,
    841728,
    862208,
    882688,
    903168,
    923648,
    944128,
    964608,
    985088
  ],
  "episode_rewards": [
    32.19555238201808,
    43.821429829398625,
    34.837627043534106,
    44.64002778581373,
    33.86127612503542,
    41.03771192120398,
    36.70223892440541,
    32.32488711157513,
    45.50706467654885,
    40.76277607641811,
    42.622506429489846,
    34.467776034685656,
    34.40182413598495,
    48.20634727182532,
    38.851212825230355,
    45.81967122591358,
    49.782848695010784,
    31.41310001191713,
    34.24135460358915,
    36.1204151569532,
    37.53410387751402,
    37.4859620022892,
    42.28726991146642,
    38.21512749914406,
    43.012001111646214,
    46.28860509415193,
    29.656888129950474,
    29.93371264180242,
    46.638860508799354,
    37.84439519222241,
    31.13395709402525,
    41.39764958704684,
    45.50519153132755,
    40.83273132459187,
    25.55639252649093,
    39.97386637599675,
    44.90228872010539,
    32.08090455885459,
    35.58757158768113,
    31.83031731777876,
    31.06144922297118,
    43.24678738518472,
    29.152533476739677,
    40.01505685977667,
    41.11045622926819,
    34.658389232609245,
    39.67572213809989,
    42.230870911830635,
    40.86653446470524,
    22.67676438695612,
    25.644102282080357,
    31.635918964037746,
    23.308150503095284,
    37.19510561373306,
    27.4868012383019,
    27.02730315198007,
    35.418339316618116,
    26.552435777103582,
    33.26835715545263,
    36.067161331634736,
    29.308334801925806,
    37.53426906508404,
    23.38857613317337,
    48.050136626256204,
    40.961925830072886,
    41.24877694362722,
    38.758981539735146,
    42.709245909481524,
    48.8105649442846,
    43.18732233810144,
    43.05034130337171,
    31.964500441696345,
    43.98423342583885,
    27.241419247287745,
    47.197835254267275,
    35.882732330599104,
    33.300509123168595,
    39.89802111089211,
    37.80693411741285,
    40.71802452040863,
    46.18320437787491,
    39.12936518183354,
    34.48645788329407,
    38.12401108102006,
    40.12893720228302,
    33.573689016878134,
    38.42106289685013,
    39.192736107472854,
    42.86573888395225,
    38.18972813629509,
    43.92427626385542,
    42.62838388156107,
    36.421141480303895,
    38.62164126388292,
    35.88309904995611,
    33.74536982654006,
    37.44353557274838,
    35.350793949914355,
    37.277758784988485,
    34.929064950466405,
    32.16950348558622,
    31.115458774929696,
    38.95362186455366,
    43.174910023543866,
    37.10998888749009,
    35.55098563510433,
    27.207034500898654,
    28.19823944267776,
    30.589472933672273,
    29.024751538377267,
    23.934159437812827,
    31.474510467114587,
    20.156525333824007,
    30.18376598514228,
    29.585514537780785,
    31.25247823530353,
    29.28412214371425,
    36.090882451080724,
    25.212049111335524,
    29.174242093890115,
    39.23131341447322,
    22.09688241084866,
    39.48818507706115,
    33.942419805024585,
    34.81484069698029,
    28.952881445365456,
    29.033731604939472,
    28.15261534870154,
    39.063681525429764,
    44.9535599649482,
    29.41738302918721,
    42.43307305517741,
    31.096186727074638,
    50.6676151638574,
    33.727525279418884,
    32.74057948331109,
    32.393118160096805,
    30.72403098340653,
    41.59378416382126,
    44.86151645873133,
    33.67219741416314,
    48.7223113985004,
    47.674337687865595,
    42.04190579510871,
    37.39783919502531,
    47.54180356370145,
    46.56442140684477,
    49.02578897357969,
    48.386639317066354,
    42.94922399271543,
    32.875995826618144,
    37.04286017617035,
    33.77305294768052,
    46.06272074818803,
    31.78093194517844,
    42.52794853128232,
    35.633620343172964,
    43.30207068084472,
    48.721903398692305,
    47.58539693812656,
    41.07175593545882,
    35.45791386211767,
    34.75787316064193,
    26.7163706436488,
    30.13642042851641,
    32.58830182686074,
    31.556066386602428,
    33.97757740355677,
    31.74660852266223,
    30.57762075127789,
    31.834275797448537,
    34.25119031032795,
    32.11023236701356,
    32.28686298552887,
    36.40323313329649,
    30.40881362165148,
    45.82162830149573,
    32.89995718083592,
    43.03729685153163,
    32.966451156570045,
    35.4536094165304,
    32.4619054267785,
    39.48022371454894,
    29.917867381496574,
    31.072034116357635,
    33.52066208028705,
    30.366117987266826,
    31.388900274861605,
    34.55655281147606,
    40.091094291687206,
    33.27240287214177,
    39.89955098457359,
    40.78264342910266,
    46.70740934110293,
    45.186334392841104,
    47.935075640263115,
    38.7541499574584,
    38.7933870376183,
    36.491906969524415,
    39.173384544127394
  ],