{
  "env": "Swimmer-v4",
  "agent": "Optimal_PPO",
  "seed": 16,
  "config": {
    "hidden_dim": 256,
    "lr": 0.0003,
    "gamma": 0.99,
    "lam": 0.95,
    "eps_clip": 0.2,
    "n_epochs": 10,
    "batch_size": 64,
    "n_steps": 2048,
    "ent_coef": 0.0,
    "vf_coef": 0.5,
    "max_grad_norm": 0.5,
    "use_obs_norm": true,
    "use_adv_norm": true,
    "use_lr_anneal": true,
    "use_vclip": false,
    "device": "cpu",
    "total_timesteps": 1000000,
    "eval_freq": 20480,
    "n_eval_episodes": 10,
    "eval_mode": "deterministic_mean"
  },
  "total_steps": 1001472,
  "elapsed_s": 1187.0085299015045,
  "final_reward": 37.09791644123305,
  "peak_reward": 46.53235542597359,
  "max_reward": 48.73122728778747,
  "eval_rewards": [
    33.46855475135252,
    24.096956679566528,
    26.055824825170543,
    33.962083030035906,
    41.78976055370004,
    40.64029326132269,
    43.46644283050413,
    39.266007298528905,
    42.974891668297744,
    43.99392096098336,
    46.203731829886365,
    45.04439807349239,
    46.76273963196592,
    46.007079986485586,
    45.285129395190204,
    47.04194613452381,
    47.43362273219805,
    47.651603616109135,
    48.73122728778747,
    44.22434815688079,
    42.969046200971704,
    48.446430852444614,
    47.53311989714448,
    39.91298561895701,
    41.78964793391606,
    38.69233063170365,
    32.993910587217684,
    31.747817227217638,
    41.64360463113272,
    43.75647574704353,
    41.00965986325589,
    42.34551189593659,
    43.203588249491844,
    38.37055219562755,
    38.6752814817352,
    42.858436321132494,
    39.2817283861623,
    40.45041687276493,
    38.94247401345202,
    41.506898547551366,
    36.19414820749244,
    34.78988254803659,
    35.206279780604234,
    34.768207286365815,
    35.73269400351191,
    35.24337034248633,
    41.25279865715987,
    39.0668754794339,
    37.218009559688056
  ],
  "eval_steps": [
    2048,
    22528,
    43008,
    63488,
    83968,
    104448,
    124928,
    145408,
    165888,
    186368,
    206848,
    227328,
    247808,
    268288,
    288768,
    309248,
    329728,
    350208,
    370688,
    391168,
    411648,
    432128,
    452608,
    473088,
    493568,
    514048,
    534528,
    555008,
    575488,
    595968,
    616448,
    636928,
    657408,
    677888,
    698368,
    718848,
    739328,
    759808,
    780288,
    800768,
    821248,
    841728,
    862208,
    882688,
    903168,
    923648,
    944128,
    964608,
    985088
  ],
  "episode_rewards": [
    44.322165326869914,
    38.597705202655845,
    47.94362972691234,
    42.23161585523415,
    45.76133811766949,
    42.674906963992406,
    45.63327988266226,
    43.19378479842744,
    47.168644174282115,
    27.48171529389385,
    34.355588466095384,
    44.84224707754788,
    33.91996666769207,
    44.92798490689868,
    40.12889589575348,
    48.252601160270544,
    41.07703715715627,
    46.91133846018024,
    32.001645437878125,
    47.559184226037125,
    33.98908543127541,
    36.380078681998064,
    35.026458367003535,
    47.19519902873162,
    48.822530315357064,
    52.958656014469206,
    41.722139561391074,
    43.464756548340965,
    44.72268293264418,
    42.19266430380154,
    34.23922967396295,
    52.5885516562147,
    43.96404163789951,
    31.418635082872985,
    31.382505622363585,
    38.0302988107992,
    49.79967897658195,
    50.52660472311,
    48.284513968574515,
    47.4865721669748,
    34.994747909614674,
    34.8729923963185,
    29.642210331019566,
    48.201584962161725,
    36.136055556339485,
    49.75876748776291,
    40.18762789748424,
    47.27017655776107,
    44.60035816255729,
    35.10447709221197,
    28.657991920973036,
    32.09312371608156,
    46.114430483835214,
    47.73842603599677,
    30.063324492421614,
    43.89319568605389,
    45.40258526126618,
    33.22445323342836,
    32.33282859577683,
    45.509071180995534,
    47.8214492074696,
    48.0766978916523,
    44.67718474160195,
    42.966499090360266,
    43.750577027020874,
    44.02361307056125,
    49.74812631466793,
    40.41837504885906,
    46.08390843108229,
    30.71734122045925,
    28.48411384054134,
    42.75931254749887,
    46.85666885059308,
    43.62906200669445,
    33.89939433837566,
    38.64849604309614,
    44.67402596631745,
    48.41705941917019,
    48.5542845078488,
    27.35020550209321,
    34.47397396726418,
    51.979741936045194,
    48.222586109525714,
    44.32696787984108,
    30.335926932876962,
    46.64752621651132,
    50.96259754513769,
    44.161363185194844,
    44.56578577923948,
    46.18414982321178,
    39.122779347598865,
    47.75295333012226,
    42.264364666883075,
    42.28760547954897,
    47.035401004607756,
    42.91321177665766,
    42.67262513674816,
    29.878411995481535,
    46.43037228558064,
    45.50226843605421,
    29.34743196837588,
    36.259238667071806,
    31.972591138166624,
    31.37714701676385,
    50.56638789787144,
    39.463892782057755,
    45.84795356420266,
    46.46706507830231,
    40.28310864712835,
    48.37109652601561,
    41.04606562722238,
    45.50378664537928,
    46.20779628828646,
    38.29565829872686,
    42.384139141941596,
    36.00761128988319,
    38.98371371785258,
    30.121990572743414,
    32.28902160133713,
    41.31607325511015,
    38.16442414388678,
    40.504522038165476,
    37.20517845348134,
    40.781507286553946,
    45.11228107280117,
    42.32466756014639,
    43.28139066013632,
    40.17276340125576,
    41.198247270450416,
    36.108087306961345,
    39.64794925978407,
    38.017432870395915,
    39.3655678354167,
    41.5801817668927,
    42.95247227486367,
    29.36840707038834,
    41.94719755484278,
    39.71413049542148,
    35.919996292956704,
    42.67400426644254,
    47.430261862038876,
    43.393949253014846,
    47.02457305955084,
    46.28092872743673,
    38.736019325246566,
    43.786917092334875,
    45.08123431589102,
    41.29681475170005,
    42.82626036973848,
    31.268299087737923,
    32.85686177235207,
    46.98875627621147,
    46.11897867504227,
    35.03961581326607,
    33.770492535937436,
    32.097051310777424,
    26.942449668148235,
    44.92810587705755,
    42.606242959986865,
    46.59839160916961,
    32.049359336539496,
    46.28106607490438,
    37.0914164354263,
    27.726678386130654,
    41.2315036282038,
    45.19065647733197,
    41.62169299475433,
    46.06248708516409,
    45.46379915415391,
    9.285226516506524,
    33.64394053213903,
    48.47829010942083,
    46.96725580755641,
    44.7106323353793,
    45.94366174943601,
    48.601127439195665,
    49.65597690915148,
    34.95963741936161,
    49.75352352638626,
    46.17427289156752,
    47.739598688859616,
    39.536023472254456,
    38.58635510953218,
    46.546446678007065,
    36.78018995723448,
    4.187023910468375,
    -4.899909740275113,
    6.045277208164501,
    -4.21039751166128,
    45.91159795140017,
    47.28667625928029,
    36.21889455413357,
    53.87542461853496,
    51.126110714754866,
    43.91490838934774,
    34.69184043451333,
    37.88457762450351,
    31.87240554912175,
    38.53672775886173,
    39.34449387901361
  ],