{
  "env": "Swimmer-v4",
  "agent": "Optimal_PPO",
  "seed": 2,
  "config": {
    "hidden_dim": 256,
    "lr": 0.0003,
    "gamma": 0.99,
    "lam": 0.95,
    "eps_clip": 0.2,
    "n_epochs": 10,
    "batch_size": 64,
    "n_steps": 2048,
    "ent_coef": 0.0,
    "vf_coef": 0.5,
    "max_grad_norm": 0.5,
    "use_obs_norm": true,
    "use_adv_norm": true,
    "use_lr_anneal": true,
    "use_vclip": false,
    "device": "cpu",
    "total_timesteps": 1000000,
    "eval_freq": 20480,
    "n_eval_episodes": 10,
    "eval_mode": "deterministic_mean"
  },
  "total_steps": 1001472,
  "elapsed_s": 1205.7804970741272,
  "final_reward": 47.65930929559152,
  "peak_reward": 47.49612847465729,
  "max_reward": 49.52954992604531,
  "eval_rewards": [
    24.623459330012246,
    27.969037286841605,
    37.9430404221042,
    30.572962484599987,
    36.033090366135326,
    41.551889800599284,
    40.13848034591965,
    39.787907826688475,
    42.221718623678655,
    45.134497660549684,
    45.29015167746793,
    48.31977585412799,
    48.32702787216997,
    46.18556774322437,
    46.62320722702627,
    42.586902795621,
    44.37843725703483,
    46.3006918121021,
    48.56495757874161,
    44.03061593048194,
    42.55387468588949,
    44.16797872548209,
    43.98625177763171,
    39.58634352584845,
    42.05230846076199,
    37.604378658682705,
    45.022460799143346,
    45.19883637594539,
    44.82055163933874,
    47.265478125839394,
    44.07523232472462,
    44.31317072768737,
    46.690954292590234,
    46.48266799770226,
    48.74184328591454,
    48.85711667105123,
    48.737263383077746,
    45.07600508037033,
    47.88759387723966,
    44.809584541629704,
    49.52954992604531,
    48.262652722509856,
    47.694410916522415,
    47.242456057270985,
    46.864651570855635,
    47.12639766576253,
    47.55346491489576,
    48.44672802427597,
    49.06319661614701
  ],
  "eval_steps": [
    2048,
    22528,
    43008,
    63488,
    83968,
    104448,
    124928,
    145408,
    165888,
    186368,
    206848,
    227328,
    247808,
    268288,
    288768,
    309248,
    329728,
    350208,
    370688,
    391168,
    411648,
    432128,
    452608,
    473088,
    493568,
    514048,
    534528,
    555008,
    575488,
    595968,
    616448,
    636928,
    657408,
    677888,
    698368,
    718848,
    739328,
    759808,
    780288,
    800768,
    821248,
    841728,
    862208,
    882688,
    903168,
    923648,
    944128,
    964608,
    985088
  ],
  "episode_rewards": [
    45.179986882856646,
    42.692086345844324,
    39.101530346671076,
    35.77359729220484,
    46.14238739246058,
    46.855846594510425,
    43.75179065096542,
    45.996749718056755,
    44.83462102504665,
    44.28958157484361,
    43.33336953307835,
    41.108557073562075,
    42.31095883486158,
    39.05062711615325,
    44.24977021264623,
    34.98378501097555,
    44.29665465614171,
    29.060935668487264,
    43.5049028031069,
    43.10124747526575,
    36.47262310146204,
    44.174354810142724,
    44.30863930313618,
    41.969263302230594,
    42.666850013399966,
    43.07937035112021,
    38.87329223261726,
    41.92884758040751,
    42.36189350415115,
    39.925603383279565,
    44.81417027741013,
    42.14349478229939,
    25.311668909578355,
    38.22285530575932,
    38.47857242837938,
    42.718979892837844,
    39.32445680460581,
    44.5650381696817,
    42.217918599743236,
    40.80398402342326,
    42.50790043121099,
    42.75222000531089,
    41.8499811530316,
    40.76256421107028,
    40.88510430523322,
    41.8797729976504,
    45.11035113296824,
    36.30655523001021,
    42.37638579275959,
    40.68387429844749,
    43.90675852826459,
    41.47993532611441,
    42.98450485435062,
    36.65959426042297,
    40.874987703310694,
    44.028092668553526,
    39.15656044352342,
    43.41954284906786,
    44.030776357425744,
    44.18497346247719,
    44.544626610213946,
    37.620917637318854,
    36.12447909142076,
    38.651133321550795,
    40.86728141717469,
    38.866022703277466,
    45.04420161463772,
    31.557270998164505,
    45.713750653628715,
    40.62208783936025,
    35.68202914056102,
    41.545381895306235,
    43.446429612585376,
    43.8878363903473,
    41.903900231081266,
    43.165324486917896,
    39.852198271274126,
    42.31786442896063,
    44.12453723436648,
    41.71710652850079,
    34.33270967218578,
    41.49974412750227,
    41.172680994344866,
    34.68519912098265,
    37.98904562453045,
    42.251249714438316,
    41.64659765209927,
    35.65285718176499,
    38.52796022383438,
    39.97010702166931,
    42.541186484133654,
    41.375990541690086,
    39.49329347350146,
    36.85955088164704,
    40.65080080415247,
    36.88302080503571,
    41.43077794443563,
    40.62103075159406,
    41.05126478481638,
    41.303845057837435,
    36.75782546541868,
    41.370233792397435,
    41.279544144774746,
    40.83211344637697,
    38.1185345985292,
    40.44664703406132,
    39.18347746761088,
    40.98168210688401,
    41.4426621452908,
    38.89139298789639,
    43.46770367172692,
    41.3805525607877,
    44.11330745473736,
    41.743935205053525,
    41.65952568276753,
    42.905976452109435,
    40.76953770379494,
    44.07512296370795,
    38.903030946663904,
    43.69224551586523,
    41.145834815772936,
    40.090429005192185,
    36.66782734842394,
    41.33057197396661,
    40.87487540533047,
    39.65921549390959,
    40.65828326214977,
    40.80824418460013,
    40.739260877931294,
    43.86373899605718,
    41.27361208488248,
    40.45147524558965,
    39.28943098150119,
    43.90564710879814,
    38.99299495239051,
    41.78303864682557,
    43.0927693832667,
    44.55282165735784,
    39.867576410707755,
    40.01331584655794,
    39.743150585645154,
    41.464260699390145,
    45.242237607404576,
    47.07176519630329,
    41.62235105390491,
    43.097575672325426,
    41.031319725615774,
    42.09296235198912,
    41.813070634689154,
    40.305073929701585,
    43.43367847296957,
    42.34164236377336,
    44.37835166756128,
    41.45449477965875,
    42.52289993241396,
    41.77123969049205,
    41.65889070123731,
    43.59581120835364,
    45.32029965749232,
    43.93673813664409,
    42.12913397765904,
    43.906470987915036,
    41.12730266719055,
    41.64473099184617,
    44.530201769638,
    44.450764043906965,
    42.949120740997834,
    45.122193359130215,
    44.69618374266389,
    44.29523472281574,
    48.26316984966513,
    47.45879001879607,
    42.26930826369593,
    49.295594106690956,
    40.189153658274435,
    44.973977909140366,
    45.78948014271896,
    47.111981136160885,
    42.899849490928325,
    46.16584274615772,
    42.029282909662925,
    46.69095481922159,
    42.7128769805988,
    37.72079157216428,
    40.8877120492527,
    40.54744388602965,
    39.24835249931919,
    40.65908393399703,
    44.084557127222915,
    40.79930425008994,
    45.20029552550458,
    39.37401918258715,
    43.164619945984086,
    42.27938181197303,
    41.24132879861336,
    40.56290509703172,
    37.98924350884629,
    39.5045065523849,
    38.204582104001354,
    42.22366372693288
  ],