{
  "env": "Swimmer-v4",
  "agent": "Optimal_PPO",
  "seed": 14,
  "config": {
    "hidden_dim": 256,
    "lr": 0.0003,
    "gamma": 0.99,
    "lam": 0.95,
    "eps_clip": 0.2,
    "n_epochs": 10,
    "batch_size": 64,
    "n_steps": 2048,
    "ent_coef": 0.0,
    "vf_coef": 0.5,
    "max_grad_norm": 0.5,
    "use_obs_norm": true,
    "use_adv_norm": true,
    "use_lr_anneal": true,
    "use_vclip": false,
    "device": "cpu",
    "total_timesteps": 1000000,
    "eval_freq": 20480,
    "n_eval_episodes": 10,
    "eval_mode": "deterministic_mean"
  },
  "total_steps": 1001472,
  "elapsed_s": 1165.3990020751953,
  "final_reward": 45.39480614960099,
  "peak_reward": 45.97520028237834,
  "max_reward": 48.48317617037993,
  "eval_rewards": [
    25.503107363394815,
    34.53754361171322,
    38.26511217800805,
    31.52063215443688,
    37.691682138558065,
    40.87977461547076,
    41.93535829466939,
    42.37466433178677,
    45.135624232013505,
    37.42106369116023,
    40.76952760200946,
    41.08367021350685,
    43.009035137354786,
    41.561096084629675,
    35.09797438405973,
    40.102801136817874,
    38.88591663813516,
    42.28530876766772,
    39.10715185161189,
    42.882548893823284,
    40.26755724867077,
    43.060383069770026,
    30.966486961608204,
    43.50074744723004,
    45.93091591645851,
    45.87875027948271,
    42.621221872559644,
    44.54265962688857,
    46.00493739442716,
    45.22940420669959,
    44.309941437314635,
    44.506653110357924,
    45.11365273969563,
    45.30598122074516,
    41.39005382881378,
    46.406854477564295,
    45.87144187570121,
    47.35777022334855,
    48.02100232995848,
    44.387154906175,
    48.48317617037993,
    46.35921946708719,
    43.42981885064212,
    44.17552573268881,
    45.26003879023777,
    46.150461928138775,
    45.29006606072878,
    45.63179489953297,
    44.78080469039856
  ],
  "eval_steps": [
    2048,
    22528,
    43008,
    63488,
    83968,
    104448,
    124928,
    145408,
    165888,
    186368,
    206848,
    227328,
    247808,
    268288,
    288768,
    309248,
    329728,
    350208,
    370688,
    391168,
    411648,
    432128,
    452608,
    473088,
    493568,
    514048,
    534528,
    555008,
    575488,
    595968,
    616448,
    636928,
    657408,
    677888,
    698368,
    718848,
    739328,
    759808,
    780288,
    800768,
    821248,
    841728,
    862208,
    882688,
    903168,
    923648,
    944128,
    964608,
    985088
  ],
  "episode_rewards": [
    38.47537248883026,
    35.96972667424079,
    40.77581639820532,
    41.90054019185697,
    33.34839664750864,
    35.861570214152266,
    42.97964558665423,
    38.95638681220496,
    39.22258700861375,
    45.825125841754236,
    43.87848570679962,
    41.198898256524316,
    35.393725214884256,
    33.645244307367406,
    49.58818656967146,
    34.56487339310385,
    33.29184707340597,
    38.88212401313427,
    41.86165044355411,
    32.89421301516974,
    33.61983310153102,
    28.429381580387023,
    28.28065189600243,
    39.53763256194549,
    42.0463211073745,
    40.52627394699548,
    44.66644524645515,
    28.92161230489003,
    39.23825864933459,
    39.47534013116381,
    44.49209242249967,
    30.78102692351207,
    33.309524276051214,
    31.390392367265516,
    39.06402355745995,
    33.11419964014457,
    30.672858047194598,
    36.0592918539138,
    29.810693986583683,
    33.13490607123386,
    37.532288664914034,
    37.150661651685425,
    35.14773416805227,
    40.50383060578653,
    42.82847399956552,
    32.41089209818704,
    31.19880929678076,
    32.62416471762508,
    39.34422854567445,
    37.762724979960765,
    37.317627748039584,
    35.89745647350128,
    24.681080796514784,
    37.50152166087563,
    41.63142771226895,
    39.64414076121784,
    32.51789490297928,
    34.21482718224248,
    28.46640489104695,
    41.86592216330372,
    40.087480634488834,
    36.85944676556831,
    32.257303716327264,
    31.518822134618482,
    40.095278107598766,
    33.06832370684335,
    40.69258309148386,
    33.751766473947484,
    30.328864214568156,
    38.14550287114289,
    32.61708753941657,
    36.1273128843562,
    34.524079878322226,
    37.16076766467239,
    33.32602198011032,
    36.39832671080952,
    44.40871600195684,
    31.74169530681586,
    29.600006207936378,
    35.86867661783468,
    39.175278953035814,
    46.30371334997897,
    41.237189018773364,
    32.20648146746519,
    39.153997520293586,
    39.88367225372642,
    35.706284772693614,
    40.42539000996524,
    33.057074138931924,
    42.3922220812323,
    44.37984255793172,
    34.85380769501775,
    36.16656818628977,
    46.81000315723376,
    37.69301267650802,
    41.932797227286706,
    30.091089716820665,
    40.73464057034334,
    43.828982003865185,
    43.26144662869454,
    30.10060392442007,
    31.851162707430174,
    40.195878499452746,
    40.804106333400526,
    38.76066878346906,
    32.70660600613213,
    39.74230345181055,
    39.76502905701415,
    29.59987003397342,
    41.31825919788219,
    34.728502069002,
    38.6220144991568,
    37.43155646051491,
    41.941432928037806,
    41.203632491261494,
    34.12413932892477,
    41.88149473251468,
    31.383950171608987,
    43.755596239400695,
    36.95203323688947,
    46.939396181893855,
    39.31586781872163,
    50.94961194761113,
    42.04321579767492,
    41.45614198337529,
    36.14523481115424,
    43.58542816568011,
    33.00584664154726,
    41.79412335736138,
    41.52469614362927,
    40.35655617828429,
    34.16794623191345,
    43.86616285369191,
    33.84072279694169,
    41.761212125052275,
    44.08899880339432,
    46.31073449137613,
    35.062060993499244,
    38.87546618707216,
    42.41621402997997,
    37.162168955347276,
    33.558865996250674,
    33.104906569520615,
    44.32391681904483,
    45.20818598800374,
    31.925189912670735,
    44.62365854321775,
    27.919178850150313,
    42.81581333131627,
    34.57188956770854,
    31.268869446180005,
    37.91997391787603,
    42.411557581314334,
    29.14091737518588,
    42.55466722061162,
    30.241680366270202,
    34.408619221288625,
    44.36846617174478,
    32.19631840194191,
    42.878108173994015,
    33.927816024462814,
    30.067557379067885,
    41.04839376769674,
    34.05304892169801,
    32.867953720135674,
    33.184994124905984,
    33.2577262533203,
    31.881014123754817,
    38.112091018227886,
    34.56900809475235,
    34.909980091185055,
    32.213421682446445,
    31.128955884081368,
    43.908252798902474,
    32.139174097160605,
    43.91630650999616,
    39.867508513895125,
    30.370335268603398,
    33.40777534476305,
    37.4929930863985,
    35.5174716604857,
    31.994214476501117,
    41.08280682412686,
    38.514965691014055,
    34.59930743645564,
    32.55272009898128,
    40.99508101331542,
    31.66383673147226,
    36.017159137198995,
    33.843788172086526,
    32.358239808655284,
    42.412152741261636,
    42.38847847553564,
    32.6879157289766,
    38.12396568967099,
    42.72838842309057,
    38.29974920270798,
    41.13757045350036,
    37.630821625381685,
    36.367705894535426
  ],