{
  "env": "Swimmer-v4",
  "agent": "Optimal_PPO",
  "seed": 10,
  "config": {
    "hidden_dim": 256,
    "lr": 0.0003,
    "gamma": 0.99,
    "lam": 0.95,
    "eps_clip": 0.2,
    "n_epochs": 10,
    "batch_size": 64,
    "n_steps": 2048,
    "ent_coef": 0.0,
    "vf_coef": 0.5,
    "max_grad_norm": 0.5,
    "use_obs_norm": true,
    "use_adv_norm": true,
    "use_lr_anneal": true,
    "use_vclip": false,
    "device": "cpu",
    "total_timesteps": 1000000,
    "eval_freq": 20480,
    "n_eval_episodes": 10,
    "eval_mode": "deterministic_mean"
  },
  "total_steps": 1001472,
  "elapsed_s": 1236.2984881401062,
  "final_reward": 25.6432386458389,
  "peak_reward": 31.694203544339096,
  "max_reward": 47.93548708701225,
  "eval_rewards": [
    26.49128373668399,
    38.24763816227815,
    47.93548708701225,
    41.52757909730333,
    26.59463102416829,
    22.49396083072898,
    25.80848167541429,
    31.75687063600761,
    30.11053829279217,
    25.975564901001917,
    22.793369604660107,
    27.636289516725714,
    27.609238111322203,
    27.09507761577002,
    29.31710473049038,
    30.127251402253876,
    34.88696337483564,
    31.266692263739635,
    28.47298119238539,
    27.43877352217201,
    25.43973408601505,
    24.400888216565583,
    25.375870795739743,
    23.779126808898344,
    24.21372904756745,
    23.578131774680905,
    21.516622162335725,
    23.426700055626565,
    19.10220717450484,
    23.371258885138833,
    19.591832573985673,
    19.642680757007753,
    24.380653080563583,
    22.744573394591278,
    23.760138432549557,
    22.490106610557945,
    23.63236382809358,
    23.816003191883645,
    23.66189613000139,
    39.93565993345254,
    25.28922794804027,
    24.587317064325468,
    23.038764730770367,
    23.354150053698213,
    24.240098841716524,
    23.403254880497617,
    23.48387621350024,
    24.541674916538533,
    24.558361875849194
  ],
  "eval_steps": [
    2048,
    22528,
    43008,
    63488,
    83968,
    104448,
    124928,
    145408,
    165888,
    186368,
    206848,
    227328,
    247808,
    268288,
    288768,
    309248,
    329728,
    350208,
    370688,
    391168,
    411648,
    432128,
    452608,
    473088,
    493568,
    514048,
    534528,
    555008,
    575488,
    595968,
    616448,
    636928,
    657408,
    677888,
    698368,
    718848,
    739328,
    759808,
    780288,
    800768,
    821248,
    841728,
    862208,
    882688,
    903168,
    923648,
    944128,
    964608,
    985088
  ],
  "episode_rewards": [
    36.95798234031811,
    36.516448644930335,
    27.21395431948878,
    32.012843737786255,
    33.61571172139075,
    33.181281790758085,
    35.90098263389158,
    30.147595172111128,
    29.60764302553123,
    30.32351680248497,
    28.350155288546887,
    32.75319598100957,
    34.85415342815324,
    27.106238316788946,
    26.58732955850095,
    28.470888936688397,
    28.071574033795617,
    25.882747066757787,
    28.670656852986774,
    31.960939281995863,
    32.40980589859687,
    28.89954461605891,
    25.58643830362176,
    27.53287333025176,
    27.75625886863062,
    25.276054043909745,
    24.9048054591419,
    24.857431733655943,
    25.417138974252314,
    28.066208864447788,
    24.112614950561888,
    23.10530394310286,
    31.003201659206763,
    26.609140887287502,
    27.73948619448043,
    24.20090457950883,
    24.532388901775285,
    24.831157727945218,
    25.94468784046148,
    24.76465683652444,
    24.698702877750346,
    27.645170172498638,
    24.779291020922326,
    24.21180815235395,
    26.59933528765502,
    28.30788472880654,
    24.684748769299812,
    28.77625334379593,
    25.011764590449978,
    28.928646415530466,
    26.280948524115075,
    31.27999700447926,
    23.349669293526805,
    25.42875054766276,
    23.837825068720655,
    25.885667078943936,
    25.333408863795114,
    24.286065035116643,
    25.765481768187936,
    25.97186532828889,
    27.276128066582416,
    29.630359779790478,
    24.237412839134016,
    28.45670241518905,
    25.168673048546456,
    31.948447408909296,
    22.07852315430504,
    26.471078034372766,
    23.596730756233782,
    27.523199935691913,
    24.178596187224567,
    28.782730143371005,
    27.481721396777033,
    25.705884061934437,
    23.462788574709815,
    32.916152335919925,
    25.547625167094104,
    23.62574892436265,
    27.894747985336007,
    32.600861497118046,
    29.63784458341715,
    24.61152543734919,
    27.73624103853549,
    33.80510732521749,
    35.37305201066371,
    34.503938932006506,
    32.4955311703464,
    29.141307882838955,
    27.241842575135287,
    37.659854391949914,
    24.534653292970493,
    30.88593666389822,
    31.897919058134164,
    37.87342212306462,
    26.879638843121985,
    27.31007090830421,
    32.246198283173335,
    26.354570996381156,
    30.191148587392203,
    25.057112879718762,
    33.2730222205354,
    30.778322789879237,
    36.11002569818869,
    29.370553313200265,
    25.74639051365041,
    33.3092504753869,
    24.398965396063886,
    37.39144689248161,
    35.43881508866941,
    35.948415642604594,
    27.852097655047597,
    37.90565650984729,
    32.2231867552042,
    35.624046668691385,
    25.501978190461987,
    37.4378139122353,
    26.087361169024554,
    32.63920900425788,
    31.753567033222218,
    24.456561395544117,
    30.527453042971764,
    28.28600208460443,
    35.71392176374455,
    27.577760333817565,
    36.80573089148879,
    34.98022012517358,
    30.125711570214495,
    28.15497921971835,
    23.49135983436465,
    28.362835454514858,
    30.52996401080449,
    24.596995340593796,
    25.511667297765953,
    23.5633644040315,
    23.252921354714477,
    25.754919078032287,
    32.940813619370495,
    23.66930121479318,
    36.39779537831176,
    24.728644322087337,
    35.22945686792069,
    27.050283953191002,
    23.737151213667914,
    25.774304228793895,
    34.4380692717363,
    28.93167349109217,
    26.65264371720822,
    26.375501216489216,
    31.177251154551215,
    30.77842283946486,
    25.703408785270724,
    25.130156019548814,
    26.385128652034627,
    29.303204989006378,
    27.771902476048336,
    30.000420158509595,
    26.694476903396616,
    28.586944504208937,
    28.703830701004794,
    26.296232251615276,
    35.77754200685781,
    24.77531063217416,
    31.55602330997309,
    27.48187102480825,
    35.90246279774247,
    24.90560095954247,
    24.75980860460232,
    35.413264599699644,
    28.86774017187252,
    23.56973662204612,
    27.15502733632158,
    29.097680689433567,
    29.27126310022976,
    23.678751789367013,
    23.406087438486555,
    26.25119335912195,
    23.964513572179417,
    23.956915087136192,
    23.950371038485986,
    24.222546065710205,
    26.682156465994908,
    23.24643554386619,
    27.19904958880459,
    24.775959461454732,
    26.822375852238565,
    29.60964585026795,
    26.279079726361413,
    28.771513729094,
    28.218932865445673,
    28.10675865218145,
    32.374920436883734,
    24.338451463073778,
    23.719010612091775,
    26.7712302503114,
    26.28030645024507,
    27.455198771291272,
    28.033372545768582,
    31.750950850487698,
    27.46799704751181,
    28.880551223439173
  ],