{
  "env": "Hopper-v4",
  "agent": "Optimal_HCGAE_v2",
  "seed": 0,
  "config": {
    "hidden_dim": 256,
    "use_obs_norm": true,
    "use_adv_norm": true,
    "use_lr_anneal": true,
    "eval_mode": "deterministic_mean"
  },
  "total_steps": 200000,
  "final_reward": 1160.4900195980058,
  "eval_rewards": [
    156.62919078471378,
    195.59699880305885,
    329.5185280308125,
    394.76652450642257,
    462.9250324974337,
    695.8759027891822,
    839.2064395217656,
    939.897625228379,
    948.2357708709018,
    953.0498828282828,
    805.7073038974765,
    1000.3480757600482,
    1004.451240852691,
    1043.9040562793468,
    1047.6635583384086,
    1026.0598603633991,
    1195.105948832977,
    1020.1840335730758,
    1270.3432510866267,
    1290.7570041339495
  ],
  "eval_steps": [
    10240,
    20480,
    30720,
    40960,
    51200,
    61440,
    71680,
    81920,
    92160,
    102400,
    112640,
    122880,
    133120,
    143360,
    153600,
    163840,
    174080,
    184320,
    194560,
    200000
  ],
  "elapsed_s": 142.4
}