{
  "env": "Hopper-v4",
  "agent": "Optimal_HCGAE_v2",
  "seed": 1,
  "config": {
    "hidden_dim": 256,
    "use_obs_norm": true,
    "use_adv_norm": true,
    "use_lr_anneal": true,
    "eval_mode": "deterministic_mean"
  },
  "total_steps": 200000,
  "final_reward": 1317.094577263091,
  "eval_rewards": [
    190.98944499587165,
    218.6696820642115,
    338.98533166065187,
    338.6840992142593,
    409.5005552481433,
    433.6078801838245,
    440.1374244176438,
    664.0158442711923,
    869.269276797266,
    897.3815031335546,
    915.5560445202416,
    835.7493791039115,
    883.4040486089414,
    1012.7774767138135,
    1059.410486303995,
    1530.7827889959951,
    1228.1291032350734,
    1603.0753372992228,
    1111.5575813201144,
    1111.9280754650488
  ],
  "eval_steps": [
    10240,
    20480,
    30720,
    40960,
    51200,
    61440,
    71680,
    81920,
    92160,
    102400,
    112640,
    122880,
    133120,
    143360,
    153600,
    163840,
    174080,
    184320,
    194560,
    200000
  ],
  "elapsed_s": 151.3
}