{
  "env": "Hopper-v4",
  "agent": "Optimal_PPO",
  "seed": 16,
  "total_steps": 301056,
  "final_reward": 614.4166081565733,
  "eval_rewards": [
    134.48086641463289,
    178.19921580564144,
    261.3472635166931,
    318.1819710784579,
    351.6763206241001,
    357.5280107407043,
    410.5842086077083,
    513.9111088634803,
    510.4445876107453,
    513.915687560246,
    493.8566451339299,
    537.6550860071609,
    504.6310145889091,
    541.6683580247778,
    560.1622187144143,
    562.6928919099404,
    546.9048568347522,
    544.5219540500773,
    600.2590800376817,
    580.6853394907127,
    581.9937328892325,
    620.147761163357,
    540.6559388396719,
    591.1358590517241,
    594.1841170885167,
    606.2471428331768,
    615.1848684868459,
    631.5561632357834,
    624.9107491385437
  ],
  "eval_steps": [
    10240,
    20480,
    30720,
    40960,
    51200,
    61440,
    71680,
    81920,
    92160,
    102400,
    112640,
    122880,
    133120,
    143360,
    153600,
    163840,
    174080,
    184320,
    194560,
    204800,
    215040,
    225280,
    235520,
    245760,
    256000,
    266240,
    276480,
    286720,
    296960
  ],
  "elapsed_s": 126.27212810516357,
  "ev_final": 0.0
}