{
  "env": "Hopper-v4",
  "agent": "Optimal_PPO",
  "seed": 3,
  "total_steps": 301056,
  "final_reward": 1454.3606872330352,
  "eval_rewards": [
    100.46679808278058,
    163.0136378279192,
    227.45326712863275,
    313.059290569733,
    328.14780711756714,
    423.1768091130663,
    545.5151248306221,
    542.0409442564303,
    650.1319834003328,
    697.4940318254597,
    639.2893193391944,
    715.7438490392009,
    730.3579134248399,
    754.7539096289318,
    765.2076078702137,
    848.1875655191034,
    814.6712629690057,
    844.8250057653502,
    907.8605691409106,
    950.9074256943543,
    937.7843165063335,
    958.9627203982411,
    973.8465968776785,
    1054.6488766538855,
    1248.6997290318977,
    1323.8171450632053,
    1650.221523045165,
    1558.3070488801418,
    1490.7579901447657
  ],
  "eval_steps": [
    10240,
    20480,
    30720,
    40960,
    51200,
    61440,
    71680,
    81920,
    92160,
    102400,
    112640,
    122880,
    133120,
    143360,
    153600,
    163840,
    174080,
    184320,
    194560,
    204800,
    215040,
    225280,
    235520,
    245760,
    256000,
    266240,
    276480,
    286720,
    296960
  ],
  "elapsed_s": 135.23202204704285,
  "ev_final": 0.0
}