{
  "env": "Hopper-v4",
  "agent": "Optimal_PPO",
  "seed": 9,
  "total_steps": 301056,
  "final_reward": 1379.6833687456349,
  "eval_rewards": [
    104.99247553753693,
    182.5896803851948,
    214.84915562175752,
    301.2201492544474,
    374.91167816929146,
    324.19143310279844,
    425.7992966873162,
    451.9510410065429,
    629.9983267023015,
    598.2490354239501,
    629.1983019133938,
    664.4169490715167,
    694.2163692022555,
    757.041010257077,
    954.1870417337086,
    1055.5140680957772,
    1137.5205629709012,
    992.9889836527051,
    1040.5657458198425,
    1023.2539124633759,
    1023.7026416883789,
    1180.17187375147,
    1093.361445791756,
    1215.654558906906,
    1203.855209229436,
    1334.759055845388,
    1421.341217713559,
    1514.085389854701,
    1424.3759710850898
  ],
  "eval_steps": [
    10240,
    20480,
    30720,
    40960,
    51200,
    61440,
    71680,
    81920,
    92160,
    102400,
    112640,
    122880,
    133120,
    143360,
    153600,
    163840,
    174080,
    184320,
    194560,
    204800,
    215040,
    225280,
    235520,
    245760,
    256000,
    266240,
    276480,
    286720,
    296960
  ],
  "elapsed_s": 135.87977004051208,
  "ev_final": 0.0
}