{
  "env": "Hopper-v4",
  "agent": "Optimal_PPO",
  "seed": 14,
  "total_steps": 301056,
  "final_reward": 1207.7390699974917,
  "eval_rewards": [
    82.69289214958597,
    179.58892119476772,
    233.58391918474544,
    312.9982805451745,
    280.77287586261093,
    353.0791560174454,
    468.0949867889397,
    547.6615423344308,
    493.41079639126326,
    582.6355214058469,
    506.8136692906527,
    615.4858174455406,
    632.1552499441601,
    655.6007390851333,
    717.871466664048,
    732.045784292501,
    694.8004973922731,
    734.9114450481012,
    779.4852255969103,
    811.3021199775073,
    838.2200466846436,
    918.2157833574563,
    984.5588904217169,
    961.9671071558287,
    1198.9306729641498,
    1171.9902327063778,
    1175.6387940391403,
    1028.9983903109962,
    1463.1372599667948
  ],
  "eval_steps": [
    10240,
    20480,
    30720,
    40960,
    51200,
    61440,
    71680,
    81920,
    92160,
    102400,
    112640,
    122880,
    133120,
    143360,
    153600,
    163840,
    174080,
    184320,
    194560,
    204800,
    215040,
    225280,
    235520,
    245760,
    256000,
    266240,
    276480,
    286720,
    296960
  ],
  "elapsed_s": 135.7742280960083,
  "ev_final": 0.0
}