{
  "env": "Hopper-v4",
  "agent": "Optimal_PPO",
  "seed": 8,
  "total_steps": 301056,
  "final_reward": 751.619965035434,
  "eval_rewards": [
    127.62513860718184,
    193.66033271808158,
    203.02750634076955,
    247.61865481525442,
    365.79780467138306,
    387.5773020166887,
    501.0273311882811,
    547.6350063440308,
    507.9122467090083,
    488.17160128489616,
    498.7882066861536,
    535.324422982925,
    535.0349673294994,
    624.7412860263687,
    586.1829726964019,
    611.000078567625,
    607.0079598271838,
    634.378850231891,
    632.0027358957361,
    603.0467572305453,
    721.9924329896369,
    722.9192953409922,
    734.4949843634046,
    695.6500536149845,
    710.6728939597233,
    667.6106284869561,
    754.6461806634702,
    930.9372710572994,
    694.232851009721
  ],
  "eval_steps": [
    10240,
    20480,
    30720,
    40960,
    51200,
    61440,
    71680,
    81920,
    92160,
    102400,
    112640,
    122880,
    133120,
    143360,
    153600,
    163840,
    174080,
    184320,
    194560,
    204800,
    215040,
    225280,
    235520,
    245760,
    256000,
    266240,
    276480,
    286720,
    296960
  ],
  "elapsed_s": 134.5200800895691,
  "ev_final": 0.0
}