{
  "env": "Hopper-v4",
  "agent": "Optimal_PPO",
  "seed": 5,
  "total_steps": 301056,
  "final_reward": 1335.6231191900345,
  "eval_rewards": [
    108.09575215097941,
    160.41489903449215,
    196.5716539738143,
    248.57861051302316,
    360.24805954285284,
    415.77862486425056,
    493.6278920993544,
    534.6871723639638,
    543.0001257300519,
    610.7838486023643,
    582.0683370702527,
    618.6516471051865,
    612.6385768884803,
    617.3394546645794,
    656.271383196775,
    696.3685052827357,
    686.4857076816513,
    683.211555893103,
    727.6167881400788,
    818.0830958129125,
    848.6452334429475,
    969.6041139858111,
    953.0226002792,
    1051.7196041916482,
    923.6292714415453,
    1165.3307032996993,
    1376.0405513660294,
    1543.2469240614578,
    1669.8681457814405
  ],
  "eval_steps": [
    10240,
    20480,
    30720,
    40960,
    51200,
    61440,
    71680,
    81920,
    92160,
    102400,
    112640,
    122880,
    133120,
    143360,
    153600,
    163840,
    174080,
    184320,
    194560,
    204800,
    215040,
    225280,
    235520,
    245760,
    256000,
    266240,
    276480,
    286720,
    296960
  ],
  "elapsed_s": 135.48469400405884,
  "ev_final": 0.0
}