{
  "env": "Hopper-v4",
  "agent": "Optimal_PPO",
  "seed": 1,
  "total_steps": 301056,
  "final_reward": 529.4238393298842,
  "eval_rewards": [
    163.80748424036992,
    236.50144340602205,
    231.73865481739836,
    315.57080652053844,
    332.2224665941896,
    350.6759214103089,
    361.6305544560479,
    399.87385132712853,
    411.7097126513828,
    479.0830050419674,
    461.5445195416406,
    486.270746818347,
    481.930849529851,
    442.94346821664556,
    489.5241082727812,
    544.3442586353337,
    543.7396535306864,
    557.3707966531116,
    538.2409880560687,
    531.1146072713194,
    561.110431537094,
    542.2360126858406,
    518.5178750528826,
    546.7240156874508,
    522.4398848043843,
    526.6117651612834,
    519.4145972260477,
    554.3908146848602,
    524.2621347728455
  ],
  "eval_steps": [
    10240,
    20480,
    30720,
    40960,
    51200,
    61440,
    71680,
    81920,
    92160,
    102400,
    112640,
    122880,
    133120,
    143360,
    153600,
    163840,
    174080,
    184320,
    194560,
    204800,
    215040,
    225280,
    235520,
    245760,
    256000,
    266240,
    276480,
    286720,
    296960
  ],
  "elapsed_s": 583.4851808547974,
  "ev_final": 0.0
}