{
  "env": "Hopper-v4",
  "agent": "Optimal_PPO",
  "seed": 25,
  "total_steps": 301056,
  "final_reward": 1108.0129315055617,
  "eval_rewards": [
    110.19009710411335,
    214.27971734836586,
    213.9183670286233,
    257.4810610656671,
    321.27638261040846,
    387.4574680090548,
    575.9893942738597,
    564.2780031257398,
    591.6012396964749,
    634.1954766179452,
    637.0597884533893,
    710.5231767085395,
    713.3831903133187,
    772.6606020012869,
    784.9380843933417,
    814.4448718991541,
    844.6868512210298,
    865.8023489539517,
    902.009047945777,
    967.9284841472339,
    1041.839702523669,
    990.2358520087582,
    1011.1275102312736,
    968.5152064964817,
    1216.0733092373978,
    1032.6176643143826,
    1077.2477134266226,
    1045.3351695553704,
    1168.7908009940354
  ],
  "eval_steps": [
    10240,
    20480,
    30720,
    40960,
    51200,
    61440,
    71680,
    81920,
    92160,
    102400,
    112640,
    122880,
    133120,
    143360,
    153600,
    163840,
    174080,
    184320,
    194560,
    204800,
    215040,
    225280,
    235520,
    245760,
    256000,
    266240,
    276480,
    286720,
    296960
  ],
  "elapsed_s": 128.00408411026,
  "ev_final": 0.0
}