{
  "env": "Hopper-v4",
  "agent": "Optimal_PPO",
  "seed": 2,
  "total_steps": 301056,
  "final_reward": 618.8077438303696,
  "eval_rewards": [
    127.93874337862307,
    226.81072576383343,
    243.41502246310216,
    289.77842616285113,
    348.22910194054117,
    364.1512826414495,
    412.4432326884254,
    433.7992359063642,
    533.6584158352571,
    520.0593149607273,
    529.1953598880771,
    538.3760679583373,
    508.33671918478933,
    610.0725906258738,
    594.3391779211829,
    577.8614751399953,
    528.9458783015314,
    583.5613035151393,
    559.5260357719525,
    589.7099241837965,
    598.612237040649,
    604.1920193262133,
    605.1922095171682,
    609.1757307775882,
    593.5358000837798,
    608.2041556806549,
    619.5194240389538,
    654.1037355334126,
    618.675603815047
  ],
  "eval_steps": [
    10240,
    20480,
    30720,
    40960,
    51200,
    61440,
    71680,
    81920,
    92160,
    102400,
    112640,
    122880,
    133120,
    143360,
    153600,
    163840,
    174080,
    184320,
    194560,
    204800,
    215040,
    225280,
    235520,
    245760,
    256000,
    266240,
    276480,
    286720,
    296960
  ],
  "elapsed_s": 606.0333411693573,
  "ev_final": 0.0
}