{
  "env": "Hopper-v4",
  "agent": "Optimal_PPO",
  "seed": 27,
  "total_steps": 301056,
  "final_reward": 851.0370001314386,
  "eval_rewards": [
    101.57816583819682,
    206.51058913200418,
    227.93601636037306,
    264.6637782580419,
    303.35310010929913,
    361.2790116152865,
    408.8301684406139,
    451.55926382540184,
    498.75362592945595,
    563.827858620358,
    563.0559400170443,
    579.3171576077979,
    590.0312503058764,
    612.1837164326711,
    664.0654627600488,
    660.3749268523236,
    673.4649717387501,
    731.4588119378055,
    683.2010595054451,
    665.2749521668028,
    782.4896777546176,
    833.0664990567705,
    874.6943119549063,
    747.7483779601546,
    810.4950324419926,
    847.4948941242034,
    873.3523085726094,
    869.408968440722,
    854.433797077666
  ],
  "eval_steps": [
    10240,
    20480,
    30720,
    40960,
    51200,
    61440,
    71680,
    81920,
    92160,
    102400,
    112640,
    122880,
    133120,
    143360,
    153600,
    163840,
    174080,
    184320,
    194560,
    204800,
    215040,
    225280,
    235520,
    245760,
    256000,
    266240,
    276480,
    286720,
    296960
  ],
  "elapsed_s": 128.8403239250183,
  "ev_final": 0.0
}