{
  "env": "Hopper-v4",
  "agent": "Optimal_PPO",
  "seed": 15,
  "total_steps": 301056,
  "final_reward": 797.921800926512,
  "eval_rewards": [
    93.32509408942923,
    190.71364118372304,
    218.96603816214324,
    281.43322617095873,
    353.161787029095,
    368.5713682869182,
    410.0858981207404,
    431.5222911919792,
    525.0098983823686,
    551.8910354222365,
    548.1067527864714,
    530.2333627170453,
    580.5337001492323,
    606.133788059972,
    570.2417149513064,
    577.5012542197495,
    609.58774143887,
    653.2360671252457,
    619.2338962140881,
    671.3133862479842,
    682.6153795467212,
    672.5158651341882,
    702.9442932293307,
    763.5423777859844,
    778.8487353258223,
    758.049308463078,
    792.2292621355253,
    873.5751396826457,
    786.9065590254881
  ],
  "eval_steps": [
    10240,
    20480,
    30720,
    40960,
    51200,
    61440,
    71680,
    81920,
    92160,
    102400,
    112640,
    122880,
    133120,
    143360,
    153600,
    163840,
    174080,
    184320,
    194560,
    204800,
    215040,
    225280,
    235520,
    245760,
    256000,
    266240,
    276480,
    286720,
    296960
  ],
  "elapsed_s": 132.62801885604858,
  "ev_final": 0.0
}