{
  "env": "Hopper-v4",
  "agent": "Optimal_PPO",
  "seed": 7,
  "total_steps": 301056,
  "final_reward": 578.0404975817543,
  "eval_rewards": [
    127.34080528271363,
    217.81103027050239,
    225.20723369798617,
    263.8411222151454,
    360.62702621470464,
    367.3319329405285,
    399.33165874001986,
    494.40590059420737,
    493.97373958843446,
    482.62232670492665,
    528.1161457444751,
    530.2887861426514,
    527.0195686403123,
    482.4713150519654,
    521.6475999748253,
    502.2329808041721,
    521.823337820228,
    520.1184047812702,
    544.0546075921176,
    537.501751273978,
    547.6561470752413,
    535.2630836919157,
    549.7400156263207,
    564.2959864307271,
    558.9049277201825,
    562.8154384292909,
    580.7075720687102,
    578.0321904905377,
    609.7423592000503
  ],
  "eval_steps": [
    10240,
    20480,
    30720,
    40960,
    51200,
    61440,
    71680,
    81920,
    92160,
    102400,
    112640,
    122880,
    133120,
    143360,
    153600,
    163840,
    174080,
    184320,
    194560,
    204800,
    215040,
    225280,
    235520,
    245760,
    256000,
    266240,
    276480,
    286720,
    296960
  ],
  "elapsed_s": 133.21140503883362,
  "ev_final": 0.0
}