{
  "env": "Hopper-v4",
  "agent": "Optimal_PPO",
  "seed": 22,
  "total_steps": 301056,
  "final_reward": 1170.513706399727,
  "eval_rewards": [
    115.94081873359228,
    179.920670369977,
    201.3446427198382,
    206.3802649208792,
    227.61009681577715,
    302.61080911127254,
    359.91417467497035,
    435.6468147399216,
    560.2408018045878,
    637.0775309547431,
    647.0081991015917,
    726.6207109652605,
    687.2386755879504,
    683.5880645711036,
    709.6452099322437,
    858.255466657631,
    833.2597467339699,
    1030.528172224183,
    1077.5214915976544,
    1115.9698397565826,
    1482.9742631816957,
    1220.534964486754,
    1280.9405219226405,
    1307.8631865711188,
    961.1028626948907,
    1200.7194329768347,
    1106.3983958841422,
    1073.1344696600001,
    1511.2133707827675
  ],
  "eval_steps": [
    10240,
    20480,
    30720,
    40960,
    51200,
    61440,
    71680,
    81920,
    92160,
    102400,
    112640,
    122880,
    133120,
    143360,
    153600,
    163840,
    174080,
    184320,
    194560,
    204800,
    215040,
    225280,
    235520,
    245760,
    256000,
    266240,
    276480,
    286720,
    296960
  ],
  "elapsed_s": 128.24341106414795,
  "ev_final": 0.0
}