{
  "env": "HalfCheetah-v4",
  "agent": "BHVF",
  "seed": 0,
  "config": {
    "hidden_dim": 256,
    "lr": 0.0003,
    "gamma": 0.99,
    "lam": 0.95,
    "eps_clip": 0.2,
    "n_epochs": 10,
    "batch_size": 64,
    "n_steps": 2048,
    "ent_coef": 0.0,
    "vf_coef": 0.5,
    "max_grad_norm": 0.5,
    "use_obs_norm": true,
    "use_adv_norm": true,
    "use_lr_anneal": true,
    "total_timesteps": 50000,
    "eval_freq": 20480,
    "n_eval_episodes": 10,
    "eval_mode": "deterministic_mean",
    "scr_ema_alpha": 0.1,
    "clip_c": 2.5,
    "use_dcppo_s": false,
    "dcppo_w_min": 0.1
  },
  "total_steps": 51200,
  "elapsed_s": 23.31431770324707,
  "final_reward": -25.311879638997187,
  "max_reward": -1.0140082820018321,
  "eval_rewards": [
    -1.0140082820018321,
    -29.324326128750176,
    -45.59730450623955
  ],
  "eval_steps": [
    2048,
    22528,
    43008
  ],
  "episode_rewards": [
    -562.4255265827329,
    -505.79172644916264,
    -670.1907641466963,
    -579.3096938549064,
    -596.8313116251389,
    -722.2973393396339,
    -545.7976965217871,
    -731.628820256972,
    -592.6514719827755,
    -573.3488847391706,
    -543.111815629464,
    -528.6273464780575,
    -562.4329990195986,
    -522.379921874341,
    -596.3451711168068,
    -515.8205692535014,
    -567.5159365289779,
    -552.5459388162146,
    -603.0389924602662,
    -501.8537225548918,
    -553.0359801024038,
    -518.4284025030971,
    -410.33154561789087,
    -551.0872197299228,
    -413.8989846980284,
    -542.8796086685235,
    -460.26245229755625,
    -524.9562650046686,
    -471.6467241739558,
    -419.19676876188265,
    -448.91104789993403,
    -438.3609860289845,
    -554.1232034811849,
    -427.5789563634153,
    -490.27645930035766,
    -421.8572144290997,
    -425.7616936217881,
    -440.45253118333994,
    -430.3404636384219,
    -426.5057709816196,
    -474.2244455229777,
    -521.3845446535771,
    -379.2378067087949,
    -406.9528189583889,
    -358.8839039312343,
    -393.38504239955347,
    -335.7007175650014,
    -478.54451156357254,
    -504.7781608510211,
    -481.52048771582844,
    -367.6482869300211
  ],
  "bhvf_diagnostics": [
    {
      "step": 2048,
      "scr": 1.246057255933826,
      "sigma_V": 53.3468017678125,
      "sigma_G": 15.415599832998048,
      "sigma_e": 2.4417613039479984,
      "alpha_star": 0.5,
      "c_mc": 0.5,
      "ev_now": -0.00026120416065089636,
      "clip_ratio": 0.998046875
    },
    {
      "step": 22528,
      "scr": 1.2249195773296104,
      "sigma_V": 10.916131983266602,
      "sigma_G": 9.754907618032227,
      "sigma_e": 8.716080721617747,
      "alpha_star": 0.6046473309281795,
      "c_mc": 0.6046473309281795,
      "ev_now": 0.18618075598057504,
      "clip_ratio": 0.11328125
    },
    {
      "step": 43008,
      "scr": 0.9268153952958669,
      "sigma_V": 11.135641108022462,
      "sigma_G": 14.002379427419434,
      "sigma_e": 10.671515567646999,
      "alpha_star": 0.46985989976580805,
      "c_mc": 0.46985989976580805,
      "ev_now": 0.032328533400618364,
      "clip_ratio": 0.04443359375
    }
  ]
}