{
  "eval_rewards": [
    5.961297589234392,
    203.13819329481018,
    237.24302149103514,
    218.01480958618973,
    373.93481291996017,
    256.4623224370518,
    329.1729427668342,
    363.83574940541064,
    346.0820836165632,
    366.31918574024803,
    599.0540079044588,
    566.9261475863171,
    2696.1933553686285,
    252.15467747689996,
    1435.0204675746804,
    1230.8273483319172,
    2343.334195458655,
    2832.559020481008,
    3030.697586074852,
    2798.859708201265,
    1844.082765053942,
    1573.004703446828,
    2180.0758711570334,
    1600.652759600971,
    2517.563633472239,
    2900.0360930778443,
    2766.7560822717737,
    2692.0766023470924,
    3030.202595583945,
    3050.691573837452,
    2903.3260588290022,
    2617.424114028089,
    2774.6173133515254,
    2001.4003638556574,
    2297.914600470885,
    3016.4089149265924,
    2946.5165398251615,
    2999.389144614978,
    3032.507321021985,
    3026.2413462396034,
    3072.626498916237,
    1661.9389504659898,
    2944.3556368244435,
    3051.542152217417,
    2038.096585283784,
    1660.3847229105127,
    3115.8115148834013,
    2640.2741204040763,
    3098.1972303566786,
    2867.98681698068,
    3055.761941742513,
    3036.262231164726,
    3065.7105428452182,
    2335.418164853651,
    1439.5474791008064,
    2803.7551734781127,
    1478.1470532367966,
    3126.6862077363257,
    3056.313644113514,
    3192.741364821947,
    3165.810211046915,
    3132.5010924110734,
    3146.3835314150197,
    2840.663770615228,
    3152.3364403851715,
    3159.718675251331,
    2847.819856835681,
    3151.3903502967464,
    3157.75072840707,
    3188.2750222437353,
    3150.0004968897147,
    2078.7118718766887,
    3129.9996363392306,
    3147.1828777553274,
    3076.195502635474,
    3086.572319578804,
    3176.4633433433714,
    2833.3551650397903,
    3187.528379905106,
    3185.5426725781317,
    3173.217214383599,
    3214.3314338661226,
    3217.6257246617997,
    3197.9118818123525,
    2862.0748091669443,
    3202.545575384061,
    3130.7052960964907,
    3204.7293778641433,
    3162.02690075272,
    3170.2373175909365,
    3149.649944368963,
    2993.468825923251,
    3151.3850660427556,
    2726.302027535742,
    3111.5594001683844,
    3239.67817707158,
    3197.3524084330097
  ],
  "eval_steps": [
    10240,
    20480,
    30720,
    40960,
    51200,
    61440,
    71680,
    81920,
    92160,
    102400,
    112640,
    122880,
    133120,
    143360,
    153600,
    163840,
    174080,
    184320,
    194560,
    204800,
    215040,
    225280,
    235520,
    245760,
    256000,
    266240,
    276480,
    286720,
    296960,
    307200,
    317440,
    327680,
    337920,
    348160,
    358400,
    368640,
    378880,
    389120,
    399360,
    409600,
    419840,
    430080,
    440320,
    450560,
    460800,
    471040,
    481280,
    491520,
    501760,
    512000,
    522240,
    532480,
    542720,
    552960,
    563200,
    573440,
    583680,
    593920,
    604160,
    614400,
    624640,
    634880,
    645120,
    655360,
    665600,
    675840,
    686080,
    696320,
    706560,
    716800,
    727040,
    737280,
    747520,
    757760,
    768000,
    778240,
    788480,
    798720,
    808960,
    819200,
    829440,
    839680,
    849920,
    860160,
    870400,
    880640,
    890880,
    901120,
    911360,
    921600,
    931840,
    942080,
    952320,
    962560,
    972800,
    983040,
    993280
  ],
  "final_reward": 3048.6996487854376,
  "last5_mean": 3085.2554158502944
}