{
  "env": "Ant-v4",
  "agent": "Optimal_PPO",
  "seed": 10,
  "config": {
    "hidden_dim": 256,
    "lr": 0.0003,
    "gamma": 0.99,
    "lam": 0.95,
    "eps_clip": 0.2,
    "n_epochs": 10,
    "batch_size": 64,
    "n_steps": 2048,
    "ent_coef": 0.0,
    "vf_coef": 0.5,
    "max_grad_norm": 0.5,
    "use_obs_norm": true,
    "use_adv_norm": true,
    "use_lr_anneal": true,
    "total_timesteps": 1000000,
    "eval_freq": 20480,
    "n_eval_episodes": 10,
    "eval_mode": "deterministic_mean",
    "scr_ema_alpha": null,
    "clip_c": null,
    "use_dcppo_s": false,
    "dcppo_w_min": 0.1
  },
  "total_steps": 1001472,
  "elapsed_s": 2090.0052700042725,
  "final_reward": 2393.0620343334253,
  "max_reward": 2745.5038724080887,
  "eval_rewards": [
    987.606356931409,
    1088.0418577954792,
    799.6096923986224,
    414.6528838529783,
    393.29713348275203,
    223.71283432451423,
    304.1834517775659,
    250.78636120834045,
    250.69436132594814,
    342.94777429546497,
    412.57667620336423,
    714.7194935546024,
    906.4581113714933,
    1308.3733202923152,
    1015.0303092483091,
    1399.2762430541832,
    1918.277786282908,
    2114.410348219121,
    1519.6824857807676,
    1503.6309465492625,
    1453.3960642774177,
    2027.4637764674183,
    1946.2119642493021,
    1377.0384499252702,
    1809.269262810901,
    2050.2516037101,
    1706.5833181185433,
    1450.2412327583202,
    2281.409030330948,
    2483.0959972470428,
    1927.3781825905523,
    2379.615439979376,
    1990.505020911045,
    1676.9334612342936,
    2146.0730385565407,
    1550.81963119064,
    2432.711736039022,
    2101.621126469173,
    2550.3012914394903,
    1529.7911475900107,
    2472.466616217625,
    2613.807117010113,
    2049.145124168756,
    2565.048725508052,
    2745.5038724080887,
    2707.0006550613616,
    2048.813440471663,
    2563.1157115951937,
    2635.9279333033874
  ],
  "eval_steps": [
    2048,
    22528,
    43008,
    63488,
    83968,
    104448,
    124928,
    145408,
    165888,
    186368,
    206848,
    227328,
    247808,
    268288,
    288768,
    309248,
    329728,
    350208,
    370688,
    391168,
    411648,
    432128,
    452608,
    473088,
    493568,
    514048,
    534528,
    555008,
    575488,
    595968,
    616448,
    636928,
    657408,
    677888,
    698368,
    718848,
    739328,
    759808,
    780288,
    800768,
    821248,
    841728,
    862208,
    882688,
    903168,
    923648,
    944128,
    964608,
    985088
  ],
  "episode_rewards": [
    835.1198272882774,
    2492.00159843009,
    773.5616721438665,
    250.44892540959196,
    712.3264177748865,
    2673.1184191215634,
    983.9444476488487,
    2515.3326131175327,
    2215.2186152377176,
    722.7100392965704,
    2416.3735688038837,
    438.8177688576981,
    945.9410715368856,
    26.05182703870428,
    229.5569691571533,
    2191.8218689829355,
    2249.10920862059,
    2369.076203493552,
    2350.4433413551046,
    1733.9241040502438,
    990.2839817982099,
    1012.8394842766297,
    863.3191925360502,
    2712.2383949594264,
    2528.428572916505,
    1234.0592693896783,
    2426.515967451037,
    1328.6084076397474,
    1512.7767817543065,
    2627.6354124453355,
    833.8055764827219,
    366.53809171680825,
    1681.9436730189154,
    2430.1462361742006,
    2734.5315808395576,
    2629.945147789921,
    2498.689721758668,
    2536.354211240598,
    2309.368770232246,
    1568.3131182900695,
    25.26791415110837,
    2694.184361169411,
    1560.4858997988533,
    2585.492511015962,
    1275.1844770336738,
    2153.9054937047904,
    420.14643300963587,
    297.04226861358023,
    2572.927697153044,
    277.38864003468353,
    1335.2146345287779,
    2772.1433196174303,
    2156.164011879286,
    238.56527063252753,
    2775.776157596628,
    442.50150605281107,
    453.8721374019402,
    917.4866290218154,
    1769.2753864183499,
    1707.0570139006181,
    2660.0469647649925,
    442.9372591555073,
    1195.46991461024,
    2791.709875339727,
    2480.2563939456586,
    2818.0468873586406,
    831.000960844521,
    191.09366234208494,
    2752.9650606073415,
    2566.646008725866,
    519.0912010733724,
    2697.9301417074967,
    680.3824015091598,
    1053.507809304153,
    16.162154754087602,
    39.637470877680045,
    850.1781006155596,
    738.1873834257174,
    1002.4030198224343,
    817.2248634034066,
    542.4436323198552,
    2622.9603381069023,
    1452.0040948933834,
    2764.714126030581,
    2764.8735831405843,
    574.8739480028861,
    2555.8562262936457,
    2522.3511583696736,
    2712.6030650768344,
    2416.0133008252046,
    914.6020860665017,
    896.5770331581928,
    1000.2296862500835,
    2536.1037216181558,
    713.0279201659798,
    2664.155975406669,
    1348.1712761527613,
    1138.0189235080768,
    1354.4428477271788,
    1620.344872226332,
    2198.066782994847,
    1840.9762565251667,
    1434.049755121758,
    2865.1505372572333,
    2743.4496169631943,
    2808.069971429336,
    1268.6308804187584,
    2708.891768456966,
    2186.9304676756265,
    2631.8832190491585,
    2551.1043815062576,
    2785.8662483614607,
    130.25810050987303,
    1924.119362359399,
    2870.629357795836,
    461.7836343753083,
    2916.496521060985,
    1487.4888789078273,
    77.3374306170033,
    2688.5887232685636,
    2943.0514029728593,
    1653.3745805200488,
    2801.2292269164723,
    1632.1875664555798,
    2133.730957016549,
    232.321015954174,
    2618.6106122410465,
    864.9158616530854,
    21.980240638971296,
    2746.023195145511,
    2666.3740751799405,
    2702.160398428311,
    73.07746283739034,
    2771.9464917978494,
    1903.7593234058313,
    179.94632334291313,
    696.9060489543756,
    2182.579754857401,
    1638.4486800966638,
    856.9370129477309,
    959.6939482042084,
    543.9344955746398,
    2155.4630544352867,
    2530.744149542686,
    1259.0375042304247,
    1246.1199361923618,
    2171.4376473859916,
    2693.3104511113684,
    2840.641217920707,
    2593.599663739763,
    775.7071490873154,
    2602.890234514353,
    1837.0471714347586,
    2812.6478103442296,
    2658.874010461658,
    2711.4724020997905,
    2740.0764470152517,
    377.3241624153577,
    1038.1225719235554,
    1948.4122800397408,
    1160.7342291065459,
    2849.4403123932525,
    118.32305817634406,
    1671.1177654375488,
    361.29570998149217,
    213.29447705516475,
    1196.0378333225801,
    1195.7292594356632,
    1813.5512118633435,
    965.9347350168566,
    2849.842503627838,
    1664.8961936173891,
    2870.167354130268,
    505.0987749911845,
    2426.6227045890055,
    2356.0619724272888,
    2120.481831897354,
    1894.2624656647404,
    746.8982378682946,
    1215.9346683774713,
    2717.7698322677224,
    377.4161415304075,
    2477.979168349654,
    2910.0565480713913,
    2719.571862027329,
    1449.2792595864644,
    2103.8533334411,
    2797.8390535241397,
    2738.0963491794287,
    2689.7252347251415,
    748.9045012254799,
    2804.182343467146,
    160.2040968579219,
    2837.829924755952,
    1594.5716556446578,
    2005.7890722126162,
    521.4422582022381,
    299.5736076197438,
    976.4954303917168,
    2496.673706754956
  ],
  "bhvf_diagnostics": []
}