{
  "env": "Ant-v4",
  "agent": "Optimal_PPO",
  "seed": 0,
  "config": {
    "hidden_dim": 256,
    "lr": 0.0003,
    "gamma": 0.99,
    "lam": 0.95,
    "eps_clip": 0.2,
    "n_epochs": 10,
    "batch_size": 64,
    "n_steps": 2048,
    "ent_coef": 0.0,
    "vf_coef": 0.5,
    "max_grad_norm": 0.5,
    "use_obs_norm": true,
    "use_adv_norm": true,
    "use_lr_anneal": true,
    "total_timesteps": 1000000,
    "eval_freq": 20480,
    "n_eval_episodes": 10,
    "eval_mode": "deterministic_mean",
    "scr_ema_alpha": null,
    "scr_relax": null,
    "clip_c": null,
    "use_dcppo_s": false,
    "dcppo_w_min": 0.1
  },
  "total_steps": 1001472,
  "elapsed_s": 1035.3333101272583,
  "final_reward": 3738.562461143306,
  "max_reward": 4065.118786035374,
  "eval_rewards": [
    987.8032408612559,
    846.3574856456102,
    842.7732481923058,
    683.1030372008003,
    353.35662889421553,
    71.30154624440976,
    155.20254329245705,
    18.00904332382921,
    61.920106738994875,
    67.81389553075705,
    258.1619889180621,
    689.8884104650624,
    505.82635145130627,
    894.5277322737293,
    731.4594237450888,
    1013.6492202743697,
    1170.2707796556367,
    1413.2979240172958,
    1698.4074595083118,
    1657.4560849436748,
    998.6592272107018,
    1470.2385368329863,
    1899.3757139191016,
    2084.296852901209,
    1565.0964189873823,
    1953.0380014784892,
    2644.5369145367695,
    1642.271286039607,
    2554.0345018006196,
    2653.9505178189197,
    2875.5781434892024,
    2790.0591243950676,
    3133.788659412042,
    3323.2817228920185,
    3256.1955367876812,
    3496.188188029692,
    3545.5652384617288,
    3350.3534253301514,
    3142.959340048089,
    3779.5784791527158,
    3612.064766754012,
    3765.099121117524,
    4016.723990203279,
    3834.0309153289804,
    3667.324844205125,
    3928.5633100418854,
    3363.4206241966954,
    3353.699774397463,
    4065.118786035374
  ],
  "eval_steps": [
    2048,
    22528,
    43008,
    63488,
    83968,
    104448,
    124928,
    145408,
    165888,
    186368,
    206848,
    227328,
    247808,
    268288,
    288768,
    309248,
    329728,
    350208,
    370688,
    391168,
    411648,
    432128,
    452608,
    473088,
    493568,
    514048,
    534528,
    555008,
    575488,
    595968,
    616448,
    636928,
    657408,
    677888,
    698368,
    718848,
    739328,
    759808,
    780288,
    800768,
    821248,
    841728,
    862208,
    882688,
    903168,
    923648,
    944128,
    964608,
    985088
  ],
  "episode_rewards": [
    1782.3290069279956,
    3282.305718977003,
    409.2722801608282,
    989.7812914138891,
    3259.4217206843723,
    715.0252944424782,
    975.3147163492367,
    2041.5652140037703,
    3180.8627260300846,
    3098.177901579362,
    3074.633635509164,
    3343.508610653288,
    1704.2936955635962,
    2157.9383768357616,
    263.79171783835807,
    2808.7099867953966,
    3221.6764872506415,
    3388.613835620152,
    3329.044262705279,
    3399.0603727264997,
    3383.5202697969344,
    3250.3769110196586,
    3341.112915160603,
    3348.30597822444,
    1713.7453977558641,
    1078.1480268436853,
    92.89177661292416,
    2185.044991054332,
    561.2979255496106,
    109.5419275284222,
    3293.7108226534006,
    3116.229063570212,
    935.5596930689907,
    12.321971038558054,
    3066.4990364485525,
    648.5155603623222,
    891.0809363343731,
    3226.071303932141,
    3412.545998776163,
    3324.5218659734282,
    1332.9721200586396,
    3001.6149346633915,
    1256.1336475146543,
    2143.000909723583,
    4.127642992405745,
    3122.9511548117584,
    2271.977376586438,
    3335.7592364356615,
    3256.64970173266,
    3098.3530691015194,
    2071.747109446107,
    1121.6280321073102,
    3333.672986760742,
    3309.7606610895155,
    3050.602669001194,
    612.6423463402967,
    2921.5315479006067,
    3366.6624758647995,
    948.2036629700983,
    1434.3736665578174,
    3442.5957532200114,
    856.8526044431762,
    3161.924416729323,
    3239.4603134585295,
    1433.1963300466564,
    3117.055404474731,
    2832.827097328862,
    2576.7350193224374,
    3470.7211179586225,
    3132.3528214041253,
    3212.2478101732504,
    3399.8925956086086,
    3233.538078197567,
    1571.186116073878,
    852.853174523206,
    129.88536730414677,
    3353.7415912614597,
    1381.0522226655123,
    1944.671082800472,
    1734.8517011156455,
    3402.270629147427,
    316.25779636810944,
    2996.1126708488255,
    540.2697644836855,
    856.8269420675404,
    2587.47990406226,
    2543.582376349207,
    2018.6947153376314,
    3164.1764627099014,
    359.2280272987275,
    1967.7712800819254,
    617.7749867117276,
    3218.1224040477828,
    3547.195802311595,
    3085.569001261311,
    1876.3380806498471,
    3453.7235614664223,
    1625.6375077168898,
    689.0974968570223,
    1254.0398902179709,
    1607.4745121277895,
    753.7502384720195,
    882.961778709309,
    69.54879564953902,
    356.1513583257455,
    2402.854182285365,
    149.36320798362894,
    3677.3803034393486,
    3459.796397244503,
    1519.6935503365216,
    563.1000709374791,
    763.9000896489617,
    164.98755691154037,
    3644.3383775347597,
    3337.559295762717,
    598.9107972963241,
    257.3714929723237,
    2572.535122260438,
    1251.9111631704604,
    3261.9200673227388,
    427.38922046013124,
    1192.4789403043958,
    229.89382159291912,
    33.08645441574001,
    3362.6452507979684,
    2860.362863099577,
    3306.4580130951686,
    240.79126515816466,
    2978.986305757887,
    848.9625455628285,
    2917.10276506371,
    3254.333837623417,
    801.4185422064191,
    1857.204677035989,
    1664.8715196303092,
    363.8626283754439,
    3320.11060820231,
    1297.8913250254557,
    3544.8454713629126,
    2045.4420351261274,
    2981.4090509951398,
    3155.5060760646393,
    3512.0290553001046,
    3171.4365223246323,
    3587.7436126137263,
    3515.0000439407836,
    1102.1592724562493,
    3379.7333288022965,
    3366.30943001688,
    1448.7464868891675,
    3519.5306705751727,
    3278.2841059980783,
    1796.5536497445025,
    1256.0517690469799,
    1535.83165448933,
    3337.818537893793,
    1219.646965235276,
    974.7199144523063,
    638.4037806471899,
    2301.1960700456834,
    1582.5533678800866,
    3346.293676510526,
    2.308690066328106,
    189.25588569745483,
    12.746188454280693,
    1965.8771163036904,
    3223.4186251269416,
    988.5523928643817,
    3351.7759916789764,
    679.5446130736898,
    3434.448163925305,
    70.68419331338141,
    3447.771934053705,
    1099.7806072429337,
    3133.2324550904277,
    3168.0535352492757,
    3515.8050707214024,
    3134.2312851016695,
    3408.6032559178034,
    193.8529730583248,
    1000.7916697216301,
    1322.1799067437337,
    95.93196560846637,
    3464.1497985098604,
    3595.886065518005,
    3430.9745030715,
    3451.825272076019,
    3034.082962419806,
    3471.2107041674785,
    3544.9482847755867,
    87.90171793504588,
    3548.236692512225,
    3388.5092463787573,
    3658.8737147075426,
    2451.7471685991063,
    1252.1866684656577,
    1717.1582037328856,
    3553.2937354296114,
    3132.7728648058364,
    1155.0069220161208
  ],
  "bhvf_diagnostics": []
}