{
  "env": "Ant-v4",
  "agent": "Optimal_PPO",
  "seed": 7,
  "config": {
    "hidden_dim": 256,
    "lr": 0.0003,
    "gamma": 0.99,
    "lam": 0.95,
    "eps_clip": 0.2,
    "n_epochs": 10,
    "batch_size": 64,
    "n_steps": 2048,
    "ent_coef": 0.0,
    "vf_coef": 0.5,
    "max_grad_norm": 0.5,
    "use_obs_norm": true,
    "use_adv_norm": true,
    "use_lr_anneal": true,
    "total_timesteps": 1000000,
    "eval_freq": 20480,
    "n_eval_episodes": 10,
    "eval_mode": "deterministic_mean",
    "scr_ema_alpha": null,
    "clip_c": null,
    "use_dcppo_s": false,
    "dcppo_w_min": 0.1
  },
  "total_steps": 1001472,
  "elapsed_s": 4161.12450504303,
  "final_reward": 2617.3836277103537,
  "max_reward": 2984.1316430186635,
  "eval_rewards": [
    1066.4367304139878,
    526.2618978994734,
    671.8056305535234,
    54.66142719893401,
    94.92268699822723,
    106.27766175852162,
    138.81658478247326,
    566.4523165198704,
    223.15288509950437,
    283.6912447548867,
    607.8503907793964,
    923.4116300714289,
    974.4686872204402,
    964.9741594894215,
    934.2626771407646,
    1208.616724187044,
    1605.0449698181365,
    1460.4002967432768,
    1482.2294662137012,
    1610.6161445430112,
    879.330834685076,
    1562.8485392390137,
    2002.4685014970648,
    2090.708570803783,
    2259.2143792106854,
    2146.738127930293,
    2303.9006436273125,
    2122.5365878648054,
    2345.932091325813,
    1987.2139200060046,
    1704.550086818877,
    1683.2587626298641,
    1359.9369054638526,
    1328.9092384077367,
    1258.441728816043,
    1938.9279642773708,
    2167.81686214399,
    1587.2081713985315,
    1661.9255166238277,
    2197.296570171001,
    2320.751684639829,
    2340.7067366339243,
    2077.7872499538353,
    2824.94003448184,
    2965.116725824547,
    2943.240901059832,
    2984.1316430186635,
    2662.387512489925,
    2857.477218830142
  ],
  "eval_steps": [
    2048,
    22528,
    43008,
    63488,
    83968,
    104448,
    124928,
    145408,
    165888,
    186368,
    206848,
    227328,
    247808,
    268288,
    288768,
    309248,
    329728,
    350208,
    370688,
    391168,
    411648,
    432128,
    452608,
    473088,
    493568,
    514048,
    534528,
    555008,
    575488,
    595968,
    616448,
    636928,
    657408,
    677888,
    698368,
    718848,
    739328,
    759808,
    780288,
    800768,
    821248,
    841728,
    862208,
    882688,
    903168,
    923648,
    944128,
    964608,
    985088
  ],
  "episode_rewards": [
    2356.2140361615006,
    783.7546193656631,
    2431.349708423858,
    282.99703510244007,
    383.04534927053976,
    699.5654900371354,
    1223.9443806054849,
    118.37701152880334,
    2180.3199905230786,
    2297.466004021829,
    849.1453455213335,
    2302.128482540779,
    2364.1837237244918,
    836.2654905145185,
    2249.1472965277003,
    1324.8015169002363,
    744.4605772057439,
    2403.528690335505,
    2032.380604393111,
    2072.233079860639,
    253.0080946455291,
    860.0379258774249,
    2491.8757953634795,
    859.9629474072864,
    858.7009395933721,
    1156.71090450781,
    625.5599151775356,
    2541.3669292134027,
    2058.3608772513085,
    652.0082676166026,
    934.3172016219377,
    974.4316899998679,
    296.6694085232123,
    2410.9076995214104,
    2502.819052146185,
    2535.240487599272,
    1762.6283515259465,
    2315.979925282093,
    1076.4730306743395,
    1365.3253450788459,
    438.31403514036845,
    2363.635543783113,
    774.4838584377022,
    979.4050670268571,
    1939.3860310547793,
    1460.695321765684,
    1275.970868426768,
    2420.9034463165326,
    2630.153221430283,
    939.344964531968,
    2039.4363367174105,
    2135.097847201609,
    1198.4756790202334,
    2532.447796431049,
    608.583867151392,
    2311.953351688767,
    2585.2942871101436,
    2086.482001649353,
    2404.8280447069073,
    1893.844466276054,
    2499.6166658517714,
    2645.41727025421,
    2570.762833508994,
    657.4012637344838,
    2652.65320239458,
    1715.1756344173145,
    783.4065881120406,
    235.74867145219622,
    865.451736544528,
    1657.8005574012027,
    2568.7020364419864,
    2607.7010933650085,
    2348.5658970167765,
    2033.87506326014,
    2565.5352122638783,
    994.6349831333422,
    1642.6132136725823,
    1723.2261149280075,
    343.7245323146599,
    2135.9376133397363,
    782.3701739077051,
    2467.2575259596542,
    945.3382595396411,
    801.7993211627002,
    2585.8737769762033,
    2506.7386414160014,
    2066.138802551346,
    957.9238533671097,
    2517.180917559385,
    1056.342296828078,
    935.9124404887907,
    953.7641136098798,
    2582.2448256526854,
    856.0664700509087,
    973.4367629985782,
    533.5931807762531,
    791.1293856577824,
    1730.3051285231886,
    1316.4765861873257,
    1844.2241890501546,
    2541.9161330148986,
    1546.7545558728816,
    2581.657955043195,
    2277.9926960981,
    794.5602666988818,
    891.0436704204864,
    1453.1835736004116,
    2627.515679200957,
    1440.1154801851294,
    1839.5802962403443,
    1517.7036316102165,
    1801.9933937884402,
    960.5198921732482,
    2605.4709605940693,
    1030.9773286592526,
    1147.4537945867996,
    918.7637386668398,
    866.7446265698278,
    2518.991846123792,
    2456.5242197682965,
    2558.481347462527,
    1496.2972466025049,
    695.4361387652352,
    424.4231222469646,
    1520.1380060421302,
    706.2085827194877,
    2542.2364753139736,
    2586.0436452867016,
    1440.1875396510973,
    1303.495183776411,
    257.4793804829264,
    2710.4821295562415,
    2567.6787606718126,
    2632.7210514984617,
    2535.2494954338367,
    996.6288038990631,
    998.9694526502711,
    2544.935830962201,
    2468.755895637986,
    2397.2113740107393,
    2554.444060868995,
    2584.1328460126883,
    933.632040114789,
    993.7944621171862,
    755.7293380687508,
    1240.2244305322718,
    2529.465796584466,
    2749.2399091402967,
    2443.0179982999416,
    2003.348843336947,
    1508.048181611088,
    68.25652380176535,
    2129.881820426397,
    2695.6625238500346,
    1024.9284345517276,
    2441.3470246078805,
    2458.3658387366577,
    2623.2354179718545,
    2825.6520061189062,
    1358.981239009555,
    2599.1469341691063,
    90.024430994722,
    729.3098366240386,
    1139.195657426359,
    2189.6333434994335,
    1728.229484286305,
    1167.1954567902428,
    2538.4307930181844,
    801.1797334136284,
    2594.522493484522,
    935.3804379344352,
    778.5788098550269,
    1726.2204460947635,
    2279.973118445867,
    2612.95278640275,
    2462.1502561960797,
    2087.636512833491,
    2589.2755785657087,
    2532.9233426083038,
    2577.264323839998,
    773.7049282323208,
    2620.5113275771264,
    2392.3862534878826,
    2687.038541455972,
    2878.617065440682,
    2631.4423971710853,
    340.24291941015224,
    1407.2524091559244,
    2611.920143362388,
    2689.814266459905,
    2542.3821177787936,
    2309.6890620863214,
    1782.3118866488107,
    2534.8235213712223,
    2247.82041887561,
    2314.4548673853196,
    1086.6467151981421,
    1916.1282899755956,
    2395.4651797666706,
    706.1114372285127
  ],
  "bhvf_diagnostics": []
}