{
  "env": "Ant-v4",
  "agent": "Optimal_PPO",
  "seed": 5,
  "config": {
    "hidden_dim": 256,
    "lr": 0.0003,
    "gamma": 0.99,
    "lam": 0.95,
    "eps_clip": 0.2,
    "n_epochs": 10,
    "batch_size": 64,
    "n_steps": 2048,
    "ent_coef": 0.0,
    "vf_coef": 0.5,
    "max_grad_norm": 0.5,
    "use_obs_norm": true,
    "use_adv_norm": true,
    "use_lr_anneal": true,
    "total_timesteps": 1000000,
    "eval_freq": 20480,
    "n_eval_episodes": 10,
    "eval_mode": "deterministic_mean",
    "scr_ema_alpha": null,
    "clip_c": null,
    "use_dcppo_s": false,
    "dcppo_w_min": 0.1
  },
  "total_steps": 1001472,
  "elapsed_s": 3970.9512000083923,
  "final_reward": 1886.0196326495286,
  "max_reward": 2424.396043380802,
  "eval_rewards": [
    996.6721514224282,
    585.5212621198124,
    249.9771447014719,
    27.091394092851154,
    29.760469404143254,
    165.4326981369898,
    145.01577286381442,
    26.22268695111656,
    220.65067518113392,
    76.58311737516021,
    243.59907284863374,
    377.9878723626201,
    442.1584885250994,
    671.2474646504495,
    696.0780287211762,
    639.3295516255178,
    617.1547947546508,
    700.3228801855129,
    991.8316112493643,
    863.1260228934804,
    929.1655277071459,
    897.1880099227252,
    1482.5191333394673,
    1135.8884511320066,
    879.885935774562,
    1026.7831721320586,
    1183.6093852039999,
    1662.8432300370655,
    850.7967795398238,
    1607.343456227693,
    1578.8672683157613,
    1938.8413711631642,
    2043.5200919348586,
    2270.7794785864057,
    2244.2022965475708,
    2424.396043380802,
    2343.0251069469728,
    1732.0707429418167,
    2127.4606161475667,
    2160.728782594779,
    2226.8843702259564,
    1994.1424039398203,
    2101.6563047035534,
    2024.4768801189093,
    1732.0227798535955,
    1517.4266539534674,
    1944.6378989705859,
    1332.8958576946877,
    1825.3243944399323
  ],
  "eval_steps": [
    2048,
    22528,
    43008,
    63488,
    83968,
    104448,
    124928,
    145408,
    165888,
    186368,
    206848,
    227328,
    247808,
    268288,
    288768,
    309248,
    329728,
    350208,
    370688,
    391168,
    411648,
    432128,
    452608,
    473088,
    493568,
    514048,
    534528,
    555008,
    575488,
    595968,
    616448,
    636928,
    657408,
    677888,
    698368,
    718848,
    739328,
    759808,
    780288,
    800768,
    821248,
    841728,
    862208,
    882688,
    903168,
    923648,
    944128,
    964608,
    985088
  ],
  "episode_rewards": [
    824.709643509231,
    2552.577389710681,
    2180.186268876269,
    2241.426822224911,
    2353.3072388867627,
    1896.2221361967072,
    2289.0256156326136,
    1049.1685630704078,
    2107.2094320613746,
    1941.084419665556,
    1789.003469843013,
    85.88995241114509,
    2372.413541803301,
    589.5499785124778,
    1367.3219410192198,
    66.26105818596093,
    1804.685353263294,
    2399.6499711507668,
    643.447937605284,
    156.89512997081573,
    401.7752267603421,
    322.0835841703837,
    2416.612149184882,
    1775.0418591964406,
    934.7796788838091,
    2196.586586873563,
    2335.146979272667,
    634.8660708689949,
    1954.2130091355893,
    1751.3662185517567,
    2338.964369438169,
    1336.3479958196792,
    376.92124232790246,
    328.2848052467191,
    2040.6058659363307,
    904.422494410654,
    1846.1175605029016,
    2384.962896309295,
    2543.789865820556,
    2248.959251436979,
    2419.980641313954,
    501.74545618097386,
    880.3175107689644,
    599.6356010787954,
    2165.463778183924,
    989.7362369322602,
    670.0647859308051,
    2188.564503836217,
    2191.712724988956,
    1238.0510128368207,
    508.2926314860831,
    2290.9251954487804,
    1153.5765415653188,
    1513.6842525969296,
    958.3824600452168,
    281.6218179538782,
    1630.389487339072,
    1154.815275850553,
    2440.81838611227,
    438.7018827951441,
    1772.5297118897615,
    2085.2755955966145,
    1541.454720176644,
    653.3257633705763,
    2391.7571377600507,
    671.6327851106968,
    2625.7950779513408,
    1176.6883295854143,
    670.6879504331782,
    2513.0388257871714,
    1090.0067541442108,
    2359.8784232303783,
    2515.693895125561,
    2358.0181976331505,
    1542.6614524502447,
    463.9424610027229,
    636.1804137272217,
    176.31837021359047,
    1135.9467323488416,
    2312.3540661846055,
    617.2506638930897,
    2468.0893888419655,
    169.0609155193651,
    2276.5248011697695,
    2543.8770921705764,
    1484.8672649920247,
    2240.35885190123,
    2470.2483095698994,
    2464.2342262529783,
    386.4157696040569,
    994.9915474779547,
    889.5416636055955,
    1772.3548837760009,
    69.42542808027089,
    1031.4365075282778,
    428.34919537751784,
    522.7282492065572,
    1342.0496537016518,
    2071.944613824765,
    680.9834658766805,
    954.1006945769452,
    1005.2535792077299,
    579.6565830677858,
    780.7614729112754,
    2399.0722621373916,
    2499.495399759681,
    2282.15343820688,
    1875.9456289398731,
    1408.2366381556194,
    1995.2696762568844,
    2545.5497321606967,
    1037.546483123719,
    1833.443016652966,
    1188.2750582503115,
    1464.6086858771057,
    2301.8153113806893,
    2406.7560905330715,
    1416.376815268106,
    265.82211610320934,
    1322.1069974715697,
    760.1829337869026,
    2342.0079376715453,
    749.5424820675725,
    637.3014220089374,
    625.2299077033981,
    1396.395826281942,
    84.06113445128146,
    186.07298984254754,
    117.3869264178031,
    2360.021444529742,
    2349.420937219017,
    761.9880977723788,
    2302.9670707465034,
    2402.712070379101,
    1237.1359076479698,
    1091.456486335112,
    1647.5599074128104,
    245.4189822470289,
    489.78852803212135,
    2418.3835980247636,
    1942.892250883864,
    163.56802548382618,
    234.78721216152985,
    2312.400059005611,
    939.9133735379799,
    2435.1087768627585,
    1063.3500489545552,
    1303.7117550001344,
    379.4110524217784,
    1018.516974848827,
    186.73720224485925,
    2299.4457205820013,
    653.0827228397911,
    1706.9373750904374,
    788.3022530511553,
    236.87003499936347,
    2411.893588666873,
    1326.8496514381968,
    1048.9076363864829,
    75.33010616835035,
    2102.785259012526,
    2452.5404288129025,
    2425.7609712932754,
    2440.7791611154366,
    254.44358625662045,
    634.4512851772539,
    241.1226489034731,
    318.16081910901005,
    933.6380552426893,
    2167.9848163847455,
    2532.7614601104424,
    746.6294875974413,
    1301.8989369207911,
    2431.6627619129495,
    381.9913363468145,
    1780.5305414653078,
    2247.1112942826417,
    1196.4013968398265,
    2428.018012299859,
    2104.503549666143,
    283.38455627104923,
    1202.586477902414,
    2432.0295709056436,
    2368.1274202763357,
    1267.910126687484,
    2248.94478660896,
    2408.438673543489,
    828.0216485553531,
    1856.513352594976,
    1374.4165409325487,
    2503.8642310176842,
    1359.8530799985483,
    252.40554030207267,
    80.14069381540037,
    1701.8051361921518,
    336.43132761065067,
    2306.790629008076,
    1981.954446794652,
    1885.5245292351058,
    2314.5475720958534
  ],
  "bhvf_diagnostics": []
}