{
  "env": "Ant-v4",
  "agent": "Optimal_PPO",
  "seed": 11,
  "config": {
    "hidden_dim": 256,
    "lr": 0.0003,
    "gamma": 0.99,
    "lam": 0.95,
    "eps_clip": 0.2,
    "n_epochs": 10,
    "batch_size": 64,
    "n_steps": 2048,
    "ent_coef": 0.0,
    "vf_coef": 0.5,
    "max_grad_norm": 0.5,
    "use_obs_norm": true,
    "use_adv_norm": true,
    "use_lr_anneal": true,
    "total_timesteps": 1000000,
    "eval_freq": 20480,
    "n_eval_episodes": 10,
    "eval_mode": "deterministic_mean",
    "scr_ema_alpha": null,
    "clip_c": null,
    "use_dcppo_s": false,
    "dcppo_w_min": 0.1
  },
  "total_steps": 1001472,
  "elapsed_s": 1646.068443775177,
  "final_reward": 3985.993207001622,
  "max_reward": 4234.18735102845,
  "eval_rewards": [
    1001.2005466304776,
    521.8266707613581,
    807.1797045466143,
    229.83050643648738,
    101.3672107935203,
    191.51964703320522,
    203.12114482880446,
    262.11999149568254,
    496.90213855974025,
    651.259046671478,
    524.7451199589287,
    977.9023973255407,
    785.7749440557297,
    805.3655736298456,
    677.9154837644895,
    706.2320740211169,
    1197.1290519402442,
    1173.3657579700966,
    1847.7093795732726,
    1640.788484745072,
    2413.5318951012123,
    2132.065991964034,
    2298.128255166158,
    2353.9033618002286,
    2755.6837786868286,
    2037.4006435755898,
    2705.4795420531927,
    3273.3535838838807,
    2637.371054246575,
    3135.453274329755,
    2608.6979167384898,
    3241.5911158943754,
    3051.2235092357646,
    3353.6358673094014,
    3321.9937481675843,
    2913.4422622786233,
    3701.692696849809,
    3127.8728140009584,
    3648.835198177214,
    3808.7367452527556,
    4061.8675435219475,
    4097.603052831812,
    3984.6232034189693,
    3790.7153989598746,
    4234.18735102845,
    3761.9753699777684,
    4219.585977204528,
    3886.6203226011553,
    4014.0171052189603
  ],
  "eval_steps": [
    2048,
    22528,
    43008,
    63488,
    83968,
    104448,
    124928,
    145408,
    165888,
    186368,
    206848,
    227328,
    247808,
    268288,
    288768,
    309248,
    329728,
    350208,
    370688,
    391168,
    411648,
    432128,
    452608,
    473088,
    493568,
    514048,
    534528,
    555008,
    575488,
    595968,
    616448,
    636928,
    657408,
    677888,
    698368,
    718848,
    739328,
    759808,
    780288,
    800768,
    821248,
    841728,
    862208,
    882688,
    903168,
    923648,
    944128,
    964608,
    985088
  ],
  "episode_rewards": [
    594.3370412256198,
    766.5792730556844,
    2582.4091133949137,
    3613.549548756648,
    2750.3976759010898,
    898.4262701408991,
    1733.4352874709416,
    1243.165885714127,
    3330.854771402734,
    719.882873548789,
    961.6163698814069,
    2532.6301896401087,
    3241.9231990752787,
    774.8924965032703,
    3447.9686222958403,
    907.5242885300557,
    867.1255635938638,
    109.84766295286227,
    501.1244691359151,
    3149.1375256769443,
    1696.1489417600471,
    599.4446529591166,
    2694.983883088654,
    3351.226913459478,
    3540.85154644347,
    444.43153608196246,
    3383.8902898386796,
    2020.3141313081512,
    1359.7230082081826,
    2818.9460258462377,
    3068.598873812218,
    1718.9064185270795,
    1061.9059352869463,
    1289.825805747611,
    3380.760329658104,
    3428.1602366191514,
    1127.3390866870348,
    3556.89223406195,
    3385.575843125386,
    1015.548025125374,
    1805.4474287405765,
    3578.405161405801,
    523.2519450188876,
    513.8810437265911,
    3344.08591661737,
    3410.8529908418254,
    963.5712294949537,
    3432.0617568147527,
    3349.9207933815687,
    1956.519708119808,
    1966.838585288354,
    1748.9983352384334,
    353.65891003323395,
    3372.0939288164177,
    3362.5186959034945,
    924.4331241012735,
    3668.5359452942002,
    3525.725969197507,
    3272.8036704203005,
    135.32118593807965,
    3150.0810646548134,
    3486.7509140317566,
    245.61551176921427,
    105.78048925586262,
    199.86003461588217,
    305.6485669889972,
    1569.5907716463864,
    1168.2362065268208,
    2026.4316097240376,
    2770.316006313128,
    3643.244054213191,
    3349.050480792175,
    1259.2631545109368,
    1013.8057395457427,
    2685.394814870207,
    3619.117665737347,
    989.7278959711027,
    2684.5689587370944,
    866.4121490028635,
    261.5712270128065,
    783.8445965180234,
    1978.9293972140883,
    1226.348082926936,
    797.3666811607663,
    3395.6258329484713,
    3467.8838459214176,
    3439.8038499457607,
    511.38607436193627,
    3120.070906766874,
    394.21515101194404,
    243.7695336746556,
    3426.416530513316,
    3714.410573850786,
    1579.909527177329,
    3406.182949958338,
    3630.669548200856,
    3249.488465220322,
    3130.268621051575,
    3455.975679072212,
    3557.876801326343,
    2580.5183592291173,
    1843.473186769523,
    3592.2050707713793,
    1940.987522511481,
    867.1942722635171,
    2496.26828197769,
    574.471486826026,
    1052.4797878199247,
    3435.1831653897343,
    3280.497398127516,
    3414.9758850016456,
    3564.270049875269,
    3505.0142196275974,
    790.1727709459412,
    1666.942675958705,
    599.9325132581056,
    3701.607351496096,
    3627.0553909757405,
    3421.6247216059955,
    775.7944380067797,
    3597.12602514669,
    1600.550364132628,
    3597.075111100809,
    1147.7966587614353,
    3540.6021986737464,
    2769.09023447222,
    2607.147310377498,
    2593.9369990773657,
    3411.3164960743447,
    802.8919672419569,
    1532.62239413246,
    3406.9553257929592,
    3634.694284382441,
    1936.3572379432785,
    3660.7520971830572,
    684.0965231867691,
    545.2097723643185,
    3537.698524345738,
    3560.542226031805,
    3488.6480492451456,
    64.54507509475225,
    814.211734357071,
    622.6239962153124,
    1329.3229145242651,
    2105.6864627996665,
    3446.3621679400903,
    688.8455878996376,
    277.2544426476366,
    769.0812057460835,
    1551.381009420612,
    368.7611044739059,
    3476.371522188097,
    967.0995228365532,
    663.0110462472879,
    1741.9677645149932,
    3660.702484518352,
    3540.3448045890864,
    3437.6790451562683,
    3427.1103318637633,
    3002.5612469824428,
    3644.622756973363,
    3426.2731382005613,
    3460.4493926328964,
    935.4970283943298,
    811.8145563749435,
    3220.800306893523,
    3660.1140989430774,
    2295.953799319531,
    768.015980641545,
    1772.564615724168,
    2911.674770037269,
    3533.7082509115744,
    2222.8166275254066,
    1297.4621377101012,
    926.7216409937602,
    3414.3417131041615,
    133.67273924137825,
    1761.7253388110917,
    3713.307120948188,
    63.21949451950422,
    3793.42210734496,
    670.2441908898937,
    1677.2841841458524,
    397.2928578449356,
    3748.344878842937,
    3782.3757582423364,
    650.1088823182632,
    3452.4820724930346,
    3303.698149458142,
    3609.4811180287247,
    3519.24063482967,
    3438.3210860716686,
    3687.4024531217165,
    3697.2777742357603,
    2791.6608158710555,
    3691.0174860850557,
    3529.3548850315497,
    3349.944406709066,
    2492.1684205621923,
    74.78914050633261
  ],
  "bhvf_diagnostics": []
}