{
  "env": "Hopper-v4",
  "agent": "Optimal_HCGAE_v2",
  "seed": 21,
  "total_steps": 301056,
  "final_reward": 1023.0943086408803,
  "eval_rewards": [
    109.09253749049796,
    215.69678687753995,
    221.54784987187068,
    260.5617294979389,
    318.7675648813646,
    355.2248392717851,
    461.917080651776,
    511.11209847811244,
    523.4490508473544,
    525.634108388618,
    596.4775498207068,
    579.7881885490613,
    645.5480266600335,
    650.8689615762703,
    683.1452945879729,
    773.4436353465568,
    849.7670244865625,
    906.5364496216113,
    838.8301335530183,
    897.741221279086,
    720.0770762545798,
    1252.6174160866904,
    872.8450111517743,
    954.894848808184,
    868.6599085984135,
    1058.2481124069095,
    1009.1274521771709,
    1069.3678643014114,
    1110.068205720496
  ],
  "eval_steps": [
    10240,
    20480,
    30720,
    40960,
    51200,
    61440,
    71680,
    81920,
    92160,
    102400,
    112640,
    122880,
    133120,
    143360,
    153600,
    163840,
    174080,
    184320,
    194560,
    204800,
    215040,
    225280,
    235520,
    245760,
    256000,
    266240,
    276480,
    286720,
    296960
  ],
  "elapsed_s": 124.78001618385315,
  "ev_final": 0.9242343109876403
}