{
  "env": "Hopper-v4",
  "agent": "Optimal_HCGAE_v2",
  "seed": 9,
  "total_steps": 301056,
  "final_reward": 727.683406767421,
  "eval_rewards": [
    113.65123889630806,
    201.81773133347778,
    210.03060951638082,
    302.6128133194478,
    337.6591681509705,
    427.45331250619176,
    509.07490234479974,
    536.9154052810404,
    498.0199250751517,
    548.8551120560842,
    528.1665211117914,
    453.3175612721219,
    564.3892552342775,
    575.0875589829458,
    551.1930667857783,
    575.2450094669805,
    587.0169216600609,
    579.5890598452356,
    596.2471585454805,
    600.3708045045659,
    597.7988663320166,
    584.5932951726885,
    620.241856351798,
    609.3425635954701,
    642.4110952298846,
    686.5712781350177,
    846.0557491004301,
    712.1670934677511,
    751.2118179040217
  ],
  "eval_steps": [
    10240,
    20480,
    30720,
    40960,
    51200,
    61440,
    71680,
    81920,
    92160,
    102400,
    112640,
    122880,
    133120,
    143360,
    153600,
    163840,
    174080,
    184320,
    194560,
    204800,
    215040,
    225280,
    235520,
    245760,
    256000,
    266240,
    276480,
    286720,
    296960
  ],
  "elapsed_s": 142.22094583511353,
  "ev_final": 0.938179638029069
}