{
  "env": "Hopper-v4",
  "agent": "Optimal_HCGAE_v2",
  "seed": 28,
  "total_steps": 301056,
  "final_reward": 1340.6311796066507,
  "eval_rewards": [
    80.81036928605863,
    190.64034248242916,
    210.3123434429091,
    284.0474226282451,
    348.38393031878866,
    342.41268670612806,
    503.0880643778608,
    590.1775126834777,
    659.1781264367194,
    621.8680568449328,
    729.1377685792957,
    731.5128415637511,
    747.4459669795683,
    772.4776230899723,
    852.8366641109609,
    879.2827911144547,
    859.9030524237385,
    983.1858145653866,
    981.500086211085,
    927.5329967598279,
    1137.7412757274237,
    1346.2673166878244,
    1155.0707237270162,
    1111.6079272163888,
    1106.5845515809654,
    1261.6594453902494,
    1245.083482028415,
    1437.5842095540922,
    1652.2442094795308
  ],
  "eval_steps": [
    10240,
    20480,
    30720,
    40960,
    51200,
    61440,
    71680,
    81920,
    92160,
    102400,
    112640,
    122880,
    133120,
    143360,
    153600,
    163840,
    174080,
    184320,
    194560,
    204800,
    215040,
    225280,
    235520,
    245760,
    256000,
    266240,
    276480,
    286720,
    296960
  ],
  "elapsed_s": 134.35602402687073,
  "ev_final": 0.9627097567910687
}