{
  "env": "Hopper-v4",
  "agent": "Optimal_HCGAE_v2",
  "seed": 4,
  "total_steps": 301056,
  "final_reward": 1119.3554336330933,
  "eval_rewards": [
    103.8283282625337,
    214.15411332580052,
    246.45936305828576,
    305.4626767076708,
    300.39057353653044,
    392.93850321459126,
    438.1876906444086,
    498.3157492780838,
    580.8877132451935,
    584.3893499340563,
    601.1016683181176,
    633.535327331525,
    637.391004646614,
    658.9750046759306,
    692.481550655019,
    718.7278784067811,
    742.7998584768628,
    811.250428164768,
    863.7916318954518,
    910.4537212846884,
    1093.2632615407003,
    979.8665868282214,
    1102.2867716387677,
    1035.016839945761,
    1093.9345634234194,
    976.8471360202233,
    1238.5900380114392,
    1121.5605898547706,
    1165.8448408556146
  ],
  "eval_steps": [
    10240,
    20480,
    30720,
    40960,
    51200,
    61440,
    71680,
    81920,
    92160,
    102400,
    112640,
    122880,
    133120,
    143360,
    153600,
    163840,
    174080,
    184320,
    194560,
    204800,
    215040,
    225280,
    235520,
    245760,
    256000,
    266240,
    276480,
    286720,
    296960
  ],
  "elapsed_s": 132.66662192344666,
  "ev_final": 0.8785573485034197
}