{
  "env": "Hopper-v4",
  "agent": "Optimal_HCGAE_v2",
  "seed": 25,
  "total_steps": 301056,
  "final_reward": 887.6763921501248,
  "eval_rewards": [
    93.23661955954745,
    215.68809555777943,
    215.5712666043325,
    231.25308149832958,
    293.67313945185197,
    335.5530056282237,
    366.2974424138107,
    356.4316309699317,
    416.8817891402761,
    492.5954663496676,
    480.8474200249023,
    473.9823414414262,
    527.8348491047559,
    551.0305015453093,
    579.3098991899082,
    639.401237112804,
    611.0838005706231,
    652.5625672944583,
    674.9187273891672,
    667.9418026403683,
    737.7898299217809,
    752.6899134253384,
    769.873051351827,
    782.7112845050453,
    857.0548097133549,
    864.975192144987,
    896.4537582229339,
    916.28652920616,
    903.6116714631878
  ],
  "eval_steps": [
    10240,
    20480,
    30720,
    40960,
    51200,
    61440,
    71680,
    81920,
    92160,
    102400,
    112640,
    122880,
    133120,
    143360,
    153600,
    163840,
    174080,
    184320,
    194560,
    204800,
    215040,
    225280,
    235520,
    245760,
    256000,
    266240,
    276480,
    286720,
    296960
  ],
  "elapsed_s": 130.16231179237366,
  "ev_final": 0.9608938329057113
}