{
  "env": "Hopper-v4",
  "agent": "Optimal_HCGAE_v2",
  "seed": 13,
  "total_steps": 301056,
  "final_reward": 956.7049513644018,
  "eval_rewards": [
    100.20612744139953,
    205.1256123430046,
    227.7481895000057,
    295.9985005523168,
    363.48139126974974,
    396.55314277132555,
    467.8405979156115,
    531.5124778999514,
    639.408384194804,
    633.0271660703611,
    613.6390329344702,
    681.6035411022613,
    708.2953491958909,
    863.0679946211073,
    805.5801948315868,
    887.92240240997,
    807.8064197364145,
    908.9747388455356,
    1017.4283114079626,
    940.0598880064479,
    971.2223986443307,
    863.5673106363013,
    1103.5622182725767,
    991.5260892013372,
    917.3612749325594,
    943.6185694974332,
    920.3242224573851,
    1037.7909360624035,
    964.4297538722278
  ],
  "eval_steps": [
    10240,
    20480,
    30720,
    40960,
    51200,
    61440,
    71680,
    81920,
    92160,
    102400,
    112640,
    122880,
    133120,
    143360,
    153600,
    163840,
    174080,
    184320,
    194560,
    204800,
    215040,
    225280,
    235520,
    245760,
    256000,
    266240,
    276480,
    286720,
    296960
  ],
  "elapsed_s": 126.35702395439148,
  "ev_final": 0.9232197864498353
}