{
  "env": "Hopper-v4",
  "agent": "Optimal_HCGAE_v2",
  "seed": 10,
  "total_steps": 301056,
  "final_reward": 1199.2283141052062,
  "eval_rewards": [
    91.91704975498824,
    173.7741298338155,
    243.63040643238566,
    312.66633883067146,
    313.9472423656394,
    374.5002107701838,
    427.83965009002605,
    509.531482436562,
    609.5905935885665,
    561.1540217264902,
    546.5209311013671,
    495.7903957832067,
    513.5294108618917,
    657.3899752853417,
    643.1629914098946,
    665.3938873057234,
    732.3731107386836,
    791.7577266443161,
    833.226042340385,
    924.9133114001175,
    942.8922631624924,
    983.595646267845,
    1059.7586529441419,
    1235.2517323488062,
    1042.8903280328836,
    1260.5429028039946,
    1292.526833825997,
    1116.767079181459,
    1283.414426681697
  ],
  "eval_steps": [
    10240,
    20480,
    30720,
    40960,
    51200,
    61440,
    71680,
    81920,
    92160,
    102400,
    112640,
    122880,
    133120,
    143360,
    153600,
    163840,
    174080,
    184320,
    194560,
    204800,
    215040,
    225280,
    235520,
    245760,
    256000,
    266240,
    276480,
    286720,
    296960
  ],
  "elapsed_s": 124.67862486839294,
  "ev_final": 0.9529207983821939
}