{
  "env": "Hopper-v4",
  "agent": "Optimal_HCGAE_v2",
  "seed": 5,
  "total_steps": 301056,
  "final_reward": 585.8825143235139,
  "eval_rewards": [
    95.91372759981836,
    211.69832826882794,
    239.31111416854665,
    265.01022494875406,
    318.41112468737185,
    400.439938638863,
    447.0823872104473,
    515.197281625068,
    528.8683477410724,
    542.4219508300687,
    559.2165634230527,
    555.7156790344368,
    567.3841075532707,
    530.1734034488604,
    573.0624162520866,
    577.6875190390656,
    582.0678526793806,
    571.6665704668304,
    563.257897259726,
    575.9256353165367,
    602.5198064181288,
    615.2512478525084,
    608.3602361865131,
    591.5572844153651,
    533.7357921299306,
    592.6357294748611,
    584.0388729791388,
    604.5940249952063,
    614.4081520384327
  ],
  "eval_steps": [
    10240,
    20480,
    30720,
    40960,
    51200,
    61440,
    71680,
    81920,
    92160,
    102400,
    112640,
    122880,
    133120,
    143360,
    153600,
    163840,
    174080,
    184320,
    194560,
    204800,
    215040,
    225280,
    235520,
    245760,
    256000,
    266240,
    276480,
    286720,
    296960
  ],
  "elapsed_s": 128.37501215934753,
  "ev_final": 0.9586041256343829
}