{
  "env": "Hopper-v4",
  "agent": "Optimal_HCGAE_v2",
  "seed": 15,
  "total_steps": 301056,
  "final_reward": 1219.6452049820468,
  "eval_rewards": [
    106.37299520767871,
    212.65163030945814,
    204.56585263400035,
    251.9507865814313,
    317.1878691072219,
    344.86208222895885,
    379.655322508215,
    530.8085916184742,
    458.2777677205183,
    453.1998747262389,
    638.3466322277756,
    559.2366129503949,
    602.3356488778961,
    649.8701967523381,
    630.9519959665352,
    636.7660098962651,
    680.0541022862405,
    725.1911042210138,
    794.7449554480684,
    841.290735754452,
    825.4895380904221,
    891.3750942796681,
    1031.2778771513008,
    999.6197332531137,
    1059.8842000006523,
    1354.3921331287615,
    1226.2247349232512,
    1196.0305721401608,
    1261.6943847174093
  ],
  "eval_steps": [
    10240,
    20480,
    30720,
    40960,
    51200,
    61440,
    71680,
    81920,
    92160,
    102400,
    112640,
    122880,
    133120,
    143360,
    153600,
    163840,
    174080,
    184320,
    194560,
    204800,
    215040,
    225280,
    235520,
    245760,
    256000,
    266240,
    276480,
    286720,
    296960
  ],
  "elapsed_s": 124.49527192115784,
  "ev_final": 0.9375906729906656
}