{
  "env": "HalfCheetah-v4",
  "agent": "Optimal_HCGAE_v4",
  "seed": 1,
  "config": {
    "hidden_dim": 256,
    "use_obs_norm": true,
    "use_adv_norm": true,
    "use_lr_anneal": true,
    "eval_mode": "deterministic_mean"
  },
  "total_steps": 500000,
  "final_reward": 1681.9019648649314,
  "eval_rewards": [
    -3.4658281236642665,
    -4.195041073829918,
    -34.8956027173103,
    -16.07564178287995,
    -14.310327234135196,
    86.49044034026389,
    -198.64023290626466,
    -297.7868078964633,
    -234.44970584294862,
    -263.1625586431186,
    -211.76856944643833,
    -168.73184466678308,
    -0.42646234207621914,
    1103.9730033214505,
    827.4354051485558,
    557.7467831056355,
    530.7715579420318,
    236.2102091815647,
    111.92471616010751,
    835.0826302482265,
    550.2570041768464,
    -93.74312127806834,
    1448.2646536009272,
    1489.8312969650374,
    1472.4585104379373,
    1506.6738099589063,
    1530.9474792572892,
    1370.8337416077939,
    1560.3439850561886,
    1209.7387211765968,
    1555.2782005700014,
    1376.8404318514026,
    1584.545034769836,
    1597.6105090682734,
    1584.3908091365568,
    1602.423099364831,
    1616.1248453807118,
    1622.8122468849226,
    1626.5261483595796,
    1623.528504389947,
    1622.4339941006995,
    1646.4764728925097,
    1650.693890239465,
    1672.7455143755349,
    1659.1201576387277,
    1691.443278873417,
    1686.8849997807015,
    1691.9413800204807,
    1680.12000801133
  ],
  "eval_steps": [
    10240,
    20480,
    30720,
    40960,
    51200,
    61440,
    71680,
    81920,
    92160,
    102400,
    112640,
    122880,
    133120,
    143360,
    153600,
    163840,
    174080,
    184320,
    194560,
    204800,
    215040,
    225280,
    235520,
    245760,
    256000,
    266240,
    276480,
    286720,
    296960,
    307200,
    317440,
    327680,
    337920,
    348160,
    358400,
    368640,
    378880,
    389120,
    399360,
    409600,
    419840,
    430080,
    440320,
    450560,
    460800,
    471040,
    481280,
    491520,
    500000
  ],
  "elapsed_s": 541.2
}