{
  "env": "HalfCheetah-v4",
  "agent": "Optimal_HCGAE_v4",
  "seed": 2,
  "config": {
    "hidden_dim": 256,
    "use_obs_norm": true,
    "use_adv_norm": true,
    "use_lr_anneal": true,
    "eval_mode": "deterministic_mean"
  },
  "total_steps": 500000,
  "final_reward": 2677.75106397771,
  "eval_rewards": [
    -6.04806257198984,
    -21.748440021254847,
    -36.595796024382864,
    -23.213010905995258,
    71.38965089850208,
    191.27990255340328,
    332.8281394279156,
    168.9595110414825,
    234.66877337202018,
    307.7971965648288,
    250.15474782747248,
    408.3524634763502,
    760.0307788419666,
    591.1506694922577,
    866.2869364417289,
    676.0366940064046,
    913.5432683056218,
    977.671199769967,
    1319.7403473473094,
    1180.90222766632,
    1066.7045339468018,
    819.3505059977854,
    1206.7802143857348,
    1122.9861216539953,
    1613.9184936624094,
    1409.162531283942,
    2010.7037485892154,
    1419.435878119261,
    1617.117611318744,
    1356.018091252557,
    1568.2022478439587,
    1380.5750441445177,
    1856.614042950933,
    1804.9928598770773,
    2239.0983786889487,
    2282.260751110258,
    2000.697967410743,
    2215.134463712371,
    2476.129064018295,
    2381.488837341191,
    2591.878900568553,
    2400.6325313817765,
    2483.4644526586126,
    2680.476709218191,
    2720.9931678903667,
    2700.6493051224884,
    2670.1383386067123,
    2688.1519474407905,
    2608.8225608281928
  ],
  "eval_steps": [
    10240,
    20480,
    30720,
    40960,
    51200,
    61440,
    71680,
    81920,
    92160,
    102400,
    112640,
    122880,
    133120,
    143360,
    153600,
    163840,
    174080,
    184320,
    194560,
    204800,
    215040,
    225280,
    235520,
    245760,
    256000,
    266240,
    276480,
    286720,
    296960,
    307200,
    317440,
    327680,
    337920,
    348160,
    358400,
    368640,
    378880,
    389120,
    399360,
    409600,
    419840,
    430080,
    440320,
    450560,
    460800,
    471040,
    481280,
    491520,
    500000
  ],
  "elapsed_s": 589.1
}