{
  "env": "Walker2d-v4",
  "agent": "Optimal_PPO",
  "seed": 16,
  "config": {
    "hidden_dim": 256,
    "lr": 0.0003,
    "gamma": 0.99,
    "lam": 0.95,
    "eps_clip": 0.2,
    "n_epochs": 10,
    "batch_size": 64,
    "n_steps": 2048,
    "ent_coef": 0.0,
    "vf_coef": 0.5,
    "max_grad_norm": 0.5,
    "use_obs_norm": true,
    "use_adv_norm": true,
    "use_lr_anneal": true,
    "use_vclip": false,
    "device": "cpu",
    "total_timesteps": 1000000,
    "eval_freq": 20480,
    "n_eval_episodes": 10,
    "eval_mode": "deterministic_mean"
  },
  "total_steps": 1001472,
  "elapsed_s": 1320.8487651348114,
  "final_reward": 3672.161716017142,
  "peak_reward": 3672.161716017142,
  "max_reward": 3786.050844921186,
  "eval_rewards": [
    230.07150596307906,
    308.2629302486513,
    407.3551460388984,
    405.91013764499235,
    434.17375290127814,
    537.2234855091443,
    621.9919922792614,
    720.7408952123853,
    907.0750954595303,
    876.0871838146483,
    1040.3665246984538,
    1000.9782351857842,
    944.82268847464,
    885.5156095851435,
    1283.3661315711042,
    2206.0717952157515,
    1337.420457597584,
    1087.0948761814066,
    998.2961555381565,
    1450.972361909202,
    2010.233062447965,
    1826.3001121027787,
    1506.3872296881054,
    1766.4664931209622,
    2342.663708486997,
    1059.355781605341,
    2930.8409117184738,
    2355.0354162254675,
    2375.0728942993223,
    2148.21120177144,
    1268.8991985824603,
    3644.788374433055,
    3638.2753776776685,
    3309.1880018681577,
    2090.1172803630334,
    3173.1911857025384,
    3652.8178327311807,
    3468.6449557561455,
    2938.1269703823673,
    3543.6277805627205,
    3686.1125551278724,
    3566.2682411217925,
    3537.9872194246914,
    3741.321137540583,
    3726.1148456628375,
    3785.2992127856423,
    3723.806053037373,
    3625.029269986724,
    3786.050844921186
  ],
  "eval_steps": [
    2048,
    22528,
    43008,
    63488,
    83968,
    104448,
    124928,
    145408,
    165888,
    186368,
    206848,
    227328,
    247808,
    268288,
    288768,
    309248,
    329728,
    350208,
    370688,
    391168,
    411648,
    432128,
    452608,
    473088,
    493568,
    514048,
    534528,
    555008,
    575488,
    595968,
    616448,
    636928,
    657408,
    677888,
    698368,
    718848,
    739328,
    759808,
    780288,
    800768,
    821248,
    841728,
    862208,
    882688,
    903168,
    923648,
    944128,
    964608,
    985088
  ],
  "episode_rewards": [
    2093.1195336761084,
    3817.5500190747757,
    584.1173111138088,
    3314.887719487461,
    1794.628305749225,
    3953.7493225422545,
    3309.081544342172,
    991.1155530326786,
    878.0833875702178,
    3949.5777740544195,
    2945.891716960635,
    1857.860194812315,
    3314.7203193445357,
    2900.4949083381907,
    3506.8675739918467,
    678.700078088673,
    2029.6092691350073,
    1803.9837139553047,
    1496.6009544981123,
    2009.4954468410049,
    2193.957464714651,
    1833.7857425191926,
    2274.603416543216,
    2316.2707562197957,
    2197.580833224875,
    3734.997058010007,
    3939.0452521075385,
    3356.507696711392,
    704.7421254035701,
    2501.107675714553,
    2166.1036329064323,
    3886.5703686368697,
    3899.048353642253,
    2128.7490637962574,
    1905.6838160017128,
    767.7114788959025,
    3884.5425452339723,
    682.6065749348494,
    3883.051129350928,
    1615.315366085558,
    1748.461133145014,
    2863.2995405459214,
    1399.8206839132936,
    3434.575443237004,
    3395.675392996036,
    680.7026303074381,
    3937.7788946370365,
    931.7332122369556,
    449.144470430837,
    720.911253783801,
    1094.704057260136,
    3858.2278784099285,
    3567.5412715683397,
    3802.400607680188,
    2417.929649125286,
    2401.7447783903294,
    2893.345624888102,
    1711.6137457511866,
    2103.5617954545164,
    1741.0545912798195,
    3746.90697900372,
    2661.1862658576783,
    1621.7600986004109,
    3848.3126523127867,
    1485.0157943941545,
    2660.0682394974856,
    2036.3458268683912,
    3897.8381153788087,
    2089.9313546342737,
    2900.7229367790032,
    2086.179956776612,
    2204.472180524523,
    4024.515715049109,
    1531.1470905775886,
    3055.2862610649895,
    2417.7594289524723,
    3578.5412249639767,
    2170.2818031980582,
    1602.3800780476176,
    636.923735502884,
    1741.4020468082808,
    655.8527759727217,
    1070.532484549282,
    2144.3107257277666,
    1745.9923402671886,
    1770.5755930648236,
    1837.565051062025,
    1572.8788584325423,
    2187.022148603672,
    1625.2813889107108,
    2240.6519879067755,
    1497.1905755304217,
    708.5469809298935,
    1652.97002202738,
    2209.5568775322945,
    3977.757101280607,
    3783.8130877744743,
    1492.566032211722,
    3902.707869119069,
    3956.3638859410635,
    1061.6302890819563,
    3900.021026199848,
    122.76656414918821,
    3853.5877621384498,
    833.7564619883516,
    2415.2703671970103,
    3914.3752426334554,
    2944.3271819427455,
    3968.198037117972,
    3946.623431304879,
    3887.2837175638297,
    2049.7124633747726,
    2644.0239862222916,
    3955.2222819013796,
    3919.9319788749062,
    3797.3799441534993,
    3992.0093689596283,
    1800.1658359546466,
    3865.268723346014,
    3902.2976711557703,
    3846.1026066087234,
    2797.957190287947,
    3952.7957736453195,
    2074.938778608047,
    3410.783259060022,
    1126.5679866366827,
    2476.6076723271476,
    1758.056856838558,
    3939.278858723366,
    3880.9415631305706,
    2346.4339533752814,
    2200.329265182318,
    2259.180138009601,
    3897.802328845383,
    3919.154041358472,
    3376.037399860625,
    1705.586085929801,
    1851.945377581955,
    2631.734364699828,
    3394.064989082744,
    2210.0873829200877,
    1043.7170076904972,
    3999.329015075335,
    1770.8431210422268,
    3979.6767853517904,
    2149.384048944353,
    3741.490591486597,
    2030.8808062257408,
    3992.8745225126713,
    3895.5645568862365,
    2886.2015842552264,
    3890.042114012457,
    2759.1699894545486,
    1459.0040976167152,
    2680.9937956484628,
    4039.9875179467977,
    3963.0944641200986,
    2682.4342574202838,
    3300.282774480708,
    3996.4071052494896,
    816.1793786256434,
    1456.8094636336732,
    3963.2514156153015,
    3930.477044889957,
    2633.7490288697936,
    2049.283546078663,
    3377.361985757562,
    3886.955402708284,
    2293.6954264757824,
    1903.315754139593,
    853.378518504211,
    1035.6463528313823,
    684.0378724169209,
    2316.519769485069,
    1887.142654379128,
    3635.064680105694,
    1800.2641804533248,
    4064.135968701459,
    2135.3216413530185,
    2973.950050774405,
    2291.128439962925,
    1816.1293021777128,
    1720.7890552167637,
    1897.4047213390575,
    3902.829691301818,
    1017.6030063995225,
    2654.768241589307,
    1291.8383811670035,
    2106.2445986375646,
    2573.5420566797866,
    3921.9719433985047,
    1139.947255640276,
    270.63264173085423,
    2589.612341011263,
    3908.810995821878,
    2029.3408976185613,
    1092.1247889938404,
    3965.2665394018686,
    2313.404777831737,
    3420.7236650669006
  ],