{
  "env": "Walker2d-v4",
  "agent": "Optimal_PPO",
  "seed": 3,
  "config": {
    "hidden_dim": 256,
    "lr": 0.0003,
    "gamma": 0.99,
    "lam": 0.95,
    "eps_clip": 0.2,
    "n_epochs": 10,
    "batch_size": 64,
    "n_steps": 2048,
    "ent_coef": 0.0,
    "vf_coef": 0.5,
    "max_grad_norm": 0.5,
    "use_obs_norm": true,
    "use_adv_norm": true,
    "use_lr_anneal": true,
    "use_vclip": false,
    "device": "cpu",
    "total_timesteps": 1000000,
    "eval_freq": 20480,
    "n_eval_episodes": 10,
    "eval_mode": "deterministic_mean"
  },
  "total_steps": 1001472,
  "elapsed_s": 1214.4124450683594,
  "final_reward": 3687.843743083795,
  "peak_reward": 3363.8851746677274,
  "max_reward": 4763.64714044294,
  "eval_rewards": [
    286.8821391128884,
    319.1245225269292,
    352.557903636032,
    357.01391225630493,
    342.9589903305533,
    376.5127037810363,
    472.4143967833235,
    723.0747253031179,
    983.3372175438657,
    984.7312582960536,
    1098.6921763638275,
    1097.776713301487,
    4180.212200318301,
    1969.8231250717647,
    2239.0396074397395,
    2051.480618506608,
    2897.833107891319,
    3973.031342460004,
    4299.590861311801,
    4023.800753649569,
    2328.2671206028936,
    1248.9872586559711,
    4487.9114593042095,
    2830.05370448212,
    3378.5752470348425,
    4199.078522817019,
    2551.5285481591413,
    4479.416319354069,
    4150.058914720373,
    4112.5333961232245,
    4697.911910265068,
    4763.64714044294,
    4282.20224335346,
    3698.2026432122175,
    506.60680068186605,
    396.74383036491906,
    1571.2481897119153,
    1599.7143739633252,
    4117.618014972013,
    3062.270038116462,
    3320.0304081177237,
    3921.383801300281,
    4064.711128790288,
    3939.0177318867636,
    937.2186703680934,
    3682.766091805742,
    4457.205315903568,
    4759.654600797612,
    4734.1796437514095
  ],
  "eval_steps": [
    2048,
    22528,
    43008,
    63488,
    83968,
    104448,
    124928,
    145408,
    165888,
    186368,
    206848,
    227328,
    247808,
    268288,
    288768,
    309248,
    329728,
    350208,
    370688,
    391168,
    411648,
    432128,
    452608,
    473088,
    493568,
    514048,
    534528,
    555008,
    575488,
    595968,
    616448,
    636928,
    657408,
    677888,
    698368,
    718848,
    739328,
    759808,
    780288,
    800768,
    821248,
    841728,
    862208,
    882688,
    903168,
    923648,
    944128,
    964608,
    985088
  ],
  "episode_rewards": [
    4721.77371985403,
    4727.195908233685,
    4570.571893931158,
    4556.569745260549,
    4664.13339906741,
    1203.6715849945272,
    745.0245826645801,
    4679.327710537695,
    4667.468404201297,
    4787.925520126961,
    4039.5987905871607,
    1681.2962692078374,
    2094.716898958466,
    4704.048306984532,
    2605.443115718818,
    3165.386378832774,
    1639.1891888710245,
    1923.3290090801215,
    4576.544555765798,
    530.7012262913505,
    1850.6290814874667,
    3245.2090877849987,
    886.2042942589771,
    4700.84396199331,
    4632.618352978729,
    2040.526620658159,
    4443.943516462423,
    3770.1409674061283,
    3087.7931684696787,
    2794.674055273633,
    2342.4676088055444,
    1438.6651682223835,
    4603.934938057377,
    2152.697632293779,
    4721.699486118737,
    4363.631125152372,
    4564.664222362996,
    4771.225785027532,
    3090.3774903476556,
    4855.0258919775715,
    1998.5718157615734,
    275.19914090064805,
    1957.7218383446225,
    4626.05446916457,
    1885.7015483472917,
    4644.301613020732,
    1850.1801879244852,
    4554.689111746714,
    3668.7821941194884,
    4652.650092900245,
    1265.0503602068427,
    4645.425211439444,
    1972.4457276040614,
    4739.743406437865,
    4291.664822930135,
    2958.5580261044065,
    4530.465851325148,
    4753.449071470776,
    994.0458840282895,
    4661.512711908569,
    3803.0372846508867,
    4783.4565035712885,
    4700.267755970629,
    4652.44579238088,
    1023.8153742671034,
    4350.633862948471,
    890.9900775283181,
    2454.037213623879,
    2439.22702928785,
    4586.894341775658,
    4819.433275308922,
    3976.011052191453,
    3187.856566971243,
    1119.5687048145562,
    4757.858044103356,
    1309.286513485749,
    3616.2117203050525,
    2575.937124756988,
    4653.847603568594,
    4714.655965654321,
    1716.3074248465873,
    2263.6717439494773,
    2676.1626253233626,
    3343.6116337262083,
    4710.8814200955385,
    1360.787416682233,
    4725.279674828061,
    3790.084215513074,
    961.3690771963512,
    4423.228181784956,
    4663.348066854147,
    2378.7449137106087,
    4712.752087179057,
    2316.577541811847,
    4726.498103290348,
    676.1425387257582,
    4608.568508125587,
    4670.178851776306,
    4650.1542845311005,
    1626.8732047730198,
    1699.3613778169058,
    4709.829281915968,
    4800.716009032804,
    3889.988771968206,
    4710.11481284365,
    918.5045878931089,
    1764.4962915710873,
    4598.037531193667,
    4729.702619876502,
    4763.365003074481,
    4641.87243328118,
    3221.294389378426,
    4644.493469534587,
    4616.782735602612,
    1049.9971454573351,
    3548.8520929922843,
    4633.514388301388,
    4557.057550410806,
    3222.2360450360216,
    4590.258281613203,
    554.4558456359924,
    3261.579291086383,
    4642.806079346753,
    3923.767221619931,
    4708.26731604551,
    426.14792400982117,
    4673.345988233658,
    4512.992909840046,
    4603.285822420697,
    1827.3193981333811,
    4773.011020779005,
    4702.559191184296,
    4661.283456585928,
    4625.792749050096,
    720.8941039205208,
    1714.7487765537176,
    4739.262851804548,
    4615.237018398014,
    1788.9161618725498,
    4603.868124558467,
    4598.451674569088,
    4693.308892939881,
    2113.4243153929706,
    4626.286252868785,
    1290.7080530406106,
    4635.69583600562,
    3619.404026508118,
    4703.41188456127,
    4076.691840639592,
    4744.274940796862,
    4703.101994560343,
    1293.0379375978223,
    4828.521689312599,
    3285.6310733845557,
    2429.381331920457,
    2290.8488374541535,
    4349.838015375841,
    1288.0965038015195,
    2384.0566343558903,
    4593.915594064696,
    3569.96381312252,
    4643.165374304062,
    4561.691916847531,
    4692.756181535585,
    1252.065888016743,
    4566.684310487191,
    4673.759489416116,
    4057.9170873849366,
    2808.4370704391185,
    3877.0569545566054,
    2163.525583618238,
    884.5965084584118,
    4625.3962141266675,
    4587.909138862533,
    4837.963334922393,
    4602.71830556973,
    1898.6326195189288,
    3406.6243564395104,
    4718.792033898269,
    4590.662995098921,
    3786.815214845259,
    1411.901061747595,
    1946.5786301293397,
    4702.07396622852,
    3103.4283224493443,
    4775.264158375658,
    3444.9400395606785,
    4846.5597026575115,
    4667.847463883393,
    2214.751775740969,
    4180.330003759274,
    4632.972416974102,
    3741.229851011569,
    2723.369704087524,
    4609.552241246229,
    1399.9075007368617,
    4593.212256792216,
    4666.37149449549,
    4577.779959839763,
    4623.001696685671
  ],