{
  "env": "Walker2d-v4",
  "agent": "Optimal_PPO",
  "seed": 7,
  "config": {
    "hidden_dim": 256,
    "lr": 0.0003,
    "gamma": 0.99,
    "lam": 0.95,
    "eps_clip": 0.2,
    "n_epochs": 10,
    "batch_size": 64,
    "n_steps": 2048,
    "ent_coef": 0.0,
    "vf_coef": 0.5,
    "max_grad_norm": 0.5,
    "use_obs_norm": true,
    "use_adv_norm": true,
    "use_lr_anneal": true,
    "use_vclip": false,
    "device": "cpu",
    "total_timesteps": 1000000,
    "eval_freq": 20480,
    "n_eval_episodes": 10,
    "eval_mode": "deterministic_mean"
  },
  "total_steps": 1001472,
  "elapsed_s": 1275.8115499019623,
  "final_reward": 1742.4464451266128,
  "peak_reward": 3172.7461479788576,
  "max_reward": 4064.5844299477576,
  "eval_rewards": [
    274.07694882602937,
    312.3909695160211,
    338.24738524955535,
    382.18905862197255,
    372.80005543271943,
    371.70959953619115,
    386.9184712539164,
    429.36381758595763,
    576.572744241397,
    701.1070931356746,
    797.9399443753248,
    1748.9200259014356,
    2743.5569863765713,
    1989.5794762083365,
    1419.713261733765,
    3067.680410382291,
    2768.1214520804633,
    1985.9982413353277,
    3284.534316832066,
    3372.8097816691466,
    3345.7351744002517,
    3440.2524822764694,
    3892.253176452755,
    3727.130493483202,
    3734.2728397997503,
    3574.665972547876,
    3824.0929648570236,
    3083.714723961012,
    3621.790667601558,
    4064.5844299477576,
    2063.5821460539883,
    2096.988398755484,
    2581.4449902954548,
    3082.324345968671,
    1596.357807105608,
    1503.8658588654423,
    750.1134742537517,
    2925.8233206347804,
    1320.461186911697,
    2990.3541474353246,
    2628.9990847163117,
    1510.015771800962,
    1472.2904635535538,
    2383.2077662801,
    1570.8585667537864,
    2192.670070537686,
    791.1305881433996,
    893.0365670215231,
    991.9014250234846
  ],
  "eval_steps": [
    2048,
    22528,
    43008,
    63488,
    83968,
    104448,
    124928,
    145408,
    165888,
    186368,
    206848,
    227328,
    247808,
    268288,
    288768,
    309248,
    329728,
    350208,
    370688,
    391168,
    411648,
    432128,
    452608,
    473088,
    493568,
    514048,
    534528,
    555008,
    575488,
    595968,
    616448,
    636928,
    657408,
    677888,
    698368,
    718848,
    739328,
    759808,
    780288,
    800768,
    821248,
    841728,
    862208,
    882688,
    903168,
    923648,
    944128,
    964608,
    985088
  ],
  "episode_rewards": [
    4212.855407785002,
    1227.8528249124884,
    3352.6964786321055,
    2007.2991088075091,
    534.7532772163426,
    1194.458859894067,
    1188.0317395611867,
    3342.3220579508493,
    4309.159662123618,
    2141.8602041996874,
    1695.6504596574941,
    4317.467533774285,
    1532.2675779150154,
    1960.4349604114987,
    4415.4410274275015,
    4173.042703675749,
    3433.6162387043305,
    742.3683340085246,
    703.7763843752999,
    489.7368123671715,
    933.4382558335813,
    1919.4292427084717,
    1065.0627990831504,
    2072.8098814190607,
    4353.7680762856335,
    3339.6317276289105,
    1156.6016467209463,
    2677.8513185730076,
    4238.221080088382,
    1199.2509899221152,
    1422.2492967199157,
    1117.3295371632435,
    1756.831337192501,
    1263.6806725733013,
    3744.235624819286,
    1204.0421262860978,
    892.4867222541227,
    1260.0697210907945,
    3795.7838514340556,
    4348.266693366728,
    4260.604544226491,
    801.1417531290684,
    4344.989241500091,
    4434.658453830054,
    1398.3829504171144,
    4266.87848280478,
    2298.0387952780316,
    4273.533169293992,
    772.7093307720322,
    3199.4207479200268,
    4111.430072850912,
    3855.092947703875,
    4281.102351302588,
    742.5873662044639,
    839.450271304902,
    599.5773555107376,
    4443.647399900513,
    711.0858981851067,
    2172.5751386713896,
    4066.414233531717,
    4051.5777705310566,
    726.8812325355227,
    1680.097100886852,
    2163.5767056504706,
    2698.612436718667,
    2999.0429414232067,
    1334.6843940903814,
    2175.4657618991237,
    1084.3324461871412,
    1879.237617272019,
    3479.73669968959,
    4314.118615215028,
    3250.9865769105377,
    2877.798748016666,
    1548.064898258361,
    3876.461119960616,
    3153.2609951729382,
    805.3714002304727,
    4287.157635086567,
    885.3240337881041,
    3046.005885896114,
    1233.707530820515,
    4323.025571642091,
    4300.873285513535,
    715.8343186014604,
    2705.2434081396655,
    839.0803035127354,
    1685.2516047768122,
    4299.372845024579,
    744.5911415278267,
    1322.8585813837235,
    1129.4408866177773,
    3994.672100711072,
    4249.803347240895,
    795.1394983155395,
    1188.6818778446589,
    2449.1638979606087,
    4353.287215399753,
    2446.9943287935707,
    1272.1571035968234,
    2534.7093955912783,
    3891.9201438364576,
    2252.7338325448864,
    3658.185705984824,
    4090.1809572156158,
    2382.121034673263,
    2743.6563303429307,
    4431.075273158417,
    4277.264237304777,
    4371.46624884661,
    1387.9395187476566,
    4282.4696737689,
    4455.365929619088,
    1693.3700053021373,
    2217.680014837446,
    2843.5600532199132,
    4439.062941378887,
    2211.046051969995,
    4012.2289579687063,
    4416.50628772777,
    572.6640321012458,
    1888.0909047121543,
    4455.713428705109,
    4194.759901642398,
    2964.6456891915504,
    4434.680716927387,
    3169.824702797403,
    4398.376135870006,
    4247.673079853635,
    2717.9685934544195,
    4351.464146083228,
    3964.293442620938,
    1495.6799648062613,
    4226.675025632179,
    4396.0911924298625,
    1951.716082995314,
    4496.674434000865,
    1010.6791503053123,
    4276.321045337125,
    4369.668554439828,
    3764.59907639564,
    4175.021550476174,
    4255.462188957894,
    2687.9613392401734,
    4433.459885769771,
    2279.6110871306228,
    4519.089950974882,
    2551.448312507344,
    828.6495776916714,
    1548.411211180152,
    4320.115622823927,
    4395.793919278471,
    4358.995695442557,
    2332.22705390471,
    3567.621723671903,
    3298.181851487264,
    744.1454908440297,
    4519.827896688029,
    1902.490558241844,
    4347.890849772885,
    4423.753958406457,
    4382.223502072199,
    4453.86392355154,
    896.1875497592556,
    2328.4070257630865,
    783.6682051138715,
    1057.590172283423,
    697.2994438322362,
    1355.4274230866195,
    1881.7134126726075,
    4359.187137836427,
    4401.189930009766,
    4258.340073592085,
    1103.7610544541292,
    1968.6906790696723,
    4383.790544430573,
    2362.2328392641,
    1892.0102769205776,
    4383.212349133178,
    3592.7862974545105,
    4314.015001328097,
    1212.3256194079995,
    3858.486847475668,
    2639.506932884371,
    1092.9641797800598,
    4522.772984833228,
    2717.663723188003,
    2739.0206066169676,
    4329.161173373281,
    3928.550268433916,
    2673.9617087899373,
    4444.965849272019,
    1651.9425713175742,
    1135.029580930693,
    4479.645924740385,
    4427.802260527143,
    3628.9617592481986,
    1083.2282054937418,
    3953.485385874547,
    2904.364783021657
  ],