{
  "env": "Walker2d-v4",
  "agent": "Optimal_PPO",
  "seed": 11,
  "config": {
    "hidden_dim": 256,
    "lr": 0.0003,
    "gamma": 0.99,
    "lam": 0.95,
    "eps_clip": 0.2,
    "n_epochs": 10,
    "batch_size": 64,
    "n_steps": 2048,
    "ent_coef": 0.0,
    "vf_coef": 0.5,
    "max_grad_norm": 0.5,
    "use_obs_norm": true,
    "use_adv_norm": true,
    "use_lr_anneal": true,
    "use_vclip": false,
    "device": "cpu",
    "total_timesteps": 1000000,
    "eval_freq": 20480,
    "n_eval_episodes": 10,
    "eval_mode": "deterministic_mean"
  },
  "total_steps": 1001472,
  "elapsed_s": 1264.5783779621124,
  "final_reward": 3341.071941123734,
  "peak_reward": 3341.071941123734,
  "max_reward": 4680.899584653349,
  "eval_rewards": [
    267.1417224383372,
    320.4457659443941,
    343.3411445717611,
    370.94857872458243,
    399.2981038076827,
    460.5015675849568,
    467.87544536318467,
    598.2374474233441,
    903.4440994852233,
    1737.5904151684674,
    1695.1966216694186,
    2852.5368671737842,
    1379.111280988092,
    2234.749732023637,
    3452.6311142210934,
    3633.3134653721436,
    3593.1543574627635,
    3664.373085279361,
    3786.89517875661,
    3773.891049999591,
    4114.593361182468,
    3171.1364402043773,
    4113.803850985019,
    4231.49767371176,
    4312.995905217532,
    3858.402040174983,
    4540.545275150134,
    4479.831503289757,
    4425.324153992997,
    4508.778467000651,
    4621.168220840021,
    2663.8435811890604,
    4363.587786021492,
    4626.699894718911,
    4192.89259091648,
    3075.9728648875835,
    3532.0719392546503,
    3399.8573611695756,
    3766.5147427827856,
    3729.379606344313,
    3138.403168427122,
    4414.590141847056,
    2219.6693986889413,
    2846.0626249184616,
    2890.2460699637445,
    1709.4964595697506,
    3248.12739387064,
    4680.899584653349,
    4533.844962953959
  ],
  "eval_steps": [
    2048,
    22528,
    43008,
    63488,
    83968,
    104448,
    124928,
    145408,
    165888,
    186368,
    206848,
    227328,
    247808,
    268288,
    288768,
    309248,
    329728,
    350208,
    370688,
    391168,
    411648,
    432128,
    452608,
    473088,
    493568,
    514048,
    534528,
    555008,
    575488,
    595968,
    616448,
    636928,
    657408,
    677888,
    698368,
    718848,
    739328,
    759808,
    780288,
    800768,
    821248,
    841728,
    862208,
    882688,
    903168,
    923648,
    944128,
    964608,
    985088
  ],
  "episode_rewards": [
    4687.88810529891,
    736.4948002597929,
    3291.499865250476,
    2469.5588048499653,
    3215.5878911699097,
    4819.541181821655,
    3952.8688553157126,
    1024.7640634787297,
    3165.9326880128324,
    4922.828707450309,
    1166.1489292398928,
    1067.6994775194532,
    3309.3012701960306,
    1438.0580196335652,
    991.769562232283,
    4931.856343367627,
    4673.125307115441,
    3509.458920399522,
    4680.136408003198,
    4875.185565549698,
    3002.5692218481413,
    2399.0196122269135,
    4755.438066353929,
    1972.5987007972906,
    2412.867608453246,
    4785.139581863749,
    4391.7588556911105,
    4732.778455329094,
    3369.336205202825,
    3856.159987783721,
    4624.51993046851,
    4849.390320924557,
    3197.5354048279414,
    2634.332991002652,
    2226.6446799899045,
    4808.417353744157,
    228.05744027332176,
    2038.0815338287948,
    2899.00870757623,
    4805.222581149883,
    1030.3956214326881,
    2475.770081102683,
    4284.650751750087,
    4710.2305811652805,
    4796.096568200528,
    4809.205486583564,
    4842.514075490757,
    4828.462092505946,
    4795.038713216127,
    4723.81296008676,
    4620.21518471533,
    1360.6931987712817,
    4689.0588982929685,
    2650.5040108426474,
    4854.723552510907,
    2484.8691455559124,
    3054.8146178932793,
    4716.820451708802,
    4480.923542991277,
    542.3317736532395,
    4755.689801412936,
    4731.010618448563,
    3200.3706472541658,
    1168.0915432853515,
    4835.210039272509,
    4789.288673521881,
    3615.464439298719,
    4914.723012578044,
    4839.345529897085,
    4752.184313430009,
    4721.065259092882,
    2193.342462101507,
    4798.048647092537,
    3393.5373917135,
    1351.5227206036573,
    4840.710118108223,
    3703.9479934120673,
    237.51658735930303,
    3143.381293150166,
    4644.468358534135,
    2838.2239338428967,
    3208.589523935646,
    3728.7873187015603,
    2536.4459879705446,
    4935.050994767659,
    4870.655771377231,
    2924.3484064828954,
    4744.635049727693,
    4943.351709407311,
    4790.01780387133,
    4641.073094813268,
    3561.537058500483,
    2461.574839411364,
    290.5802781112554,
    4789.173704713604,
    3482.9220358725534,
    4827.475937596847,
    1909.61736528182,
    4871.932492371039,
    963.1789950804285,
    4652.5960909811865,
    2834.856069239509,
    4915.013954328188,
    1249.8652235563006,
    4880.199180659923,
    4824.990195642653,
    4719.7100482035685,
    4821.086739610422,
    4051.1385025810505,
    1364.1214768082643,
    223.66044749453062,
    263.3122159961704,
    1680.6612267505636,
    2303.495337585249,
    3917.763933695046,
    2104.7641565124104,
    4846.672496054204,
    290.81315331047745,
    4758.682426079522,
    4690.35689560288,
    4813.494261442838,
    4745.783809233384,
    4177.705593252174,
    4600.981292896324,
    1389.5483965409303,
    4748.59186115892,
    4546.478205028223,
    1060.3383760019956,
    4737.332536809102,
    2252.807982956181,
    3041.064889345156,
    2460.3702628464293,
    4924.9749756468,
    2354.748652423779,
    3544.1423755101864,
    4264.868122814394,
    2294.7553424463504,
    3314.6445720957317,
    4809.83947111362,
    4768.035875431898,
    4732.6402116140625,
    4880.331052436836,
    399.9780109714096,
    4757.7260835317065,
    3847.3069697773362,
    4102.325029230188,
    4785.348068078589,
    3426.3837555476657,
    4943.465521546433,
    2950.503804839576,
    4801.556027160068,
    3128.0209990329026,
    2556.5292168795436,
    260.99088335512556,
    3440.7200870657734,
    1823.8884741843594,
    4844.767132870399,
    4793.820445216243,
    3207.7120773903025,
    4852.434833108365,
    1711.3894777058936,
    2339.302317265118,
    2813.7590168422903,
    2097.747429208357,
    4731.042026735979,
    4780.194103958911,
    3229.899364618434,
    1871.9241530701572,
    1967.1546207924503,
    4069.4110125610314,
    4881.711897537401,
    2116.668691306615,
    2408.527590926116,
    4814.72509493641,
    4804.529513582827,
    4884.443802776855,
    3489.977930845265,
    4802.293749712663,
    4388.895711156611,
    4836.8746489909245,
    4833.938029341334,
    4771.63732897278,
    2837.0249775398906,
    4812.042885865569,
    2550.864416464031,
    3515.5215345983106,
    4718.439753593202,
    2364.070868636455,
    4794.259980008696,
    4726.212445415675,
    4697.916929257638,
    4850.800826310889,
    4596.140792714945,
    4745.98287229681,
    4706.927562200871,
    2743.9258116877113,
    2220.2971120974926,
    4824.926124501261,
    4853.268162516498,
    4680.689030545483
  ],