{
  "env": "HalfCheetah-v4",
  "agent": "Optimal_PPO",
  "seed": 10,
  "config": {
    "hidden_dim": 256,
    "obs_norm": true,
    "adv_norm": true,
    "lr_anneal": true,
    "eval_mode": "deterministic_mean",
    "n_seeds": 12,
    "total_timesteps": 1000000
  },
  "total_steps": 1001472,
  "final_reward": 1824.8988953024484,
  "max_reward": 1840.1498172703134,
  "best10_mean": 1825.692952806974,
  "eval_rewards": [
    -8.381368309386222,
    0.20020134185368513,
    798.7592716936236,
    1088.0148398184817,
    1154.97769696931,
    1198.4006893118822,
    1303.7955729437858,
    1255.4438337676647,
    1403.3936216210632,
    658.1498874062991,
    -5.22726040268156,
    1514.358052298711,
    749.138050264086,
    1077.507700937856,
    1581.2329077868922,
    1625.6923990731548,
    1616.0863385829055,
    1601.7054891983041,
    1617.4952965322532,
    1643.4560026257118,
    1651.794832437417,
    1655.334196138539,
    1672.261414613941,
    1715.9971073285062,
    1687.6641311270141,
    1690.6821750645474,
    1694.8753054737838,
    1725.6094750437157,
    1720.097558459392,
    1736.623055298944,
    1734.5062856997658,
    987.9261707707759,
    1731.1402417641343,
    1698.9343688360761,
    1813.1031043943185,
    1777.4611071302334,
    1770.4916405669314,
    1777.5864206334213,
    1805.1625293490597,
    1818.6979420766388,
    1808.2252315796686,
    1812.5839425896606,
    1825.4726167079607,
    1832.7417142754305,
    1840.1498172703134,
    1831.6490559618928,
    1838.5239954718788,
    1835.7821077419783
  ],
  "eval_steps": [
    20480,
    40960,
    61440,
    81920,
    102400,
    122880,
    143360,
    163840,
    184320,
    204800,
    225280,
    245760,
    266240,
    286720,
    307200,
    327680,
    348160,
    368640,
    389120,
    409600,
    430080,
    450560,
    471040,
    491520,
    512000,
    532480,
    552960,
    573440,
    593920,
    614400,
    634880,
    655360,
    675840,
    696320,
    716800,
    737280,
    757760,
    778240,
    798720,
    819200,
    839680,
    860160,
    880640,
    901120,
    921600,
    942080,
    962560,
    983040
  ],
  "episode_rewards": [
    1623.9304591925013,
    1682.6846236250226,
    1570.382722207833,
    1652.2255302615251,
    1655.2552322041556,
    1658.5288402944482,
    1658.3569353197631,
    1701.0941199552058,
    1645.6860807969617,
    1701.1001454593509,
    1641.7916998534624,
    1640.5329939875635,
    1648.5875397721372,
    1659.2784554035902,
    1613.7562309851228,
    1683.7671248863844,
    1725.154840652152,
    1661.9379008296833,
    1657.5873803107863,
    1676.5666381387641,
    1690.8871880716213,
    1689.5257061296159,
    1692.7660792800812,
    1731.7647379229838,
    1697.4103336109135,
    1661.328645494957,
    1700.9085652337517,
    1732.379395786599,
    1706.2482883576465,
    1691.0613895760819,
    1691.6498931537267,
    1734.2537369795625,
    1684.7918402726812,
    1671.2757491462564,
    1715.256839392545,
    1704.119636919152,
    1683.0448362400414,
    1726.4420617830335,
    1698.3167198259218,
    1649.193739458755,
    1681.300022415163,
    1682.8865102670495,
    1709.0120783058242,
    1745.0567766340932,
    1670.8946413659123,
    1680.2765715646915,
    1660.9893619874981,
    1694.834453271037,
    1676.7264593626105,
    1693.2738924248758,
    1674.137855219349,
    1696.5767182009763,
    1693.6417176702776,
    1736.9295220652482,
    1704.9146305574238,
    1695.244282808163,
    1719.573853173396,
    1718.4555646332742,
    1729.0588904310596,
    1718.4844342636459,
    1700.678091103112,
    1711.2048481169954,
    1734.8340602183746,
    1671.1111780806868,
    1677.0540132688234,
    1686.596463913038,
    1717.992449949816,
    1687.8147420331263,
    1664.044660181818,
    1776.465272115762,
    1700.470900553663,
    1731.2747976826083,
    1652.8740543285733,
    1746.4945209918849,
    1703.116798315574,
    1647.9148197701918,
    1713.2372636878736,
    1724.358986195707,
    1730.4216919607397,
    1637.5560115684725,
    1734.5036648401972,
    1745.115083375583,
    1665.3765690420357,
    1695.8366837280107,
    1733.4923294460618,
    1746.7070645521835,
    1702.0813127286995,
    1708.013145227756,
    1669.0601872394939,
    1681.8429518404473,
    1721.1906893488608,
    1722.937224454959,
    1705.2308262366178,
    1709.2196062367193,
    1726.3430600717718,
    1714.687203144975,
    1692.0552299145588,
    1662.7666713510928,
    1693.9908245717306,
    1656.7968391643617,
    1755.5247085789567,
    1688.215121730655,
    1744.8162661444233,
    1731.8955143675857,
    1650.8817326172623,
    1712.0085584620465,
    1720.5639133981124,
    1729.6201865748972,
    1667.8166103298677,
    1680.0025205963698,
    1720.9532404318004,
    1659.8131014945786,
    1690.2288003947033,
    1710.9125688474196,
    1724.261042941563,
    1689.6953058802235,
    1687.818939262627,
    1698.5200707146478,
    1673.250422535325,
    1720.019857750123,
    1726.0297309297616,
    1672.9494554329624,
    1706.5119197755798,
    1662.8934828743154,
    1718.7019578265877,
    1729.466905453308,
    1705.97011477139,
    1735.5572177981128,
    1700.4116656689416,
    1714.5207049813166,
    1710.898778043849,
    1725.3644553900008,
    1708.8250115654305,
    1700.7257149339205,
    1685.9858546242422,
    1764.6701919804837,
    1763.450974856333,
    1693.2801540896999,
    1738.846436948822,
    1711.3099931774984,
    1748.236896328106,
    1722.4304338622662,
    1713.3181465391194,
    1742.609642721053,
    1714.7369125521016,
    1684.8352789832961,
    1749.5462843726912,
    1714.351311943717,
    1705.8896605658654,
    1698.0102873622045,
    1681.3948609015597,
    1756.4848243765937,
    1672.9566236088506,
    1745.635371393712,
    1702.140032344144,
    1714.5483182842527,
    1733.9004519913221,
    1748.33128473125,
    1775.1591413524857,
    1743.5072503475378,
    1745.0815999845386,
    1720.3499243944427,
    1726.8211213262493,
    1702.707203695404,
    1694.9381523097704,
    1691.4800689874378,
    1723.828030700993,
    1740.6063541858957,
    1725.4342029096379,
    1710.602015830916,
    1674.9158943094178,
    1765.7241628120391,
    1733.217089353369,
    1719.0596333180122,
    1731.8114356016263,
    1771.6490873399568,
    1749.2619408055516,
    1733.5521544641292,
    1767.6200791445613,
    1739.4703387470408,
    1744.3961229005604,
    1747.0229881358612,
    1686.2407652953054,
    1732.6811052211299,
    1713.9201681308446,
    1738.8728069278795,
    1732.7044437631243,
    1718.0873460265798,
    1731.8400204435227,
    1729.568575476604,
    1753.1479225373294,
    1776.2417794044475,
    1734.3158808876965,
    1792.2127229022346,
    1748.2534599349867,
    1736.0244646010783,
    1722.1382654597344,
    1739.9631371639732,
    1743.3604734424957,
    1685.6351730104798
  ],
  "elapsed_s": 570.4856760501862
}