{
  "env": "HalfCheetah-v4",
  "agent": "Optimal_PPO",
  "seed": 9,
  "config": {
    "hidden_dim": 256,
    "obs_norm": true,
    "adv_norm": true,
    "lr_anneal": true,
    "eval_mode": "deterministic_mean",
    "n_seeds": 12,
    "total_timesteps": 1000000
  },
  "total_steps": 1001472,
  "final_reward": 4232.342717434479,
  "max_reward": 4381.154271877834,
  "best10_mean": 4232.342717434479,
  "eval_rewards": [
    -13.820939616237496,
    -29.459315126812207,
    -36.26892822276959,
    -47.50692759748917,
    518.9223262943957,
    744.9896777156813,
    907.5226406019549,
    1242.6440597274245,
    1298.2941242400698,
    1618.4833554845795,
    1551.8627307731024,
    1799.5025514742752,
    2026.515482725545,
    2107.216006330128,
    1916.9286198165325,
    2289.7087213887016,
    2573.7730847997314,
    2407.287483615773,
    2825.9589613361345,
    2824.568834172568,
    2835.2160926839992,
    3087.4216353879374,
    3180.1690058075133,
    3288.823053576766,
    3471.8858320724394,
    3049.29381012056,
    3405.327134077836,
    3150.4579431884677,
    3416.3376689296433,
    3344.1665918828608,
    3523.588127267755,
    3538.7195817940765,
    3823.9193514948975,
    3937.8108689236956,
    3972.3567871483965,
    3973.075560306609,
    3966.631606101438,
    3666.313670974414,
    4061.6301761919945,
    4091.4975241459556,
    4159.875123185438,
    4198.840337063566,
    4244.185001760636,
    4274.344142802414,
    4251.817201769302,
    4279.025015284008,
    4381.154271877834,
    4381.058380263639
  ],
  "eval_steps": [
    20480,
    40960,
    61440,
    81920,
    102400,
    122880,
    143360,
    163840,
    184320,
    204800,
    225280,
    245760,
    266240,
    286720,
    307200,
    327680,
    348160,
    368640,
    389120,
    409600,
    430080,
    450560,
    471040,
    491520,
    512000,
    532480,
    552960,
    573440,
    593920,
    614400,
    634880,
    655360,
    675840,
    696320,
    716800,
    737280,
    757760,
    778240,
    798720,
    819200,
    839680,
    860160,
    880640,
    901120,
    921600,
    942080,
    962560,
    983040
  ],
  "episode_rewards": [
    3836.2920044388084,
    3723.4887314472467,
    3724.6625078089196,
    3741.071466471542,
    3736.4584071136596,
    3709.118356352099,
    3752.0730722037974,
    3538.8715597552446,
    3549.6418338941958,
    3697.5475852672303,
    3826.750927111383,
    3610.7619184030955,
    3918.741986597489,
    3569.5325222854362,
    3667.4571755569004,
    3722.4715302813697,
    3546.4151485303782,
    3298.5357987539523,
    3731.693652923578,
    1128.6104392027548,
    3768.8507773304577,
    3587.3776511738647,
    1555.717262120043,
    3641.0970822618506,
    3870.3949793575443,
    3718.7653848126647,
    3782.907278688048,
    3653.0277404829453,
    3600.9774345563774,
    3785.7298701096906,
    3624.09685850434,
    3850.2205316213954,
    3843.347871269416,
    3846.83328173788,
    3734.570041422921,
    3652.4625257747493,
    3644.64307891295,
    3276.796756034006,
    3486.3085795362567,
    -42.41573778367613,
    3709.0033441079677,
    3689.357787224856,
    3843.259873226596,
    3843.0978686684634,
    3501.928639999799,
    3894.118119712385,
    3762.3035259609674,
    2446.9366569540457,
    3801.6244673648253,
    3917.5419668380073,
    3805.646542540885,
    3815.3665712592324,
    3963.578724073836,
    4016.6675060094135,
    3777.989707783963,
    3944.0969923013654,
    3620.5946896403225,
    3829.7593574310827,
    2773.9922886258873,
    1959.0606489643285,
    3665.57119570755,
    4015.5447790703374,
    3561.8727954066826,
    4012.682748049972,
    3890.799254669711,
    3741.446958464583,
    3737.1611508074675,
    3871.534067556545,
    3799.6544843187417,
    3722.8261812469577,
    3749.8867985708575,
    3617.5814136405083,
    3678.0921835964914,
    3838.106169515115,
    3941.340723296029,
    3914.0235123317734,
    3887.881725216518,
    3940.5476884795635,
    3899.967574508243,
    3898.491709288033,
    4005.8331424760077,
    2547.5873700797283,
    3937.521270815051,
    3892.8955666690094,
    3911.8794544525203,
    3750.0137839960967,
    4139.573693393723,
    3977.9453806267256,
    3976.415864641192,
    3827.3556009437493,
    3890.504226635331,
    3831.206793065626,
    3908.8838610260855,
    3790.074433818804,
    3802.1239041821686,
    3816.6688826941427,
    3875.209234355365,
    3829.369637128832,
    3783.8657876004377,
    3929.597391753072,
    3186.6511235844437,
    3884.826612048733,
    3969.6375281605333,
    3850.596523653762,
    3804.1667353404446,
    3343.1108915669383,
    3946.3768475045886,
    3929.060836623471,
    3953.4039814562743,
    4052.561935057953,
    3899.989806487619,
    4002.360753109064,
    3828.5783822715152,
    3552.6078234832294,
    3733.5759550217167,
    3978.3585760294322,
    3857.747508578746,
    3931.2451109658027,
    3934.9409227011192,
    4011.6831575447104,
    -10.302921706096546,
    4012.447436981537,
    3941.215714935708,
    2611.887999460154,
    3933.58215246769,
    3702.015359635825,
    3566.5723709298354,
    4010.4900676337675,
    3716.4706395317216,
    3891.297553662565,
    3959.5536990243636,
    3694.6148317298794,
    3709.3075024012296,
    3958.843962935105,
    3760.678945433122,
    3947.248565117588,
    3933.7819555006913,
    3877.4831319753043,
    4015.4560729085642,
    3947.645488882097,
    3841.56260059931,
    3810.815033662358,
    4001.488595804043,
    4053.5566227317404,
    3889.9263575053888,
    3966.977269444808,
    4019.1781017215712,
    3966.9896038391007,
    2690.7265188124647,
    3824.09356555831,
    4013.448552986242,
    3796.379716277895,
    3489.0924133934673,
    3894.092644795643,
    3906.422883418873,
    3930.201752827363,
    3788.827882654954,
    3847.4645458682926,
    3982.3707200765693,
    4035.032641483001,
    3866.0535946645123,
    4177.678690281714,
    3929.115502566517,
    3997.0535310307755,
    3822.039549480736,
    3996.099665683754,
    2914.992161085129,
    3793.153234324936,
    3525.338959853927,
    3795.2552546571933,
    4020.316132597551,
    3986.4530429408505,
    3770.8194489626517,
    3652.342077267174,
    3903.832998522475,
    3991.7548207951354,
    3987.0235452024576,
    4102.504537430366,
    3878.03842026898,
    3852.8156884966743,
    4024.330395174069,
    3922.6699228034217,
    3938.968296824665,
    4089.6886345349,
    2598.8499961616526,
    3858.9358016361175,
    3940.506129229827,
    3821.56137499913,
    3421.253399643828,
    3898.0642651513754,
    3266.2251258099072,
    3805.8001143254096,
    2050.3067198314843,
    3928.6574465361596,
    3607.7676803593486,
    4037.954043812628,
    2864.3862353390946,
    3782.648245691409,
    3794.507961705551,
    3947.7151903404583
  ],
  "elapsed_s": 574.8962869644165
}