{
  "env": "HalfCheetah-v4",
  "agent": "Optimal_PPO",
  "seed": 4,
  "config": {
    "hidden_dim": 256,
    "obs_norm": true,
    "adv_norm": true,
    "lr_anneal": true,
    "eval_mode": "deterministic_mean",
    "n_seeds": 12,
    "total_timesteps": 1000000
  },
  "total_steps": 1001472,
  "final_reward": 1747.4873021194155,
  "max_reward": 1765.534761434835,
  "best10_mean": 1747.4873021194155,
  "eval_rewards": [
    -41.777579012218844,
    -56.238344469800936,
    34.461437212336286,
    786.7985180607334,
    1049.379871208606,
    805.8556889215677,
    1136.4821064889745,
    -84.99561184121292,
    1243.8924399723414,
    1333.6984783490275,
    1311.0403328763878,
    1370.795191719594,
    166.67819495220505,
    1236.9126217872658,
    1427.818605307462,
    1471.9592239560945,
    1450.8439327963347,
    1426.6302430851724,
    1487.90614758066,
    1509.7057824336546,
    1512.59432870101,
    1544.721787249572,
    1527.5434585923354,
    1550.9791036349325,
    1527.2146502272892,
    1338.8161274236904,
    1584.093573491649,
    1606.2055549337565,
    1600.6023509093284,
    1650.7408614194253,
    1631.0544160128288,
    1645.1101627671283,
    1666.0678829314452,
    1673.2960805663715,
    1688.5863625868096,
    1678.0238318056072,
    1693.0608601707481,
    1718.4676483734086,
    1722.163112388564,
    1736.234193885956,
    1733.8343940260759,
    1754.042359229294,
    1743.855430792543,
    1755.0149701470596,
    1745.7214700227116,
    1762.512602593668,
    1755.9597266734484,
    1765.534761434835
  ],
  "eval_steps": [
    20480,
    40960,
    61440,
    81920,
    102400,
    122880,
    143360,
    163840,
    184320,
    204800,
    225280,
    245760,
    266240,
    286720,
    307200,
    327680,
    348160,
    368640,
    389120,
    409600,
    430080,
    450560,
    471040,
    491520,
    512000,
    532480,
    552960,
    573440,
    593920,
    614400,
    634880,
    655360,
    675840,
    696320,
    716800,
    737280,
    757760,
    778240,
    798720,
    819200,
    839680,
    860160,
    880640,
    901120,
    921600,
    942080,
    962560,
    983040
  ],
  "episode_rewards": [
    1577.6694727979864,
    1563.2155480723886,
    1566.3324803290686,
    1586.305039802121,
    1576.6693834428504,
    1561.6142780523369,
    1567.5698001316816,
    1591.1115904172539,
    1563.0572807045078,
    1611.2624555197142,
    1617.1747995025303,
    1596.560868807743,
    1651.0744363520455,
    1607.0506921795052,
    1567.8059762724752,
    1563.9914716132046,
    1567.196693683198,
    1586.0429417162482,
    1596.6191526055893,
    1609.2647395770493,
    1571.997400504323,
    1582.978873747573,
    1596.9263440782372,
    1592.2126256726087,
    1573.2452886679696,
    1562.075672279636,
    1598.6218011903147,
    1626.4101671843214,
    1619.0248841827934,
    1594.2941072738934,
    1632.4840430116867,
    1617.680341892058,
    1597.476695816793,
    1619.4682340900306,
    1590.6476490210932,
    1627.9504476912805,
    1561.5679813353781,
    1637.5177872655527,
    1593.3815106513155,
    1591.4208234005275,
    1629.6602233860212,
    1626.4213656691716,
    1569.2091846507667,
    1574.210008353682,
    1614.0410342576554,
    1582.3678963686762,
    1617.2840029991532,
    1579.6228199836125,
    1600.2716484053044,
    1641.7125416812044,
    1608.449965797168,
    1606.2161566302022,
    1551.6249434222539,
    1627.0852109173402,
    1598.3383888625867,
    1576.9056692841198,
    1643.5313121540594,
    1624.8067251837335,
    1598.5750747551879,
    1618.128296166091,
    1630.3452612084122,
    1640.6715447903073,
    1628.9991233018523,
    1572.6723336236278,
    1652.155626051403,
    1651.4805151357623,
    1580.326938502065,
    1563.974297137187,
    1657.3540164002366,
    1647.1798897905262,
    1646.722366714992,
    1650.4472066114654,
    1638.8003976963778,
    1639.2354528623223,
    1621.380609924862,
    1628.8369091566356,
    1614.8772869427198,
    1591.6719141327771,
    1619.4204464591185,
    1618.3001687714113,
    1610.5603041667619,
    1594.1046666753027,
    1620.2394631748316,
    1632.0942263967327,
    1544.6628920530827,
    1656.9174457666295,
    1621.6742265881219,
    1592.882668115167,
    1572.369330957255,
    1626.6606212832437,
    1650.7616051567402,
    1641.0898045845724,
    1654.5183749063528,
    1632.4107537542736,
    1601.0069314527452,
    1584.3791920112208,
    1633.3427458828783,
    1608.5517454279864,
    1642.435059629226,
    1636.0283548164898,
    1639.9537629437775,
    1601.4111924506094,
    1629.1427989948295,
    1582.223413865992,
    1556.8361944280568,
    1624.1213341706678,
    1632.0358547264868,
    1612.0244607021953,
    1640.396619238465,
    1613.18562541547,
    1642.619083703528,
    1602.2618729411984,
    1593.8792789569436,
    1633.223242116838,
    1605.8843113181356,
    1591.075998586367,
    1643.32048582806,
    1667.2626802720415,
    1618.7964793216966,
    1627.7008470446317,
    1600.694293482638,
    1634.0429176843281,
    1632.8528274618513,
    1637.8457871267724,
    1625.7385495548108,
    1596.8279168281206,
    1622.3269234929003,
    1558.7159413010875,
    1628.3147515530563,
    1629.4178480299445,
    1604.2271505490949,
    1611.0156465775567,
    1583.7456030397861,
    1675.524896586021,
    1577.1886960543875,
    1635.750819570732,
    1685.5721490701296,
    1635.5024423432342,
    1663.4202491230976,
    1646.950821340233,
    1661.2177401212286,
    1651.9611386633862,
    1614.9003157882541,
    1659.8383049167496,
    1623.8449402836422,
    1648.1741179102075,
    1619.4856839926836,
    1630.887998084886,
    1634.221712982457,
    1620.846629350796,
    1666.5488828452244,
    1647.0007652887375,
    1665.5550401893886,
    1659.7707900366534,
    1661.1984477927829,
    1620.3061070355936,
    1643.7087162397588,
    1612.4747082111876,
    1624.9721044064647,
    1587.6378568481214,
    1621.8473496533784,
    1693.3749063960342,
    1587.979174760947,
    1656.9697387531953,
    1635.282201456125,
    1656.5571697198309,
    1632.2256755459516,
    1630.1938359815654,
    1615.7406866765618,
    1593.2084853259694,
    1612.5258774411332,
    1627.0831664771706,
    1701.1343527114889,
    1632.9437306306088,
    1619.2136130909437,
    1632.1818866132107,
    1632.430863844719,
    1626.429940668844,
    1625.085583358919,
    1653.5043159490813,
    1674.7504127065808,
    1627.37237963082,
    1617.3048722259755,
    1625.6538059560141,
    1668.3304737852804,
    1635.297954810112,
    1608.471570636562,
    1655.1467428145875,
    1647.5119200320987,
    1573.2529276152154,
    1648.5077243515486,
    1579.9520059845224,
    1610.7329922730678,
    1665.6566209875243,
    1575.5999588978843,
    1643.6917405469683,
    1670.5651545474575,
    1652.3565895306426,
    1656.256119710158,
    1606.6504905410259
  ],
  "elapsed_s": 604.8923509120941
}