{
  "env": "HalfCheetah-v4",
  "agent": "Optimal_PPO",
  "seed": 5,
  "config": {
    "hidden_dim": 256,
    "obs_norm": true,
    "adv_norm": true,
    "lr_anneal": true,
    "eval_mode": "deterministic_mean",
    "n_seeds": 12,
    "total_timesteps": 1000000
  },
  "total_steps": 1001472,
  "final_reward": 4542.885159450555,
  "max_reward": 4745.072394962056,
  "best10_mean": 4553.225006167495,
  "eval_rewards": [
    -16.69343426423823,
    -17.539305210308964,
    128.0009394148595,
    562.5296497756798,
    1010.2848157718245,
    1265.0284815758337,
    1639.258695112326,
    1740.7489741401794,
    2113.4852110745187,
    2084.683105412539,
    1558.1489594444256,
    1672.0587010993381,
    1559.6783700743597,
    2384.9248576621367,
    2443.758392721069,
    2787.127351537131,
    2624.270882727714,
    2914.6173486842436,
    3106.1127370999848,
    3165.542964393228,
    2998.6449848064344,
    3428.2589577021945,
    3371.90157787149,
    3260.0964206115377,
    3535.688735203781,
    3670.2938456151305,
    3797.78447198304,
    3892.1932654025777,
    3864.0334716703755,
    3830.8707603276425,
    3711.7891809125404,
    3981.5635750143374,
    4071.004594578194,
    4085.757701790169,
    4166.138507796464,
    4252.911541646674,
    4236.090257664991,
    4297.718372204575,
    4360.544468222323,
    4238.958353010836,
    4560.5075935450395,
    4208.273093671016,
    4562.3973223588855,
    4634.438595884303,
    4699.402939355059,
    4697.306698079339,
    4745.072394962056,
    4721.950135416693
  ],
  "eval_steps": [
    20480,
    40960,
    61440,
    81920,
    102400,
    122880,
    143360,
    163840,
    184320,
    204800,
    225280,
    245760,
    266240,
    286720,
    307200,
    327680,
    348160,
    368640,
    389120,
    409600,
    430080,
    450560,
    471040,
    491520,
    512000,
    532480,
    552960,
    573440,
    593920,
    614400,
    634880,
    655360,
    675840,
    696320,
    716800,
    737280,
    757760,
    778240,
    798720,
    819200,
    839680,
    860160,
    880640,
    901120,
    921600,
    942080,
    962560,
    983040
  ],
  "episode_rewards": [
    3592.178920809662,
    4016.849454026291,
    3971.7711781886514,
    3776.1677033196547,
    3840.331974252633,
    3870.5309265619285,
    3953.291808796898,
    3947.062115234197,
    4019.5904754472194,
    3594.0368729117035,
    4112.525597990272,
    4062.6123371485373,
    3982.8664233194077,
    3852.296446300911,
    3866.737282050761,
    3750.7103645574502,
    4005.392342894232,
    3962.13294516023,
    4101.513897626004,
    3824.9817946142985,
    3828.7351319543354,
    3641.4062505074367,
    3970.497685839572,
    3785.0597793313746,
    3944.2039253255484,
    4017.5716531351045,
    3850.622627339627,
    3840.4603352233944,
    1220.4101891348064,
    4021.914410596163,
    2882.3795573918405,
    3720.9066895348187,
    4235.210088123355,
    3915.9841479444963,
    4002.330300137299,
    3936.678720779005,
    1397.1416212705371,
    3910.774587217001,
    440.0077668535306,
    3609.302788454395,
    1166.4954029645842,
    3758.5936583958305,
    1920.3029812437637,
    3984.2635832360775,
    3863.3639778791917,
    3989.897668502673,
    3295.5156460300764,
    3594.3247805742426,
    4122.3673785860265,
    4026.075271011322,
    3803.1002783763956,
    3672.5213906284152,
    3774.18854016111,
    4074.162336860624,
    4004.9492917904754,
    4051.9392345375286,
    4064.5524375773066,
    653.5101324461748,
    4004.3356090902216,
    2419.0695720798512,
    3226.7224315759463,
    4167.422051842788,
    4084.203449184495,
    3965.6005707148706,
    429.23159645304804,
    4121.291347534512,
    3775.831984526578,
    3973.767472595671,
    4055.0506290900603,
    3842.5186925428607,
    4019.1142720784314,
    4061.1284975339804,
    3893.039748470303,
    1653.5667612814666,
    3897.625875184543,
    3892.597027754963,
    1708.7308762987639,
    1264.500655295469,
    3983.4920979293356,
    4003.5218307156383,
    3971.4440335516883,
    4015.770628481693,
    3903.941715450644,
    3960.500771576057,
    4236.919323505781,
    4054.07195217987,
    4097.1587834192205,
    3814.2028987428434,
    1572.8691322119876,
    3901.384586605158,
    4080.4709623386734,
    4047.329182522554,
    4067.560943808817,
    3999.2156209887867,
    4030.6166901488364,
    3918.7936987553358,
    4067.8919556897476,
    4237.156614149011,
    3922.8235945256365,
    4131.374409762603,
    4231.874315448597,
    4042.485001147338,
    4082.84381701829,
    4205.789069583389,
    1609.348195602766,
    4214.631049051112,
    1687.7752260070238,
    4283.389548512583,
    3824.2257636806326,
    4056.4078226630513,
    4148.747816268646,
    4132.1949191543545,
    4179.623654216467,
    3976.749146993501,
    4133.283727974306,
    2575.8737504763385,
    4214.617326432244,
    4137.7302858859675,
    4143.058870880517,
    4036.0699953886437,
    4128.164966110275,
    4122.815367313486,
    4056.433129057034,
    4192.536405441544,
    4169.640740099479,
    1937.721526707091,
    4005.867895215461,
    4123.6656841915155,
    3898.0804730728064,
    4114.354122227774,
    4125.073416346915,
    1642.6675518717493,
    4094.1486076780757,
    4156.063003171011,
    4074.0286351473846,
    4144.386326592368,
    4198.965890024256,
    4228.705086889961,
    4104.012263052118,
    4208.497552353642,
    4228.53476433525,
    4183.276322952555,
    4260.272367364914,
    4008.1652421239733,
    4258.586982596868,
    4306.412996632233,
    4187.441182417794,
    3134.4016233912503,
    4289.6847830689085,
    4005.107336147819,
    4172.0364131309125,
    4043.2280709687684,
    3978.168402921115,
    4262.7785340990295,
    4241.897350509326,
    4120.720507862297,
    4390.1106773396605,
    4175.42248803551,
    4283.950371829959,
    4323.938609570113,
    4164.7648657986565,
    4023.542147744082,
    4158.983279065723,
    4164.067294383285,
    4021.63653916674,
    4107.789316190213,
    4021.7023340897586,
    3977.664668400755,
    4332.092121604231,
    4011.110392684908,
    4230.520381253378,
    4252.163819274951,
    4190.103649303353,
    4268.271324163686,
    4260.9171653721505,
    4184.769306806372,
    4338.680128099922,
    4253.562294213294,
    4215.42931688773,
    4246.568592725826,
    4127.784761748643,
    3751.133781383049,
    4222.4036348696045,
    3939.797457106828,
    4073.402678108612,
    4239.073095239795,
    4104.4865583850515,
    3918.0175845556,
    4144.103780103569,
    4101.972794292199,
    4201.132807837005,
    4289.483621747267,
    4145.8641484794625,
    4336.838539201484,
    4118.213755577407,
    4280.265904355553,
    4291.989207239647,
    4192.553600779475,
    4095.984539189872,
    4116.814219273075
  ],
  "elapsed_s": 564.9049971103668
}