{
  "env": "HalfCheetah-v4",
  "agent": "Optimal_PPO",
  "seed": 3,
  "config": {
    "hidden_dim": 256,
    "obs_norm": true,
    "adv_norm": true,
    "lr_anneal": true,
    "eval_mode": "deterministic_mean",
    "n_seeds": 12,
    "total_timesteps": 1000000
  },
  "total_steps": 1001472,
  "final_reward": 3565.372506763894,
  "max_reward": 3907.078725563063,
  "best10_mean": 3565.3725067638943,
  "eval_rewards": [
    -9.04259906166989,
    133.0464947197906,
    -7.4803146203696596,
    -10.84101554078931,
    682.2331395414573,
    894.701748761976,
    1195.8633924558894,
    1498.2780741009653,
    1415.0240882034866,
    1616.284812159538,
    1930.4426305787088,
    1820.631739816729,
    1969.8430748062606,
    1909.4825820549315,
    2172.5841429240218,
    2272.385941035794,
    2181.884682955692,
    2244.9071644436212,
    2367.4865357251665,
    2061.5402243072754,
    2319.15766843475,
    2321.3831940614828,
    2400.12647638188,
    2541.0190368033814,
    2521.103494057064,
    2647.5837398768626,
    2317.9948022807575,
    2649.5700929443906,
    2597.579839017389,
    2387.2991371543467,
    2592.0497692680765,
    2857.1299029396155,
    2699.31934661747,
    2953.97153331095,
    2584.7458649632317,
    2919.5290448070996,
    3034.3509409639405,
    2989.6871761846037,
    3137.518227300872,
    3243.0772179035694,
    3326.6575846288856,
    3216.666193677338,
    3549.3771600819346,
    3722.140621779867,
    3887.301406116064,
    3907.078725563063,
    3867.1849205125304,
    3796.7230100748193
  ],
  "eval_steps": [
    20480,
    40960,
    61440,
    81920,
    102400,
    122880,
    143360,
    163840,
    184320,
    204800,
    225280,
    245760,
    266240,
    286720,
    307200,
    327680,
    348160,
    368640,
    389120,
    409600,
    430080,
    450560,
    471040,
    491520,
    512000,
    532480,
    552960,
    573440,
    593920,
    614400,
    634880,
    655360,
    675840,
    696320,
    716800,
    737280,
    757760,
    778240,
    798720,
    819200,
    839680,
    860160,
    880640,
    901120,
    921600,
    942080,
    962560,
    983040
  ],
  "episode_rewards": [
    2081.788495113733,
    2548.8620869215943,
    2733.0821873794216,
    2780.4980629869606,
    2019.0060011916946,
    2785.3313960433466,
    2665.714074716933,
    2762.488600957137,
    2940.50321075789,
    2614.239289808498,
    2708.9024692316043,
    2734.109814818033,
    2842.9947744101514,
    2725.312357961496,
    1745.1852195697572,
    2789.2457907371927,
    1634.263483469186,
    2857.501559569149,
    2740.6460703927028,
    3036.1705846761215,
    3005.123977339436,
    1397.3799603615187,
    2625.3333493940545,
    2479.6269824832902,
    2811.8566810811226,
    2038.907662579155,
    1842.6318660037477,
    2858.4799816874743,
    2801.1576591284233,
    2902.0986172877006,
    2941.883234475649,
    1251.3452761437716,
    2650.9257500935614,
    2040.0634473972143,
    1792.1498934841438,
    2748.5391523619055,
    2907.7690910167817,
    2701.277382125058,
    3004.1541935248642,
    1605.727592349531,
    2737.6025260677475,
    2643.2286535717626,
    2577.3728287827867,
    1673.0262012823093,
    2643.379420131187,
    2732.712731537367,
    2873.3376434589827,
    3006.8841604909285,
    2470.226986263756,
    1612.6495168702124,
    2412.7407690964806,
    2877.2163331793763,
    2859.463319077429,
    2656.7311942272913,
    2695.4581670832076,
    1665.3230353563924,
    1608.7032683950679,
    1318.701422407001,
    2580.4986276748627,
    2889.579618453293,
    2967.212041873017,
    2664.6338343189973,
    2875.840402304742,
    1288.123699180394,
    2634.6551317454914,
    3062.022169346031,
    2900.5175953487487,
    2853.333782944535,
    2979.4482237962966,
    2936.952259537582,
    2659.018801247914,
    2634.424813995998,
    2649.022963020866,
    1793.7267186218971,
    1660.2797092705757,
    2855.0293311295122,
    2466.9672652689906,
    1885.812931479564,
    3051.701669481698,
    2934.3275480287516,
    1457.7789128348352,
    3005.072472911223,
    3034.1324799062236,
    3020.904983637895,
    3105.2719564193103,
    2954.0812707947043,
    2846.4319794964304,
    3045.1744538766225,
    2893.2499200913217,
    2915.2248628276084,
    3001.6241899414467,
    3155.8873618958687,
    2912.143590346488,
    2787.981893553366,
    3183.6170780029593,
    2949.0415944822107,
    3030.3711032210267,
    2995.964394042266,
    1865.3781481120254,
    2967.904233795301,
    2921.139433273655,
    3102.607195779161,
    3082.4167182460683,
    2682.4118821806514,
    2615.4302889985083,
    3015.308009670713,
    2955.1910955076137,
    2831.242544839194,
    3168.266641628226,
    2784.820049358931,
    3000.724735003015,
    3323.2208133740746,
    3065.0079413147187,
    2897.9498770666723,
    3094.723386543192,
    3259.592841362047,
    1404.9937331994533,
    3217.8055769441976,
    3221.774711212035,
    3087.2559632605407,
    2597.8321527841836,
    3172.427799996971,
    2807.978519837116,
    2098.243062005092,
    3322.917488828742,
    2384.7261833814773,
    3077.3105390863234,
    2302.0821222095456,
    3394.5909241650374,
    2886.805759630853,
    2668.6899615753946,
    3210.2251250440595,
    3503.1632080716176,
    3595.1138377697466,
    3288.9943445670046,
    2396.5314657652,
    3276.7199203821287,
    3187.4279667335727,
    3164.368476651783,
    3317.3548509220377,
    3516.7109571077144,
    3377.927881826154,
    2355.2645360054853,
    3251.4338954236705,
    2978.535552339106,
    2244.599708752447,
    3423.871119031204,
    3317.3725050892776,
    3113.3928187315923,
    3191.056632121734,
    3268.9807197119126,
    3349.7381801105603,
    3050.8511705591714,
    3327.347745315859,
    3046.6679091470405,
    3366.505490145452,
    3198.9832952970946,
    3302.354068340879,
    3200.672389396344,
    3136.4486489883866,
    3279.738866792367,
    3355.7620353249267,
    2162.582705789747,
    3206.4184833463532,
    3132.372628682312,
    3494.9841111542532,
    3166.8927600727775,
    3187.6340780539413,
    3384.6870903240165,
    3199.6465477484517,
    2929.985933383593,
    2566.5573067942473,
    3441.4570374783384,
    3261.742450034518,
    3310.215878167656,
    3019.5696986283515,
    3263.7535361449536,
    3031.3242941390986,
    3095.321518785625,
    3326.502252986641,
    3309.158764445696,
    2810.3184503030097,
    3156.269404555137,
    2999.1462887768607,
    3306.4031247162907,
    1375.331954231197,
    3259.929616475284,
    3158.98256273158,
    3122.94756051641,
    3241.539418760049,
    3257.223877553972,
    3305.407883709007,
    3035.792578949626,
    3413.353631405767,
    3374.5129245316166,
    2947.227607166902,
    3497.9865778848657,
    3220.4843874152875,
    3425.6180475185733,
    3460.240824579319
  ],
  "elapsed_s": 561.9620275497437
}