{
  "env": "HalfCheetah-v4",
  "agent": "Optimal_PPO",
  "seed": 2,
  "config": {
    "hidden_dim": 256,
    "obs_norm": true,
    "adv_norm": true,
    "lr_anneal": true,
    "eval_mode": "deterministic_mean",
    "n_seeds": 12,
    "total_timesteps": 1000000
  },
  "total_steps": 1001472,
  "final_reward": 4533.278310616885,
  "max_reward": 4691.745993461412,
  "best10_mean": 4557.160534935675,
  "eval_rewards": [
    -15.3113208039493,
    -23.264958784783744,
    -23.640108318514322,
    107.06064439351212,
    122.63700791826605,
    367.62618427322616,
    1087.9744462241624,
    1275.5645147632495,
    1404.9025504504543,
    1711.7611013012981,
    2006.823260201291,
    1971.11653538475,
    2135.0164350405457,
    2506.980971863907,
    2653.800918284355,
    2714.599023855847,
    2874.5814002151797,
    2945.8425656330164,
    3057.7992057587917,
    3059.130456049432,
    3203.0674318721635,
    3228.9201740247613,
    3250.9624989761437,
    3440.9959966145225,
    3522.763312180357,
    3573.906626822541,
    3545.7300362689493,
    3804.3765887719974,
    3981.640775409407,
    3876.974818499304,
    4032.5388478262043,
    4033.8695719249818,
    4279.657195253789,
    4188.8555069234235,
    4355.388578161847,
    4383.056723592461,
    4386.7719906942675,
    4445.262224439724,
    4374.375548948254,
    4500.832014567535,
    4585.449325991899,
    4539.724282648255,
    4218.836422997831,
    4649.388535401708,
    4620.390676987031,
    4691.745993461412,
    4572.142304515234,
    4579.898000649692
  ],
  "eval_steps": [
    20480,
    40960,
    61440,
    81920,
    102400,
    122880,
    143360,
    163840,
    184320,
    204800,
    225280,
    245760,
    266240,
    286720,
    307200,
    327680,
    348160,
    368640,
    389120,
    409600,
    430080,
    450560,
    471040,
    491520,
    512000,
    532480,
    552960,
    573440,
    593920,
    614400,
    634880,
    655360,
    675840,
    696320,
    716800,
    737280,
    757760,
    778240,
    798720,
    819200,
    839680,
    860160,
    880640,
    901120,
    921600,
    942080,
    962560,
    983040
  ],
  "episode_rewards": [
    3671.5238969128527,
    3918.1338100297858,
    3425.535024896297,
    3710.5928060857545,
    3833.420693465554,
    3861.589785625506,
    2067.8718673393223,
    108.82026955218959,
    3808.498407388269,
    3943.087300710946,
    3889.2849553918386,
    3992.131989604692,
    3823.1596854413215,
    1706.9327371534775,
    3829.1821601669076,
    3876.725943653062,
    3812.7635058170667,
    3952.399762120689,
    3611.3134088345973,
    3747.3911213966003,
    3782.847217785292,
    3827.0518862630074,
    3878.9789473404294,
    4034.5724941685594,
    3970.9302068619104,
    3912.8526021824628,
    3895.1797632806574,
    3648.0441587220344,
    3804.049353344755,
    3805.2700531016103,
    3403.1885613097893,
    4046.7079255016056,
    3833.3003593912513,
    3674.4049797008106,
    3951.2874775635805,
    3832.4886015341103,
    3746.859569922631,
    3972.3425595336785,
    4098.31632787182,
    4102.545080748966,
    3842.8872176874684,
    4116.4930503521755,
    3865.2240036309618,
    -352.7048265432557,
    3947.4192712515924,
    3885.8598664247647,
    3974.4621227464536,
    3269.9710895506273,
    3876.545169124606,
    3850.095010763767,
    4072.844281004649,
    4031.376865387945,
    3922.254739773249,
    3157.5177586818,
    3941.9927302643987,
    4248.187940098811,
    353.6721042856117,
    3245.344978052755,
    3967.875254890332,
    4087.1880671450776,
    3912.864688379399,
    4045.2772003802884,
    3968.8519874700246,
    4127.143916719158,
    3738.689068584529,
    4060.636703138057,
    3913.6297245245087,
    3838.2573201596124,
    3925.207814465781,
    3739.390289348343,
    3892.427579846447,
    3753.042629432083,
    2845.0488304412024,
    4145.8808790204375,
    3948.323454382254,
    3860.1560365089695,
    3702.739116209516,
    3712.9973217641627,
    4194.402471217688,
    3505.7599297111465,
    3998.4631939813376,
    3661.4241970764524,
    3495.122789348685,
    4088.174751797466,
    901.4111896513133,
    3910.530828774276,
    3941.459381055124,
    4109.565456699305,
    3849.245797829788,
    3934.333601385125,
    1927.8218560612556,
    3775.087506895964,
    4204.290786634942,
    3571.8947864011348,
    3270.3544073963635,
    2358.7353450261894,
    3990.959429942038,
    4285.276450591381,
    3863.062485478089,
    3797.4778236667,
    3808.7281188930037,
    3828.8048719335848,
    -97.62134733514816,
    3838.8933595529306,
    3655.6280990853475,
    4252.559816995554,
    3968.8454538355704,
    4006.3440450293388,
    4217.181008906817,
    4100.2266480119515,
    4142.614961846359,
    3623.427885099457,
    3988.3112165316834,
    4087.3241688223857,
    3360.6593553789285,
    4144.784618249187,
    978.6528820311063,
    3714.3647908128055,
    4197.908047681233,
    4053.0099193049123,
    4114.200873035749,
    4038.4063200410483,
    4142.039264080527,
    879.2550881075384,
    3939.1356089735064,
    4085.314133846035,
    3898.1822324788714,
    4021.1309057454264,
    4117.356137808698,
    4009.2518076035794,
    3974.9657724556764,
    2357.994080098875,
    677.9648671626089,
    2982.7057839618183,
    4143.46654497953,
    4010.102787385973,
    3884.6845674660867,
    309.3851324289921,
    4104.282914679598,
    3931.8571846520554,
    4009.8005295939283,
    4184.841218604555,
    4109.140003781419,
    4118.863711210425,
    4142.135532401154,
    3794.209892230119,
    2930.8620556209135,
    3920.6768323758174,
    4066.1370901910645,
    4184.770353813465,
    4123.550181184231,
    3915.842592756876,
    3855.387264761004,
    423.82136361051494,
    4021.8678910792514,
    4179.373282582375,
    4032.731713894984,
    4163.879386454019,
    66.74377714244929,
    3939.321089151638,
    4031.512614865316,
    3884.74142302695,
    3780.6343184435436,
    4312.020612971125,
    3896.3345870632475,
    4120.185259708618,
    4062.701620043962,
    192.40099322578175,
    880.9049917753756,
    3851.9250379224773,
    3979.1795822595277,
    965.2753053334532,
    3934.2477158816732,
    3937.5434438228713,
    4137.529389259302,
    4216.352785592573,
    4266.312670411879,
    4065.672818168052,
    290.9193726859748,
    4072.7022037722586,
    3978.475941045323,
    3802.8972614225877,
    4192.24328120623,
    3689.8749432151817,
    -277.9089195633338,
    4028.9347023562323,
    4326.159301223344,
    3938.181560645445,
    1822.6975143556754,
    4147.862670206761,
    3095.525066798375,
    1780.387089724998,
    4032.0547448681596,
    4143.684752450648,
    3983.569822527154,
    4055.1921621173133,
    3997.0165025470014,
    3957.561146268763,
    4117.626457014446,
    4155.560526936052
  ],
  "elapsed_s": 548.0638091564178
}