{
  "env": "HalfCheetah-v4",
  "agent": "GAE_Lambda1",
  "seed": 789,
  "final_reward": 128.88475549085427,
  "best_reward": 172.69357524647296,
  "mean_reward": 5.98746977762459,
  "all_eval_rewards": [
    -8.055623865693947,
    -13.556211899679663,
    -42.48792094234382,
    -33.83961252037344,
    -26.52373424761913,
    -1.2680753276136802,
    -7.5118685550703415,
    60.02068940276148,
    45.251173066276216,
    -6.279842216020955,
    21.011888705409568,
    -25.820959687182203,
    -16.72238257382122,
    8.79540538869474,
    21.38772385781764,
    -11.513232349389732,
    -36.536515850578304,
    -71.01658578274218,
    -64.37289913657432,
    -62.04009071393345,
    -26.896126193343473,
    -20.607725659199538,
    -10.618454898391501,
    28.32834844564486,
    30.34976370657946,
    57.50522692493729,
    114.21279057407541,
    99.74790065201447,
    172.69357524647296
  ],
  "eval_steps": [
    10240,
    20480,
    30720,
    40960,
    51200,
    61440,
    71680,
    81920,
    92160,
    102400,
    112640,
    122880,
    133120,
    143360,
    153600,
    163840,
    174080,
    184320,
    194560,
    204800,
    215040,
    225280,
    235520,
    245760,
    256000,
    266240,
    276480,
    286720,
    296960
  ],
  "elapsed_s": 108.4
}