{
  "env": "HalfCheetah-v4",
  "agent": "GAE_Lambda1",
  "seed": 42,
  "final_reward": 195.9072338693943,
  "best_reward": 227.08598063378378,
  "mean_reward": 40.72572524995179,
  "all_eval_rewards": [
    -1.0487112117595079,
    -106.92114958280374,
    -405.0619137224972,
    -61.07900151128986,
    14.264463270756355,
    87.50145870269785,
    20.136957001743536,
    37.832455380586474,
    8.079701499082379,
    -19.607573640346047,
    48.83088481109627,
    33.18851730908288,
    28.76878311459003,
    -23.07008725451605,
    -46.36692390879633,
    -35.86620128354584,
    -13.60306876193549,
    -8.124049422706088,
    -42.07996587810104,
    39.77840273585532,
    126.32534013246088,
    158.89395577761388,
    227.08598063378378,
    160.22727600549226,
    158.78462806427768,
    206.45417237959646,
    179.68134519734855,
    207.47362176733068,
    200.5667346435037
  ],
  "eval_steps": [
    10240,
    20480,
    30720,
    40960,
    51200,
    61440,
    71680,
    81920,
    92160,
    102400,
    112640,
    122880,
    133120,
    143360,
    153600,
    163840,
    174080,
    184320,
    194560,
    204800,
    215040,
    225280,
    235520,
    245760,
    256000,
    266240,
    276480,
    286720,
    296960
  ],
  "elapsed_s": 120.0
}