{
  "env": "HalfCheetah-v4",
  "agent": "GAE_Lambda1",
  "seed": 123,
  "final_reward": 187.79650066427237,
  "best_reward": 213.38136555171818,
  "mean_reward": 89.95178072170299,
  "all_eval_rewards": [
    -2.9512356591153504,
    -8.228830881117501,
    75.85988913321532,
    172.67427679407965,
    39.95324497003068,
    -11.432025366595324,
    -46.45851318317615,
    -49.12223765966935,
    -55.33515697533735,
    -56.6283632302265,
    -32.77381178940572,
    49.55134507522416,
    144.45939378831827,
    64.69000876084098,
    88.74304574327387,
    87.23084292104822,
    90.21162804244065,
    92.42768837796152,
    155.34503393654524,
    170.57069009009086,
    145.84447042287982,
    168.65122512542092,
    189.28828353477707,
    157.13883150186533,
    206.87645911715873,
    208.6259563460415,
    181.94347075389567,
    168.0646656872033,
    213.38136555171818
  ],
  "eval_steps": [
    10240,
    20480,
    30720,
    40960,
    51200,
    61440,
    71680,
    81920,
    92160,
    102400,
    112640,
    122880,
    133120,
    143360,
    153600,
    163840,
    174080,
    184320,
    194560,
    204800,
    215040,
    225280,
    235520,
    245760,
    256000,
    266240,
    276480,
    286720,
    296960
  ],
  "elapsed_s": 121.5
}