{
  "env": "HalfCheetah-v4",
  "agent": "GAE_Lambda1",
  "seed": 456,
  "final_reward": 190.89866888306088,
  "best_reward": 310.6828467395035,
  "mean_reward": 78.86996976732587,
  "all_eval_rewards": [
    -1.796447991158479,
    -8.164585625730973,
    54.338020547950904,
    65.23614920613615,
    133.46406115027457,
    171.81300166581548,
    310.6828467395035,
    53.23940634897379,
    14.78675206595268,
    -9.698294949332569,
    -15.373333114639305,
    -21.1132005980295,
    -16.55183873341486,
    -22.13577472108033,
    -41.026103741885485,
    26.421954015594054,
    -10.487370433390433,
    4.945421154259472,
    3.1475068107561452,
    88.52795618298266,
    96.027311725812,
    134.83696092243503,
    166.41611244267295,
    171.88547682444886,
    166.3792278345067,
    198.73190087385476,
    197.69801658619707,
    184.31904556448393,
    190.67894449850164
  ],
  "eval_steps": [
    10240,
    20480,
    30720,
    40960,
    51200,
    61440,
    71680,
    81920,
    92160,
    102400,
    112640,
    122880,
    133120,
    143360,
    153600,
    163840,
    174080,
    184320,
    194560,
    204800,
    215040,
    225280,
    235520,
    245760,
    256000,
    266240,
    276480,
    286720,
    296960
  ],
  "elapsed_s": 115.8
}