{
  "env": "HalfCheetah-v4",
  "agent": "HCGAE_Base",
  "seed": 789,
  "final_reward": 742.011465196551,
  "best_reward": 900.8111065225978,
  "mean_reward": 387.4864017130022,
  "all_eval_rewards": [
    -0.8109856549329718,
    5.278200015713884,
    -3.2337373274347656,
    -20.69086936998622,
    91.31641291799279,
    98.84337981255541,
    83.28471257476033,
    84.61062980045693,
    44.69923130161467,
    55.99879120519214,
    117.54718734680227,
    199.7029861050515,
    253.01206923909314,
    200.00538725571863,
    260.6317106968971,
    439.9104475225121,
    479.74797163539296,
    549.392741831366,
    551.9184582533607,
    666.7768022631102,
    740.1978319859245,
    776.5406682804829,
    813.8462708664856,
    861.3585569918774,
    760.3752920148061,
    900.8111065225978,
    866.7466253441753,
    696.8299052825457,
    662.4578649629318
  ],
  "eval_steps": [
    10240,
    20480,
    30720,
    40960,
    51200,
    61440,
    71680,
    81920,
    92160,
    102400,
    112640,
    122880,
    133120,
    143360,
    153600,
    163840,
    174080,
    184320,
    194560,
    204800,
    215040,
    225280,
    235520,
    245760,
    256000,
    266240,
    276480,
    286720,
    296960
  ],
  "elapsed_s": 101.4
}