{
  "Standard_PPO": {
    "mean": 1029.3924251239682,
    "std": 44.5611597912365,
    "min": 966.1653560484765,
    "max": 1087.0027995283008,
    "seeds": [
      1069.2783699215415,
      1087.0027995283008,
      997.530479151856,
      966.1653560484765,
      1026.985120969667
    ]
  },
  "GAE_Lambda1": {
    "mean": 174.45035632220453,
    "std": 24.566707939321123,
    "min": 128.88475549085427,
    "max": 195.9072338693943,
    "seeds": [
      195.9072338693943,
      187.79650066427237,
      190.89866888306088,
      128.88475549085427,
      168.76462270344084
    ]
  },
  "HCGAE_Base": {
    "mean": 837.1788890844897,
    "std": 216.20061529745252,
    "min": 489.97897041877036,
    "max": 1067.1066470676826,
    "seeds": [
      1063.1418351335658,
      823.6555276058789,
      489.97897041877036,
      742.011465196551,
      1067.1066470676826
    ]
  },
  "HCGAE_Imp12": {
    "mean": 853.4775080675518,
    "std": 275.88936824263675,
    "min": 407.94379891205307,
    "max": 1207.8638397612046,
    "seeds": [
      1072.4923081381771,
      407.94379891205307,
      802.6250415277831,
      776.4625519985411,
      1207.8638397612046
    ]
  }
}