{
  "summary": {
    "Hopper-v4": {
      "Optimal_PPO": {
        "mean": 2848.863961110672,
        "sem": 194.79339890215005,
        "n": 12
      },
      "Optimal_HCGAE_v4": {
        "mean": 2984.555349977576,
        "sem": 167.77943652062686,
        "n": 12
      }
    },
    "Walker2d-v4": {
      "Optimal_PPO": {
        "mean": 4089.0376267424385,
        "sem": 168.0560539553073,
        "n": 12
      },
      "Optimal_HCGAE_v4": {
        "mean": 4275.63861753641,
        "sem": 119.8731461432075,
        "n": 12
      }
    },
    "HalfCheetah-v4": {
      "Optimal_PPO": {
        "mean": 2859.054196951247,
        "sem": 367.23780691539497,
        "n": 12
      },
      "Optimal_HCGAE_v4": {
        "mean": 2989.9551692946075,
        "sem": 384.4939276067551,
        "n": 12
      },
      "Optimal_HCGAE_v6": {
        "mean": 1963.3401923715164,
        "sem": 154.30916340132612,
        "n": 12
      }
    },
    "Ant-v4": {
      "Optimal_PPO": {
        "mean": 2667.8889085631745,
        "sem": 169.18088600300314,
        "n": 12
      },
      "Optimal_HCGAE_v2_NoBdry": {
        "mean": 2291.1670423836267,
        "sem": 154.00934150455006,
        "n": 12
      },
      "Optimal_HCGAE_v5": {
        "mean": 2197.368453948959,
        "sem": 66.96520077613809,
        "n": 2
      }
    },
    "Swimmer-v4": {}
  },
  "stats": {
    "Hopper-v4|Optimal_HCGAE_v4": {
      "n_m": 12,
      "n_b": 12,
      "mean_m": 2984.555349977576,
      "sem_m": 167.77943652062686,
      "mean_b": 2848.863961110672,
      "sem_b": 194.79339890215005,
      "delta_pct": 4.762999943792563,
      "mw_p": 0.6650055421020291,
      "cohens_d": 0.21547371795826498,
      "ci_lo": -361.5590951805183,
      "ci_hi": 651.5972134135862,
      "sig": false
    },
    "Walker2d-v4|Optimal_HCGAE_v4": {
      "n_m": 12,
      "n_b": 12,
      "mean_m": 4275.63861753641,
      "sem_m": 119.8731461432075,
      "mean_b": 4089.0376267424385,
      "sem_b": 168.0560539553073,
      "delta_pct": 4.563445187521342,
      "mw_p": 0.40250382378200356,
      "cohens_d": 0.3690373131629467,
      "ci_lo": -219.7021157530178,
      "ci_hi": 578.5215356330383,
      "sig": false
    },
    "HalfCheetah-v4|Optimal_HCGAE_v4": {
      "n_m": 12,
      "n_b": 12,
      "mean_m": 2989.9551692946075,
      "sem_m": 384.4939276067551,
      "mean_b": 2859.054196951247,
      "sem_b": 367.23780691539497,
      "delta_pct": 4.578471177023821,
      "mw_p": 0.7508318840891169,
      "cohens_d": 0.10050900355765095,
      "ci_lo": -907.919081236327,
      "ci_hi": 1188.4272232498377,
      "sig": false
    },
    "HalfCheetah-v4|Optimal_HCGAE_v6": {
      "n_m": 12,
      "n_b": 12,
      "mean_m": 1963.3401923715164,
      "sem_m": 154.30916340132612,
      "mean_b": 2859.054196951247,
      "sem_b": 367.23780691539497,
      "delta_pct": -31.329032011066545,
      "mw_p": 0.11235119769046394,
      "cohens_d": -0.917993463417301,
      "ci_lo": -1666.3073583280718,
      "ci_hi": -118.15752160852364,
      "sig": false
    },
    "Ant-v4|Optimal_HCGAE_v2_NoBdry": {
      "n_m": 12,
      "n_b": 12,
      "mean_m": 2291.1670423836267,
      "sem_m": 154.00934150455006,
      "mean_b": 2667.8889085631745,
      "sem_b": 169.18088600300314,
      "delta_pct": -14.120597936779312,
      "mw_p": 0.14095521914437145,
      "cohens_d": -0.672239442756318,
      "ci_lo": -833.0000416894684,
      "ci_hi": 61.95380242346983,
      "sig": false
    },
    "Ant-v4|Optimal_HCGAE_v5": {
      "n_m": 2,
      "n_b": 12,
      "mean_m": 2197.368453948959,
      "sem_m": 66.96520077613809,
      "mean_b": 2667.8889085631745,
      "sem_b": 169.18088600300314,
      "delta_pct": -17.63643355246964,
      "mw_p": 0.26373626373626374,
      "cohens_d": -1.12086716964142,
      "ci_lo": -845.8146854496346,
      "ci_hi": -144.86372325555186,
      "sig": false
    }
  }
}