{
  "env": "Ant-v4",
  "agent": "Standard_PPO",
  "seed": 1,
  "config": {
    "hidden_dim": 256,
    "lr": 0.0003,
    "gamma": 0.99,
    "lam": 0.95,
    "eps_clip": 0.2,
    "n_epochs": 10,
    "batch_size": 64,
    "n_steps": 2048,
    "ent_coef": 0.0,
    "vf_coef": 0.5,
    "max_grad_norm": 0.5,
    "use_obs_norm": false,
    "use_adv_norm": false,
    "use_lr_anneal": false,
    "total_timesteps": 1000000,
    "eval_freq": 20480,
    "n_eval_episodes": 10,
    "eval_mode": "deterministic_mean",
    "scr_ema_alpha": null,
    "scr_relax": null,
    "clip_c": null,
    "use_dcppo_s": false,
    "dcppo_w_min": 0.1
  },
  "total_steps": 1001472,
  "elapsed_s": 1035.3835921287537,
  "final_reward": 56.643915354228355,
  "max_reward": 980.4023538892019,
  "eval_rewards": [
    980.4023538892019,
    703.6562609247342,
    248.97610857186595,
    84.40855995710149,
    9.920698095429518,
    -12.269990692430282,
    -0.7237746767865424,
    -4.7605369814523595,
    -3.542850673360404,
    -3.885150433294214,
    -1.370007143718687,
    38.697030143530036,
    15.748012082085816,
    20.59559695797671,
    39.981744885246584,
    50.61630415363315,
    72.79144894114441,
    71.36072302716009,
    109.79300518839827,
    83.5382101220711,
    24.115229478294186,
    77.14879916481709,
    46.12319364869309,
    45.093035219978255,
    162.61231265581395,
    70.69286847887162,
    57.14642094120084,
    40.698673952431,
    48.96371944092626,
    147.16843691364528,
    128.39967858999378,
    68.64635118261242,
    38.734777304420014,
    17.80533415418086,
    64.42266311243314,
    22.16559216476751,
    36.51215913999688,
    30.465433349686215,
    30.745330677193255,
    33.18343197357465,
    45.50363521283352,
    101.1052814647588,
    102.77590992531862,
    140.1534581828564,
    74.57511032458054,
    47.98532140571957,
    15.891295896885698,
    7.928776421105953,
    -2.6630672653501755
  ],
  "eval_steps": [
    2048,
    22528,
    43008,
    63488,
    83968,
    104448,
    124928,
    145408,
    165888,
    186368,
    206848,
    227328,
    247808,
    268288,
    288768,
    309248,
    329728,
    350208,
    370688,
    391168,
    411648,
    432128,
    452608,
    473088,
    493568,
    514048,
    534528,
    555008,
    575488,
    595968,
    616448,
    636928,
    657408,
    677888,
    698368,
    718848,
    739328,
    759808,
    780288,
    800768,
    821248,
    841728,
    862208,
    882688,
    903168,
    923648,
    944128,
    964608,
    985088
  ],
  "episode_rewards": [
    8.977814185812118,
    30.906766520127654,
    -3.9323295438109085,
    -4.850906301575331,
    0.49283864961612256,
    37.3140000212633,
    -8.75043334558379,
    8.11804101709524,
    9.692715359445273,
    10.101788507619206,
    -11.055394083022549,
    -40.465443728214986,
    -40.12970862675063,
    12.82219554383708,
    -22.015150457995382,
    16.841210341595378,
    61.28690924609403,
    11.504947777793987,
    23.920478180524995,
    -3.111760579549765,
    1.9168473620212019,
    -37.52094164112911,
    23.717540499660377,
    -5.746115373158053,
    -27.23071554124981,
    1.7094518993441157,
    5.886131666012848,
    -11.658656128339564,
    13.287671481023706,
    -22.184032924835794,
    -5.401154831609025,
    14.020488412946628,
    -5.659854208728179,
    37.291934356832336,
    -88.43341736647824,
    27.97769598933327,
    13.512800008073238,
    -35.27011837621,
    -9.745502038847636,
    9.478560733251074,
    10.712045665819064,
    -25.75673342962606,
    -66.21859414245044,
    -29.332828548331683,
    18.622558185514865,
    20.85428474752733,
    66.03980275424577,
    -16.987919664539287,
    -7.28165432503602,
    -17.21643440529806,
    -6.9836611786491325,
    -51.94877143283041,
    3.66665418746173,
    -13.762329926650729,
    1.9450167555458444,
    17.343614150714046,
    -13.05234335132194,
    -9.745589392217068,
    -10.881744229578635,
    -9.466786550920474,
    -12.000766869856296,
    29.475945100013895,
    -34.919800132706605,
    -12.241925560590314,
    47.63607247385242,
    0.2188606633880883,
    68.08195986556107,
    5.128112008423463,
    5.231484069072608,
    -81.82385845996593,
    -21.49900836965766,
    16.773191015142515,
    -28.158122575808346,
    -15.24394712706653,
    -94.27001177863237,
    -5.563516821225382,
    -51.66884581296885,
    34.19822218114491,
    -1.4071271922686548,
    -101.99966127999768,
    -14.655085466481456,
    -74.00934846990508,
    -13.993045426768251,
    6.25706911232315,
    -85.07862697933113,
    -17.59455804205978,
    -121.19873099852661,
    -1.2822088208701317,
    22.678527308566817,
    -121.92799417033663,
    -12.594394043219697,
    -56.23365280417111,
    -11.35238789712087,
    -37.64053530205995,
    -26.229014602159715,
    10.521052174990972,
    16.11802455952191,
    -133.12882284843116,
    -271.25588165456264,
    1.2182298231205433,
    -21.93186391397326,
    -10.292155515886337,
    -68.15836415843762,
    -9.9481714802096,
    9.695882222782245,
    2.214297017979055,
    -146.5597243842339,
    -31.53632103031248,
    -4.962392143045441,
    -12.224238801427216,
    -14.637298027929866,
    38.390407241810685,
    11.761031719527308,
    -4.232396145521722,
    -5.8630388482343685,
    9.994419185244823,
    7.108058466826915,
    13.074784603348068,
    0.7169193381077374,
    6.429268541155664,
    -31.648947186738795,
    1.4360162394309102,
    26.034911622622182,
    -99.85366459714832,
    -51.46869539829406,
    -20.285168714579306,
    6.862241858731822,
    0.17191980561135067,
    -35.767681503020725,
    -63.269671452368556,
    -4.9632316535684105,
    -3.877922424310944,
    5.381759428251071,
    13.62273193513239,
    -61.48996335273282,
    5.45086986010331,
    -13.587458440447573,
    -30.468985010393354,
    -5.540636795908476,
    -5.77484170022143,
    -10.849811096893118,
    -127.10278912466691,
    51.200092598476424,
    16.08791771276701,
    -20.676303792913778,
    -140.38612895958457,
    -6.427120514499606,
    13.564029960927654,
    -0.48878357268524075,
    -30.05879059224757,
    -17.179262544916664,
    15.299587811845704,
    23.706426219408264,
    -124.8020146520462,
    -45.48656640651413,
    -7.634058820208407,
    -11.94638828201312,
    -2.6678775897446254,
    -175.86386055330377,
    20.86397311765042,
    14.882748842248112,
    -18.171706147308466,
    4.791363749180103,
    -2.148378944607035,
    -12.898738736616153,
    -199.13537371395446,
    -150.9916463188053,
    32.469526075991034,
    -231.18765649562752,
    -137.57664879035073,
    35.227084605782615,
    42.96417213820869,
    43.01314467624114,
    -56.24334531764588,
    -36.87815897320497,
    52.365736745357395,
    -66.38781341036372,
    -9.038053957925275,
    -40.444703767404334,
    -30.53815132051225,
    -5.930431978456609,
    -32.672511766083126,
    -181.8448074819276,
    -10.307384092765632,
    -7.774144456342172,
    -64.62377684341492,
    -25.21373468352715,
    11.150710887756382,
    6.5333735198285465,
    10.114374571629758,
    -24.767825494929493,
    89.70225250296448,
    0.9119920864560247,
    -14.475013209726008,
    -145.62535284494282,
    -1.406436359890717,
    -9.545716481883318,
    -136.28425121936178,
    -25.65826172790178,
    -49.72824354172897
  ],
  "bhvf_diagnostics": []
}