{
  "env": "HalfCheetah-v4",
  "agent": "Optimal_HCGAE_v2_AutoSCR",
  "seed": 4,
  "total_steps": 501760,
  "final_reward": 1304.8064466433855,
  "eval_rewards": [
    -630.5269787938611,
    -571.0432276096228,
    -468.37320403558886,
    -418.28974769746344,
    -309.75494992161174,
    -280.55573601876273,
    -239.6011054678582,
    -139.68387145852952,
    -58.413582041078804,
    -38.35693464812951,
    69.86317159930645,
    110.7140422119298,
    187.30279711454244,
    247.16943684085354,
    410.0808494762856,
    418.44835669115037,
    486.9784454253519,
    539.2085416973594,
    483.48629808528983,
    650.8436588272323,
    705.3128839822359,
    747.4609234711634,
    823.2446815478927,
    856.1559484451716,
    911.2935564632091,
    998.1534131036117,
    1004.0782415289239,
    974.9825396148981,
    1056.2464014774805,
    1003.150113263437,
    1116.643580388984,
    1133.4238714886533,
    1120.1005968445068,
    1156.1742171039334,
    1195.5902845752653,
    1082.4814799767817,
    1205.132866167114,
    1228.970488007126,
    1107.0013011006943,
    1278.6204819273794,
    1130.2697584135021,
    1296.5631593504072,
    1287.0032991927644,
    1305.956535617635,
    1306.7813328652455,
    1295.1472628580627,
    1296.5627161134207,
    1313.155636387912,
    1312.3852849922855
  ],
  "eval_steps": [
    10240,
    20480,
    30720,
    40960,
    51200,
    61440,
    71680,
    81920,
    92160,
    102400,
    112640,
    122880,
    133120,
    143360,
    153600,
    163840,
    174080,
    184320,
    194560,
    204800,
    215040,
    225280,
    235520,
    245760,
    256000,
    266240,
    276480,
    286720,
    296960,
    307200,
    317440,
    327680,
    337920,
    348160,
    358400,
    368640,
    378880,
    389120,
    399360,
    409600,
    419840,
    430080,
    440320,
    450560,
    460800,
    471040,
    481280,
    491520,
    501760
  ],
  "episode_rewards": [
    -635.7346999406616,
    -688.9656761164416,
    -682.4647108867857,
    -646.6295135244568,
    -723.5406697417903,
    -701.8173947431787,
    -651.736547091192,
    -741.2295929991933,
    -613.0277265446305,
    -708.4196458188311,
    -605.7377039135157,
    -613.8299740359173,
    -575.7234319737586,
    -555.6951501108355,
    -626.0819872238021,
    -555.3935048512673,
    -642.0127246893619,
    -530.6946144065805,
    -548.6326591899872,
    -595.3356486067263,
    -458.4348072602579,
    -460.0681086049979,
    -568.368680051935,
    -735.9796399900343,
    -530.4424660322228,
    -417.8594230216496,
    -460.4545353500774,
    -427.350174495956,
    -508.0336540857698,
    -489.2957123628463,
    -443.0210509045276,
    -454.66898226091496,
    -465.50367747964515,
    -534.4459337006634,
    -470.46926725873857,
    -463.1121324179749,
    -390.41686749965504,
    -357.43561619461497,
    -396.3018662999497,
    -324.103936759578,
    -425.9611147778409,
    -348.20604563861974,
    -445.1948550133139,
    -388.1533735765776,
    -419.5154674188074,
    -461.7169761473934,
    -359.1562930126627,
    -464.25332329298124,
    -303.76772226207476,
    -391.45547272255413,
    -266.2274774040672,
    -336.51730537425766,
    -347.1896603974745,
    -357.7836266573896,
    -375.7313668795402,
    -267.7611474748378,
    -363.0573792228234,
    -395.3656847162338,
    -274.37773217271723,
    -309.49238047259075,
    -253.46570245636633,
    -218.7501660388735,
    -249.84345902751218,
    -293.96513678296833,
    -298.46662562610203,
    -368.851508151711,
    -223.28258702718674,
    -303.76589481538895,
    -230.52425214565443,
    -180.41533787086072,
    -207.56303661232698,
    -221.51605477516978,
    -195.40432942326476,
    -257.24987175672834,
    -279.6311199052409,
    -152.70653881231448,
    -180.02328622867753,
    -167.57495487985238,
    -114.47035297676959,
    -125.2219949187506,
    -163.497626845378,
    -130.16912977161138,
    -177.83114057111635,
    -44.84573367477714,
    -92.81425918151322,
    -172.22509105987436,
    -121.25183780537782,
    -88.17662990779169,
    -173.85988791543363,
    -283.8475257722532,
    -209.75510263919207,
    -44.92173266184759,
    -24.16167635182215,
    28.927346957701072,
    -18.291286714416174,
    54.05639774047627,
    -42.77296996052062,
    -130.37109753795434,
    -59.46545751637007,
    -47.622516076378155,
    -85.38916632685077,
    -26.0157840401381,
    -61.33721506478463,
    58.7461800802714,
    -54.999999727574206,
    87.22957282022358,
    -11.171011532057252,
    77.73749538127174,
    64.87787361395125,
    -143.2663485177272,
    92.8138621185255,
    172.78175521562613,
    -150.4989506422586,
    153.1394712714651,
    51.211281751783076,
    129.4924709530231,
    124.03651049843145,
    82.63257169647096,
    216.38130675589616,
    7.977658518412501,
    151.98297919139625,
    88.55535526522542,
    69.74848564906861,
    -71.878409257506,
    161.6503444481875,
    204.04925522434115,
    286.731483420766,
    59.870075683885496,
    283.53687340993827,
    177.40711020853803,
    147.69158257024174,
    266.3904656168852,
    270.02445319441335,
    258.74111621150166,
    84.28868720562873,
    281.3764189695439,
    311.5026545411921,
    270.5630246334504,
    261.8765448625127,
    162.08664170879234,
    138.1884219665988,
    -60.7053879002537,
    364.5236109395024,
    177.40038937351332,
    386.14120087945213,
    333.5514973121884,
    363.14415237395946,
    358.6327728370178,
    393.76970367333564,
    441.00390885246594,
    438.8047060075036,
    422.19530121130515,
    421.33354376179625,
    -47.024146264728095,
    433.50184034401144,
    328.7547436882934,
    495.6175242942055,
    493.2753568690685,
    506.5807029752727,
    321.85107978055913,
    431.28659957831735,
    266.308097873816,
    427.82963756108705,
    367.51993042229947,
    550.2710175126491,
    473.36423624721675,
    530.0500458782425,
    394.58311095530684,
    165.16660201334037,
    443.9274922046185,
    555.1631778942586,
    549.6728347471491,
    430.66820318842076,
    183.19370119341608,
    610.7040894378977,
    -25.459199176586775,
    586.9614451230642,
    394.8925135809071,
    505.03662430237347,
    323.25840716663714,
    473.9372103417077,
    536.4573063310027,
    573.3482352303776,
    358.89855266328294,
    587.1492161755426,
    570.8587872749977,
    602.817684734814,
    551.3946478631854,
    438.1596470795404,
    425.2923825880152,
    619.7775519659475,
    520.2506419665301,
    569.1339347417945,
    539.0571779623915,
    542.8069425715814,
    611.9109294858848,
    541.3864450617897,
    672.0504770493536,
    634.9431388274993,
    672.4485573423788,
    588.5681902796573,
    376.5655440265366,
    654.1331878631079,
    717.8455953294998,
    724.6833893489297,
    527.0845371408869,
    740.3369724031567,
    617.28025976233,
    630.860135148393,
    770.1887710107643,
    664.5456174714333,
    780.5802638116746,
    682.1315218439198,
    740.7373627504833,
    845.266290813933,
    696.3612403152222,
    564.1977766943985,
    759.2456706028404,
    550.2638430034176,
    774.1692978949688,
    773.9555377098535,
    804.8223971581808,
    691.8604226796181,
    750.2989605356194,
    754.7186977609674,
    555.2362509979698,
    800.7374252139804,
    813.0328170636063,
    826.1793813877905,
    861.5469508895661,
    821.2769672642668,
    840.1255880952635,
    681.2319398726861,
    901.09699637455,
    846.9017904167588,
    822.3313236006647,
    810.7411140331841,
    468.9925807571306,
    823.5706282088748,
    912.5062983591207,
    813.7202220496353,
    809.349208488178,
    823.2914295054119,
    847.6683227542586,
    845.4321118988722,
    835.3128620943523,
    881.843612685308,
    897.0162800512579,
    850.0393117632353,
    836.6065324544055,
    922.5722917351326,
    920.2954374081203,
    829.8766415206246,
    886.1196611591182,
    776.2039179932227,
