{
  "env": "HalfCheetah-v4",
  "agent": "Optimal_HCGAE_v2_AutoSCR",
  "seed": 0,
  "total_steps": 501760,
  "final_reward": 1329.3376324139767,
  "eval_rewards": [
    -599.0042353679261,
    -506.4391569347669,
    -461.74587714551217,
    -390.17511731565,
    -343.0253384734484,
    -269.9618525960103,
    -228.5045491260389,
    -169.6961895802242,
    -103.08796121337937,
    -55.72359155396166,
    112.70100707970039,
    195.5877441986626,
    330.74701592845605,
    451.01732069424315,
    386.5826303623113,
    569.8297803203947,
    621.3551257876279,
    680.3153273354995,
    753.9747512474953,
    792.6867040544594,
    822.4833269565046,
    897.9763083943055,
    845.5498428040685,
    945.957691118732,
    983.7279817415192,
    1009.1984775152818,
    1078.227042428066,
    1087.2770995415942,
    1120.2893116423627,
    1162.5102610170568,
    1197.6995591355412,
    1052.6787879689896,
    1128.7321749017897,
    1223.383709386474,
    1212.4375402290962,
    1270.9756950447256,
    1255.2853180810482,
    1272.496216819541,
    1305.5357285821437,
    1313.4412832507614,
    1308.7666025239926,
    1321.2307355322523,
    1323.2156183784004,
    1324.9351626866328,
    1334.5139285939085,
    1345.7357687724218,
    1309.5797497365725,
    1325.5930920026528,
    1331.2656229643285
  ],
  "eval_steps": [
    10240,
    20480,
    30720,
    40960,
    51200,
    61440,
    71680,
    81920,
    92160,
    102400,
    112640,
    122880,
    133120,
    143360,
    153600,
    163840,
    174080,
    184320,
    194560,
    204800,
    215040,
    225280,
    235520,
    245760,
    256000,
    266240,
    276480,
    286720,
    296960,
    307200,
    317440,
    327680,
    337920,
    348160,
    358400,
    368640,
    378880,
    389120,
    399360,
    409600,
    419840,
    430080,
    440320,
    450560,
    460800,
    471040,
    481280,
    491520,
    501760
  ],
  "episode_rewards": [
    -685.3904957203363,
    -601.2630764282266,
    -601.4191118469262,
    -523.9964507325606,
    -632.4220669462799,
    -521.0065772785993,
    -783.458005132195,
    -550.685720985151,
    -615.9173872286523,
    -532.0379487912159,
    -589.1951555502346,
    -491.84922116139376,
    -555.5406004864674,
    -594.0183386777218,
    -483.4883258827631,
    -611.1113133480947,
    -571.8486464772229,
    -507.1832284506795,
    -530.2159626113498,
    -515.3304180335015,
    -644.7493311228268,
    -543.8575771454002,
    -560.9861807488207,
    -374.30443242907836,
    -595.175901015728,
    -393.5625984023056,
    -508.89518249245145,
    -537.4010326096947,
    -436.0487558220421,
    -487.7841801256624,
    -426.4920096049386,
    -398.9428143110344,
    -389.5263392667072,
    -479.02980294773175,
    -440.971243401574,
    -429.1567042934952,
    -299.6069945858159,
    -543.360467994968,
    -393.7675470046299,
    -362.6319490866262,
    -329.80032697115087,
    -407.7853301960847,
    -439.5312637947579,
    -401.82069687116586,
    -387.66924345632367,
    -349.42013455558936,
    -304.27068229222135,
    -395.2355940168024,
    -352.7265796443536,
    -345.53778657595905,
    -343.93999682286443,
    -362.7502534835819,
    -309.2930534140011,
    -607.0226334813177,
    -312.1535324614125,
    -335.4336777983711,
    -293.0378570816629,
    -238.989589980793,
    -251.91631674598153,
    -257.6142501461008,
    -259.0696980854689,
    -229.65452598276647,
    -238.0811212752404,
    -291.04339397853215,
    -347.8561871762214,
    -251.00932092112595,
    -343.1504746612262,
    -304.95505718379997,
    -270.6239196060907,
    -300.7888989680812,
    -217.3510311985688,
    -213.40546584678012,
    -219.8641414377374,
    -155.5925605732318,
    -185.06733566689257,
    -126.87198288051194,
    -117.08579611064049,
    -256.55108330430306,
    -293.80401226348135,
    -154.12664847121854,
    -148.01284998437131,
    -140.63620515151763,
    -140.25162654213685,
    -235.91201019593603,
    -169.5519057780152,
    -91.71416834643173,
    -242.6518310992979,
    -192.4004673532135,
    -139.0791181263318,
    -219.84146455809784,
    -180.72448237705234,
    -162.22060364371427,
    -116.07254745784097,
    -72.3320475337838,
    -211.5764987912736,
    -177.32758597998426,
    -164.29803038598982,
    34.211993562448754,
    -130.37948454103596,
    8.508189333575514,
    -48.49255110086422,
    -34.16221435812744,
    -6.705428012612351,
    39.79107499022709,
    52.165957568128846,
    79.82518446220163,
    -2.256648226396368,
    -24.367675221565094,
    42.67585048792321,
    130.21547604495302,
    -54.02241357612083,
    162.61790707225572,
    -27.112061559441422,
    109.93811321991991,
    126.69875556902255,
    273.10378108329326,
    187.24913815876224,
    223.79445242920843,
    192.28672002992263,
    -75.30580928756693,
    245.47970070893757,
    269.8738111831057,
    196.7510280892472,
    289.5795745189023,
    207.53863186462328,
    218.03336608169917,
    171.9873897258352,
    206.54958587434157,
    232.13693391703893,
    352.41033005505295,
    332.1211499774474,
    329.8798036566288,
    282.14448365462835,
    362.6059550413942,
    385.98904842200744,
    318.8544989844603,
    265.0094828028763,
    357.86753397632083,
    376.6395972282255,
    364.57921916182454,
    476.0645792417248,
    446.8033574371011,
    485.05070232137103,
    328.99213209241117,
    274.6689801058325,
    495.6106805835545,
    422.16795366990027,
    413.1779232491041,
    474.6008160416877,
    527.3860456960513,
    405.7734189389041,
    447.7626235582977,
    494.8039636531077,
    511.9432221103366,
    507.19521135507614,
    475.6162356646463,
    474.7725973044312,
    567.161444363722,
    594.9696997502999,
    459.3916480157088,
    518.0304312513779,
    512.3844521088407,
    526.9609580559018,
    563.5347835208408,
    605.3410992507662,
    564.6890456885693,
    514.0397496379527,
    619.2492434837684,
    620.8852241231722,
    642.1282178613129,
    628.3392444853872,
    543.8199496578478,
    663.6824168870324,
    636.8983981822006,
    703.2706278740789,
    648.2482035331664,
    749.7301328079709,
    556.9099809527612,
    583.7812979048483,
    617.1604784251633,
    728.526024027514,
    614.3970507452492,
    573.7820019813882,
    677.9704978050327,
    726.3421317677844,
    669.4421166681848,
    755.9348572497178,
    724.8035565000398,
    701.410709985338,
    750.6330992610763,
    757.3672367501018,
    732.584009495794,
    713.4042448618652,
    828.9644154783966,
    773.1944248680229,
    751.6698420479278,
    808.8944113385463,
    826.162605329526,
    801.6079922877306,
    736.3095607521159,
    757.014873407662,
    768.7644143006867,
    863.6881917529457,
    776.505063434284,
    837.3200839629352,
    784.9356082819002,
    805.5805583909861,
    783.6681153482601,
    814.088903592974,
    842.8460012690059,
    877.444162295329,
    872.2258251873541,
    693.4454804255624,
    762.799108057895,
    778.7519315066584,
    840.7875310589766,
    862.3331033995428,
    847.1475122553596,
    881.9300008278194,
    859.8229149781515,
    903.1315390852245,
    859.2068557176741,
    896.8929938782842,
    946.2165799068388,
    877.519231139661,
    845.711069399576,
    878.9295887764813,
    914.7548193386216,
    949.3002556659262,
    914.775996949696,
    917.1416003579018,
    907.2873173987876,
    883.547037894747,
    930.3104463715983,
    881.9382530272928,
    885.9268183283399,
    889.5999085682388,
    951.566703332085,
    978.7561547159349,
    991.3541150045112,
    952.4114105276684,
    932.5001233840917,
    886.1412913048596,
    943.2508917036089,
    940.2366713676361,
    960.6616074957665,
    928.4850917719253,
    931.0510829697137,
    1042.3685654745893,
    987.6131088783205,
    604.564880426587,
    975.1614426136528,
    1027.6515471621924,
    956.9671007337752,
    981.5822201133725,
    942.433905047084,
