{
  "env": "HalfCheetah-v4",
  "agent": "Optimal_HCGAE_v2_AutoSCR",
  "seed": 2,
  "total_steps": 501760,
  "final_reward": 1353.8685999335403,
  "eval_rewards": [
    -627.4006613495152,
    -515.6597051217431,
    -455.34239695835333,
    -438.6380389508478,
    -326.9271557804527,
    -287.3330719425123,
    -258.6128787220402,
    -142.8620856825336,
    -74.16872609277678,
    67.71283788126468,
    185.74225426711752,
    255.2809206825428,
    416.7469994404338,
    495.7531099959895,
    584.0934058609994,
    555.6151533726631,
    664.8342584379915,
    765.6721080618212,
    787.1158292019035,
    835.6032844661634,
    929.7397103241544,
    953.2062068844547,
    997.2289750639209,
    1053.507567601823,
    1092.4270979572473,
    1114.3800349863086,
    1158.6988159765674,
    1186.7397041876284,
    1182.945994098094,
    1215.173743161718,
    1200.7965590844635,
    1258.2858884916395,
    1273.031979094473,
    1318.7042935837057,
    1282.6552530450513,
    1316.3061123373525,
    1328.4661554419963,
    1273.3652476057741,
    1179.6371469174833,
    1366.032193655217,
    1224.905398471305,
    1212.435489305585,
    1390.4292904787185,
    1392.3747241935027,
    1419.9323322606772,
    1255.4117213645454,
    1421.3939824060444,
    1237.6749447881364,
    1434.9300188482975
  ],
  "eval_steps": [
    10240,
    20480,
    30720,
    40960,
    51200,
    61440,
    71680,
    81920,
    92160,
    102400,
    112640,
    122880,
    133120,
    143360,
    153600,
    163840,
    174080,
    184320,
    194560,
    204800,
    215040,
    225280,
    235520,
    245760,
    256000,
    266240,
    276480,
    286720,
    296960,
    307200,
    317440,
    327680,
    337920,
    348160,
    358400,
    368640,
    378880,
    389120,
    399360,
    409600,
    419840,
    430080,
    440320,
    450560,
    460800,
    471040,
    481280,
    491520,
    501760
  ],
  "episode_rewards": [
    -666.6439625446745,
    -708.6556213341916,
    -619.1499578466551,
    -860.667031069287,
    -583.064798218301,
    -625.56691060818,
    -549.5153362823663,
    -605.6014351732225,
    -571.2936043788056,
    -735.0351251344667,
    -615.9019811126107,
    -608.2001731730011,
    -669.7614733551555,
    -554.8357523710789,
    -488.6819165692068,
    -636.7287581398565,
    -625.3710873494326,
    -551.3977721597947,
    -570.962108700641,
    -605.5458900084361,
    -595.1097178952364,
    -547.5449418829586,
    -549.7578519414138,
    -578.6048522290138,
    -493.3940778096477,
    -377.9277695501206,
    -439.2180098911507,
    -558.1096181660971,
    -431.85490522843435,
    -694.6333856489756,
    -429.8606248915143,
    -434.5492214578424,
    -512.5738385474655,
    -426.9040836165109,
    -371.3206500892056,
    -446.163111711335,
    -405.761965209349,
    -384.50250730139453,
    -438.5765163439846,
    -417.51705761225645,
    -447.20500637472503,
    -421.6474285798777,
    -392.6342502125884,
    -391.3600878472854,
    -454.1265549301554,
    -368.6068052173274,
    -340.3090647156563,
    -307.0717868352244,
    -399.9419195501211,
    -302.3584550060402,
    -332.0526705484608,
    -303.9240288174354,
    -456.58424770346613,
    -319.8585404649136,
    -333.92649583120027,
    -259.7385193915753,
    -297.95416535746693,
    -297.6827669654652,
    -336.60797537738205,
    -340.29574549680433,
    -270.38444214315393,
    -213.47884411661366,
    -279.1757935810111,
    -434.5842333366343,
    -309.42514173497017,
    -172.05676876146865,
    -233.59972339246806,
    -175.41116280815513,
    -247.88914662843868,
    -196.87053036881,
    -195.886444604202,
    -257.3300332863958,
    -212.49631542978983,
    -150.69793582083085,
    -160.57692820626298,
    -239.0443628684763,
    -149.0265075205404,
    -175.62341181115085,
    -119.43376303676625,
    -199.52049917758708,
    -36.050266769519986,
    -131.3691479157511,
    -224.4681657766479,
    -14.569374619106286,
    -90.7940580731813,
    -56.96868024672841,
    -299.8226994245365,
    15.567971717347357,
    -0.25367840327073055,
    -117.80751951630563,
    54.35887360737775,
    42.61422886959772,
    59.553640395241494,
    -4.113534906530403,
    102.52103479145418,
    102.75746744521786,
    95.50202414641538,
    -89.64582590134316,
    11.650532011653667,
    75.33663510104243,
    35.427191080858556,
    -29.32169706755987,
    180.7294570186683,
    169.342999860665,
    42.142410003232854,
    149.99968560605268,
    96.31293308112075,
    204.1738610679628,
    200.58975625383442,
    83.62052225566126,
    214.17943243885165,
    229.14074741265298,
    251.03226955944817,
    290.4701084655844,
    303.5746604655158,
    94.77370256705181,
    330.13945738050234,
    102.68245894569452,
    278.5926770474639,
    297.3983532225049,
    -207.85291054886363,
    349.9047764800216,
    293.5985559109263,
    335.7778500669851,
    84.23015563338564,
    406.7924671405226,
    368.07261377505233,
    361.6848710351034,
    203.481216289588,
    420.6605676690235,
    356.1045233413232,
    395.74517015690094,
    382.56828791788155,
    429.4407379906148,
    405.39767429862997,
    429.53285706175296,
    425.2946027170421,
    482.04613078448256,
    335.69420980353243,
    524.266546928197,
    368.43007134402103,
    513.8296410014615,
    420.12033269717244,
    495.19697811108097,
    507.39850756417644,
    518.4315229961903,
    620.4471880262381,
    536.0593218046034,
    622.2779479188475,
    612.5661620976629,
    467.84785235755425,
    522.2472608024442,
    477.95250576072965,
    577.9072394113721,
    644.0623305378335,
    396.3453831295232,
    485.40212479483944,
    569.5322605968698,
    657.9916419101745,
    670.3674552541297,
    627.4597714345316,
    631.204285603519,
    626.0923190889525,
    600.8926907870386,
    439.730256770011,
    679.2619415946948,
    714.9750437478989,
    498.05598734674356,
    680.9207787737537,
    515.1456093441257,
    518.8830982987705,
    713.1931469162563,
    678.4211259179846,
    639.2733806111925,
    733.3188411461774,
    715.9521953246449,
    723.9866571632476,
    763.6251101835495,
    741.8727541197708,
    759.3063366572784,
    639.112287547197,
    677.0454988347568,
    744.5086812295565,
    810.6286002683878,
    811.0679083691493,
    693.6693066089031,
    753.0774406685867,
    795.007557357125,
    795.3600584984733,
    684.7681388993839,
    752.0324300991454,
    807.0474283030941,
    907.1331730824128,
    807.2576172673859,
    829.4602566189961,
    806.7675871343605,
    833.5065410187699,
    868.8045254366257,
    786.1400769164077,
    852.4052268313616,
    819.1382337312905,
    852.0360026474843,
    814.5611312247305,
    882.5191646826153,
    922.2490145531528,
    859.3353244690076,
    913.7223767418345,
    951.4290319685413,
    898.8970158697505,
    781.7027453114947,
    887.1734088213269,
    946.0151384296998,
    926.8005820876026,
    887.4496326186843,
    871.4899664756231,
    971.2204165997596,
    837.4470205799574,
    923.6227542441063,
    944.7337600431094,
    993.3885377199371,
    1011.7845209264302,
    935.5986032022333,
    1003.5158800596658,
    996.0270367889357,
    988.9108683039235,
    1020.0326926582197,
    946.2008983768749,
    982.3940550840477,
    1081.1579967435944,
    989.6866362904792,
    978.7714204145648,
    1015.3854887163332,
    1073.2326467130795,
    984.7383356664086,
    1045.8350350129965,
    1097.606453429962,
    1000.8770921846584,
    1063.4288700086322,
    1099.4111422902438,
    1048.7222064768464,
    1110.3543252802217,
    1114.70755170174,
    1085.4709677693838,
    1105.496256797494,
    1086.278116540932,
    1059.1218443007078,
    1062.8076730928226,
    1075.4576547443783,
    1102.639848885666,
    1116.5381328774665,
    1065.4857005437786,
    1142.9213324243024,
    1128.4779036691277,
    1133.6825101253783,
    1064.179685746773,
    1067.2601638355081,
