{
  "env": "HalfCheetah-v4",
  "agent": "Heuristic_HCGAE",
  "seed": 5,
  "config": {
    "hidden_dim": 256,
    "lr": 0.0003,
    "gamma": 0.99,
    "lam": 0.95,
    "eps_clip": 0.2,
    "n_epochs": 10,
    "batch_size": 64,
    "n_steps": 2048,
    "ent_coef": 0.0,
    "vf_coef": 0.5,
    "max_grad_norm": 0.5,
    "use_obs_norm": true,
    "use_adv_norm": true,
    "use_lr_anneal": true,
    "total_timesteps": 1000000,
    "eval_freq": 20480,
    "n_eval_episodes": 10,
    "eval_mode": "deterministic_mean",
    "scr_ema_alpha": null,
    "clip_c": null,
    "use_dcppo_s": false,
    "dcppo_w_min": 0.1
  },
  "total_steps": 1001472,
  "elapsed_s": 3051.954639673233,
  "final_reward": 1685.3948994519826,
  "max_reward": 1729.9627407199343,
  "eval_rewards": [
    -0.7021857557410324,
    -6.4681459094619225,
    -15.94842459897676,
    -26.399501621036517,
    -28.807513712379254,
    -37.13455419040843,
    -30.665580775418015,
    582.8530535578464,
    991.2760005672038,
    124.18038181748042,
    81.30077613338797,
    782.8732159532051,
    1308.1028960858255,
    1327.6857863142682,
    1352.7871512436884,
    1383.6974211538375,
    1422.2656603252337,
    1422.5814113388128,
    1408.7545996053273,
    1391.9561032208915,
    1419.8609194418418,
    1474.386168748477,
    1530.8420399732527,
    1350.6980774712342,
    896.2641744046093,
    716.6683180715055,
    1308.5980977792199,
    1449.205203840651,
    1579.4486940235638,
    1606.4158418384245,
    1605.462810312251,
    1607.2113619758734,
    1654.6625498114577,
    1661.7964445129335,
    1648.1954468007468,
    1637.8583865426801,
    1674.5413759156013,
    1659.5473094408637,
    1689.3531287904873,
    1683.6828332648245,
    1669.8641405717597,
    1684.983727513163,
    1696.2520944871073,
    1713.5078518533446,
    1514.224117544092,
    1706.1382063318604,
    1727.6159013177887,
    1729.9627407199343,
    1727.7173809159492
  ],
  "eval_steps": [
    2048,
    22528,
    43008,
    63488,
    83968,
    104448,
    124928,
    145408,
    165888,
    186368,
    206848,
    227328,
    247808,
    268288,
    288768,
    309248,
    329728,
    350208,
    370688,
    391168,
    411648,
    432128,
    452608,
    473088,
    493568,
    514048,
    534528,
    555008,
    575488,
    595968,
    616448,
    636928,
    657408,
    677888,
    698368,
    718848,
    739328,
    759808,
    780288,
    800768,
    821248,
    841728,
    862208,
    882688,
    903168,
    923648,
    944128,
    964608,
    985088
  ],
  "episode_rewards": [
    1462.2018938776773,
    1525.680319276888,
    1512.8653467293866,
    1519.389423910937,
    1525.3605450933696,
    1523.2843407546966,
    1547.9867915546392,
    1535.7401495948532,
    1530.4069523708943,
    1459.8580385290475,
    1523.8154438516344,
    1523.4279693860067,
    1525.5153466920183,
    1512.6126308498144,
    1480.1875855552134,
    1533.6587953370788,
    1552.712279367613,
    1568.274376743284,
    1596.046038798073,
    1593.7733821570819,
    1490.4872894992363,
    1561.873605484187,
    1537.432090900078,
    1555.1495294265196,
    1541.5962541098227,
    1532.758543406549,
    1524.5053034086588,
    1561.0909579435952,
    1528.0825021886617,
    1497.892393001817,
    1537.0388081965664,
    1563.9245198359408,
    1547.7560076903749,
    1509.7639273839868,
    1485.6470186319627,
    1522.9763328009199,
    1529.1373003642789,
    1584.1272890761857,
    1533.7629465931138,
    1556.7561054035136,
    1488.2070276783609,
    1515.3588662501604,
    1535.8404174241705,
    1513.371565664263,
    1541.4028694170904,
    1566.426791305696,
    1522.372411588899,
    1549.2295203684548,
    1537.4272473635851,
    1567.4783311245824,
    1486.1597404654235,
    1566.1868050834514,
    1546.4766577209941,
    1596.1803271756917,
    1511.8108668062705,
    1523.5807685561217,
    1522.5088943633814,
    1517.002890617695,
    1519.5267209889219,
    1488.3737404030678,
    1537.6787334351502,
    1558.4553913410548,
    1572.385605905122,
    1547.7548350498919,
    1582.112170767099,
    1547.9150591200214,
    1588.9650563408861,
    1590.9151981411696,
    1524.0772585369355,
    1541.9297651343793,
    1542.7175389833897,
    1525.4733822738742,
    1506.95237007884,
    1549.8293524359472,
    1534.9305041406826,
    1528.30375615236,
    1551.5060674248473,
    1480.7721712009725,
    1575.6577742708225,
    1540.110249030565,
    1528.8373007016437,
    1524.020062546629,
    1537.896951131376,
    1555.6008417938112,
    1532.8289456178497,
    1564.4586505860073,
    1581.0442493506623,
    1567.9820306895726,
    1540.07367355906,
    1553.9381322185238,
    1554.39609063018,
    1510.7674164923894,
    1442.5015210995975,
    1567.7415368520165,
    1567.4748950890223,
    1136.5272477226724,
    1445.2618196333929,
    1529.3784748048477,
    1577.0777554298058,
    1552.6181742185167,
    1521.0511271201626,
    1588.3652829687758,
    1552.0259900253984,
    1518.0753091767388,
    1515.0721357311859,
    1596.1374336273682,
    1580.5233698427153,
    1571.794925694106,
    1584.299876340733,
    1181.61795915923,
    1588.9843810470875,
    1592.5707647228453,
    1538.288891013101,
    1491.9342403163826,
    1571.0327296915386,
    1543.4472027539327,
    1611.0514856706131,
    1551.1567837033533,
    1556.0879098046103,
    1565.7377679564104,
    1524.730112402416,
    1509.9853358317357,
    1585.4839629519383,
    1574.9160989196025,
    1602.2322585805746,
    1538.235325458787,
    1532.5211795538,
    1510.2811537440134,
    1550.9501644002096,
    1544.3296824157883,
    1513.5237434921623,
    1584.2900613686106,
    1591.8480741719443,
    1476.607785027584,
    1578.3936660867714,
    1551.0259298700628,
    1537.7196286832393,
    1494.3400112537986,
    1554.6098264767259,
    1564.8342164535718,
    1574.7709014589652,
    1592.4589129546491,
    1581.1950100707488,
    1609.2442142813309,
    1558.2234264881945,
    1497.9288233308105,
    1555.9944344255662,
    1560.3581239698426,
    1567.5244950845884,
    1519.5717540021078,
    1537.2496786472436,
    1557.7189848309017,
    1552.1615506916958,
    1587.6139449378902,
    1557.8700079102086,
    1393.0165288251792,
    1564.9916354344784,
    1543.4191852785207,
    1568.76614240762,
    1581.5484703281666,
    1572.5518196958333,
    1533.8831159125411,
    1551.5842653260759,
    1487.6063338817787,
    1506.1523414997673,
    1526.802139816441,
    1537.9454991451667,
    1584.3660276357932,
    1497.185722150966,
    1553.8542274870258,
    1592.2828414599437,
    1525.6422734008686,
    1603.0020139590085,
    1526.7293648602426,
    1504.8652858762687,
    1535.847137505618,
    1545.6754415980067,
    1607.542068028089,
    1582.443037053503,
    1556.3461018344321,
    1552.1895507375286,
    1527.5820396620131,
    1535.8642722406305,
    1531.3691109278884,
    1586.8455241505728,
    1555.1912489031315,
    1599.627340797628,
    1593.3375361630337,
    1594.5742028474378,
    1557.9449795871515,
    1558.435929276689,
    1642.7632269141836,
    1552.332460184396,
    1572.9150798497203,
    1509.1846194364157,
    1556.2058501914323,
    1568.6569708943748,
    1579.0004092918894,
    1545.2129414728176,
    1576.024116755853
  ],
  "bhvf_diagnostics": []
}