{
  "env": "HalfCheetah-v4",
  "agent": "Heuristic_HCGAE",
  "seed": 9,
  "config": {
    "hidden_dim": 256,
    "lr": 0.0003,
    "gamma": 0.99,
    "lam": 0.95,
    "eps_clip": 0.2,
    "n_epochs": 10,
    "batch_size": 64,
    "n_steps": 2048,
    "ent_coef": 0.0,
    "vf_coef": 0.5,
    "max_grad_norm": 0.5,
    "use_obs_norm": true,
    "use_adv_norm": true,
    "use_lr_anneal": true,
    "total_timesteps": 1000000,
    "eval_freq": 20480,
    "n_eval_episodes": 10,
    "eval_mode": "deterministic_mean",
    "scr_ema_alpha": null,
    "clip_c": null,
    "use_dcppo_s": false,
    "dcppo_w_min": 0.1
  },
  "total_steps": 1001472,
  "elapsed_s": 2485.846940755844,
  "final_reward": 1816.9224783283305,
  "max_reward": 1873.9961772408285,
  "eval_rewards": [
    -0.7401721810658303,
    -12.446215630336486,
    -26.35590007724885,
    466.1055964704636,
    328.74934190563334,
    628.5297703400623,
    125.77135357345082,
    884.3849506475044,
    -168.49594456351355,
    975.6368215998633,
    999.031106997781,
    580.1016373183891,
    99.47948497089841,
    1067.430039323927,
    1461.4650659674066,
    1342.1435458877768,
    967.1831185816293,
    1541.214760028633,
    1591.9146997398584,
    1647.162515165664,
    1677.4694831503634,
    1663.9107766172317,
    1648.826897933142,
    1638.0402590478986,
    1696.9219444571318,
    1724.1107347516474,
    1755.7819646458386,
    1757.7584665838367,
    1789.4665508622516,
    1781.8770127069013,
    1242.263309560208,
    1242.6976032969767,
    1580.4470727448556,
    1614.2163537383042,
    1798.1282019795526,
    1789.7186805694303,
    1785.609192958092,
    1819.9187839078083,
    1848.2249101423745,
    1802.0220010710898,
    1776.9181895170666,
    1797.617797411216,
    1846.162962032828,
    1627.9118201271892,
    1855.763518682144,
    1851.347306773036,
    1872.2214095160587,
    1865.263600911851,
    1873.9961772408285
  ],
  "eval_steps": [
    2048,
    22528,
    43008,
    63488,
    83968,
    104448,
    124928,
    145408,
    165888,
    186368,
    206848,
    227328,
    247808,
    268288,
    288768,
    309248,
    329728,
    350208,
    370688,
    391168,
    411648,
    432128,
    452608,
    473088,
    493568,
    514048,
    534528,
    555008,
    575488,
    595968,
    616448,
    636928,
    657408,
    677888,
    698368,
    718848,
    739328,
    759808,
    780288,
    800768,
    821248,
    841728,
    862208,
    882688,
    903168,
    923648,
    944128,
    964608,
    985088
  ],
  "episode_rewards": [
    1672.4370575006733,
    1566.7469753614496,
    1628.6506379550747,
    1643.846010688745,
    1628.1437933536874,
    1600.2536942288516,
    1643.7639329412634,
    1597.7747747159044,
    1600.547165522049,
    1612.4449701026535,
    1665.4562969180447,
    1645.955654262252,
    1603.9646896547547,
    1613.9635185784693,
    1746.4636929642256,
    1672.6679675820344,
    1651.7651210317194,
    1587.9508714687217,
    1632.1430969853634,
    1635.4094581614727,
    1640.7395722963035,
    1669.1667149440186,
    1425.360103857911,
    1632.0396299083325,
    1659.465713796775,
    1636.321648443824,
    1685.317644516452,
    1634.2049773790347,
    1649.5850854510613,
    1542.628816586164,
    1646.506938225004,
    1636.8341439317535,
    1617.9217287064287,
    1666.0701322736766,
    1635.2244645395822,
    1621.2754025961394,
    1586.4619799528239,
    1583.3067561527373,
    1642.4173778095749,
    1695.4343106730616,
    1612.041174198289,
    1561.4402664158974,
    1617.122468630409,
    1740.2131491391176,
    1655.9889831276248,
    1581.9156364391006,
    1583.59110866601,
    1662.573049565515,
    1481.6738673574387,
    1692.3773006463268,
    1635.882741820275,
    1638.3857908536452,
    1604.6619510809362,
    1642.621793476778,
    1619.5865954679368,
    1689.6200489427201,
    1664.6917560063066,
    1669.4630449946417,
    1656.8964624190446,
    1598.706261593267,
    1590.587013660925,
    1623.3080961677222,
    1673.221443798399,
    1664.1201736011535,
    1702.8252017342465,
    1648.873809582589,
    1619.7647610027823,
    1714.4932722830167,
    1655.3422020203118,
    1676.8360182400381,
    1667.527802170454,
    1684.3817346511637,
    1577.8373319448715,
    1611.439267554605,
    1662.6773388553984,
    1620.9954577197238,
    1654.8053311097499,
    1607.794571105831,
    1724.6530824291349,
    1632.8178264397807,
    1657.9358972037803,
    1692.285749383271,
    1641.9394588344223,
    1668.8020838351692,
    1661.9013730657725,
    1610.2213040465153,
    1666.415301759635,
    1649.4389971328148,
    1609.0247906665838,
    1622.5672047752078,
    1620.5864118511802,
    1516.6344674448474,
    1668.556566153887,
    1665.5212927805637,
    1712.7221795493642,
    1698.9724155258023,
    1664.7450132612432,
    1629.4513403570854,
    1612.52212123505,
    1635.681876331355,
    1641.2213467445522,
    1640.668870022433,
    1702.5206234916382,
    1642.229937367614,
    1677.1610711553978,
    1652.23222926202,
    1610.7333714570866,
    1733.8667909348032,
    1651.0423210953065,
    1690.9497166243434,
    1711.4550905784854,
    1645.744198655057,
    1731.1273365629427,
    1697.6906606976324,
    1696.7228870568688,
    1700.2644902898724,
    1701.11040897549,
    1730.199822110595,
    1670.369594146027,
    1739.0829878174661,
    1704.2838239461403,
    1631.6670452376065,
    1674.3872832275524,
    1701.0779859710167,
    1630.355364633719,
    1720.2325232694336,
    1702.6010074219118,
    1692.3695178422429,
    1671.5496899671336,
    1698.3269532721422,
    1658.9119314808506,
    1669.353286116006,
    1719.5182437397411,
    1758.3421366594432,
    1668.6715070417627,
    1721.797682348472,
    1610.276734709636,
    1673.0792894444123,
    1720.785169901864,
    1693.6890873572545,
    1719.5795600367996,
    1690.8135337489139,
    1702.5431418482508,
    1737.2853971107345,
    1695.1843854950412,
    1666.9911906057669,
    1665.78754481648,
    1615.174219902526,
    1665.4086816088493,
    1744.9717659168653,
    1699.635212204222,
    1158.789266818405,
    1689.388967532321,
    1731.5441980339176,
    1719.216639086437,
    1686.255506440185,
    1708.6099932263737,
    1731.2338585875625,
    1693.6186908516381,
    1731.3304790821217,
    1632.375191340599,
    1683.418766777806,
    1653.7824989490991,
    1747.3077738910972,
    1726.4416320299015,
    1660.5055379670362,
    1710.3035677234593,
    1738.7524626271886,
    1672.1168675750678,
    1754.7744498661332,
    1677.2286600941443,
    1690.2732898416502,
    1690.3832757809196,
    1714.885178322621,
    1693.7393044599191,
    1700.661965727032,
    1746.609065775042,
    1734.339326904643,
    1696.2394985652763,
    1684.241867620134,
    1727.9930852160835,
    1653.7373370009916,
    1752.9903118195064,
    1608.2913869864472,
    1663.1442279578616,
    1696.0036745121577,
    1719.293729673374,
    1681.9980430207147,
    1695.4079200592173,
    1700.625922945336,
    1726.3407056527033,
    1670.1332162906042,
    1705.7466272544286,
    1661.0137457798974,
    1727.3773253306285,
    1702.7253538262673,
    1748.2736362632388,
    1743.6304020889527,
    1714.927593657784,
    1696.688782356393
  ],
  "bhvf_diagnostics": []
}