{
  "env": "Hopper-v4",
  "agent": "Standard_PPO",
  "seed": 1,
  "config": {
    "hidden_dim": 256,
    "lr": 0.0003,
    "gamma": 0.99,
    "lam": 0.95,
    "eps_clip": 0.2,
    "n_epochs": 10,
    "batch_size": 64,
    "n_steps": 2048,
    "ent_coef": 0.0,
    "vf_coef": 0.5,
    "max_grad_norm": 0.5,
    "use_obs_norm": false,
    "use_adv_norm": false,
    "use_lr_anneal": false,
    "total_timesteps": 50000,
    "eval_freq": 20480,
    "n_eval_episodes": 10,
    "eval_mode": "deterministic_mean",
    "scr_ema_alpha": null,
    "scr_relax": null,
    "clip_c": null,
    "use_dcppo_s": false,
    "dcppo_w_min": 0.1
  },
  "total_steps": 51200,
  "elapsed_s": 24.527060985565186,
  "final_reward": 268.4295706110833,
  "max_reward": 342.0311592260058,
  "eval_rewards": [
    231.09609834784504,
    232.16145425939916,
    342.0311592260058
  ],
  "eval_steps": [
    2048,
    22528,
    43008
  ],
  "episode_rewards": [
    241.12439572500145,
    263.4611699144356,
    252.82591779978534,
    253.43906364389525,
    247.53294363126383,
    264.3725684488585,
    236.06253099162342,
    277.3166416172569,
    269.05573063576065,
    214.84948360348588,
    237.19566477539206,
    237.11266039322425,
    255.03627406369446,
    254.1947751658571,
    221.7394388080109,
    160.2584104534693,
    236.58898812135112,
    238.98573657696852,
    266.2864124752638,
    234.02987616478714,
    253.05290261862496,
    242.29842677426007,
    224.04791975912946,
    243.35623079482548,
    257.12161011176164,
    273.59094508726133,
    299.2321616693069,
    275.41679112793935,
    298.4884278619099,
    261.717203483205,
    252.6207838879544,
    274.18838661344205,
    294.17055016178847,
    290.6917952233986,
    264.9330791395368,
    253.8146245620562,
    262.28010689028724,
    239.78616127632765,
    239.77446712267297,
    79.39322782228224,
    257.3672727875922,
    261.3180820643396,
    300.61284011368554,
    236.49422274437416,
    257.7348339825092,
    269.8626261472631,
    281.22916088299826,
    224.46275980026536,
    279.7433543913992,
    248.44774999773523,
    298.0780789210848,
    249.5229312605439,
    265.7119080200684,
    260.6975137442955,
    261.17641711125054,
    274.43066226720936,
    291.40191638226855,
    235.28859722308619,
    261.3839537251309,
    285.5693608545638,
    293.4269603626545,
    287.0777074700036,
    272.89707510267993,
    301.12216863653583,
    301.7584367700855,
    315.9203124012155,
    301.6989403075919,
    297.9531123248762,
    271.6507047397251,
    281.25000302903624,
    304.98759132664145,
    288.2656015549998,
    320.7803642148907,
    277.7748916931473,
    311.3334524476404,
    250.6224752051347,
    302.92715466858135,
    309.90798797618885,
    302.68094057587905,
    305.0181665909976,
    309.4619241178824,
    300.781015725162,
    284.29771611977674,
    313.698702233781,
    283.9916578958451,
    313.6599101672587,
    280.3116307408709,
    290.0574920233653,
    322.66640339360845,
    245.9602462364543,
    288.77519397000583,
    291.32070077891177,
    325.0184120890227,
    296.67370886820606,
    267.65957348868363,
    298.6585605556139,
    267.23089062885003,
    305.51615719918664,
    272.5923042130091,
    299.5911829457727,
    292.63912077020706,
    294.9770201324907,
    311.5249578446004,
    287.7330750243411,
    238.9167937582701,
    289.388897858839,
    233.40058460011193,
    311.2992048074684,
    313.1177374388431,
    306.12989168765563,
    306.1934640200764,
    308.51379938249687,
    330.67056186551486,
    307.5372586726039,
    309.7736939382332,
    306.143890682961,
    289.34309128996017,
    323.02107521738134,
    308.31569892968156,
    328.65718378583404,
    334.08164587885585,
    314.0356508457714,
    334.2161466763047,
    296.65047200626594,
    347.5036324390938,
    320.3850859106703,
    316.09723243075297,
    314.9362242509002,
    315.29648079203514,
    348.1444233541971,
    320.3249550199082,
    347.1775594831305,
    307.8957979742924,
    342.4975971269829,
    365.21994159966647,
    344.34813019274463,
    332.4824577521558,
    319.83410351681664,
    208.59307356066273,
    353.5602520563602,
    313.7785676928501,
    326.2035767719589,
    318.98235075220435,
    315.65400938034793,
    345.3911067733189,
    337.078608293838,
    334.1966652343077,
    320.2783315478286,
    318.7592268448056,
    327.2645782823889,
    343.93483536685574,
    326.5556898677606,
    328.03527549579826,
    319.6453090603446,
    317.0070622895638,
    359.20669493530573,
    303.5712611159461,
    305.7290659917384,
    338.3037970762046,
    323.54370669158675,
    329.43647585656447,
    358.7087706594136,
    353.2308369339743,
    331.4258917809127,
    333.5065381428965,
    289.6540937630541,
    339.97931957815854,
    357.7101860913561,
    338.18645835453043,
    324.3480241677837,
    398.5720924016394,
    342.39429941771584,
    340.3917825500068,
    350.79611443209575,
    322.1409503731261,
    329.42201963483996,
    359.7025459079436,
    321.5800405538248,
    326.1240628347421,
    331.0035274799835,
    364.84101018792416,
    323.4145148884882,
    335.26253361049396,
    246.73992137266805,
    333.25552924899466,
    303.62736754625155,
    373.42235665807397,
    314.4528921134679,
    349.9595477212721,
    348.74034729061555,
    344.3618805290773,
    372.1148619724232,
    327.2652471656839,
    341.13262178387964,
    391.18876878054374,
    357.2712154142691,
    350.14813018418164,
    352.3662637557221,
    334.707086962151,
    370.9698859047994
  ],
  "bhvf_diagnostics": []
}