{
  "env": "Hopper-v4",
  "agent": "Standard_PPO",
  "seed": 0,
  "config": {
    "hidden_dim": 256,
    "lr": 0.0003,
    "gamma": 0.99,
    "lam": 0.95,
    "eps_clip": 0.2,
    "n_epochs": 10,
    "batch_size": 64,
    "n_steps": 2048,
    "ent_coef": 0.0,
    "vf_coef": 0.5,
    "max_grad_norm": 0.5,
    "use_obs_norm": false,
    "use_adv_norm": false,
    "use_lr_anneal": false,
    "total_timesteps": 50000,
    "eval_freq": 20480,
    "n_eval_episodes": 10,
    "eval_mode": "deterministic_mean",
    "scr_ema_alpha": null,
    "scr_relax": null,
    "clip_c": null,
    "use_dcppo_s": false,
    "dcppo_w_min": 0.1
  },
  "total_steps": 51200,
  "elapsed_s": 22.287349224090576,
  "final_reward": 256.170506941227,
  "max_reward": 340.2524332891723,
  "eval_rewards": [
    115.15200839095048,
    313.1070791435583,
    340.2524332891723
  ],
  "eval_steps": [
    2048,
    22528,
    43008
  ],
  "episode_rewards": [
    301.2190291213214,
    312.36362084770724,
    317.2549894585938,
    243.76984695509188,
    296.23945605114886,
    310.77020568235287,
    315.5081958683493,
    292.46890648651686,
    293.3182207494113,
    248.87925037082766,
    253.64936060509737,
    312.0690399992821,
    301.6758850127124,
    299.2898056492458,
    302.97273143813885,
    313.66526732331374,
    236.47727614731326,
    325.60660881161607,
    369.491577768958,
    312.13753490867276,
    300.82120625393804,
    265.26760426194295,
    334.831353006821,
    314.90080679895436,
    299.8631083043877,
    308.2588903191002,
    314.68739241712717,
    344.83337025327523,
    309.47992577770304,
    340.8518243315381,
    326.9113159268378,
    289.5723715201852,
    315.5863804219352,
    307.86029110874154,
    298.1519738528082,
    300.94708161882346,
    255.67906838481446,
    295.27438732967505,
    126.51619586957767,
    317.52424591800826,
    287.0292084281649,
    321.3993262247161,
    304.4232666316264,
    290.59074234697295,
    233.78386200629063,
    318.95302248299475,
    315.8855907473179,
    297.1733124385516,
    290.16666899963224,
    333.43141451337726,
    324.0662365384544,
    298.9909835500935,
    330.61865241916126,
    257.12275497716774,
    331.2190460109018,
    318.8231601729832,
    319.04055207168733,
    312.34094749097966,
    320.23200184042923,
    329.1264217480508,
    291.9442017602017,
    311.23198330733925,
    339.65737105823825,
    311.75383475728773,
    336.6302904264334,
    301.688007515722,
    310.1343045350568,
    333.679955751594,
    316.66587368221747,
    333.4738178399971,
    319.0746665885709,
    298.10980874582526,
    320.4101403519419,
    317.04785074584714,
    314.54351530035643,
    296.12981768391967,
    324.28657388616597,
    323.791273779654,
    376.6443405939338,
    333.1882789983713,
    327.65877605771726,
    317.2794818459459,
    354.03127846784844,
    319.3328747272374,
    302.45528905618767,
    346.4732146280583,
    228.34434543411828,
    210.43882118030334,
    332.6282560821242,
    346.65114802088146,
    321.9779205203015,
    244.0975181375697,
    296.2844516937335,
    350.8539959845263,
    335.84118626550367,
    325.08229804953214,
    328.371675092715,
    328.89467228481413,
    342.0044398491577,
    339.41684652411413,
    338.7429544761477,
    325.77649533229,
    313.7963289296967,
    318.9393011040707,
    318.68620797846893,
    327.6661152469186,
    339.928661540154,
    323.1184331656006,
    314.7803044830129,
    339.65166153762755,
    337.88534847085737,
    241.4558282239489,
    66.67973910006528,
    326.83552433770814,
    310.7676902015526,
    329.40692279154007,
    353.2340538309372,
    313.68048953172234,
    314.31355569662924,
    322.5349839255325,
    323.0522717912685,
    348.702602429583,
    346.7733358410916,
    73.79588303832243,
    346.1536717794163,
    361.65554533142443,
    360.3340746943705,
    358.8006107691705,
    355.83416492640623,
    302.4478416744975,
    332.39733538156315,
    322.45251634616335,
    325.5640784891549,
    338.5307040280859,
    320.93854222985016,
    315.93279298986903,
    349.85476487627886,
    333.7648685156566,
    311.68126153454256,
    329.1849743744528,
    317.00268011805144,
    322.3880339579132,
    338.94294801961667,
    328.82796111579,
    336.322604948174,
    340.6461139393108,
    331.80763281395735,
    356.15461974457526,
    367.50833785134677,
    361.36391246830374,
    329.937835665586,
    320.8299910193266,
    311.89667091508545,
    325.15359437138113,
    309.46676930510404,
    330.70290239500196,
    303.55043366262737,
    336.48444485683456,
    345.2023939376705,
    361.82365507121483,
    319.3746570063682,
    348.77096296587314,
    342.3964525678159,
    314.82928183870587,
    353.5489331226194,
    312.13067634025276,
    335.3005889052606,
    321.18964661858973,
    333.2734613339277,
    316.38946629337113,
    341.0360620758006,
    334.07334826175787,
    354.36549723443767,
    355.38187680242464,
    339.6972458030792,
    357.08792007111794,
    356.1543945687953,
    353.5835559132483,
    332.48769581275747,
    355.135791434319,
    353.7663217255344,
    286.79540405671,
    347.06878572265555,
    329.7870500140867,
    338.1866782641078,
    370.5485622823983,
    365.69935152888513,
    344.3460180076128,
    267.80345627788245,
    385.8014521214836,
    345.8644473898815,
    370.0589646799069,
    367.51069697237995,
    345.54480273840966,
    340.8500976577711,
    338.12100453181347,
    348.48288432643113,
    390.4742269463677,
    364.6639973573638,
    398.99937074544863
  ],
  "bhvf_diagnostics": []
}