{
  "env": "Hopper-v4",
  "agent": "Optimal_PPO",
  "seed": 1,
  "config": {
    "hidden_dim": 256,
    "lr": 0.0003,
    "gamma": 0.99,
    "lam": 0.95,
    "eps_clip": 0.2,
    "n_epochs": 10,
    "batch_size": 64,
    "n_steps": 2048,
    "ent_coef": 0.0,
    "vf_coef": 0.5,
    "max_grad_norm": 0.5,
    "use_obs_norm": true,
    "use_adv_norm": true,
    "use_lr_anneal": true,
    "total_timesteps": 50000,
    "eval_freq": 20480,
    "n_eval_episodes": 10,
    "eval_mode": "deterministic_mean",
    "scr_ema_alpha": null,
    "scr_relax": null,
    "clip_c": null,
    "use_dcppo_s": false,
    "dcppo_w_min": 0.1
  },
  "total_steps": 51200,
  "elapsed_s": 27.1256160736084,
  "final_reward": 316.62777867501785,
  "max_reward": 543.3080585846492,
  "eval_rewards": [
    82.8111110072286,
    323.7641664331757,
    543.3080585846492
  ],
  "eval_steps": [
    2048,
    22528,
    43008
  ],
  "episode_rewards": [
    281.21650741977425,
    214.07404768666302,
    209.5562271137997,
    340.0936453755735,
    221.99442342879533,
    243.099403933875,
    248.6681271819088,
    234.0134233399188,
    320.0793019657001,
    251.4515311274479,
    315.40180760145614,
    232.11929453087677,
    330.54043486151113,
    327.5319621275397,
    290.6266643400188,
    194.97699730561337,
    253.30687766343416,
    223.26390101115982,
    229.27856210827053,
    291.96294721957116,
    320.3840572222958,
    310.9051354566461,
    211.3834070523339,
    279.1032102690816,
    260.7106300799463,
    318.1214200417478,
    308.55704098723606,
    323.96221255218563,
    360.6042933752061,
    313.7063555734805,
    201.92320571022506,
    61.05762467501193,
    322.1580607962668,
    278.39000816737706,
    64.39515343744836,
    329.11779911060944,
    140.77853246341863,
    345.4652314594878,
    134.49098779504897,
    306.51968707369144,
    318.9131169469961,
    334.35313028824237,
    323.823426794304,
    211.87410236990448,
    328.3829771445813,
    313.68823669910574,
    336.68991996995106,
    353.76768873739286,
    331.82845104760827,
    355.8740031796056,
    315.76042765906885,
    325.33744186550734,
    361.7951514002406,
    297.7825708244964,
    293.63613457088314,
    280.658635143836,
    81.7628651130926,
    291.2038718134606,
    275.1284351432247,
    305.62339305837537,
    227.07328981294268,
    340.95771933922,
    321.5157905285308,
    326.92191615489565,
    299.806285757538,
    328.8711170282506,
    314.3096515716503,
    350.0767723783791,
    208.7563641720112,
    217.31275632700357,
    286.31814413136453,
    286.35918679817047,
    344.6982981323497,
    247.50070544260208,
    305.31092850737656,
    326.8883900238482,
    320.0320700438894,
    327.4665612112485,
    313.8620284446446,
    312.00305366966245,
    337.9916326266958,
    319.45926266597144,
    329.76120694728786,
    337.9973005970773,
    355.2938769710129,
    368.7914557593119,
    302.1674195825349,
    350.2228528147093,
    316.05802595859365,
    328.8198875300819,
    344.1175369920802,
    322.51876492958297,
    501.1469620536161,
    337.087539355692,
    343.35212315505765,
    330.8511383293299,
    354.83662157097973,
    351.4668382044543,
    239.74497604297912,
    314.98184717009406,
    434.9265536450891,
    309.42748300346096,
    341.1989112295827,
    341.29435451258536,
    328.5929354192755,
    309.4265751576798,
    333.2239460599415,
    353.91261323961817,
    327.5101829650857,
    373.0749479983575,
    310.0599137001775,
    327.9599550949853,
    342.26383291069516,
    347.88155586294033,
    321.1756800476186,
    574.0200801356265,
    324.7034108499698,
    381.4862261088393,
    324.96055720383436,
    239.20084682864146,
    340.0976858655044,
    102.98059855932928,
    495.2677656432374,
    482.79094002473215,
    318.55138250131677,
    327.0750621000737,
    458.9376752314999,
    319.08263990717245,
    353.3808931756451,
    328.38931336914305,
    332.07731245323606,
    352.18744387255913,
    344.13501186878665,
    311.0507374007438,
    506.70140007621734,
    334.8404326216376,
    453.52216091036513,
    359.3927495950452,
    348.9149583892448,
    510.6573630351121,
    380.1531721824525,
    573.4582272720904,
    321.6444282899073,
    349.2573122043241,
    524.364446008344,
    512.7600699553738,
    486.3756952288103,
    661.238382954481,
    326.15980469816293,
    548.5981279168792,
    530.5888957495233,
    327.6512073076124,
    371.98206584494466,
    393.46102319171115,
    531.2379325859653,
    563.2056594782201,
    352.6075428511187,
    391.69940085214733,
    348.1064571675642,
    505.1016994940777,
    367.34586096485555,
    374.4163367838116,
    327.05171540654277,
    374.02811253991945,
    330.8785541009927,
    554.985063873707,
    593.7221291543777,
    519.4995272295567,
    508.8539687233299,
    349.8820927961357,
    465.2767628480454,
    499.1702834879354,
    366.0603913844846,
    476.2153069796433,
    558.7445417997301,
    387.7694941062613,
    432.22152945707205,
    509.29145977495835,
    363.1327453000594,
    526.2975564507728,
    335.8685395355204,
    554.8633709729696,
    370.52618908262497,
    371.0091258509018,
    588.3513572164138,
    445.20208596733215,
    523.0874525507701,
    566.373843469334,
    592.6798798602487,
    373.2924576993163,
    370.0256847218741,
    400.9584439678654,
    360.4845174648265,
    522.784674415397,
    621.6421566967523,
    378.7002685773175,
    527.6665788735819,
    521.458067175773,
    391.2196821950431,
    374.84968367150134
  ],
  "bhvf_diagnostics": []
}