{
  "env": "Hopper-v4",
  "agent": "Optimal_PPO",
  "seed": 0,
  "config": {
    "hidden_dim": 256,
    "lr": 0.0003,
    "gamma": 0.99,
    "lam": 0.95,
    "eps_clip": 0.2,
    "n_epochs": 10,
    "batch_size": 64,
    "n_steps": 2048,
    "ent_coef": 0.0,
    "vf_coef": 0.5,
    "max_grad_norm": 0.5,
    "use_obs_norm": true,
    "use_adv_norm": true,
    "use_lr_anneal": true,
    "total_timesteps": 50000,
    "eval_freq": 20480,
    "n_eval_episodes": 10,
    "eval_mode": "deterministic_mean",
    "scr_ema_alpha": null,
    "scr_relax": null,
    "clip_c": null,
    "use_dcppo_s": false,
    "dcppo_w_min": 0.1
  },
  "total_steps": 51200,
  "elapsed_s": 27.094489097595215,
  "final_reward": 264.19788097648706,
  "max_reward": 503.87399360813214,
  "eval_rewards": [
    72.21887521464622,
    216.50077410668274,
    503.87399360813214
  ],
  "eval_steps": [
    2048,
    22528,
    43008
  ],
  "episode_rewards": [
    238.45580275196627,
    198.95856427706238,
    197.5094692238596,
    243.90816088724574,
    241.8447907471989,
    204.25229677184373,
    214.6966926381174,
    250.01439484210087,
    216.89618435174788,
    266.8677328777184,
    256.98093087627694,
    243.67124715074146,
    198.59124239562,
    206.3354271578437,
    234.62459833750745,
    228.97398451066732,
    215.92890959078633,
    241.19672602166537,
    238.914546306354,
    225.0907483602218,
    202.70847136742685,
    217.0561972510034,
    243.52540565865624,
    232.31852691240755,
    251.54508756105588,
    234.90782937103623,
    243.5296594844238,
    231.73854074981008,
    195.57851544363015,
    231.86889797299594,
    239.78618491768606,
    225.73981422669175,
    212.77168466912315,
    250.4857475789978,
    232.82413698137805,
    218.48906350744204,
    218.86121073572028,
    205.59203459715093,
    207.88816242072656,
    227.25750920423434,
    271.50837809689835,
    200.13648338981577,
    217.9937660513283,
    244.14617283073227,
    215.45651613259884,
    222.88483866997365,
    261.68277400037067,
    223.0668368266675,
    215.91880178863124,
    252.04922584330325,
    246.2098006372759,
    246.3475320773603,
    254.6538510078075,
    248.52571613791267,
    278.91077365858604,
    277.5450634829183,
    217.87195363682014,
    268.9773081281815,
    269.1020475090816,
    283.14110341129765,
    224.61292576221277,
    233.61425410086247,
    235.79302567167016,
    254.92923344919765,
    316.89205853583314,
    279.7856287365802,
    247.12036149666312,
    276.498807734551,
    237.78688819299626,
    244.79823767470674,
    274.91634046151194,
    234.30624599170832,
    261.4192901853096,
    275.17806911272896,
    321.6864684442158,
    319.3442547564841,
    266.76167501182414,
    229.44822192667075,
    247.0678866226889,
    248.57870123176343,
    249.5422429379623,
    271.7559523511731,
    283.5765150818359,
    279.0952797751947,
    344.65365733688776,
    303.9345323967212,
    341.7869565680929,
    262.3465652177517,
    295.0529148647943,
    317.39426314735636,
    270.17696711625,
    318.6222694686073,
    346.4571248277666,
    278.82858968013693,
    295.89235187708334,
    272.2352444110837,
    289.43290431755776,
    243.8684897738077,
    69.85088983452569,
    239.91425912987532,
    278.07231758224054,
    312.7928817728013,
    293.25399602720546,
    304.3112339595216,
    292.486931342494,
    304.6362158624982,
    291.8706202946556,
    330.93227208105066,
    330.3910715107313,
    286.76236107604905,
    474.1485899527855,
    278.7873479602979,
    271.4520565753337,
    299.89713054467813,
    296.801000529593,
    274.95189541397883,
    303.3112067636141,
    300.0713267903427,
    312.5909865771117,
    300.5738340043692,
    91.60770330891027,
    284.5616691100568,
    324.6754290218996,
    428.53764615603933,
    302.9601843361988,
    281.2987491243642,
    319.75058054942133,
    299.81146383414966,
    324.78122784223547,
    335.37513171091916,
    310.4774449277553,
    72.97699934198995,
    330.34510064314554,
    352.1902189229883,
    367.6699528425943,
    410.5423113573648,
    317.1700859286693,
    319.09836080760346,
    478.21695368678127,
    308.7730275569568,
    483.06901434263426,
    333.4870740955344,
    329.86640698883514,
    309.07808804447376,
    315.86809192867696,
    332.1981013165915,
    284.6962771362567,
    290.7309437730082,
    298.6516908541869,
    327.3516786728345,
    317.40322623180225,
    298.14284201374295,
    333.5115611592851,
    493.37681090058464,
    334.8578905693143,
    318.51466648477276,
    303.4189642095105,
    272.6093773232024,
    298.80569963734223,
    302.028060379065,
    333.03807359548966,
    272.25346709054065,
    323.82488181096727,
    346.8647770366188,
    417.05723641743486,
    302.18539296563455,
    671.9362609221226,
    426.2142807709782,
    446.25407615517986,
    313.3075457921161,
    338.1753903087533,
    292.4398087182929,
    330.544004150128,
    417.3851875891415,
    403.9338946673601,
    290.3400613871691,
    316.1259133432461,
    472.5545175554348,
    487.9723234661056,
    331.1985779943552,
    420.90907783414843,
    377.10263516214775,
    458.865485977868,
    492.1121845543154,
    349.4709863606311,
    493.7898167271429,
    397.1435358165574,
    308.2339702967551,
    526.7233516100758,
    444.4484759644895,
    314.00584509583183,
    334.352857013507,
    501.52122123884124,
    483.65729421507655,
    309.5017478432012,
    348.8101703180845,
    327.59402657884704,
    335.18383246865983,
    504.77195605800534,
    364.54844671389344
  ],
  "bhvf_diagnostics": []
}