{
  "Hopper-v4": {
    "Optimal_HCGAE_v2_NoBdry": {
      "mean_final5": 2753.143823465222,
      "std_final5": 642.6649587572437,
      "sem_final5": 287.4085069076591,
      "mean_max": 3410.541505990865,
      "mean_best10": 3283.9362073717725,
      "n": 5,
      "seeds_final5": [
        3357.0850784103286,
        1928.2563466584495,
        2011.0196498431796,
        3182.6873158486105,
        3286.670726565541
      ],
      "seeds_max": [
        3362.2676041627565,
        3199.0449648060758,
        3495.313468719995,
        3310.1758091697475,
        3685.905683095749
      ]
    },
    "Optimal_HCGAE_v2_NoGate": {
      "mean_final5": 3183.1400775060815,
      "std_final5": 273.0290017099796,
      "sem_final5": 122.10228153048412,
      "mean_max": 3526.400173793479,
      "mean_best10": 3357.265130268667,
      "n": 5,
      "seeds_final5": [
        3245.4155816755274,
        2649.199014586141,
        3419.14389100811,
        3288.9948759023146,
        3312.947024358313
      ],
      "seeds_max": [
        3251.9857763638315,
        3450.8785187944814,
        3658.2013722790675,
        3618.717766225731,
        3652.2174353042838
      ]
    }
  },
  "Walker2d-v4": {
    "Optimal_HCGAE_v2_NoBdry": {
      "mean_final5": 2734.2376691699455,
      "std_final5": 1427.94662343237,
      "sem_final5": 638.5971436472146,
      "mean_max": 3236.920976203735,
      "mean_best10": 3014.3500338649333,
      "n": 5,
      "seeds_final5": [
        1249.8570011301465,
        1087.1078095609148,
        4667.943846680236,
        2691.9893770138056,
        3974.290311464626
      ],
      "seeds_max": [
        1484.261705056743,
        1240.3626654287505,
        4791.080477057903,
        4643.271947915863,
        4025.6280855594136
      ]
    },
    "Optimal_HCGAE_v2_NoGate": {
      "mean_final5": 1912.2658140765022,
      "std_final5": 817.0008187591031,
      "sem_final5": 365.37387368366797,
      "mean_max": 2779.8538176668903,
      "mean_best10": 2324.91289420195,
      "n": 5,
      "seeds_final5": [
        1062.2729873996059,
        2249.0111257464605,
        2915.9942981273844,
        2495.8225963028954,
        838.2280628061648
      ],
      "seeds_max": [
        1325.42366718928,
        2877.131964377523,
        3398.574809508986,
        2955.0918095472907,
        3343.046837711373
      ]
    }
  },
  "HalfCheetah-v4": {
    "Optimal_HCGAE_v2_NoBdry": {
      "mean_final5": 1633.676485157838,
      "std_final5": 83.97436873011813,
      "sem_final5": 37.55447936963537,
      "mean_max": 1678.7837859761974,
      "mean_best10": 1638.6455821287477,
      "n": 5,
      "seeds_final5": [
        1593.196750374491,
        1599.2980467232655,
        1785.1077848187003,
        1538.0539528716595,
        1652.7258910010728
      ],
      "seeds_max": [
        1760.4602793038725,
        1620.9030254924269,
        1797.2975872523984,
        1552.1473760509336,
        1663.1106617813566
      ]
    },
    "Optimal_HCGAE_v2_NoGate": {
      "mean_final5": 1644.4611313611301,
      "std_final5": 63.78396658132057,
      "sem_final5": 28.52505703008153,
      "mean_max": 1706.4552653010528,
      "mean_best10": 1628.2854799868164,
      "n": 5,
      "seeds_final5": [
        1620.2754028198688,
        1653.7451318414574,
        1704.2922772641246,
        1535.1582467327357,
        1708.8345981474645
      ],
      "seeds_max": [
        1639.2453553392384,
        1668.988450531472,
        1900.1285766601893,
        1550.87706227022,
        1773.0368817041442
      ]
    }
  }
}