{
  "env": "HalfCheetah-v4",
  "agent": "Optimal_PPO",
  "seed": 1,
  "config": {
    "hidden_dim": 256,
    "use_obs_norm": true,
    "use_adv_norm": true,
    "use_lr_anneal": true,
    "eval_mode": "deterministic_mean_post_update"
  },
  "total_steps": 500000,
  "final_reward": 1727.914968137256,
  "eval_rewards": [
    -4.784330053918196,
    -9.387587181666195,
    -6.736400642100546,
    -19.19237827635144,
    -33.4561067134827,
    -48.835922284332476,
    -119.8848870048434,
    -151.12455393727552,
    438.0459017577147,
    781.8814617549644,
    1155.460566740531,
    1190.019648605462,
    1203.7187367079773,
    1280.8840612040876,
    1317.7481749096012,
    1244.079722632132,
    1189.7248154752765,
    1414.0050543511702,
    1442.7830302520838,
    1459.7880042299216,
    1510.5263923738546,
    1490.916094501833,
    1520.8550812952408,
    1531.7377856802088,
    1559.520708536396,
    1474.6969073294706,
    1565.0580062930385,
    1646.1393623494582,
    1629.5381853566062,
    1641.5009106093007,
    1645.8231780909057,
    1468.925971495058,
    1519.5129265934506,
    1719.5597115139892,
    1727.6916944535642,
    1737.2863290428297,
    1730.5099223104844,
    1741.1675321878677,
    1765.335405402417,
    1766.3776037502735,
    1770.121170086883,
    1763.4059533309833,
    1762.4950521677608,
    1758.914082172197,
    1679.8910469075734,
    1724.6130648313635,
    1728.6566880066107,
    1758.8370870252274,
    1747.5769539155058
  ],
  "eval_steps": [
    10240,
    20480,
    30720,
    40960,
    51200,
    61440,
    71680,
    81920,
    92160,
    102400,
    112640,
    122880,
    133120,
    143360,
    153600,
    163840,
    174080,
    184320,
    194560,
    204800,
    215040,
    225280,
    235520,
    245760,
    256000,
    266240,
    276480,
    286720,
    296960,
    307200,
    317440,
    327680,
    337920,
    348160,
    358400,
    368640,
    378880,
    389120,
    399360,
    409600,
    419840,
    430080,
    440320,
    450560,
    460800,
    471040,
    481280,
    491520,
    500000
  ],
  "elapsed_s": 458.5
}