{
  "env": "HalfCheetah-v4",
  "agent": "Optimal_PPO",
  "seed": 2,
  "config": {
    "hidden_dim": 256,
    "use_obs_norm": true,
    "use_adv_norm": true,
    "use_lr_anneal": true,
    "eval_mode": "deterministic_mean_post_update"
  },
  "total_steps": 500000,
  "final_reward": 1743.1053243845429,
  "eval_rewards": [
    -4.6004095658305655,
    -6.377583744812772,
    -25.28206325743314,
    -66.99794272207245,
    -71.2422534924888,
    -121.87253346755472,
    16.277949738878686,
    805.881946249681,
    1024.3106294716204,
    1000.9761073114654,
    968.7254349535679,
    1086.2712449093947,
    306.2582540056047,
    1013.5449139609324,
    977.0825274733373,
    911.5839458022865,
    1328.800595066862,
    1359.8064652369171,
    1395.0153883117332,
    1378.0595593130747,
    1428.85441274727,
    1463.2913079646235,
    1522.115632032642,
    1511.6963829482233,
    1507.2096307525348,
    1490.3594156670576,
    1519.5538701422656,
    1561.7861258227094,
    1564.7532735282464,
    1586.6449325044046,
    1606.0305771888645,
    1622.1848145981744,
    1662.0242817795738,
    1632.5083555674762,
    1649.5292418509548,
    1671.481864446659,
    1679.5303491609036,
    1681.797473169201,
    1692.6833982967596,
    1703.8439491324339,
    1687.9301214232619,
    1712.8282806739328,
    1733.406880953797,
    1741.05716059746,
    1732.3538429666683,
    1733.3112125866094,
    1763.319599667318,
    1744.4389580956645,
    1742.1030086064534
  ],
  "eval_steps": [
    10240,
    20480,
    30720,
    40960,
    51200,
    61440,
    71680,
    81920,
    92160,
    102400,
    112640,
    122880,
    133120,
    143360,
    153600,
    163840,
    174080,
    184320,
    194560,
    204800,
    215040,
    225280,
    235520,
    245760,
    256000,
    266240,
    276480,
    286720,
    296960,
    307200,
    317440,
    327680,
    337920,
    348160,
    358400,
    368640,
    378880,
    389120,
    399360,
    409600,
    419840,
    430080,
    440320,
    450560,
    460800,
    471040,
    481280,
    491520,
    500000
  ],
  "elapsed_s": 416.5
}