{
  "env": "HalfCheetah-v4",
  "agent": "BHVF_V7",
  "seed": 0,
  "config": {
    "hidden_dim": 256,
    "lr": 0.0003,
    "gamma": 0.99,
    "lam": 0.95,
    "eps_clip": 0.2,
    "n_epochs": 10,
    "batch_size": 64,
    "n_steps": 2048,
    "ent_coef": 0.0,
    "vf_coef": 0.5,
    "max_grad_norm": 0.5,
    "use_obs_norm": true,
    "use_adv_norm": true,
    "use_lr_anneal": true,
    "total_timesteps": 50000,
    "eval_freq": 20480,
    "n_eval_episodes": 10,
    "eval_mode": "deterministic_mean",
    "scr_ema_alpha": 0.1,
    "clip_c": 2.5,
    "use_dcppo_s": false,
    "dcppo_w_min": 0.1
  },
  "total_steps": 51200,
  "elapsed_s": 92.62934279441833,
  "final_reward": -9.040691426359288,
  "max_reward": -1.1246546241329676,
  "eval_rewards": [
    -1.1246546241329676,
    -13.33103818533002,
    -12.66638146961488
  ],
  "eval_steps": [
    2048,
    22528,
    43008
  ],
  "episode_rewards": [
    -562.4255265827329,
    -505.79172644916264,
    -838.3447677602117,
    -622.6391999519337,
    -644.1870583445088,
    -618.64060261831,
    -611.3750519896373,
    -550.1196105391696,
    -502.7768488653401,
    -583.9234199685671,
    -589.600428548827,
    -753.5581011680832,
    -427.3357289472058,
    -556.2515758119292,
    -537.0643691340911,
    -588.6315300282779,
    -624.7275740036024,
    -505.505258365038,
    -500.26469321034915,
    -447.3335742459967,
    -439.3965557381657,
    -529.3882703625766,
    -513.1248891255423,
    -561.5516319920024,
    -473.50079594067824,
    -503.3005492055833,
    -356.93097052419637,
    -438.3606532075866,
    -482.5221649658788,
    -469.9220262301491,
    -446.79191092142116,
    -487.31676363608017,
    -558.7295245868047,
    -522.9741806620274,
    -473.767301615845,
    -333.1650504952352,
    -381.2753594274985,
    -385.90910383234217,
    -574.5568300214825,
    -419.85513576222735,
    -437.3595586506178,
    -395.33662431151276,
    -410.83139187929237,
    -385.41755871595564,
    -405.972327919521,
    -446.1817423065781,
    -324.90727488699423,
    -410.64086094138224,
    -425.680509453922,
    -380.11846017966826,
    -302.42999615657925
  ],
  "bhvf_diagnostics": [
    {
      "step": 2048,
      "scr": 0.02447506931135657,
      "sigma_V": 53.3468017678125,
      "sigma_G": 15.415599832998048,
      "sigma_e": 2.4417613039479984,
      "alpha_star": 0.839921044788263,
      "c_mc": 0.839921044788263,
      "ev_now": -0.00026120416065089636,
      "clip_ratio": 0.998046875
    },
    {
      "step": 22528,
      "scr": 0.4284863539008035,
      "sigma_V": 7.073707113729248,
      "sigma_G": 10.269481668935548,
      "sigma_e": 8.892087333650316,
      "alpha_star": 0.8389847638649612,
      "c_mc": 0.8389847638649612,
      "ev_now": 0.32712054256826395,
      "clip_ratio": 0.005859375
    },
    {
      "step": 43008,
      "scr": 0.6864236273755702,
      "sigma_V": 5.730146418081055,
      "sigma_G": 7.531169424520264,
      "sigma_e": 11.142608298027254,
      "alpha_star": 0.8425511357316241,
      "c_mc": 0.8425511357316241,
      "ev_now": -0.007521378863589945,
      "clip_ratio": 0.0
    }
  ]
}