{
  "variant": "HCGAE_Base",
  "use_imp1": false,
  "use_imp2": false,
  "use_imp3": false,
  "use_imp4": false,
  "final_reward": 3193.3939408553806,
  "best_reward": 3381.0291709531134,
  "peak_step": 290816,
  "conv_step_90": 210944,
  "stability_std": 515.3226515877581,
  "final_ev_ema": 0.8806353369385815,
  "elapsed_s": 103.7,
  "n_episodes": 1235,
  "eval_steps": [
    10240,
    20480,
    30720,
    40960,
    51200,
    61440,
    71680,
    81920,
    90112,
    100352,
    110592,
    120832,
    131072,
    141312,
    151552,
    161792,
    172032,
    180224,
    190464,
    200704,
    210944,
    221184,
    231424,
    241664,
    251904,
    260096,
    270336,
    280576,
    290816,
    301056
  ],
  "eval_rewards": [
    213.2007485861157,
    334.8996222660251,
    322.5791697252189,
    730.8760662917991,
    1035.7243978964493,
    1264.138616724444,
    1531.1592932731673,
    988.5809093531082,
    1648.7150898847285,
    1406.0825693713675,
    963.0658773341289,
    1440.8329883928218,
    2196.111715200556,
    1519.9548312244124,
    1756.1246714768536,
    2768.6813405533494,
    2897.3118119973574,
    1537.8824327273053,
    2510.3858876963777,
    1936.2596056416223,
    3088.2451195488024,
    3147.5206333701676,
    2973.1999526709237,
    3254.3185762334697,
    3164.185391023411,
    3293.107371187358,
    2706.405452131563,
    3246.01745788916,
    3381.0291709531134,
    3340.4102521157088
  ]
}