{
  "variant": "HCGAE_Imp2",
  "use_imp1": false,
  "use_imp2": true,
  "use_imp3": false,
  "use_imp4": false,
  "final_reward": 3013.032341660476,
  "best_reward": 3549.713733711401,
  "peak_step": 251904,
  "conv_step_90": 151552,
  "stability_std": 693.9942546167023,
  "final_ev_ema": 0.9777234144164328,
  "elapsed_s": 101.4,
  "n_episodes": 1187,
  "eval_steps": [
    10240,
    20480,
    30720,
    40960,
    51200,
    61440,
    71680,
    81920,
    90112,
    100352,
    110592,
    120832,
    131072,
    141312,
    151552,
    161792,
    172032,
    180224,
    190464,
    200704,
    210944,
    221184,
    231424,
    241664,
    251904,
    260096,
    270336,
    280576,
    290816,
    301056
  ],
  "eval_rewards": [
    289.7677800971279,
    336.3424273663222,
    345.9980335593958,
    626.0204323096207,
    756.274241146236,
    1094.0839867170375,
    749.9193984530004,
    640.4397566481804,
    1029.9170615260396,
    844.145199100382,
    1381.6468141030853,
    2776.4090991069834,
    2991.1956580771275,
    2961.0934655368637,
    3226.978099710396,
    3290.20259108909,
    3412.3456786034103,
    3434.978328378636,
    3429.3895859767385,
    1224.4741984536104,
    3439.1745185962727,
    3354.4583774607245,
    3476.537686750859,
    3491.310314129068,
    3549.713733711401,
    1609.7133399112686,
    3507.654363092234,
    3509.2475851915087,
    3466.3529413528654,
    2972.1934787545033
  ]
}