{
  "variant": "HCGAE_Imp12",
  "use_imp1": true,
  "use_imp2": true,
  "use_imp3": false,
  "use_imp4": false,
  "final_reward": 3501.94872197999,
  "best_reward": 3526.630865322495,
  "peak_step": 290816,
  "conv_step_90": 221184,
  "stability_std": 528.1749819492791,
  "final_ev_ema": 0.9593245608649891,
  "elapsed_s": 104.2,
  "n_episodes": 1201,
  "eval_steps": [
    10240,
    20480,
    30720,
    40960,
    51200,
    61440,
    71680,
    81920,
    90112,
    100352,
    110592,
    120832,
    131072,
    141312,
    151552,
    161792,
    172032,
    180224,
    190464,
    200704,
    210944,
    221184,
    231424,
    241664,
    251904,
    260096,
    270336,
    280576,
    290816,
    301056
  ],
  "eval_rewards": [
    189.23010905842904,
    327.0289102851642,
    330.6116412145092,
    341.22776547693155,
    512.4251159282583,
    731.5986328450898,
    1318.6454164973004,
    2655.861438680233,
    2540.7070396097306,
    1682.0308768001937,
    847.5018340155927,
    2312.088116526642,
    1705.210626929645,
    2902.5474606034336,
    2858.1611759824455,
    2874.998067633841,
    2968.8962857167194,
    1349.479476440364,
    3024.5016211448374,
    3104.0485125951454,
    3121.7889467690998,
    3193.8536256090874,
    3353.675845982045,
    3460.208886306778,
    3386.1503760950013,
    3513.317185137674,
    3499.37775978289,
    3494.1344741310922,
    3526.630865322495,
    3476.283325525796
  ]
}