{
  "variant": "HCGAE_Imp4",
  "use_imp1": false,
  "use_imp2": false,
  "use_imp3": false,
  "use_imp4": true,
  "final_reward": 1509.9770816603427,
  "best_reward": 3369.2064129455225,
  "peak_step": 231424,
  "conv_step_90": 221184,
  "stability_std": 788.1277210230477,
  "final_ev_ema": 0.887638388246304,
  "elapsed_s": 97.8,
  "n_episodes": 1314,
  "eval_steps": [
    10240,
    20480,
    30720,
    40960,
    51200,
    61440,
    71680,
    81920,
    90112,
    100352,
    110592,
    120832,
    131072,
    141312,
    151552,
    161792,
    172032,
    180224,
    190464,
    200704,
    210944,
    221184,
    231424,
    241664,
    251904,
    260096,
    270336,
    280576,
    290816,
    301056
  ],
  "eval_rewards": [
    291.36584080279783,
    316.6946594453903,
    328.60771863052094,
    358.94162066174465,
    431.83077393180855,
    431.6075259583066,
    458.7892553424167,
    737.94878117228,
    1377.9195718786445,
    1310.4004398038373,
    1153.7036409268226,
    3023.9932541361495,
    1673.9230853831773,
    2028.68300743025,
    2550.037022201996,
    2837.9392132622206,
    2482.3374178550603,
    1379.2907761714812,
    2264.0717235400307,
    1380.1065385051581,
    1568.0684949398678,
    3290.2177255679358,
    3369.2064129455225,
    1667.730267773996,
    3365.1613581383654,
    1954.4711334410356,
    944.1726770883449,
    1894.1848318231907,
    1253.2821298174354,
    1503.7746361317077
  ]
}