{
  "variant": "HCGAE_Imp124",
  "use_imp1": true,
  "use_imp2": true,
  "use_imp3": false,
  "use_imp4": true,
  "final_reward": 2692.130079897718,
  "best_reward": 3176.5285463061987,
  "peak_step": 161792,
  "conv_step_90": 161792,
  "stability_std": 814.2540338882103,
  "final_ev_ema": 0.9582420332524082,
  "elapsed_s": 101.8,
  "n_episodes": 1229,
  "eval_steps": [
    10240,
    20480,
    30720,
    40960,
    51200,
    61440,
    71680,
    81920,
    90112,
    100352,
    110592,
    120832,
    131072,
    141312,
    151552,
    161792,
    172032,
    180224,
    190464,
    200704,
    210944,
    221184,
    231424,
    241664,
    251904,
    260096,
    270336,
    280576,
    290816,
    301056
  ],
  "eval_rewards": [
    330.5090883012766,
    338.7041435976605,
    340.41167249244126,
    491.39150176778423,
    703.4315556627405,
    1004.2625664265422,
    1068.033206677242,
    1587.5231798523369,
    1703.5553855379196,
    1448.4442490317,
    1164.5826202061314,
    1666.4389312941626,
    1760.8751021602632,
    1563.1884259227204,
    1992.158469605384,
    3176.5285463061987,
    2938.213341358439,
    3054.6785120309664,
    3079.371042539255,
    2980.0849838349545,
    1144.4402188948404,
    1016.1158040064926,
    3023.4345530351266,
    3142.6232880460298,
    2850.8134646708727,
    3105.7072985123755,
    3131.240303937452,
    3124.160080620355,
    3141.855122666577,
    957.6875937518332
  ]
}