{
  "env": "Walker2d-v4",
  "variant": "ADVANCE_ImpA",
  "seed": 456,
  "final_reward": 1596.9867927619653,
  "best_reward": 1713.6250693063898,
  "mean_reward": 676.4114132727692,
  "all_eval_rewards": [
    287.7086799060265,
    263.5909346533377,
    296.01383044470975,
    283.7399717113184,
    343.02119702296795,
    377.89266413725034,
    368.99115670667845,
    367.2823354627036,
    368.33332147827093,
    374.61650578042384,
    373.5691063156883,
    372.2485091924387,
    404.68818465265997,
    412.4020077711076,
    464.7168124888643,
    679.0170502126308,
    809.224476041972,
    728.0308561043277,
    679.9714791829863,
    679.453431804779,
    678.1931985854051,
    887.6406678155029,
    804.2531927500604,
    1005.7929700061399,
    1259.0402774817428,
    1255.5377889144222,
    1637.9510245306078,
    1439.3842844488984,
    1713.6250693063898
  ],
  "eval_steps": [
    10240,
    20480,
    30720,
    40960,
    51200,
    61440,
    71680,
    81920,
    92160,
    102400,
    112640,
    122880,
    133120,
    143360,
    153600,
    163840,
    174080,
    184320,
    194560,
    204800,
    215040,
    225280,
    235520,
    245760,
    256000,
    266240,
    276480,
    286720,
    296960
  ],
  "elapsed_s": 115.6
}