{
  "env": "Walker2d-v4",
  "variant": "ADVANCE_ImpB",
  "seed": 42,
  "final_reward": 694.49886798779,
  "best_reward": 797.4231084910268,
  "mean_reward": 441.82875722425194,
  "all_eval_rewards": [
    272.8895228083259,
    308.97137594489374,
    301.1479030894339,
    305.0460116443204,
    325.5337644687189,
    310.9642758989413,
    354.4420694564722,
    360.03491987273765,
    385.7006803252119,
    397.02103949550485,
    385.0456401622502,
    448.6914768510149,
    430.5808212511917,
    394.7994999437878,
    428.387534088522,
    420.272189226387,
    414.38759740922035,
    402.43576386156644,
    414.4493730825332,
    433.1818416591133,
    477.7233891443633,
    456.65996330051655,
    478.07289918559843,
    538.9214584947324,
    567.0727511239568,
    717.1035937506224,
    594.5003870849208,
    691.5731083874223,
    797.4231084910268
  ],
  "eval_steps": [
    10240,
    20480,
    30720,
    40960,
    51200,
    61440,
    71680,
    81920,
    92160,
    102400,
    112640,
    122880,
    133120,
    143360,
    153600,
    163840,
    174080,
    184320,
    194560,
    204800,
    215040,
    225280,
    235520,
    245760,
    256000,
    266240,
    276480,
    286720,
    296960
  ],
  "elapsed_s": 111.4
}