{
  "env": "Walker2d-v4",
  "variant": "ADVANCE_ImpBC",
  "seed": 42,
  "final_reward": 625.0337534567947,
  "best_reward": 636.1407591249853,
  "mean_reward": 392.8991365172336,
  "all_eval_rewards": [
    249.61391030070496,
    268.04183370106955,
    248.42572126111463,
    254.37876476932746,
    251.6367553241742,
    244.72634885429457,
    245.87473001119488,
    248.13595283345134,
    260.5232900603047,
    277.8248341053666,
    327.6779204753781,
    351.20813485485604,
    361.1087368159254,
    357.2994256061184,
    362.38128936592426,
    373.2733480435623,
    386.0940212709012,
    392.3462731899257,
    419.6304614439815,
    432.9321902982154,
    471.8125315789965,
    498.6839852625435,
    543.6911271101169,
    572.6556566936681,
    551.9190245022073,
    567.0774308960675,
    618.0629533828367,
    620.8975478625619,
    636.1407591249853
  ],
  "eval_steps": [
    10240,
    20480,
    30720,
    40960,
    51200,
    61440,
    71680,
    81920,
    92160,
    102400,
    112640,
    122880,
    133120,
    143360,
    153600,
    163840,
    174080,
    184320,
    194560,
    204800,
    215040,
    225280,
    235520,
    245760,
    256000,
    266240,
    276480,
    286720,
    296960
  ],
  "elapsed_s": 114.7
}