{
  "env": "Walker2d-v4",
  "variant": "ADVANCE_Base",
  "seed": 42,
  "final_reward": 453.86392640995695,
  "best_reward": 488.07639422422005,
  "mean_reward": 353.07296109307504,
  "all_eval_rewards": [
    267.27198929376806,
    268.9549387811092,
    283.8251870883607,
    278.12017969683586,
    272.20986002382523,
    276.53656844178164,
    323.19332977498016,
    344.9164644203208,
    360.15477389713624,
    345.8841614417343,
    366.2458405658896,
    357.03715103339675,
    356.9433619620386,
    343.31100401870776,
    350.84186674167483,
    337.7094613422714,
    341.0408059470187,
    344.6651548104393,
    360.4006933224149,
    379.8924366616801,
    387.96678157089434,
    405.0966020964253,
    378.6840860558617,
    379.0851889983646,
    362.5428376735441,
    404.99336680883255,
    420.57711817153586,
    488.07639422422005,
    452.9382668341148
  ],
  "eval_steps": [
    10240,
    20480,
    30720,
    40960,
    51200,
    61440,
    71680,
    81920,
    92160,
    102400,
    112640,
    122880,
    133120,
    143360,
    153600,
    163840,
    174080,
    184320,
    194560,
    204800,
    215040,
    225280,
    235520,
    245760,
    256000,
    266240,
    276480,
    286720,
    296960
  ],
  "elapsed_s": 131.3
}