{
  "env": "Walker2d-v4",
  "variant": "ADVANCE_ImpB",
  "seed": 123,
  "final_reward": 615.1521149696551,
  "best_reward": 620.5397569369146,
  "mean_reward": 424.89532402008706,
  "all_eval_rewards": [
    302.39946135122864,
    266.3083000009248,
    262.3317275562752,
    253.24425496943695,
    250.6497233988369,
    254.28304110776781,
    248.34252934058154,
    248.07859862899872,
    267.61757262581636,
    324.6993174344013,
    387.417121609783,
    431.1058502107385,
    458.61358674764523,
    466.08852531710755,
    459.84280809931505,
    436.53221176663175,
    429.4435398914146,
    421.6452470954599,
    451.1560286956028,
    461.9749847205445,
    524.5917232229017,
    523.2770883235543,
    532.3060997633614,
    594.5884946690289,
    620.5397569369146,
    599.4304581892891,
    616.8111194518244,
    619.5688571184912,
    609.0763683386498
  ],
  "eval_steps": [
    10240,
    20480,
    30720,
    40960,
    51200,
    61440,
    71680,
    81920,
    92160,
    102400,
    112640,
    122880,
    133120,
    143360,
    153600,
    163840,
    174080,
    184320,
    194560,
    204800,
    215040,
    225280,
    235520,
    245760,
    256000,
    266240,
    276480,
    286720,
    296960
  ],
  "elapsed_s": 110.5
}