{
  "env": "Walker2d-v4",
  "variant": "ADVANCE_ImpAB",
  "seed": 123,
  "final_reward": 685.7839954254836,
  "best_reward": 849.0851338258683,
  "mean_reward": 396.26577156119316,
  "all_eval_rewards": [
    295.73363339480636,
    294.83445144009204,
    327.7023799617399,
    314.1255430434487,
    317.6533070608632,
    295.9842179791678,
    298.10062098466284,
    281.8099678564326,
    276.8025019535369,
    311.1999822249642,
    314.2037871486519,
    343.42545213483317,
    346.0621121084214,
    353.8927718502382,
    367.5878008779374,
    363.0628603593604,
    376.2846845524987,
    364.7540787066072,
    373.3459224069685,
    370.2988262358979,
    382.9917670943315,
    410.5524796625829,
    480.0136233322357,
    509.4728467001516,
    521.7618968243468,
    542.6978731033746,
    587.3334392307695,
    620.9334132198126,
    849.0851338258683
  ],
  "eval_steps": [
    10240,
    20480,
    30720,
    40960,
    51200,
    61440,
    71680,
    81920,
    92160,
    102400,
    112640,
    122880,
    133120,
    143360,
    153600,
    163840,
    174080,
    184320,
    194560,
    204800,
    215040,
    225280,
    235520,
    245760,
    256000,
    266240,
    276480,
    286720,
    296960
  ],
  "elapsed_s": 114.9
}