{
  "env": "Walker2d-v4",
  "variant": "ADVANCE_Full",
  "seed": 456,
  "final_reward": 633.8348562719265,
  "best_reward": 696.7789391955878,
  "mean_reward": 426.4622168080684,
  "all_eval_rewards": [
    252.33481033442678,
    285.3952515456169,
    297.0168463721267,
    284.7893686714316,
    305.8086960973499,
    309.9658818141728,
    318.67896835573583,
    359.94683337659615,
    357.3797443293438,
    376.1635426514363,
    378.01035905876864,
    372.21412724149815,
    370.18981360013277,
    369.40822713563887,
    368.8216651335098,
    361.7153272413793,
    368.4695897027145,
    378.1533892021722,
    401.6236205931001,
    454.5598194488234,
    481.29004692630934,
    562.4828214161466,
    562.0129791441033,
    614.9366114314585,
    622.02396617512,
    652.5074116190924,
    548.7585159595043,
    696.7789391955878,
    655.9671136606873
  ],
  "eval_steps": [
    10240,
    20480,
    30720,
    40960,
    51200,
    61440,
    71680,
    81920,
    92160,
    102400,
    112640,
    122880,
    133120,
    143360,
    153600,
    163840,
    174080,
    184320,
    194560,
    204800,
    215040,
    225280,
    235520,
    245760,
    256000,
    266240,
    276480,
    286720,
    296960
  ],
  "elapsed_s": 102.9
}