{
  "env": "Hopper-v4",
  "agent": "Optimal_HCGAE_Optimal",
  "seed": 12,
  "config": {
    "hidden_dim": 256,
    "lr": 0.0003,
    "gamma": 0.99,
    "lam": 0.95,
    "eps_clip": 0.2,
    "n_epochs": 10,
    "batch_size": 64,
    "n_steps": 2048,
    "ent_coef": 0.0,
    "vf_coef": 0.5,
    "max_grad_norm": 0.5,
    "use_obs_norm": true,
    "use_adv_norm": true,
    "use_lr_anneal": true,
    "use_vclip": false,
    "device": "cpu",
    "total_timesteps": 1000000,
    "eval_freq": 20480,
    "n_eval_episodes": 10,
    "eval_mode": "deterministic_mean"
  },
  "total_steps": 1001472,
  "elapsed_s": 1264.8904871940613,
  "final_reward": 1302.8861090869764,
  "peak_reward": 2351.0332889986066,
  "max_reward": 3473.32024342813,
  "eval_rewards": [
    84.12814452937208,
    226.29956791382136,
    435.3009207543158,
    1273.825428645294,
    1041.729513118417,
    1313.9217650091628,
    1655.0231055692936,
    1713.4448349478287,
    3197.250709831439,
    2874.557649419699,
    1841.4691183745804,
    3268.565578350745,
    2170.949823452143,
    1783.4487181801574,
    2160.6885065680317,
    3383.8580492041847,
    2130.8886494289404,
    3051.109466551327,
    2367.0055895578366,
    1866.1851537502891,
    1436.945631297636,
    1891.7835028431873,
    2022.4219166231348,
    2941.7521836715177,
    2811.224711481228,
    2978.385271300255,
    2677.344291342827,
    3471.4175029191733,
    1282.0580206195737,
    2644.855978104037,
    3473.32024342813,
    2575.390819246076,
    1559.5647908145886,
    1435.903281837754,
    1412.0926903736524,
    1706.7050855645707,
    2424.4205708284358,
    2531.8755161732656,
    1591.5714254527118,
    1080.4636952906947,
    993.7886240612397,
    1659.7852535986415,
    2396.0402794103184,
    1158.496191746388,
    1110.0138591505188,
    1213.7308194029938,
    1072.0301349393717,
    1086.31759759849,
    1258.1946356711092
  ],
  "eval_steps": [
    2048,
    22528,
    43008,
    63488,
    83968,
    104448,
    124928,
    145408,
    165888,
    186368,
    206848,
    227328,
    247808,
    268288,
    288768,
    309248,
    329728,
    350208,
    370688,
    391168,
    411648,
    432128,
    452608,
    473088,
    493568,
    514048,
    534528,
    555008,
    575488,
    595968,
    616448,
    636928,
    657408,
    677888,
    698368,
    718848,
    739328,
    759808,
    780288,
    800768,
    821248,
    841728,
    862208,
    882688,
    903168,
    923648,
    944128,
    964608,
    985088
  ],
  "episode_rewards": [
    1570.9342090402115,
    1195.9222542681443,
    2136.620773460581,
    2028.3057537784575,
    1504.4895751829542,
    1053.5549778650932,
    1417.661257274529,
    1276.1743232940378,
    2113.1830546482074,
    2080.1508345887632,
    1010.3863021335678,
    1270.4851732304312,
    1460.5340504016508,
    2063.7456741504657,
    1352.881729195529,
    1396.479899292545,
    1425.3881420053544,
    1257.5539907752186,
    1111.987082511066,
    1990.6031652119595,
    1145.1728003089167,
    1701.1895504815352,
    1036.8454310883226,
    2174.9257356550493,
    1728.0707356010562,
    2800.296078504405,
    1427.6875061627493,
    1862.770337265352,
    1778.1204069833636,
    2197.363879612075,
    1203.9105409495035,
    1226.227926105014,
    2196.1354975655377,
    1671.0720486488112,
    2311.3580870473024,
    2542.7833133009485,
    937.4310653008422,
    2077.0005653724515,
    1137.3822997420316,
    2172.656997658524,
    2554.7334054268663,
    1422.4651038507423,
    925.3007013936902,
    1141.2682045317158,
    1704.982459643564,
    3050.6955337473983,
    1376.136205347765,
    1615.9868157459468,
    978.552614167929,
    1653.0589505391445,
    1499.7376146817446,
    1385.601009141765,
    1931.2918255814811,
    1170.0226578235518,
    2131.440841296961,
    1710.7409807904253,
    1698.9214647375154,
    2242.9579141596664,
    1642.980741221839,
    2342.50533796414,
    1752.6025562502425,
    1146.9604254939754,
    3676.399530827588,
    1145.2031522861898,
    1031.8111941735858,
    1098.0903571306517,
    1540.4210932479768,
    1905.050027298871,
    1465.4211760484848,
    1051.39936090794,
    1698.9252270660954,
    2605.9351008008543,
    1012.657318956741,
    888.9130862269591,
    1522.9420967904944,
    1835.8495985139539,
    2327.295055588198,
    2367.3713636179777,
    1663.416534133286,
    1113.5730727233893,
    1140.516937928565,
    980.9516779538548,
    1111.9621849363668,
    1530.6360833385647,
    1229.2252931720782,
    1147.1771180164217,
    1575.9986825567664,
    891.8607574427716,
    1132.8227598967635,
    2180.6766781758706,
    1146.581790684198,
    1660.5587021589145,
    2233.9545094284695,
    2487.7395825736244,
    1139.346707318305,
    1268.5033150227998,
    2875.700346172722,
    1625.2462364471444,
    1483.2276444816794,
    1326.5378355120563,
    1096.9951520264315,
    1139.764701839073,
    1421.3456409859953,
    1032.0417859668187,
    986.7811986344137,
    1604.0808450592892,
    2347.2606586642846,
    1074.5445499330583,
    991.5413269278446,
    1208.5455765357067,
    921.8765258932815,
    1309.1798488872773,
    1921.3794729956342,
    1137.7328831167213,
    1816.4235787058483,
    1961.9283403911286,
    1991.6005454380975,
    2766.805466586082,
    879.9350262813831,
    1431.0216276050098,
    1157.5012888423457,
    1243.913195031158,
    1707.9433635786913,
    2406.0707437425585,
    1132.4524707825506,
    1682.7272124503565,
    1171.5610968470453,
    552.31345220356,
    1526.088773082103,
    873.5013045757548,
    1682.0382670811555,
    1055.393599600127,
    1324.298750573405,
    1636.475439533861,
    2373.8071182108506,
    2223.5073299967626,
    1340.747362478903,
    1164.4507386725904,
    1439.6860159662435,
    1120.6245703416007,
    1249.9708046081182,
    1156.0245846434052,
    1120.0291717460304,
    1679.037177416641,
    920.3311957539848,
    1764.787239348451,
    2173.6319333097113,
    2015.0959573465866,
    1226.4501402993149,
    1633.0768608860228,
    1023.2082270402993,
    2079.282753437996,
    2240.5355072892826,
    1141.6807880303684,
    1583.9845358965201,
    1139.775376724569,
    1726.8484940755914,
    2331.1262263709314,
    1293.2055235558867,
    1543.307514199651,
    1503.243665387999,
    1191.7261170418033,
    1426.9638124002438,
    2751.881851890391,
    1248.06985308063,
    1229.2498532573256,
    1797.9002434421736,
    1531.0659707855402,
    1695.5365613416375,
    1357.6379136426388,
    1619.711967151759,
    1253.5817622037684,
    1768.7431378586596,
    1621.4134767741364,
    1307.3534182706967,
    1327.721783006046,
    1492.7140027992261,
    1150.6743930570321,
    1134.8110184772995,
    1413.889393423117,
    1681.8275153770815,
    2060.5969223372017,
    2246.223463433735,
    803.8682961763494,
    1750.8427906761412,
    1974.9390061741283,
    969.8998779145937,
    2074.742250016483,
    1932.8490892173163,
    1835.2795025375815,
    1081.0555280127096,
    1193.3358675066306,
    907.1432693149965,
    1115.8392279268933,
    1453.6162321476545,
    2271.891774509049,
    1660.5206679281537,
    1115.2813820313427,
    1658.8583777581227,
    1277.4573829527474
  ],
  "diagnostics": [
    {
      "step": 2048,
      "scr_ema": 0.9780471579205052,
      "ev_ema": 0.0007622155563828559,
      "g_std_ema": 2.043241025017334
    },
    {
      "step": 22528,
      "scr_ema": 0.5391050599119342,
      "ev_ema": 0.15300648744751774,
      "g_std_ema": 23.41481989549851
    },
    {
      "step": 43008,
      "scr_ema": 0.3639527907548705,
      "ev_ema": 0.43178177247719074,
      "g_std_ema": 41.48863834431858
    },
    {
      "step": 63488,
      "scr_ema": 0.2541975065571935,
      "ev_ema": 0.6123120136274265,
      "g_std_ema": 55.272669034965574
    },
    {
      "step": 83968,
      "scr_ema": 0.23821291558486035,
      "ev_ema": 0.7210537835679933,