{
  "env": "Hopper-v4",
  "agent": "Optimal_HCGAE_Optimal",
  "seed": 9,
  "config": {
    "hidden_dim": 256,
    "lr": 0.0003,
    "gamma": 0.99,
    "lam": 0.95,
    "eps_clip": 0.2,
    "n_epochs": 10,
    "batch_size": 64,
    "n_steps": 2048,
    "ent_coef": 0.0,
    "vf_coef": 0.5,
    "max_grad_norm": 0.5,
    "use_obs_norm": true,
    "use_adv_norm": true,
    "use_lr_anneal": true,
    "use_vclip": false,
    "device": "cpu",
    "total_timesteps": 1000000,
    "eval_freq": 20480,
    "n_eval_episodes": 10,
    "eval_mode": "deterministic_mean"
  },
  "total_steps": 1001472,
  "elapsed_s": 1301.5167679786682,
  "final_reward": 3493.485457052599,
  "peak_reward": 3493.485457052599,
  "max_reward": 3549.9290053593154,
  "eval_rewards": [
    78.60931038620801,
    212.60816375247222,
    679.8040613361815,
    907.8797963362664,
    845.3830020051892,
    933.3468378805604,
    1158.2028733823406,
    1515.268045915838,
    1360.191433205692,
    1278.0305782409337,
    2213.0762379449216,
    2998.415415546079,
    3260.9848137915724,
    3269.048249937282,
    3263.5409135449377,
    3280.4529836228476,
    3283.0265255507957,
    2635.863101473284,
    3261.6057550531054,
    3149.0511446437363,
    3288.366505570346,
    3277.318928022871,
    3278.7947939290925,
    3282.357735153974,
    3288.199967131523,
    3288.990335245385,
    3299.3516360866533,
    3310.7444175554037,
    2852.444376687706,
    3314.7916107704236,
    3312.2487320260093,
    3299.99350264557,
    3230.416534251937,
    3342.1690129735216,
    2350.5223266604935,
    3373.2950567851613,
    3336.677664368788,
    3391.6443982634955,
    3414.106001422549,
    3424.3530451565894,
    3441.3013498634173,
    3462.41870187659,
    3481.591816975129,
    3492.1101924118993,
    3500.751915244343,
    3526.58761710158,
    3530.374265522066,
    3525.4366610150587,
    3549.9290053593154
  ],
  "eval_steps": [
    2048,
    22528,
    43008,
    63488,
    83968,
    104448,
    124928,
    145408,
    165888,
    186368,
    206848,
    227328,
    247808,
    268288,
    288768,
    309248,
    329728,
    350208,
    370688,
    391168,
    411648,
    432128,
    452608,
    473088,
    493568,
    514048,
    534528,
    555008,
    575488,
    595968,
    616448,
    636928,
    657408,
    677888,
    698368,
    718848,
    739328,
    759808,
    780288,
    800768,
    821248,
    841728,
    862208,
    882688,
    903168,
    923648,
    944128,
    964608,
    985088
  ],
  "episode_rewards": [
    3463.912068229833,
    1285.8628998104455,
    2417.2364301198245,
    1496.4420744209872,
    2140.7277702418155,
    1842.9829137213576,
    3485.442684950283,
    3490.1791302418737,
    3546.8332574660685,
    1560.4229402878098,
    1567.6166226855194,
    2369.3773873034015,
    3483.7687405147644,
    1308.8094091557703,
    1536.955395961366,
    1677.7327413782843,
    1402.2278363527605,
    2173.26617215803,
    1040.144188180469,
    3471.0506810581383,
    3566.3664506765294,
    1876.4743170586999,
    3464.2006569218297,
    2396.6785153267524,
    2141.798217024883,
    3465.477493985312,
    3469.6373294792393,
    3480.3218846045474,
    3461.906690931521,
    2591.4954227386224,
    1655.2855385547555,
    3470.8726890582725,
    3483.9110527592275,
    2433.969773689829,
    3475.9194399505745,
    1598.0613268017905,
    3238.0577401048836,
    1300.6420765003727,
    3482.714277496768,
    2241.145620215025,
    1339.4071157415126,
    1577.2479037961368,
    2161.5894670051302,
    3502.515975553514,
    1905.7221016412195,
    3484.4345637436686,
    3336.227216110672,
    3540.088757087579,
    3489.024084590884,
    2769.658752092668,
    1602.7880182312979,
    3491.7700421560266,
    3578.676582188501,
    3548.5581979964377,
    3496.9371416434055,
    2001.0535443713054,
    1383.8292086925358,
    2617.3336006105847,
    3554.8035165804,
    3497.0779472166096,
    3489.578073066292,
    3485.890866484722,
    3497.844108379727,
    3553.559685902832,
    3505.9079943545166,
    2438.2975418390497,
    3492.1027327637826,
    1630.3532741833862,
    1856.2798635727597,
    1587.8234668350715,
    2133.051164446343,
    2674.1905895368704,
    1273.9666723828036,
    3512.888806001196,
    1600.0883606504292,
    3357.3318798529795,
    3502.6187441572943,
    1330.9136508629765,
    3502.502334206792,
    1578.6134405312096,
    3495.8531338627718,
    2107.4833513078515,
    3499.0267739244114,
    3501.5587407333614,
    1753.353716919375,
    3531.1874424438283,
    3499.3183284418346,
    1658.4538430447085,
    3504.699935249353,
    1319.4223518187184,
    3512.559864514607,
    1081.7374766643454,
    3581.2446803816574,
    3504.595566450619,
    3498.880817173768,
    3515.1389520870375,
    3525.7896921379,
    3501.2093623794,
    3358.103486353412,
    2156.8750704512177,
    2196.0445118375706,
    1890.2976993735792,
    2128.5233209300054,
    574.9268328992047,
    1352.25225795412,
    2433.7883076947824,
    1347.9552496950537,
    2729.115454914493,
    3511.402691343954,
    3515.4196580910348,
    1206.6747738284473,
    3520.7279582392453,
    1893.2964422411237,
    3529.903515105577,
    3490.1900324828644,
    3511.345501997364,
    3518.797266828082,
    3513.2637160631803,
    1862.4824734930405,
    3214.9745946550247,
    3507.770878820561,
    2177.4649770184387,
    3514.9506374286175,
    2534.5612379695717,
    1625.1840221355576,
    3507.280556273693,
    1621.75369606606,
    3515.8747334851296,
    525.9433715231851,
    3520.7818259877326,
    3535.337875497214,
    3509.476658340127,
    1639.768021186736,
    2830.8583888493336,
    3521.572843985015,
    3138.9033539655125,
    3034.8086574404656,
    3513.848773543983,
    3509.815533659229,
    1876.1378323062822,
    1896.4517361989285,
    3510.001838286738,
    3530.8336743887544,
    3538.2500185795616,
    2747.521366528039,
    3079.452121816469,
    1880.5288570103965,
    2170.5178406268838,
    3018.8254183419367,
    2457.9331179450883,
    2516.811462540066,
    1635.2721046216222,
    1345.395786950528,
    1208.0834010582396,
    3035.519468904583,
    1634.39292330038,
    1354.8648718745003,
    2540.024677852891,
    3604.2128741835136,
    3527.3133716522307,
    1997.0731935948922,
    1918.9264598810544,
    1335.885419680257,
    3552.986685321291,
    3379.395584873749,
    1847.3383404927006,
    2766.214052908647,
    2982.0192681393873,
    1818.0510220257247,
    1909.0561551763926,
    2946.1415465223577,
    2383.8291189779247,
    3619.220913038785,
    3549.759754442628,
    2006.061053008797,
    2792.3301981697296,
    3540.503664978214,
    1764.5555607897588,
    2712.381011118601,
    3534.290367669197,
    3066.254030813513,
    2484.8621529152015,
    3058.5932069601035,
    3536.4873837639134,
    1577.6822622575912,
    1550.3808512872827,
    1481.1694383534502,
    1621.7879614457654,
    2593.637390063889,
    1588.2578118952017,
    3548.1422730390304,
    3541.197320986333,
    3646.117333586155,
    1901.4276243409727,
    2161.4768135141067,
    2008.550119979003,
    1575.6487675945268,
    3553.141324900466,
    1630.1179315603106,
    2110.3752734740483
  ],
  "diagnostics": [
    {
      "step": 2048,
      "scr_ema": 0.9883474841458992,
      "ev_ema": -0.0011505589177994602,
      "g_std_ema": 1.9817279825673828
    },
    {
      "step": 22528,
      "scr_ema": 0.5141243940151151,
      "ev_ema": 0.1860031927251404,
      "g_std_ema": 25.01350881776837
    },
    {
      "step": 43008,
      "scr_ema": 0.34118840552810076,
      "ev_ema": 0.45841127632578593,
      "g_std_ema": 43.663539586249556
    },
    {
      "step": 63488,
      "scr_ema": 0.20301656496172799,
      "ev_ema": 0.6309237981572492,
      "g_std_ema": 60.668295667740594
    },
    {
      "step": 83968,
      "scr_ema": 0.1944302022102899,
      "ev_ema": 0.7520280596624519,