{
  "env": "Hopper-v4",
  "agent": "Optimal_HCGAE_Optimal",
  "seed": 4,
  "config": {
    "hidden_dim": 256,
    "lr": 0.0003,
    "gamma": 0.99,
    "lam": 0.95,
    "eps_clip": 0.2,
    "n_epochs": 10,
    "batch_size": 64,
    "n_steps": 2048,
    "ent_coef": 0.0,
    "vf_coef": 0.5,
    "max_grad_norm": 0.5,
    "use_obs_norm": true,
    "use_adv_norm": true,
    "use_lr_anneal": true,
    "use_vclip": false,
    "device": "cpu",
    "total_timesteps": 1000000,
    "eval_freq": 20480,
    "n_eval_episodes": 10,
    "eval_mode": "deterministic_mean"
  },
  "total_steps": 1001472,
  "elapsed_s": 1295.6890649795532,
  "final_reward": 1457.5889480587116,
  "peak_reward": 2746.8868099297383,
  "max_reward": 3517.0131283295486,
  "eval_rewards": [
    112.94601356839094,
    332.8168226161788,
    563.394247695066,
    800.6443678867283,
    937.1118500997248,
    1144.6775599149341,
    1616.0551726798697,
    2779.58782473504,
    2160.017635358468,
    2517.3416725075367,
    3254.760950164263,
    2453.3831798609535,
    1871.6802582850257,
    3084.23639590248,
    3364.7030430262917,
    3333.934727130562,
    2634.6035374464773,
    3415.4069617954456,
    3423.471215534681,
    3464.031871883588,
    2122.3011120222213,
    3463.974663521897,
    3517.0131283295486,
    2228.11011091768,
    2286.219189741071,
    1616.9204475392523,
    1931.4193980120006,
    1894.2108568197389,
    1190.3529612539226,
    1377.1649944600438,
    1364.4980646295753,
    1293.525876741528,
    1455.1488632998876,
    1458.5742006082485,
    1418.3014884961158,
    1398.1218796692726,
    1960.749418250121,
    2165.411043095433,
    1307.6036320074327,
    1249.4936364759837,
    2161.4886173267087,
    1317.2575959994233,
    1216.1599279258432,
    1467.9198030200548,
    1727.2994773209753,
    1383.70087223385,
    1294.203914548763,
    1244.9805887713796,
    1513.3850469641345
  ],
  "eval_steps": [
    2048,
    22528,
    43008,
    63488,
    83968,
    104448,
    124928,
    145408,
    165888,
    186368,
    206848,
    227328,
    247808,
    268288,
    288768,
    309248,
    329728,
    350208,
    370688,
    391168,
    411648,
    432128,
    452608,
    473088,
    493568,
    514048,
    534528,
    555008,
    575488,
    595968,
    616448,
    636928,
    657408,
    677888,
    698368,
    718848,
    739328,
    759808,
    780288,
    800768,
    821248,
    841728,
    862208,
    882688,
    903168,
    923648,
    944128,
    964608,
    985088
  ],
  "episode_rewards": [
    1417.7120151067795,
    1489.0299776554928,
    1161.7768031515088,
    1480.3001522904192,
    1123.52571124881,
    1610.1152014255472,
    2127.0247493774564,
    1630.811220209547,
    1035.2980450214177,
    1120.6494255238802,
    1252.5802727008906,
    1334.7594490820627,
    1666.9171374381951,
    1413.6764833395416,
    1693.9576839868282,
    1249.0237784315682,
    1681.6071095415905,
    1612.6762026115891,
    1011.3808659205189,
    1388.935540312318,
    1329.214575740429,
    1728.4474684224247,
    1584.90438704942,
    1067.8486341854648,
    1712.9686455539377,
    1017.7320854272768,
    646.939453212731,
    1552.715024195823,
    1609.8031030428665,
    1570.0723781249196,
    1168.8603298012613,
    1440.9448441847665,
    1364.8878122582769,
    1352.657467457359,
    1553.880510622361,
    1183.9330302174565,
    1479.47842430507,
    1990.8624640639318,
    1579.1573574950175,
    1524.7903683521258,
    1868.5388401994655,
    1554.5669363170018,
    650.3861646627037,
    1159.3357506646555,
    642.0245224138608,
    636.4890865829021,
    1407.580414424952,
    1288.9966471172727,
    1616.9330882686436,
    1151.5716037664943,
    1186.6256980421006,
    1712.1410699107498,
    1510.4270766821626,
    1131.6685690961565,
    1385.8122260361313,
    1800.8250706151207,
    1625.0516353637938,
    1183.995752105931,
    1627.8789896919006,
    1763.5776085278846,
    1245.4862833429204,
    1167.574717089531,
    1749.5195237053558,
    1448.258834333487,
    1386.6994594431922,
    881.330469782068,
    1382.523727234521,
    1667.8100900051697,
    1322.88411185303,
    1000.6012507064418,
    1662.7027190552433,
    1183.4580070343256,
    1689.3577151416225,
    614.8286915658725,
    1705.99494117843,
    1694.9036618071727,
    1571.4895964559387,
    1406.9024479844481,
    1008.7454548072143,
    1413.780445670945,
    627.1973005785451,
    1142.790678343614,
    631.4235071462248,
    1784.526682312128,
    1927.47259681106,
    1703.6050113859005,
    1554.9866483615738,
    1038.8111288937682,
    1325.663599900924,
    1591.9851959271336,
    1718.5382497235078,
    1067.721345851955,
    1008.0842704167028,
    611.7270380333267,
    1319.0501984674256,
    632.0885861692228,
    633.118886686561,
    1452.6273893066227,
    638.901170004545,
    1279.579071308253,
    1651.1671427380074,
    1648.6834537809486,
    1456.4196778167764,
    1663.532991315083,
    1646.486078084437,
    1674.6563891304645,
    1138.7611505148566,
    1319.003122069155,
    1436.0462376313337,
    1034.454169519615,
    1030.3843377792134,
    1596.2386691945317,
    1629.7124799778712,
    1484.399688910535,
    639.7175124618583,
    1272.997537035628,
    1287.140936515945,
    1616.191855675365,
    1127.8588570729619,
    1534.791953323611,
    1196.9757957846148,
    1894.1351374702297,
    1579.3764891316985,
    1381.4455320381398,
    1967.700440327524,
    1602.6690983142735,
    1460.5716490095986,
    1168.8891069769202,
    979.9175666877137,
    1486.7478665978301,
    1976.268704557576,
    625.2006745208878,
    1338.8502955201961,
    1737.2420605304849,
    1624.124208917797,
    1365.1302267506644,
    1713.0076311441878,
    1232.347858574917,
    1632.6023869941955,
    1248.0400552316976,
    1793.4682115740197,
    1359.455628667876,
    1719.4709709857764,
    1542.6290995195127,
    1368.5856652066386,
    1980.4428838847998,
    1333.3358637590154,
    1498.2789375219654,
    1663.5718091258584,
    1687.9763117339023,
    624.3107448077626,
    1588.3996411154444,
    1223.3900294084776,
    1657.5928813563082,
    1219.6681166676165,
    1798.6141068780619,
    1629.0668486009051,
    1765.0396193823233,
    1158.9074125413842,
    1846.9606642225328,
    1701.9817640846218,
    1432.010913640317,
    2136.0957693567475,
    1613.9285270517814,
    1301.468506661538,
    1494.8664130174468,
    1685.1583250584602,
    1722.45379034492,
    1363.7949911711523,
    1613.8002803563581,
    1739.814498125105,
    1664.0800733077874,
    1685.2561454794677,
    1583.1345226872247,
    1279.3860564718996,
    1777.8759605250675,
    616.9335912493718,
    1185.4018327460099,
    2394.9757836020026,
    1706.8371104383637,
    1158.1124333520208,
    1163.840536225079,
    1070.6650710175186,
    1042.8428485317165,
    1774.825117505359,
    1135.3705748085506,
    1681.7614324975675,
    617.9872169487043,
    1975.5579025269185,
    619.9904015548528,
    1675.2016836436467,
    1593.6735293373863,
    1868.9958194119556,
    1889.8488360092647,
    1705.7823925251655,
    1481.6898262727898,
    2074.9373149316093,
    1876.4769459732106,
    1092.266353280628,
    1621.0889184963378
  ],
  "diagnostics": [
    {
      "step": 2048,
      "scr_ema": 0.9843498076373682,
      "ev_ema": 0.00027114391479944323,
      "g_std_ema": 2.170404721306397
    },
    {
      "step": 22528,
      "scr_ema": 0.5494325969152827,
      "ev_ema": 0.19177701143008274,
      "g_std_ema": 27.021781506719876
    },
    {
      "step": 43008,
      "scr_ema": 0.3635954652569213,
      "ev_ema": 0.4546317348274752,
      "g_std_ema": 44.261564682230755
    },
    {
      "step": 63488,
      "scr_ema": 0.24349764794319792,
      "ev_ema": 0.6440536746266254,
      "g_std_ema": 56.416998957538276
    },
    {
      "step": 83968,
      "scr_ema": 0.24479907521643107,
      "ev_ema": 0.7584720104452979,