{
  "env": "Hopper-v4",
  "agent": "Optimal_HCGAE_Optimal",
  "seed": 16,
  "config": {
    "hidden_dim": 256,
    "lr": 0.0003,
    "gamma": 0.99,
    "lam": 0.95,
    "eps_clip": 0.2,
    "n_epochs": 10,
    "batch_size": 64,
    "n_steps": 2048,
    "ent_coef": 0.0,
    "vf_coef": 0.5,
    "max_grad_norm": 0.5,
    "use_obs_norm": true,
    "use_adv_norm": true,
    "use_lr_anneal": true,
    "use_vclip": false,
    "device": "cpu",
    "total_timesteps": 1000000,
    "eval_freq": 20480,
    "n_eval_episodes": 10,
    "eval_mode": "deterministic_mean"
  },
  "total_steps": 1001472,
  "elapsed_s": 1272.7003428936005,
  "final_reward": 3583.1347446978157,
  "peak_reward": 3583.1347446978157,
  "max_reward": 3649.2336149120442,
  "eval_rewards": [
    84.81295714757681,
    279.8292967644801,
    556.9217306150066,
    853.9909618398735,
    722.3207372104002,
    912.6895617252698,
    919.1198833045728,
    1002.3176138763249,
    1282.0341993415168,
    1572.3618752444875,
    1784.8514162468587,
    3234.738580406131,
    3252.1913893472,
    3262.0260836818898,
    3263.5355874803067,
    1566.7035315489134,
    3259.800806383332,
    3251.6356159379056,
    3271.609675107002,
    3298.877428674213,
    3338.7077597483985,
    3377.934653765636,
    3424.5384244603943,
    3462.0574613348667,
    3494.6583745145144,
    3504.9786816100577,
    3538.8164549772,
    3565.979026376989,
    3577.534485245856,
    3583.9717984499084,
    3591.272062926274,
    3590.492071280804,
    3595.2329957376887,
    3595.55495928083,
    1472.0465436570607,
    3544.971809613865,
    3596.441422013925,
    3107.755532765315,
    3393.8083051296526,
    3585.1294643210626,
    3618.9565385863198,
    3593.7889199685937,
    3621.8694259083873,
    3601.308850680165,
    3620.42345391715,
    3496.9504765014253,
    3649.2336149120442,
    3638.145928878562,
    3405.54077330445
  ],
  "eval_steps": [
    2048,
    22528,
    43008,
    63488,
    83968,
    104448,
    124928,
    145408,
    165888,
    186368,
    206848,
    227328,
    247808,
    268288,
    288768,
    309248,
    329728,
    350208,
    370688,
    391168,
    411648,
    432128,
    452608,
    473088,
    493568,
    514048,
    534528,
    555008,
    575488,
    595968,
    616448,
    636928,
    657408,
    677888,
    698368,
    718848,
    739328,
    759808,
    780288,
    800768,
    821248,
    841728,
    862208,
    882688,
    903168,
    923648,
    944128,
    964608,
    985088
  ],
  "episode_rewards": [
    2576.942754571875,
    3254.3099955091875,
    3671.4801823428315,
    2507.890068081661,
    1797.9023389686752,
    2498.744286977604,
    1952.3840148738268,
    2275.4584592133197,
    1275.548002382173,
    2239.0673056029577,
    1726.8907166552813,
    1943.4127693303865,
    1505.8944657749357,
    1409.58180824409,
    1926.6065829331344,
    1653.837328428741,
    3758.754939684478,
    2851.6383926193303,
    2064.509684242976,
    3339.95218489012,
    1724.1175401650364,
    3573.53925694269,
    1645.2449242394223,
    1893.1951376603565,
    1675.431386833924,
    3620.9084861605143,
    1005.5313062787134,
    2453.565778812918,
    2490.8468531651984,
    1671.610080130954,
    1471.9632587937656,
    3471.0146181282303,
    3550.199994328534,
    3739.2773286516767,
    3632.8536911816586,
    3552.195184014274,
    1688.2494872698474,
    3624.127309433015,
    3563.0834349519387,
    2505.919509038878,
    3148.1145999260193,
    1667.8164475424862,
    2011.9438993750518,
    1334.3537144161032,
    2247.4458471893436,
    3575.207819629852,
    1429.8107681130832,
    2575.1789421342087,
    1681.9779627313917,
    1250.6505914475822,
    2694.4735713535965,
    2206.8232232281466,
    2066.5235264456383,
    3151.466774088027,
    2769.3693968837047,
    2167.729507214356,
    2475.2550883883755,
    3750.892389548259,
    3643.8635473176005,
    2720.3376778861307,
    1077.5971647710996,
    1710.9926748832177,
    3647.102874791356,
    2656.9530076546403,
    3630.178622276005,
    2392.9847044216335,
    1198.3851992468913,
    1080.0791474459636,
    3648.3893672635313,
    1721.5340484978583,
    1465.0708154491333,
    1430.7474519775121,
    1730.6984232329373,
    1374.5431860525912,
    1164.1445095733268,
    1217.2061438946466,
    1459.49098792552,
    1403.1561395347744,
    1975.448714977744,
    3637.287815941723,
    1804.4281448637457,
    1602.447222250118,
    1448.348762037608,
    1703.7401072687592,
    1642.710473711682,
    1674.6343291035425,
    1197.0783631420445,
    2646.9754645080484,
    1673.2475932018167,
    3771.862675277354,
    1643.8586851096934,
    1959.7712614615643,
    2802.263934805533,
    1699.288683138382,
    2238.925747752976,
    1937.0610225374646,
    3070.688623077837,
    3676.727972485201,
    1409.9501180527698,
    1105.2024712907207,
    2490.311128215405,
    1913.4318088452249,
    1640.0270490098274,
    3657.528650745835,
    3049.6276381054768,
    1513.024336467022,
    1378.4524211279913,
    3268.0911384325314,
    1941.1626236872905,
    1267.558425480153,
    3371.5969599042087,
    1392.4982843967798,
    3100.078408031654,
    1050.5722105954223,
    2067.7933159446966,
    3678.413542155011,
    2191.1517027686373,
    2511.88959584774,
    2335.209704776033,
    1406.7080821227207,
    3062.621961333872,
    1761.7344796012696,
    1434.8152813422425,
    1689.0150413473332,
    2932.061265487791,
    1671.5007904726522,
    1677.8923025824301,
    1353.0561670281984,
    3625.2602499979257,
    3628.289760574776,
    1425.3884182392546,
    2480.508825342101,
    3657.6132468529836,
    3584.5115561562175,
    2042.5465464457936,
    2200.6590046909446,
    1371.5035513232192,
    1688.8259257309414,
    1335.7249865957838,
    1587.3257408628065,
    3679.044953144972,
    1314.9441330719137,
    2814.4965112838577,
    1368.3577496859318,
    1645.3381822603035,
    1427.307006620027,
    2722.7666347319328,
    3234.3527603674165,
    2386.015337209849,
    1281.519420059029,
    2299.492650683827,
    1653.2792956283297,
    1353.5027165429285,
    1340.2942111211362,
    1159.424796244849,
    1114.182415875101,
    1658.1049834787952,
    1370.9562576566343,
    1211.597004894069,
    3654.0690932178254,
    1301.8720131083637,
    1990.302970032229,
    1713.209935704863,
    2394.100068493911,
    2559.0209672300134,
    1183.9034706427065,
    3623.8263646694736,
    1475.921751899536,
    1233.0269708505618,
    2597.765045193746,
    1355.4065210067931,
    1523.8789830953413,
    1609.2429003194693,
    1971.3733345124326,
    1779.1284807676454,
    1496.2798262196043,
    3602.6799986553633,
    1646.5116282473916,
    1963.9773163340465,
    1728.2854665684629,
    1393.0852039861504,
    1562.0360416595195,
    1357.0825378354427,
    1987.9802264329055,
    1441.034225845645,
    1677.7628479680004,
    1063.2115303804055,
    1898.3299060777954,
    1271.5189482142366,
    1280.6284414182878,
    1718.4112636269442,
    2985.6905552311987,
    1342.685008077796,
    1699.604022922238,
    1589.387331134454,
    3651.0220202006635,
    1736.4275137876614,
    2681.7456324277696,
    1085.7088294088433,
    1671.3231413933343
  ],
  "diagnostics": [
    {
      "step": 2048,
      "scr_ema": 0.9803537139891062,
      "ev_ema": -0.00028452262932188166,
      "g_std_ema": 2.0155105600820313
    },
    {
      "step": 22528,
      "scr_ema": 0.5474082127619243,
      "ev_ema": 0.20114313361484526,
      "g_std_ema": 25.283971695886567
    },
    {
      "step": 43008,
      "scr_ema": 0.30866835118784697,
      "ev_ema": 0.4834628710546788,
      "g_std_ema": 42.78907911413768
    },
    {
      "step": 63488,
      "scr_ema": 0.23467233298256263,
      "ev_ema": 0.6435921263055078,
      "g_std_ema": 56.65151705923114
    },
    {
      "step": 83968,
      "scr_ema": 0.165877095953543,
      "ev_ema": 0.7666079385413117,