{
  "env": "Hopper-v4",
  "agent": "Optimal_HCGAE_Optimal",
  "seed": 10,
  "config": {
    "hidden_dim": 256,
    "lr": 0.0003,
    "gamma": 0.99,
    "lam": 0.95,
    "eps_clip": 0.2,
    "n_epochs": 10,
    "batch_size": 64,
    "n_steps": 2048,
    "ent_coef": 0.0,
    "vf_coef": 0.5,
    "max_grad_norm": 0.5,
    "use_obs_norm": true,
    "use_adv_norm": true,
    "use_lr_anneal": true,
    "use_vclip": false,
    "device": "cpu",
    "total_timesteps": 1000000,
    "eval_freq": 20480,
    "n_eval_episodes": 10,
    "eval_mode": "deterministic_mean"
  },
  "total_steps": 1001472,
  "elapsed_s": 1282.0550000667572,
  "final_reward": 1916.1801520148924,
  "peak_reward": 3054.5605537074402,
  "max_reward": 3616.7674804250637,
  "eval_rewards": [
    84.33758441198943,
    227.4411531449946,
    631.7162917667313,
    862.8242481024575,
    816.8716000353851,
    953.6497318153785,
    988.6726940690526,
    1086.2878365024794,
    1362.0773118055943,
    1230.8507696553334,
    1441.302745623294,
    1906.9879828351482,
    1351.553247436504,
    1547.1750437902303,
    1768.0535846817634,
    2171.8631422574135,
    3260.336821510614,
    3220.9015216423086,
    1234.0812745263313,
    3581.178328230606,
    3331.6204467752823,
    3522.677767797716,
    3533.1814794530496,
    3616.7674804250637,
    3481.7919533673194,
    3266.142642289063,
    2578.0604097928945,
    2400.1037544170767,
    2196.233804526928,
    2290.974466701717,
    2511.2108977947414,
    2242.9615304987274,
    1101.2935898129367,
    1089.4402676840173,
    1129.198056583426,
    2511.6953496723677,
    2306.0371050163008,
    1212.8916829847442,
    1767.25567159423,
    2663.1019322460543,
    1221.5180509960403,
    2402.254310830232,
    2120.0403453937092,
    2089.6651753471892,
    2468.1436705340193,
    1294.4546006639378,
    1514.971867037917,
    1779.2351824959326,
    1608.416384603893
  ],
  "eval_steps": [
    2048,
    22528,
    43008,
    63488,
    83968,
    104448,
    124928,
    145408,
    165888,
    186368,
    206848,
    227328,
    247808,
    268288,
    288768,
    309248,
    329728,
    350208,
    370688,
    391168,
    411648,
    432128,
    452608,
    473088,
    493568,
    514048,
    534528,
    555008,
    575488,
    595968,
    616448,
    636928,
    657408,
    677888,
    698368,
    718848,
    739328,
    759808,
    780288,
    800768,
    821248,
    841728,
    862208,
    882688,
    903168,
    923648,
    944128,
    964608,
    985088
  ],
  "episode_rewards": [
    3239.1315543195074,
    2386.684353449543,
    1236.8279802644834,
    3426.513496999284,
    1116.6501837388862,
    2086.371264499423,
    1051.4390561432317,
    1950.4486396596028,
    1066.7821754924335,
    1156.3415012865876,
    1443.4952950925633,
    1166.9362207814463,
    2457.8717696818035,
    824.9827957235734,
    2474.930562949158,
    1691.5601030129558,
    1236.8911122199167,
    1757.4637194699767,
    1081.8290143825204,
    2276.7639176610924,
    1932.449267098066,
    1697.31392378089,
    1731.172006098955,
    1283.9087281097136,
    3012.4486370735453,
    2750.571662612752,
    1116.7792946422867,
    1917.4051527699423,
    2386.1904393958125,
    3825.4535438533985,
    1350.3078802277134,
    2463.7467458229767,
    1581.165522912804,
    2699.0517934439226,
    1695.7367956106484,
    2065.665077791582,
    2174.5407203745613,
    2268.2293096666544,
    2926.3207246803663,
    3574.7797709409765,
    995.8689440981746,
    1319.9438578327342,
    1310.9171632574132,
    1082.86144424296,
    1856.4061403854764,
    1096.7146885707664,
    960.4893801700006,
    1605.8123050549225,
    3820.8456702335625,
    1709.2719259063879,
    1138.023540265925,
    2291.9009774496712,
    1913.263376700744,
    3127.4775490946336,
    1083.6429441796868,
    3488.1208910693704,
    3718.90294375703,
    1369.6509673899334,
    1358.8207307499354,
    1228.6416910782316,
    1164.0647417655696,
    1938.7464373111673,
    1611.340030796623,
    1407.8450845851778,
    2517.359761062395,
    1260.2205613263543,
    1190.5248225225644,
    2725.2742045236964,
    1382.4448851501825,
    2991.5569390258165,
    1425.5180400976537,
    1167.3275529043167,
    1524.5874055222614,
    2559.0275054574595,
    2985.8182293837485,
    940.1734156820315,
    1836.7678742475905,
    1573.078798063638,
    3814.9022774389173,
    1116.5759493213775,
    2061.1663718574987,
    1229.3654404506879,
    1015.5251656334144,
    2296.702499851132,
    967.6910253280377,
    2594.4698479304907,
    2139.3013387368237,
    1973.4852956556088,
    1698.13839488925,
    2509.7070573361243,
    920.5442088143524,
    1519.6160938630537,
    1607.112412480462,
    1260.0925879277224,
    1012.3843320059502,
    1609.340695979244,
    1575.319987003662,
    1698.7085168888366,
    2149.0288987980266,
    2016.696378610941,
    2011.0870783451346,
    2786.0044687769714,
    1431.77209039933,
    2442.9127255648464,
    1675.2954158895443,
    1962.9549971240563,
    3060.403620326374,
    1401.7461437224597,
    2411.624597892072,
    1511.967310332036,
    2108.460204990477,
    1078.8234307046996,
    3634.5507771459643,
    1439.6703011318114,
    3281.584908210278,
    2001.5445087863868,
    1270.3928839213606,
    1316.4552283286291,
    1848.9816285367585,
    2037.641346028979,
    1695.5877745201476,
    1623.9777854862373,
    1639.7813290853335,
    3323.4205343080625,
    2110.9238951375883,
    1960.3384499803708,
    1580.3799450761016,
    1169.6840766031933,
    1439.3835922258272,
    1916.1610833281804,
    1000.8127472625913,
    2660.887030794139,
    3845.449939848733,
    2228.3657734080703,
    2021.3017418693298,
    2649.4306115890513,
    1052.4837452139943,
    2034.9023189149223,
    1750.2574849080995,
    1697.9387901506043,
    1229.4406006334718,
    2302.764710827105,
    1690.9709747499583,
    1213.8520329500138,
    2073.0133189257645,
    2521.8649815362373,
    1961.065252184673,
    1840.9492531870299,
    2405.984976679665,
    1040.5620768403182,
    1077.8824768700144,
    1662.638913114095,
    1261.2644306174511,
    927.5592445167686,
    2236.1619393292694,
    993.4591800429142,
    1198.3319139446874,
    1591.6458239286603,
    2901.9639368572975,
    1225.4001271057864,
    1221.0712917641667,
    1285.6809932369872,
    1409.6519823253955,
    1304.34188328716,
    1660.2292575637034,
    1420.2994570651763,
    1132.0277233078104,
    1068.1382707810847,
    2113.58762448622,
    2622.0619429161025,
    1851.6519362279573,
    2055.995525361905,
    1025.37856116921,
    2173.206385100507,
    2593.6746688609855,
    975.6830692711816,
    1074.007885383062,
    1999.527698975544,
    1091.1283816587081,
    2142.4942161980007,
    2722.1303175918724,
    2293.3551970102435,
    2166.4687787145153,
    1672.3624478733398,
    3871.3476986598394,
    2272.254669781847,
    946.8679322333202,
    2497.3861526014844,
    1323.2444094069544,
    2956.250938606058,
    973.1399082147041,
    2328.885722388595,
    1920.0048140876124,
    3486.0408415307875,
    1078.96027314541,
    1088.8368433925264,
    2051.171914440916,
    2020.5528707291,
    3794.7718002116776,
    915.4448233686256
  ],
  "diagnostics": [
    {
      "step": 2048,
      "scr_ema": 0.9820170086343235,
      "ev_ema": -0.0009280755082479609,
      "g_std_ema": 1.9638821611867678
    },
    {
      "step": 22528,
      "scr_ema": 0.4987590829647078,
      "ev_ema": 0.17878472635863596,
      "g_std_ema": 24.05732772801921
    },
    {
      "step": 43008,
      "scr_ema": 0.3163020014640593,
      "ev_ema": 0.4560178671853996,
      "g_std_ema": 42.10499226052709
    },
    {
      "step": 63488,
      "scr_ema": 0.27493574339950083,
      "ev_ema": 0.6427371455953866,
      "g_std_ema": 58.08533277612474
    },
    {
      "step": 83968,
      "scr_ema": 0.2121015004347723,
      "ev_ema": 0.7648411189453174,