{
  "env": "HalfCheetah-v4",
  "agent": "DCPPO_S",
  "seed": 42,
  "final_reward": 474.43093538154335,
  "best_reward": 560.5666590558287,
  "all_eval_rewards": [
    23.13115562596088,
    35.307684937642776,
    -30.6021446255976,
    111.40126760534363,
    362.1841312520246,
    259.36567444733316,
    408.9736958563641,
    205.88838633108975,
    95.90446975588777,
    38.92865826618659,
    140.5953115427863,
    46.769824292758955,
    41.58464881017506,
    136.21166014866282,
    145.683098101925,
    150.5416995256859,
    159.75296375909318,
    135.8400520899811,
    179.86719514761,
    235.45847829745176,
    268.52254720096613,
    342.79299936085124,
    375.2285639096631,
    335.0269364486486,
    379.79622660568515,
    397.4499956286215,
    516.1523498888047,
    518.189445728777,
    560.5666590558287
  ],
  "eval_steps": [
    10240,
    20480,
    30720,
    40960,
    51200,
    61440,
    71680,
    81920,
    92160,
    102400,
    112640,
    122880,
    133120,
    143360,
    153600,
    163840,
    174080,
    184320,
    194560,
    204800,
    215040,
    225280,
    235520,
    245760,
    256000,
    266240,
    276480,
    286720,
    296960
  ],
  "elapsed_s": 96.1
}