{
  "env": "HalfCheetah-v4",
  "agent": "DCPPO_S",
  "seed": 789,
  "final_reward": 352.4691724385487,
  "best_reward": 457.4634388974904,
  "all_eval_rewards": [
    -1.628165176337496,
    -1.0824548485425205,
    196.45489763262904,
    100.54751563916814,
    185.77485228802942,
    192.55766751341207,
    21.079489410257075,
    -54.982168550165056,
    66.48514240512574,
    -19.22288503626089,
    -12.038183851252569,
    43.10450938461746,
    44.11995326860698,
    34.840506004257634,
    107.71791620326599,
    157.0530944595296,
    86.8338246461868,
    114.49755023168147,
    126.78935698203449,
    139.67249363827344,
    178.78364341701732,
    203.4558548703364,
    278.08517253075183,
    294.0708754223172,
    298.9503254646401,
    268.4538522639971,
    335.26870910588684,
    402.20953646072894,
    457.4634388974904
  ],
  "eval_steps": [
    10240,
    20480,
    30720,
    40960,
    51200,
    61440,
    71680,
    81920,
    92160,
    102400,
    112640,
    122880,
    133120,
    143360,
    153600,
    163840,
    174080,
    184320,
    194560,
    204800,
    215040,
    225280,
    235520,
    245760,
    256000,
    266240,
    276480,
    286720,
    296960
  ],
  "elapsed_s": 95.9
}