{
  "env": "HalfCheetah-v4",
  "agent": "Standard_PPO",
  "seed": 42,
  "final_reward": 967.0772342847649,
  "best_reward": 1098.5077271047353,
  "all_eval_rewards": [
    -1.0964200793903236,
    -13.784190619508383,
    -53.94871447132956,
    -131.54442771816196,
    -4.6670276064913425,
    -49.866108227498486,
    -36.96200657005248,
    -62.370963228161784,
    -16.492409139928906,
    1.5591268562936635,
    170.60079582966938,
    258.7396270920744,
    389.6514526738391,
    474.45334501821617,
    513.4526799403654,
    518.2340165252211,
    647.3826154172486,
    628.0590700753374,
    615.1827474197843,
    598.0414473763054,
    629.6654556929906,
    714.2217952218344,
    756.3423895842508,
    832.9921416145055,
    830.1305593237405,
    951.3828334517805,
    986.7761143022866,
    968.5889372412814,
    1098.5077271047353
  ],
  "eval_steps": [
    10240,
    20480,
    30720,
    40960,
    51200,
    61440,
    71680,
    81920,
    92160,
    102400,
    112640,
    122880,
    133120,
    143360,
    153600,
    163840,
    174080,
    184320,
    194560,
    204800,
    215040,
    225280,
    235520,
    245760,
    256000,
    266240,
    276480,
    286720,
    296960
  ],
  "elapsed_s": 102.4
}