{
  "name": "HCGAE_amax0.3",
  "param_type": "hcgae",
  "beta": 3.0,
  "alpha_max0": 0.3,
  "seed": 42,
  "final_reward": 3286.5979596217867,
  "best_reward": 3406.2053880166,
  "all_eval_rewards": [
    291.7119006549895,
    329.23734254724087,
    334.60808695829553,
    425.6855319283956,
    447.9030424212102,
    514.2196265849566,
    444.8634988467714,
    459.6642249463127,
    603.1138758576525,
    819.0335239022903,
    539.5091683248996,
    824.6042838750964,
    547.5787260045934,
    844.8362158803614,
    2274.9488602704664,
    2443.9460482895856,
    2556.746720321858,
    1443.9499703677527,
    3014.2293449768213,
    3036.4534414802483,
    2743.960075368206,
    2825.738777289595,
    2900.409194513828,
    2758.7787846428505,
    2911.324405210552,
    3400.581198952395,
    3315.041590827734,
    3399.8372151016565,
    3406.2053880166
  ],
  "eval_steps": [
    10240,
    20480,
    30720,
    40960,
    51200,
    61440,
    71680,
    81920,
    92160,
    102400,
    112640,
    122880,
    133120,
    143360,
    153600,
    163840,
    174080,
    184320,
    194560,
    204800,
    215040,
    225280,
    235520,
    245760,
    256000,
    266240,
    276480,
    286720,
    296960
  ],
  "elapsed_s": 110.7
}