{
  "name": "HCGAE_beta5",
  "param_type": "hcgae",
  "beta": 5.0,
  "alpha_max0": 0.7,
  "seed": 42,
  "final_reward": 2555.5074733208853,
  "best_reward": 3292.9803898286423,
  "all_eval_rewards": [
    155.98646492937905,
    332.72564179860893,
    335.63447605848665,
    771.5529912051998,
    323.1271847947383,
    574.9109923844401,
    677.3764420329273,
    605.0316322327726,
    585.1448213548408,
    719.6383120489393,
    731.6827879709562,
    2411.6898665599633,
    3029.3534979548963,
    2739.20902968091,
    2532.484320290946,
    1940.7471602428675,
    2987.759222946922,
    2997.271415803369,
    3043.8510241225717,
    2760.501054205565,
    3292.9803898286423,
    3090.2638357057344,
    2820.0470525288297,
    2974.4898689250613,
    3217.043739008778,
    2115.235028668198,
    3017.329128343149,
    2174.4105516657573,
    2253.5189189185426
  ],
  "eval_steps": [
    10240,
    20480,
    30720,
    40960,
    51200,
    61440,
    71680,
    81920,
    92160,
    102400,
    112640,
    122880,
    133120,
    143360,
    153600,
    163840,
    174080,
    184320,
    194560,
    204800,
    215040,
    225280,
    235520,
    245760,
    256000,
    266240,
    276480,
    286720,
    296960
  ],
  "elapsed_s": 113.5
}