{
  "env": "HalfCheetah-v4",
  "agent": "Standard_GRPO_NoTrick",
  "seed": 6,
  "config": {
    "hidden_dim": 256,
    "lr": 0.0003,
    "gamma": 0.99,
    "lam": 0.95,
    "eps_clip": 0.2,
    "n_epochs": 10,
    "batch_size": 64,
    "n_steps": 2048,
    "ent_coef": 0.0,
    "vf_coef": 0.5,
    "max_grad_norm": 0.5,
    "use_obs_norm": true,
    "use_adv_norm": true,
    "use_lr_anneal": true,
    "use_vclip": false,
    "device": "cpu",
    "total_timesteps": 1500000,
    "eval_freq": 20480,
    "n_eval_episodes": 10,
    "eval_mode": "deterministic_mean"
  },
  "total_steps": 1501184,
  "elapsed_s": 1463.3040812015533,
  "final_reward": -794.5434586207318,
  "peak_reward": 11.8598838616135,
  "max_reward": 353.7145836607713,
  "eval_rewards": [
    -0.5549662922372326,
    353.7145836607713,
    -5.543571196740106,
    10.913093646799155,
    42.87441791387217,
    -22.22796413096517,
    -103.1888237990343,
    -44.428094831351196,
    -4.666965228178158,
    -108.29287112680149,
    3.0409409416471576,
    113.01285022864108,
    146.78775161567367,
    146.4870620310161,
    88.1365555038375,
    153.36459739002262,
    108.80073672619999,
    134.86934187053265,
    192.98648549095125,
    204.1349881713262,
    207.87134581070313,
    214.20912773735103,
    213.90939577673544,
    186.8127111521424,
    285.5463298916794,
    254.77761663602223,
    155.9583082446516,
    116.42165435069566,
    120.67948591055976,
    160.78787593923235,
    140.6430417191754,
    71.31374965006287,
    65.27770010220755,
    3.1662284378430883,
    -143.84917245911896,
    -93.44695897971167,
    -116.32072890958764,
    -86.98335295738482,
    -133.77970050206468,
    -226.94674214935162,
    -192.06457244125005,
    -248.8793025492103,
    -162.9237120893293,
    -166.40693657786545,
    -229.8619418846603,
    -251.66655360990154,
    -234.6290009299314,
    -226.43045843399995,
    -220.10777198368697,
    -196.11541491889994,
    -261.7007844126119,
    -274.46357942730623,
    -212.21103117850322,
    -243.4489330590783,
    -225.0782334580287,
    -228.7929167100528,
    -234.55839005119066,
    -348.7132974544513,
    -330.17236080554346,
    -385.95626534023665,
    -342.49876593254174,
    -352.1135347612716,
    -496.37240916821384,
    -442.9359838193479,
    -586.2239701132777,
    -519.0007874355296,
    -532.0296723193467,
    -645.2602431136094,
    -684.8591186146941,
    -1009.1313541551812,
    -969.1674669446309,
    -1018.3340470527125,
    -983.0884902479187,
    -998.3394362104185
  ],
  "eval_steps": [
    2048,
    22528,
    43008,
    63488,
    83968,
    104448,
    124928,
    145408,
    165888,
    186368,
    206848,
    227328,
    247808,
    268288,
    288768,
    309248,
    329728,
    350208,
    370688,
    391168,
    411648,
    432128,
    452608,
    473088,
    493568,
    514048,
    534528,
    555008,
    575488,
    595968,
    616448,
    636928,
    657408,
    677888,
    698368,
    718848,
    739328,
    759808,
    780288,
    800768,
    821248,
    841728,
    862208,
    882688,
    903168,
    923648,
    944128,
    964608,
    985088,
    1005568,
    1026048,
    1046528,
    1067008,
    1087488,
    1107968,
    1128448,
    1148928,
    1169408,
    1189888,
    1210368,
    1230848,
    1251328,
    1271808,
    1292288,
    1312768,
    1333248,
    1353728,
    1374208,
    1394688,
    1415168,
    1435648,
    1456128,
    1476608,
    1497088
  ],
  "episode_rewards": [
    -530.6416206874394,
    -445.48350242114714,
    -546.1802860377346,
    -579.928736275285,
    -515.4370595309699,
    -635.4444525810262,
    -616.0950662739349,
    -731.8186836519269,
    -490.8286140444068,
    -539.4044747355051,
    -617.284113014651,
    -569.0035759335333,
    -673.9295851229693,
    -580.1184939363017,
    -408.587158506032,
    -759.3257072991594,
    -562.8447301969452,
    -563.4007873879979,
    -533.5658873247061,
    -808.5995521855638,
    -566.4396567382597,
    -537.9026900030245,
    -561.8268238229147,
    -515.3319986131665,
    -618.7115083482555,
    -496.80737062037184,
    -490.2202664216543,
    -509.40599588722756,
    -504.3601375254246,
    -557.0842093377028,
    -473.59431053627713,
    -569.8269776044875,
    -619.3584888856603,
    -621.3108134149788,
    -591.9707715014465,
    -510.0230274748296,
    -700.9929259416493,
    -509.7658158656824,
    -520.1863509922853,
    -526.7304209537496,
    -676.6671723406927,
    -540.0616173994327,
    -498.9614842354144,
    -517.5239446845751,
    -636.3053849554684,
    -673.5105400676088,
    -524.568633962865,
    -559.2443121717401,
    -488.8058239249425,
    -516.4151240205414,
    -740.0296076546616,
    -656.4366726894169,
    -684.4851089245176,
    -469.74555181952877,
    -561.4522424103506,
    -580.2774456524852,
    -853.379024411083,
    -475.29461834752664,
    -606.6460296884522,
    -906.918515609392,
    -696.1273171283382,
    -675.5982946196943,
    -576.6374365077538,
    -631.2664303210859,
    -778.1191792158922,
    -586.31790146183,
    -567.211933509792,
    -634.898112842597,
    -802.2821841796771,
    -640.2891901522429,
    -898.9733781381668,
    -805.2708005450993,
    -625.8337964879645,
    -659.5225698791905,
    -630.3571554130565,
    -935.1747880565139,
    -711.459439321478,
    -583.1738776419737,
    -723.2504410323344,
    -661.4807077314622,
    -660.9586532260116,
    -683.7712076235831,
    -753.6517027376535,
    -1071.820075706038,
    -631.3138983017068,
    -734.5494868786031,
    -948.3866110578001,
    -899.0561328401105,
    -709.5657271262234,
    -818.1674557685058,
    -973.926567960202,
    -666.6627429739149,
    -594.0811585327115,
    -773.552219624238,
    -644.3861998902917,
    -879.1659114402635,
    -625.0472212978431,
    -661.4769898754042,
    -862.4857422846811,
    -731.2957146481956,
    -790.9556560796746,
    -697.3985649249439,
    -665.7403724136069,
    -689.2155069916624,
    -836.598831099013,
    -1008.3016544342092,
    -936.9326534905307,
    -821.4680010458745,
    -1209.0287200045186,
    -1146.4890429516092,
    -1131.8972340105129,
    -1251.7195971728886,
    -896.0589985685756,
    -851.3498992336362,
    -931.0744673099027,
    -1169.5433225855345,
    -1090.9609769746905,
    -1031.3238543218336,
    -1164.6894295358534,
    -1107.1510018183858,
    -968.934661702481,
    -905.0453634327412,
    -981.570977714194,
    -1047.853785700323,
    -788.7681352194078,
    -956.157561964499,
    -940.1113270416852,
    -1197.6441746997116,
    -924.453766954094,
    -1118.9431976842848,
    -1015.255171155053,
    -977.7387631613378,
    -1070.3809179855627,
    -947.83398504759,
    -1033.5562722045274,
    -1193.699520832501,
    -1031.287629306173,
    -850.1838380246488,
    -921.4355317523364,
    -1059.718456978368,
    -1038.6218271156772,
    -1107.008297853757,
    -856.3017929018192,
    -1093.5320750494977,
    -968.0363326812982,
    -912.4071612191885,
    -942.6546592242684,
    -1262.4684443850963,
    -1056.2131570033466,
    -1123.4603067665373,
    -851.0940806277507,
    -1081.1333074395766,
    -845.7329711457552,
    -854.6792365294651,
    -1174.463464669089,
    -1225.3047313791606,
    -1083.9438289493983,
    -928.3097361185035,
    -984.3140143151668,
    -1056.324568150485,
    -1200.7108686823274,
    -1102.9374987950093,
    -1065.7385716616564,
    -1042.5646547596405,
    -807.6697124449839,
    -1135.0551629461775,
    -1004.193857837322,
    -1082.4020049799735,
    -913.5388578463736,
    -946.7479161956364,
    -1065.366829020793,
    -831.7659915181033,
    -810.6313328558247,
    -893.431279702334,
    -1138.1620862048808,
    -1029.9117437114217,
    -1226.1111105247621,
    -1292.2999956996816,
    -862.7859788939195,
    -1235.9247071833718,
    -1131.1363226936303,
    -1021.098806656734,
    -949.6835013892951,
    -1123.981880838821,
    -958.2278990278943,
    -965.846953693044,
