{
  "env": "HalfCheetah-v4",
  "agent": "Standard_GRPO_NoTrick",
  "seed": 9,
  "config": {
    "hidden_dim": 256,
    "lr": 0.0003,
    "gamma": 0.99,
    "lam": 0.95,
    "eps_clip": 0.2,
    "n_epochs": 10,
    "batch_size": 64,
    "n_steps": 2048,
    "ent_coef": 0.0,
    "vf_coef": 0.5,
    "max_grad_norm": 0.5,
    "use_obs_norm": true,
    "use_adv_norm": true,
    "use_lr_anneal": true,
    "use_vclip": false,
    "device": "cpu",
    "total_timesteps": 1500000,
    "eval_freq": 20480,
    "n_eval_episodes": 10,
    "eval_mode": "deterministic_mean"
  },
  "total_steps": 1501184,
  "elapsed_s": 1677.9521639347076,
  "final_reward": -256.4453937878519,
  "peak_reward": 98.25136893212982,
  "max_reward": 152.8777369863779,
  "eval_rewards": [
    -0.7189793443766912,
    -94.35755467607085,
    -298.1020961651285,
    -329.0442079103126,
    18.009438865282412,
    134.2783371010891,
    88.03351556596866,
    130.84372733152452,
    -4.497033523635407,
    38.137698129270746,
    66.28769461914062,
    51.51180877465108,
    87.4092319115404,
    82.9912752599087,
    119.58669880540853,
    122.60291773873587,
    78.71137670054311,
    108.78907235701254,
    89.59833289454905,
    19.126879270113783,
    118.03511054988012,
    152.8777369863779,
    144.71877312615283,
    58.38547641091069,
    113.21003960289711,
    99.060891422861,
    78.96298826290304,
    69.58827405118699,
    29.734351840835473,
    94.29670587210022,
    -18.18745331276856,
    -35.91718825055273,
    -0.944574405803808,
    26.098022557919354,
    -3.54893009671704,
    20.622073938071107,
    -24.34911574215717,
    12.865769487872418,
    10.014466919080729,
    45.75992504907215,
    -28.624431095659567,
    -59.39919548085986,
    -69.14233137065776,
    -14.524176986053618,
    -37.14345452753055,
    -39.74673480659847,
    -83.23110673007504,
    -25.32517528926137,
    -39.597402710870206,
    -87.19517908132985,
    -79.59189512565403,
    -49.03586838060234,
    -66.98346694578547,
    -110.25604154767022,
    -95.92527272258073,
    -120.33834366710543,
    -92.29159747332187,
    -143.7354874263471,
    -128.92738183523173,
    -92.73766454691479,
    -116.10672884037328,
    -107.81251001775931,
    -155.70812882674977,
    -290.63496658712506,
    -250.4436952592501,
    -218.5616224568581,
    -200.38110628394375,
    -219.76785158700687,
    -259.46069850769237,
    -279.4633888092832,
    -247.4265487665661,
    -273.6943814001134,
    -279.28199241583445,
    -335.97265239197066
  ],
  "eval_steps": [
    2048,
    22528,
    43008,
    63488,
    83968,
    104448,
    124928,
    145408,
    165888,
    186368,
    206848,
    227328,
    247808,
    268288,
    288768,
    309248,
    329728,
    350208,
    370688,
    391168,
    411648,
    432128,
    452608,
    473088,
    493568,
    514048,
    534528,
    555008,
    575488,
    595968,
    616448,
    636928,
    657408,
    677888,
    698368,
    718848,
    739328,
    759808,
    780288,
    800768,
    821248,
    841728,
    862208,
    882688,
    903168,
    923648,
    944128,
    964608,
    985088,
    1005568,
    1026048,
    1046528,
    1067008,
    1087488,
    1107968,
    1128448,
    1148928,
    1169408,
    1189888,
    1210368,
    1230848,
    1251328,
    1271808,
    1292288,
    1312768,
    1333248,
    1353728,
    1374208,
    1394688,
    1415168,
    1435648,
    1456128,
    1476608,
    1497088
  ],
  "episode_rewards": [
    -363.39530037706976,
    -388.9915624948857,
    -371.6194446400288,
    -279.2676988049844,
    -377.2259555428497,
    -364.4922046785283,
    -314.8134688494868,
    -370.8155303579406,
    -256.70270008874814,
    -273.71917772627654,
    -305.591521254701,
    -278.790441617997,
    -400.83341994331147,
    -328.941152665818,
    -334.1176244847295,
    -259.6164022622094,
    -349.3191368231887,
    -219.2012887360719,
    -205.68219531976152,
    -238.77938799022874,
    -292.7985370601831,
    -276.90826445921493,
    -284.2954288845011,
    -285.5035812836416,
    -248.02406392101528,
    -295.65369766795254,
    -342.48697486304513,
    -215.94553015501228,
    -311.24402394808635,
    -357.64745505772413,
    -259.7369737546526,
    -247.0192480837526,
    -352.6872074295675,
    -253.32016796648563,
    -243.21176047248477,
    -232.82836075361794,
    -314.6767581105965,
    -305.15019707305925,
    -294.916905618004,
    -282.23810121017414,
    -316.5046047564533,
    -204.5031136458105,
    -263.7968933109609,
    -371.4968938621794,
    -294.47130624533884,
    -399.4399385520217,
    -213.82770228955286,
    -245.5377163193411,
    -260.4335538672237,
    -136.79029357723388,
    -301.61906535315416,
    -257.4848980906143,
    -234.8327356478218,
    -222.09090636105486,
    -202.478469452527,
    -235.39781660970178,
    -159.20819763428906,
    -214.26071786217346,
    -191.77996338261875,
    -236.37063927176436,
    -245.88309101971183,
    -280.0257297200886,
    -234.73414785989058,
    -277.97092703561265,
    -160.9312010833479,
    -268.4000364957009,
    -214.52610617638265,
    -299.88525881144267,
    -161.74433491681336,
    -232.12175326562448,
    -205.36540753630163,
    -130.65026285222388,
    -250.1311370440949,
    -192.29259905700445,
    -348.87686181537464,
    -265.35035052229904,
    -114.92768422916764,
    -303.9804063083184,
    -260.7798897376399,
    -291.0966713963993,
    -308.7000120674956,
    -312.80407835784683,
    -285.45288107224127,
    -206.6714017194488,
    -224.27123753000743,
    -179.09174282611878,
    -250.8022138816529,
    -293.57151204206434,
    -116.74044122458331,
    -307.20709998122004,
    -284.93020277515114,
    -222.73008858682627,
    -299.97690591441636,
    -327.0857587998501,
    -212.6645987680241,
    -299.60432803917934,
    -371.13096371367266,
    -295.83794865609394,
    -184.7914060916789,
    -314.6301229432187,
    -292.7455242736029,
    -274.07541192905626,
    -284.4331934639412,
    -355.90798936459004,
    -315.2319328027526,
    -298.7947534333034,
    -276.9249532591106,
    -258.9291648352507,
    -296.1938117005769,
    -378.08385779844974,
    -236.22539320279267,
    -250.1913583003104,
    -292.5841057176659,
    -314.8391498138732,
    -349.8445733331233,
    -289.80481623740826,
    -330.57346555830816,
    -374.79358756453286,
    -303.34749760685145,
    -325.56394139125894,
    -249.64010749612606,
    -388.002116282837,
    -270.22324586316387,
    -256.1293500523063,
    -359.9343720484668,
    -202.6530923550598,
    -265.806430135904,
    -307.2772511670284,
    -326.067860821361,
    -401.5472338236019,
    -360.8022373138549,
    -211.38777098741556,
    -241.91936969457342,
    -319.8318149820279,
    -353.898013033582,
    -288.4613220953972,
    -297.7650526065511,
    -275.79700673098813,
    -271.95824726009056,
    -235.4897224577238,
    -305.00522636241004,
    -238.96956352062742,
    -350.59582937784324,
    -280.28734505652733,
    -284.16010409010397,
    -320.94687128998544,
    -269.99036330394244,
    -391.7331762108731,
    -271.3295302651714,
    -134.1890840895474,
    -215.63092780125675,
    -315.8174073056084,
    -310.72488843806053,
    -299.57463049494345,
    -510.61669639116474,
    -243.60982141596475,
    -263.50143747724,
    -252.2826123622392,
    -321.9412932078149,
    -256.12023603802203,
    -260.8625881489886,
    -250.5385296177685,
    -353.6525812642759,
    -345.9673121338548,
    -250.43717803601768,
    -279.7180679252819,
    -436.4513978460066,
    -216.9086843635976,
    -283.2274621434133,
    -368.0969360335099,
    -311.5142203006658,
    -295.33718273584736,
    -283.7651961308882,
    -316.82651004694316,
    -339.9545907685808,
    -296.96788206293013,
    -320.3963577547156,
    -263.3292300736673,
    -366.327559806217,
    -337.7713625403899,
    -244.94839079364309,
    -211.110898518148,
    -240.55729355776685,
    -268.34922215400815,
