{
  "env": "HalfCheetah-v4",
  "agent": "Standard_GRPO_NoTrick",
  "seed": 12,
  "config": {
    "hidden_dim": 256,
    "lr": 0.0003,
    "gamma": 0.99,
    "lam": 0.95,
    "eps_clip": 0.2,
    "n_epochs": 10,
    "batch_size": 64,
    "n_steps": 2048,
    "ent_coef": 0.0,
    "vf_coef": 0.5,
    "max_grad_norm": 0.5,
    "use_obs_norm": true,
    "use_adv_norm": true,
    "use_lr_anneal": true,
    "use_vclip": false,
    "device": "cpu",
    "total_timesteps": 1500000,
    "eval_freq": 20480,
    "n_eval_episodes": 10,
    "eval_mode": "deterministic_mean"
  },
  "total_steps": 1501184,
  "elapsed_s": 1677.6524918079376,
  "final_reward": -430.40378501154066,
  "peak_reward": -29.76042363154812,
  "max_reward": 50.99351627272974,
  "eval_rewards": [
    -0.0915372677021706,
    50.99351627272974,
    -182.40865640324097,
    -65.01170055794962,
    -52.05013005025795,
    -61.821645247092064,
    22.311282330292137,
    28.73293113867154,
    -63.72836559120013,
    25.470069060268344,
    31.8436649531807,
    9.896483305556341,
    -46.37208005852866,
    18.752312920344302,
    -11.741894027024133,
    -25.216087343543343,
    46.798149657473175,
    36.118446381039305,
    -22.6488676724219,
    -74.28981346722273,
    -90.44008715892221,
    -102.05209869033774,
    -224.60216206533565,
    -269.368256176745,
    -198.12653608556872,
    -306.22382797592326,
    -125.68768286726531,
    -164.32678222174636,
    -116.32690382722876,
    -67.84020012207824,
    -148.18707419468385,
    -9.06142396170188,
    -35.91037892628218,
    -18.774346836522223,
    -126.97404132730605,
    -66.79650913095486,
    -209.93804948164362,
    -87.12070290874347,
    -149.89406393304102,
    -153.21476589506753,
    -185.8295098707851,
    -250.52685962533488,
    -270.53202389659003,
    -230.3430186508042,
    -209.30766220757195,
    -277.9141471737652,
    -236.0940640744062,
    -258.5014415218008,
    -225.93184616943168,
    -290.74682775860595,
    -248.69951215052328,
    -239.392852975162,
    -262.4657359188354,
    -246.44023254452986,
    -177.2682485097261,
    -160.5323955912275,
    -160.99578998983395,
    -251.10654617363699,
    -280.7078778860409,
    -240.8527596922303,
    -325.8311854085789,
    -358.2219167976374,
    -330.4728742309363,
    -331.4775919334503,
    -356.65531971465896,
    -347.1466114604442,
    -348.0443885372691,
    -384.9056612292107,
    -402.0756506614927,
    -402.5914871232552,
    -465.11640193583406,
    -502.43885021740107,
    -550.7618806678915,
    -544.3015985679492
  ],
  "eval_steps": [
    2048,
    22528,
    43008,
    63488,
    83968,
    104448,
    124928,
    145408,
    165888,
    186368,
    206848,
    227328,
    247808,
    268288,
    288768,
    309248,
    329728,
    350208,
    370688,
    391168,
    411648,
    432128,
    452608,
    473088,
    493568,
    514048,
    534528,
    555008,
    575488,
    595968,
    616448,
    636928,
    657408,
    677888,
    698368,
    718848,
    739328,
    759808,
    780288,
    800768,
    821248,
    841728,
    862208,
    882688,
    903168,
    923648,
    944128,
    964608,
    985088,
    1005568,
    1026048,
    1046528,
    1067008,
    1087488,
    1107968,
    1128448,
    1148928,
    1169408,
    1189888,
    1210368,
    1230848,
    1251328,
    1271808,
    1292288,
    1312768,
    1333248,
    1353728,
    1374208,
    1394688,
    1415168,
    1435648,
    1456128,
    1476608,
    1497088
  ],
  "episode_rewards": [
    -319.61687180687466,
    -291.60131332041556,
    -317.17218522551696,
    -264.7114167209085,
    -492.7927604286257,
    -319.886550398487,
    -248.98703693661932,
    -388.4552011917928,
    -283.52261242866575,
    -540.8243992045016,
    -328.4944169723694,
    -581.1266229466811,
    -377.08540208211747,
    -392.5286898961624,
    -576.4566510050432,
    -313.7313416260924,
    -429.9429236434281,
    -376.04648156151717,
    -377.47923738203235,
    -324.76503168456696,
    -301.52756584438475,
    -260.44450057615865,
    -296.1681413236079,
    -381.2556625501277,
    -409.1829738042963,
    -330.62226354011835,
    -390.4213334251516,
    -297.7444349033823,
    -578.6555842590358,
    -360.8403903851211,
    -541.0557463449444,
    -680.2684343587771,
    -310.13491345402787,
    -244.7090124799313,
    -273.3828880830373,
    -304.54154397172084,
    -313.42305280715385,
    -475.8860055939168,
    -398.9048440386909,
    -318.95861112525034,
    -300.46428013881,
    -304.1705223824009,
    -552.4973513520958,
    -378.95184611064684,
    -487.4456030294419,
    -322.81484282219617,
    -349.9158289528725,
    -313.4443440657728,
    -309.4103026181389,
    -289.98494426948486,
    -371.8901462264602,
    -363.1098546402215,
    -444.5559710147168,
    -323.4805360971017,
    -347.80702609388027,
    -362.3969774313661,
    -594.6492498800657,
    -338.0827357152846,
    -403.8023549785152,
    -341.94936960423973,
    -354.7250849371549,
    -247.44719456784512,
    -385.1791772709071,
    -289.6099568321919,
    -376.56336517710827,
    -350.6426312666983,
    -472.063245266918,
    -361.8942211423897,
    -317.55021018932825,
    -372.9215188371135,
    -377.19873698782476,
    -453.4377783135556,
    -369.41593916381424,
    -368.6031793581568,
    -341.64069289703775,
    -338.38275572129555,
    -379.7280280532239,
    -511.2132321831061,
    -472.4369679308737,
    -301.2618282074464,
    -273.8330654390443,
    -368.87946592246414,
    -409.701354805805,
    -345.71658965222053,
    -412.8660680135504,
    -487.06792114962605,
    -461.3648035440637,
    -433.51026539433883,
    -269.5952760435307,
    -363.60356172797594,
    -291.832892382122,
    -407.055951778841,
    -411.0023177720572,
    -413.0585447404133,
    -379.4232032853781,
    -446.0352153690737,
    -497.4472606196204,
    -568.7466003004057,
    -449.30616499304494,
    -536.720863987278,
    -328.90172399946084,
    -749.9556412700852,
    -307.1648054267047,
    -298.66623230587635,
    -436.6045073653964,
    -361.5968152829541,
    -450.3079253502943,
    -465.72974677727876,
    -460.1298449145479,
    -392.7615492246665,
    -373.0364931264043,
    -445.94486598551146,
    -595.2157409294833,
    -396.4902065365869,
    -624.9833564906189,
    -449.2441796976018,
    -400.2496262268002,
    -392.3803001548549,
    -326.82862062169556,
    -428.3371799799181,
    -392.4274611504976,
    -343.8328625017673,
    -432.2867795308178,
    -523.1204056109337,
    -365.417746073607,
    -406.04751876713084,
    -563.0882153602296,
    -408.33229394988945,
    -440.82297486560526,
    -465.54123282670923,
    -494.2112972377423,
    -472.69346459056624,
    -425.8582815852581,
    -436.3543337869374,
    -448.55491475368615,
    -428.33360981403365,
    -420.58224489233453,
    -486.2470831223642,
    -472.29291029299134,
    -415.9981263268248,
    -582.2225121073616,
    -421.1057723437784,
    -442.7707482840402,
    -528.7670104087273,
    -497.8101727268175,
    -553.7606136273293,
    -392.533309413171,
    -492.4211958757491,
    -444.32309934758064,
    -469.24356855750636,
    -396.5201009636553,
    -480.6840721557139,
    -459.04883699925574,
    -433.05757831754005,
    -458.4049093972513,
    -574.350021110628,
    -446.97876777643734,
    -518.5020787246472,
    -484.7972841920189,
    -595.3252541132356,
    -505.6892117924305,
    -441.59731926164056,
    -488.47689953178246,
    -514.2437931806976,
    -560.6949990394211,
    -580.6691874237664,
    -545.3331350486062,
    -602.5206010820141,
    -536.6558503142126,
    -596.4250891548955,
    -495.5539035060583,
    -557.1443291097003,
    -502.05861813022983,
    -572.0904906976092,
    -492.7328685600923,
    -516.1530671925937,
    -755.8677004318731,
    -586.7560832565778,
    -541.5009538781352,
    -515.3400790363446,
    -589.0488688774653,
    -518.6996184601963,
    -505.01166142088954,
    -495.8013898577759,
