{
  "env": "HalfCheetah-v4",
  "agent": "Optimal_HCGAE_v2_NoBdry",
  "seed": 4,
  "total_steps": 501760,
  "final_reward": 1231.8476524704129,
  "eval_rewards": [
    -657.2454302510649,
    -635.6553632884631,
    -529.1996626434878,
    -449.06005430734297,
    -392.14030939112723,
    -320.0028445950394,
    -240.31291140347616,
    -163.53373840656306,
    -121.09641684823194,
    -55.22326122143041,
    25.801179679115045,
    154.11153721591288,
    248.36970260040903,
    350.62357779291096,
    438.7884271357349,
    509.2125541483334,
    570.4967502265096,
    631.5569085565357,
    678.3050942299355,
    749.0403469691191,
    803.2947990383437,
    829.8186664605794,
    898.3937265061634,
    909.9629051731914,
    953.486635383141,
    978.9303850755817,
    987.3184395028154,
    995.2196702270154,
    1017.6803048956442,
    1048.1252644590436,
    1077.9290666008992,
    1098.5876470075168,
    1104.626596163061,
    1131.2715282006568,
    1123.6513091299119,
    1154.1564201468332,
    1162.1516535450542,
    1171.08697205624,
    1203.4344194371458,
    1210.4313560961734,
    1207.427802563411,
    1223.083614501235,
    1201.2287248693306,
    1237.2589276218287,
    1245.774668033037,
    1230.9240808996879,
    1214.5986875865817,
    1233.476421331973,
    1234.4644045007847
  ],
  "eval_steps": [
    10240,
    20480,
    30720,
    40960,
    51200,
    61440,
    71680,
    81920,
    92160,
    102400,
    112640,
    122880,
    133120,
    143360,
    153600,
    163840,
    174080,
    184320,
    194560,
    204800,
    215040,
    225280,
    235520,
    245760,
    256000,
    266240,
    276480,
    286720,
    296960,
    307200,
    317440,
    327680,
    337920,
    348160,
    358400,
    368640,
    378880,
    389120,
    399360,
    409600,
    419840,
    430080,
    440320,
    450560,
    460800,
    471040,
    481280,
    491520,
    501760
  ],
  "episode_rewards": [
    -635.7346999406616,
    -688.9656761164416,
    -679.145661798006,
    -883.9006538810734,
    -671.7056620442136,
    -707.1746102421278,
    -577.5602084395359,
    -522.9197176813833,
    -647.2624992573709,
    -591.4121201542465,
    -577.5715127282583,
    -597.076499865302,
    -585.9444639669248,
    -642.5663795754725,
    -646.7934797120549,
    -605.4161596598882,
    -719.9897310188381,
    -622.5088389955295,
    -551.4344061773736,
    -558.9394836447063,
    -568.8430839460098,
    -538.6283194531422,
    -682.9009732168123,
    -609.2143036698282,
    -530.099562174399,
    -539.8267331183711,
    -645.0037253074065,
    -555.1501555558879,
    -504.43691910153086,
    -516.2173963494577,
    -525.9512784216507,
    -476.99839511007923,
    -641.5006626109342,
    -492.32155705244867,
    -442.9371489978438,
    -511.70930154192916,
    -397.4409525401404,
    -471.25556038081555,
    -432.58754687851683,
    -458.51198462008995,
    -452.9103871311691,
    -462.24944629166976,
    -459.14181392759326,
    -445.9450821579117,
    -430.96047009206484,
    -379.12462515055597,
    -353.54164773563645,
    -459.2551552705381,
    -404.0488508031033,
    -405.5238592591506,
    -356.94091742962905,
    -346.18633104618607,
    -363.87094852547443,
    -317.8717522961965,
    -370.3634856921658,
    -360.6348887039698,
    -323.3833582711412,
    -300.0488414739791,
    -389.1416269685001,
    -323.59215104003306,
    -291.70413183231597,
    -275.90172373293274,
    -275.29974682466934,
    -262.1488274333619,
    -225.6826824526789,
    -233.18049988735962,
    -239.7317360234957,
    -299.636697772334,
    -225.14213830095085,
    -283.573726616381,
    -192.10254905652693,
    -284.85140250891715,
    -262.41811889644464,
    -220.6096150681987,
    -232.3706527633279,
    -111.21454520705659,
    -252.56485277886947,
    -236.246668212259,
    -190.00432776574493,
    -220.11889281867064,
    -223.28420460084953,
    -120.9770308751232,
    -55.66742686046501,
    -133.29394865435978,
    -89.75910769522667,
    -179.11124328250546,
    -136.41464804565538,
    -201.8501785992224,
    -88.60647264929412,
    -112.9548262596816,
    -113.1679970839025,
    -97.43660168820033,
    -115.13493826819074,
    -74.52033443355252,
    -118.4969197064593,
    -85.98601592634803,
    -81.96800949719935,
    -34.461343868462556,
    -47.487631488102174,
    -31.88028743024355,
    -68.85407348322863,
    -23.182611469087913,
    13.55341879670392,
    -33.853598509251434,
    -31.572756303490944,
    -30.186869826307728,
    34.82400151338526,
    69.34380497663679,
    -32.573990749945374,
    -84.6070435838655,
    34.71380852881022,
    32.29008277448915,
    62.43264771918475,
    -29.895478117487926,
    71.30546712967264,
    101.71421212362162,
    138.24340681126247,
    81.22169480522884,
    134.75884554674664,
    91.47857801133812,
    144.40297546394171,
    151.77472664146833,
    161.7434515872647,
    226.88210858860847,
    122.85364723265417,
    139.67502764962413,
    188.1325773188094,
    111.59867252232016,
    152.0517426154546,
    208.44670313241966,
    199.82916418815307,
    293.25729098816083,
    226.73796818120246,
    250.6241252297796,
    248.2633540148855,
    257.28920098285056,
    358.87024060197683,
    278.43867006967764,
    263.6669994882698,
    330.1859812913973,
    283.87635089036024,
    281.2825003910141,
    394.33475767558747,
    287.91489526161695,
    356.6158306326473,
    405.5115801300466,
    376.5004862560328,
    482.45734571289955,
    349.55267989521127,
    449.3764301540312,
    376.1311388945466,
    393.66720462014683,
    410.39758458418436,
    454.21684883198856,
    454.70940093498547,
    449.7001126612956,
    543.6349584722212,
    464.4783435048918,
    545.320820089112,
    554.1861703763659,
    461.4282217981947,
    408.53862888769316,
    506.28639512513183,
    561.3922450533557,
    474.22955746136626,
    482.7346692965288,
    524.6370412128069,
    553.1242114716938,
    611.261325077279,
    493.8572341272353,
    491.57350246039715,
    546.9580670975837,
    644.6576648694754,
    618.6760026176408,
    558.961072117842,
    512.9799465159421,
    643.3350521765383,
    549.086752952696,
    639.3519490464784,
    647.35867948986,
    680.3845114867081,
    691.8162718809868,
    616.0093209551783,
    616.5362196034106,
    712.9976055333544,
    632.3011336438534,
    651.2412029026314,
    611.3105861821522,
    630.4203551212092,
    699.9825176324133,
    660.1822598471697,
    706.9266192065493,
    600.3000174453275,
    661.5075683456953,
    650.0439488054512,
    726.4847079983263,
    705.3858685115792,
    628.7092072407133,
    724.0297148990672,
    760.341803124138,
    711.0990680071473,
    775.252985864844,
    736.7255655141138,
    814.446348684091,
    791.2957602977925,
    755.1348353418563,
    791.5081908578754,
    797.2030249825549,
    772.1951383322938,
    771.3013127940486,
    764.4663425632021,
    713.4533826293255,
    842.9151174866921,
    723.7071143509422,
    789.1045264467118,
    748.4532379390184,
    799.804294234781,
    873.1845404952461,
    795.8268551121452,
    730.4856795587227,
    797.5707770419239,
    858.0667574603198,
    807.8476217196545,
    819.4612078685291,
    849.3696401080322,
    836.7191974205044,
    850.4377180267081,
    827.6671706100127,
    864.9399647554105,
    912.2983430183647,
    801.834639164752,
    920.9981691715814,
    817.2933724527642,
    895.9579678233407,
    874.4479713804371,
    874.6117269951185,
    939.2509660968016,
    908.7666254093036,
    915.6519237563012,
    816.2943195675675,
    897.3519728297624,
    824.6452418489054,
    854.7502383152347,
    894.2921542819089,
    951.1309087819639,
    953.5630839892393,
    918.7864724830974,
    928.709459560591,
    883.6422759165791,
    912.2148338900074,
    987.5096662173144,
    901.7567404059956,
    892.4509973988257,
    956.782148657548,
    882.1391145239006,
    959.2908228580766,
