{
  "env": "HalfCheetah-v4",
  "agent": "Optimal_HCGAE_v2_NoBdry",
  "seed": 0,
  "total_steps": 501760,
  "final_reward": 1242.5149886611662,
  "eval_rewards": [
    -682.9298161181893,
    -672.840790745523,
    -576.4581961311862,
    -495.38316664934274,
    -464.1650964607469,
    -342.6066074377619,
    -257.2356681029401,
    -192.4221326609131,
    -60.01245300524978,
    76.32484721771435,
    148.42083718328905,
    270.83924068995276,
    381.12212767960534,
    433.3090439349109,
    498.7795142770882,
    552.8892422813494,
    625.8596405349524,
    667.8914300403295,
    730.1501877372692,
    752.2849368256029,
    838.2624157880862,
    874.095812985872,
    892.9522931894593,
    899.0375125094795,
    941.0050262175444,
    977.9102469948754,
    966.7459644803903,
    1030.8113513813094,
    1088.6664541121106,
    1058.3720504681003,
    1079.8604259762353,
    1099.1179553425548,
    1107.1130318946987,
    1131.5999220972437,
    1135.3634915710336,
    1151.6664773364632,
    1174.5152885464831,
    1185.247671141424,
    1212.006582908953,
    1195.031152880039,
    1198.192159064023,
    1221.2134729230588,
    1219.9692908692673,
    1220.1850406348317,
    1245.3507009150803,
    1247.4113812942435,
    1234.8413896941847,
    1243.1805944434616,
    1241.79087695886
  ],
  "eval_steps": [
    10240,
    20480,
    30720,
    40960,
    51200,
    61440,
    71680,
    81920,
    92160,
    102400,
    112640,
    122880,
    133120,
    143360,
    153600,
    163840,
    174080,
    184320,
    194560,
    204800,
    215040,
    225280,
    235520,
    245760,
    256000,
    266240,
    276480,
    286720,
    296960,
    307200,
    317440,
    327680,
    337920,
    348160,
    358400,
    368640,
    378880,
    389120,
    399360,
    409600,
    419840,
    430080,
    440320,
    450560,
    460800,
    471040,
    481280,
    491520,
    501760
  ],
  "episode_rewards": [
    -685.3904957203363,
    -601.2630764282266,
    -605.8429144580639,
    -556.0785067158278,
    -622.7834302160587,
    -801.7769371916994,
    -792.4130212821199,
    -683.4061491292647,
    -723.1419434127827,
    -579.1727794879962,
    -770.6136109028974,
    -655.1282981897522,
    -786.5318322145325,
    -652.2997300489739,
    -729.3704945060113,
    -642.5160378158822,
    -701.3377266520267,
    -702.8301266583197,
    -548.8205720686416,
    -633.5103478509102,
    -672.6439051778514,
    -587.8175375577723,
    -663.2797011198426,
    -602.7540577701037,
    -614.2083840005902,
    -618.1042292101993,
    -683.8806731595047,
    -690.2332309184887,
    -556.1473387488029,
    -520.0354410148279,
    -588.8867947779646,
    -501.93376655679475,
    -557.6291360591624,
    -497.5739999008966,
    -571.6538684108904,
    -506.36831088517465,
    -568.8843701727645,
    -483.06426955613506,
    -527.7865056811684,
    -481.26207670405313,
    -477.60425027764177,
    -480.6224467435813,
    -496.42734577495355,
    -538.2442162888048,
    -443.12860060447883,
    -510.99694977891744,
    -530.2888842018956,
    -396.39222127237866,
    -464.4215106125601,
    -414.72643334946935,
    -344.1828814003241,
    -497.3143136399092,
    -443.98131562376216,
    -402.6266966109252,
    -325.7651810556204,
    -348.1312445452228,
    -303.7301929715512,
    -356.2222447917486,
    -283.7202724430832,
    -339.1482214641056,
    -384.133347650757,
    -340.72947797654456,
    -335.82732269668463,
    -352.565965176542,
    -380.6580109028143,
    -279.7754662395571,
    -353.2931938894939,
    -314.32482946075487,
    -219.5885759694601,
    -238.407910900801,
    -193.55059137518217,
    -284.5870383512214,
    -217.53174913423695,
    -200.4444345473334,
    -202.7347895001236,
    -200.40605738143213,
    -231.625355318556,
    -196.24388902178737,
    -156.07582648677277,
    -176.78436981825283,
    -260.23077145374083,
    -132.09338680410755,
    -259.89181904253593,
    -182.99784406940037,
    -165.2414445773816,
    -115.99093536153471,
    -87.60344657416036,
    -118.38947460981632,
    -109.35220890297394,
    -73.2118313728327,
    -68.99685342113824,
    -39.11503790931036,
    -66.94606900746088,
    -4.459919564767274,
    -35.61124620766717,
    -55.208067517162554,
    26.01262931368056,
    -68.22366343865575,
    102.80589459864123,
    13.542937072978669,
    34.32001656263893,
    19.637633425637148,
    43.831610598024604,
    54.79489323981941,
    156.37689084888476,
    155.20028785174637,
    131.51818567509096,
    146.5542749471128,
    74.76981961271925,
    152.60737049539523,
    173.68186792981135,
    211.57061701031444,
    144.91554522511646,
    138.44854336690557,
    244.49580234157912,
    199.7805956078299,
    197.38445801376014,
    251.08662562840112,
    219.9982468179385,
    277.4586918548374,
    318.01811859463095,
    303.8831012776087,
    253.63138111465878,
    304.7653201101291,
    360.4777425232258,
    339.5982070454766,
    289.44648381161966,
    339.8377475695773,
    345.45594812659135,
    335.69559399213546,
    281.6589509590436,
    280.1156145709376,
    398.65072458419206,
    280.18521103992487,
    395.67880032708865,
    350.3926812832747,
    456.2439330613263,
    428.25052138889276,
    432.1479806181918,
    422.5933426093908,
    468.93477008936,
    457.5198115885499,
    431.0096582033517,
    380.86732283160006,
    496.4162424708435,
    496.5911357811933,
    533.8764450515483,
    454.58593408166837,
    366.2893913206266,
    531.2988892756161,
    453.98156476816655,
    516.5519876244623,
    500.1779458177978,
    548.7229175998518,
    585.8079020363795,
    545.7369628008264,
    498.79171077228705,
    490.8139698786218,
    402.1686386294767,
    493.8762376693492,
    618.8434613541507,
    614.7691834454752,
    651.8962530832508,
    569.3544655925162,
    479.8206368260271,
    484.6385021824567,
    498.40557374644453,
    620.9069532635424,
    600.1271274489467,
    629.9740899371942,
    658.0056143202992,
    564.949353039187,
    567.9306407362169,
    654.0276818476216,
    651.6397958527026,
    579.3492353844772,
    626.0068645129248,
    612.73764260129,
    582.5502736697673,
    651.8497728962429,
    692.024187948271,
    686.1247705156735,
    637.2603758153083,
    623.6078687890457,
    612.8798702472733,
    631.5359358574244,
    649.7501512863845,
    701.2887539759658,
    649.9256161672052,
    735.5636952444669,
    722.2978521677398,
    738.8331165839693,
    669.3390957181668,
    715.7754330758346,
    731.8559994749056,
    773.4375225034082,
    626.4222538453133,
    802.5530904454114,
    731.5948132801533,
    732.8066280938285,
    741.565980040113,
    728.7080230854259,
    785.7032829365749,
    774.2345558348828,
    814.5985759882349,
    787.5031725349327,
    784.6042436855912,
    777.2790645821044,
    790.7926421615101,
    799.9502094599519,
    792.0326985902136,
    855.7547560770324,
    755.6151752703715,
    827.4556684135384,
    801.8464997008356,
    838.3964438237833,
    863.4992705678285,
    865.1306268413989,
    842.6638378614559,
    876.2056107278187,
    859.5801370780257,
    879.0180929247306,
    895.7931306227127,
    859.803670428435,
    883.865611014649,
    896.942974530708,
    774.2953272402126,
    876.9131181318705,
    926.2730733332954,
    820.0471774252421,
    881.802854989765,
    930.8591874221389,
    833.1134175939429,
    928.9894664705316,
    861.6584529356975,
    882.3077466805466,
    824.0547760522267,
    871.667036365667,
    921.2899414216249,
    847.7313102458539,
    901.6989213567902,
    879.8776742108237,
    859.9187035325526,
    926.9309012476598,
    896.9803767453549,
    923.0045964404845,
    923.4449597635787,
    882.5019027979005,
    932.0496076580114,
    947.5669528569238,
    909.4380154274462,
    946.6192756355257,
    952.2233865914466,
    930.9556613085409,
    914.0371041053369,
    926.7599142964098,
    910.192805413039,
