{
  "env": "HalfCheetah-v4",
  "agent": "Optimal_PPO",
  "seed": 3,
  "config": {
    "hidden_dim": 256,
    "use_obs_norm": true,
    "use_adv_norm": true,
    "use_lr_anneal": true,
    "eval_mode": "deterministic_mean"
  },
  "total_steps": 501760,
  "final_reward": 3750.8184258602864,
  "max_reward": 3804.420279530451,
  "best10_mean": 3695.0134070764007,
  "eval_rewards": [
    -2.5055224196077637,
    -8.891738800370169,
    -19.060840095257014,
    9.793099543874304,
    17.76983315863075,
    0.5197428236261029,
    189.7232117059676,
    76.65751378758088,
    40.59817369579075,
    153.9561761262484,
    334.42681940967117,
    549.5103272432418,
    849.198770676869,
    1066.2435001977171,
    810.132926869215,
    1180.1965372110835,
    1376.1410497563693,
    1378.3999082301686,
    1558.657983201699,
    1662.9262262667369,
    1746.2668858499358,
    1800.7595636988506,
    1908.2248007885894,
    2037.8116363459637,
    2039.006042245291,
    2022.1877745992854,
    2204.4618346149537,
    2331.951731541011,
    2179.8604842443688,
    2461.123500214358,
    2652.64516960452,
    2735.093788900001,
    2886.1552301747306,
    2897.985827213263,
    2869.9689828377063,
    3063.0927958327866,
    3120.9260669452556,
    3172.214510164242,
    3337.20922430247,
    3532.1989885450284,
    3667.687339261234,
    3659.707116097823,
    3608.343549980143,
    3728.1049475783425,
    3714.231713538747,
    3674.076616572688,
    3778.591273282068,
    3782.772246377477,
    3804.420279530451
  ],
  "eval_steps": [
    10240,
    20480,
    30720,
    40960,
    51200,
    61440,
    71680,
    81920,
    92160,
    102400,
    112640,
    122880,
    133120,
    143360,
    153600,
    163840,
    174080,
    184320,
    194560,
    204800,
    215040,
    225280,
    235520,
    245760,
    256000,
    266240,
    276480,
    286720,
    296960,
    307200,
    317440,
    327680,
    337920,
    348160,
    358400,
    368640,
    378880,
    389120,
    399360,
    409600,
    419840,
    430080,
    440320,
    450560,
    460800,
    471040,
    481280,
    491520,
    501760
  ],
  "episode_rewards": [
    -567.9100635394446,
    -688.3902932556291,
    -693.1810116967691,
    -651.9208113236234,
    -643.0903555915768,
    -792.433260567635,
    -671.7700871017329,
    -626.9584886015958,
    -543.3991612110378,
    -530.7806388100822,
    -483.76291075323513,
    -575.1322828544467,
    -532.1688014890254,
    -455.5562435042707,
    -483.8269257461455,
    -624.9912262130215,
    -661.4385404497395,
    -529.5205909077703,
    -439.6902655809269,
    -512.9556657153237,
    -580.2846395677446,
    -472.1208237610576,
    -408.4636022310194,
    -433.6696942979466,
    -394.13307222024,
    -486.2992143631677,
    -489.4366166185299,
    -302.47503049983965,
    -486.5994906755256,
    -440.7617161407218,
    -428.43862360531494,
    -328.5064768478439,
    -252.45617639548394,
    -387.10141447872456,
    -409.22432953688656,
    -471.81207690190774,
    -289.08009970168524,
    -408.35032311646097,
    -482.82426152255175,
    -427.21680350947406,
    -378.13440564908444,
    -418.3937833902409,
    -474.16851674441506,
    -321.8253783453352,
    -399.92850006298437,
    -347.3423776478417,
    -316.0914715161126,
    -273.0300333123599,
    -309.054293450287,
    -254.6699639494922,
    -292.62635347178116,
    -368.7370097417952,
    -262.8451490149969,
    -196.82781813300767,
    -230.1076631021545,
    -287.45737110669074,
    -228.98466889328284,
    -317.9291065407937,
    -195.92242739165897,
    -35.8942339439449,
    -205.66532636951493,
    -20.15877873419876,
    -127.26918821698627,
    -90.2779049759047,
    -48.53861371337584,
    -147.35703910328826,
    -377.91779421020493,
    -372.9579188919669,
    -96.72552423557563,
    -65.29402636609811,
    -305.9941900865507,
    -57.88052343822079,
    -305.28068329286117,
    -295.4041643193225,
    -111.80820679034089,
    -105.1241400233003,
    -54.13727478625385,
    -34.425717626760004,
    2.9549657323883443,
    -109.06416505068096,
    -41.27321673638566,
    -291.1325110876322,
    -235.59844214818284,
    -201.5621651846467,
    -323.1572422488967,
    53.65909735420799,
    97.85407062456304,
    26.08961707659305,
    123.45031078383249,
    -120.69746374909111,
    33.027045341650314,
    -186.36115077295705,
    -371.91834657107626,
    58.218793283971195,
    -116.9327160738671,
    -103.32375686574908,
    198.24232195502594,
    -187.1721407146262,
    23.2017658566756,
    76.57020355288346,
    205.5289622165014,
    115.42793382639006,
    -63.551811185380764,
    91.15346411416989,
    83.63769407823042,
    73.57884504708521,
    87.73472609643952,
    -214.22925541276499,
    99.4494098450778,
    100.66892023347027,
    79.44591895846774,
    64.17557024532262,
    184.22941757494317,
    83.19220416074418,
    199.16743372696044,
    252.65896141735826,
    278.4734354151107,
    197.77198945760964,
    444.1829041042029,
    500.6338809088105,
    359.6861065721061,
    232.52105429797706,
    390.1243921172691,
    374.74503370824607,
    269.46498527736685,
    404.72018644750653,
    449.4030340507612,
    392.80474116217613,
    407.18657059170454,
    449.898207339183,
    297.3362765257379,
    436.4441051332548,
    -93.80324279484265,
    375.07890093485133,
    454.3088551857718,
    393.23086820839694,
    387.0471967812488,
    480.30778320347804,
    274.9897438886942,
    546.1596613729942,
    407.0215690449214,
    -177.30403131616035,
    459.25036385811177,
    213.78777163313785,
    584.9883383231177,
    474.25012297362855,
    528.2110713867127,
    393.5292316060701,
    732.5062486044616,
    603.8384647929965,
    666.8783158680673,
    -251.0853585788149,
    512.9980203796662,
    682.4994288115428,
    494.82812506137384,
    641.5397841411509,
    514.7241544911255,
    409.72376079704475,
    654.3711838852518,
    405.54318463443946,
    529.1860243929159,
    662.4269860051602,
    806.4183928367166,
    589.6517864333771,
    688.2925069032481,
    414.3515069635415,
    715.1037468833048,
    791.4551684417025,
    812.7053106162583,
    723.9401713667431,
    644.4410034181757,
    100.01032243188851,
    667.7195542790068,
    801.8234831081306,
    655.5651884875649,
    463.29546110825356,
    717.6120054362656,
    193.68980979065864,
    917.2469534306018,
    931.4517808321093,
    728.8425333141716,
    719.4864336579285,
    527.1474775329735,
    -300.8158816310344,
    794.8181023373687,
    938.2372806635279,
    620.5298825916798,
    763.6100845899911,
    742.9863713253634,
    921.0121565835477,
    802.6542203944919,
    909.1362659140374,
    871.1370827164403,
    882.0453795322372,
    764.9172621994077,
    844.3824692605208,
    1014.5129484426465,
    966.0288437427563,
    378.87971089743,
    804.3835166245354,
    726.4305584237228,
    879.6176451007541,
    737.9141691858092,
    794.7633315763596,
    831.3172425897551,
    946.4563464965318,
    1016.168146241496,
    1118.2275286924678,
    1154.3502275547057,
    1176.5781861370665,
    1109.2145229928083,
    981.4480703379929,
    1045.8065654669401,
    1131.205449595588,
    1224.3288631225064,
    832.8909013516477,
    948.1987591108311,
    846.867089750384,
    75.15235894844712,
    1045.6491243225694,
    1266.5308780678106,
    1142.2002986147124,
    1142.1241392231636,
    1335.0938247186266,
    1301.8785727806035,
    1135.4676201819536,
    1352.418474990619,
    1158.767161487156,
    1228.9326753459166,
    1272.4535285936797,
    1221.9735633311243,
    936.7012861463452,
    1387.601640045549,
    1450.0773469015344,
    1255.1792112069609,
    1252.8461509178612,
    1119.761410789763,
    1295.801105649449,
    1291.878957204079,
    1431.7828701374972,
    1104.2862922918914,
    1241.3704136231022,
    1319.299143828987,
    1295.4062078091451,
    1353.512304401948,
    1397.5607332026877,
