{
  "env": "Walker2d-v4",
  "agent": "Optimal_HCGAE_v2",
  "seed": 0,
  "config": {
    "hidden_dim": 256,
    "use_obs_norm": true,
    "use_adv_norm": true,
    "use_lr_anneal": true,
    "eval_mode": "deterministic_mean"
  },
  "total_steps": 200000,
  "final_reward": 1278.3041302074494,
  "eval_rewards": [
    266.85868344382516,
    280.24295116475656,
    311.36739158452724,
    292.8310212724489,
    387.14782167817356,
    409.6293624266426,
    411.45210772761857,
    393.8684038752223,
    568.5686260147245,
    625.7680793024899,
    740.2124001909327,
    722.650013973325,
    948.1749677162927,
    898.2571183822718,
    981.8522848320235,
    1263.526768169953,
    1477.5699437382766,
    986.1954051000952,
    1214.814939279599,
    1449.4135947493228
  ],
  "eval_steps": [
    10240,
    20480,
    30720,
    40960,
    51200,
    61440,
    71680,
    81920,
    92160,
    102400,
    112640,
    122880,
    133120,
    143360,
    153600,
    163840,
    174080,
    184320,
    194560,
    200000
  ],
  "elapsed_s": 147.2
}