{
  "env": "Walker2d-v4",
  "agent": "Optimal_HCGAE_v2",
  "seed": 2,
  "config": {
    "hidden_dim": 256,
    "use_obs_norm": true,
    "use_adv_norm": true,
    "use_lr_anneal": true,
    "eval_mode": "deterministic_mean"
  },
  "total_steps": 200000,
  "final_reward": 599.8461030927105,
  "eval_rewards": [
    324.2346257410907,
    384.8505656344717,
    348.03442365093076,
    324.6235463811404,
    304.89197432961834,
    380.0172088979831,
    427.58544997046045,
    352.57660484748294,
    318.17557038325066,
    314.2077825756003,
    334.1810644951033,
    532.7223629123985,
    578.9317809177337,
    849.4685321305818,
    913.2381811529349,
    957.3254785573533,
    915.2064841994213,
    460.31745041802367,
    328.9884596094148,
    337.3926426793393
  ],
  "eval_steps": [
    10240,
    20480,
    30720,
    40960,
    51200,
    61440,
    71680,
    81920,
    92160,
    102400,
    112640,
    122880,
    133120,
    143360,
    153600,
    163840,
    174080,
    184320,
    194560,
    200000
  ],
  "elapsed_s": 149.9
}