{
  "env": "Hopper-v4",
  "agent": "BHVF_V10",
  "seed": 0,
  "config": {
    "hidden_dim": 256,
    "lr": 0.0003,
    "gamma": 0.99,
    "lam": 0.95,
    "eps_clip": 0.2,
    "n_epochs": 10,
    "batch_size": 64,
    "n_steps": 2048,
    "ent_coef": 0.0,
    "vf_coef": 0.5,
    "max_grad_norm": 0.5,
    "use_obs_norm": true,
    "use_adv_norm": true,
    "use_lr_anneal": true,
    "total_timesteps": 50000,
    "eval_freq": 20480,
    "n_eval_episodes": 10,
    "eval_mode": "deterministic_mean",
    "scr_ema_alpha": 0.1,
    "clip_c": 2.5,
    "use_dcppo_s": false,
    "dcppo_w_min": 0.1
  },
  "total_steps": 51200,
  "elapsed_s": 187.8933460712433,
  "final_reward": 243.63502981691252,
  "max_reward": 442.29584270282976,
  "eval_rewards": [
    71.23681335726323,
    217.37243339064463,
    442.29584270282976
  ],
  "eval_steps": [
    2048,
    22528,
    43008
  ],
  "episode_rewards": [
    244.59163024724697,
    200.95303349946408,
    201.018770290365,
    196.36108256898956,
    227.48521804512865,
    209.00780887853523,
    205.48890624466415,
    128.60582709761033,
    221.15754747935986,
    239.11168377698795,
    226.34090214025824,
    233.10545576257874,
    285.02469614358375,
    217.57927915744432,
    326.504224091876,
    257.94215838033654,
    225.64276231507566,
    232.21563963645636,
    281.4143225876496,
    247.4270660437302,
    221.95158217759814,
    256.5053893035321,
    275.5200573846196,
    249.1557645049088,
    258.09751861752466,
    300.5538497628136,
    296.8552324194003,
    218.04135249346092,
    330.62586337568814,
    304.599962178105,
    304.68373834619234,
    308.4094425688358,
    232.3513774483795,
    241.2565692258811,
    214.47050275326868,
    259.7815469540978,
    263.49514697670344,
    245.94429193921,
    302.4342857826749,
    282.8875177180395,
    245.93941083856225,
    333.391174378426,
    289.82905822605017,
    288.2159985167204,
    336.5293082794564,
    274.8325800953696,
    272.0632030667448,
    236.61676979931252,
    205.72221862344864,
    302.2129336707593,
    326.915463989678,
    307.29727438366285,
    305.2493840914112,
    306.524464721046,
    317.1986653507715,
    321.66327540073945,
    294.96635217754954,
    285.8865191494819,
    309.38781463183284,
    282.59320410002084,
    313.7661149950975,
    324.0436092103789,
    291.0200267262366,
    295.36484016767196,
    290.8100109557584,
    360.4820995933681,
    297.12039600500003,
    310.7420118440303,
    343.1422681718542,
    378.77512359697675,
    308.6372483327528,
    303.86475037040736,
    297.6644428208105,
    289.65393415393123,
    320.7972113254495,
    296.09377279978236,
    321.7919879158297,
    371.1750825330971,
    351.1613216680009,
    325.8886105098208,
    296.1184926024456,
    323.3988892895089,
    333.9206728072046,
    325.63507795043404,
    307.723757012098,
    326.57760496988556,
    319.42703460136306,
    314.2517078665747,
    354.98425940262024,
    310.46032846934827,
    327.26211653791796,
    293.559482695572,
    354.50231680052224,
    345.33687512341555,
    336.1417233315715,
    308.41758051894965,
    335.0575664016019,
    346.59907278998776,
    308.24103728439286,
    348.868848305348,
    329.38620807726267,
    361.95078548143493,
    302.7959280178225,
    307.9410151887142,
    300.22740104829705,
    310.07680636402694,
    341.93180607681654,
    331.4223974980983,
    315.70866090473925,
    321.78174983123273,
    328.39194888151025,
    292.1267400631071,
    113.22736927586827,
    308.7742466348492,
    321.22516227466537,
    342.9687992896141,
    364.2689281985058,
    304.9294197357304,
    290.15978978280566,
    303.4540135379863,
    338.1643146038375,
    340.989125956837,
    362.2854981614994,
    77.86809649078393,
    333.4954225262971,
    339.91972104305853,
    371.2082326584034,
    340.77010938520976,
    288.0022750489921,
    332.59473970923784,
    365.175467016672,
    291.3017645833321,
    311.9349287607199,
    361.5549317464136,
    344.89447533189815,
    368.54723494644304,
    299.7369985866805,
    345.11550851669693,
    316.6891946889627,
    312.9298436161711,
    126.94586561249025,
    332.8826225429008,
    300.6825450456309,
    385.7698395823462,
    317.75291307100804,
    346.506552826314,
    305.32906923088194,
    358.26066887417653,
    359.26697882781025,
    376.22002077526514,
    333.77153150382804,
    332.2122762660585,
    354.4445882526321,
    348.78555624818154,
    312.8919076172339,
    333.5791863903644,
    322.6483925440549,
    314.7761654611135,
    294.02198733380993,
    399.39242613618717,
    357.46543104210957,
    332.9299012981703,
    345.59294932515445,
    354.3046741180776,
    294.88634917897866,
    311.0375499882405,
    321.4016088347011,
    334.08424154836916,
    376.15082502982176,
    327.758987299225,
    363.0542178602571,
    359.81509749170687,
    327.196727220419,
    339.44777354281376,
    353.4207110410419,
    336.1218347215396,
    346.37117699806083,
    337.45963107443805,
    338.7449385747386,
    323.7186991926405,
    426.60471009295566,
    486.23307703946017,
    318.97741382437914,
    415.81139128650574,
    341.31858003471325,
    351.55414251886157,
    361.76531526211824,
    329.3022309225791,
    324.12637258941146,
    565.9616268933551,
    380.3458128901758,
    391.418692643678,
    322.0167876756389,
    409.2703664061319,
    347.6685373260917,
    362.0630004736665,
    337.3664187917311,
    382.96462685189897,
    329.7543243078912,
    360.1608062806872
  ],
  "bhvf_diagnostics": [
    {
      "step": 2048,
      "scr": 0.0,
      "sigma_V": 9.405195246206056,
      "sigma_G": 10.569847116933595,
      "sigma_e": 1.964218903587891,
      "alpha_star": 0.2,
      "c_mc": 0.2,
      "ev_now": -0.013735163887584223,
      "clip_ratio": 0.5712890625
    },
    {
      "step": 22528,
      "scr": 0.0,
      "sigma_V": 8.774126062856446,
      "sigma_G": 39.25535584496094,
      "sigma_e": 16.175734564307128,
      "alpha_star": 0.19084356704762437,
      "c_mc": 0.19084356704762437,
      "ev_now": 0.853710416223347,
      "clip_ratio": 0.01416015625
    },
    {
      "step": 43008,
      "scr": 0.0,
      "sigma_V": 13.063995371328126,
      "sigma_G": 49.92493058250977,
      "sigma_e": 16.635553144435416,
      "alpha_star": 0.1130776893964171,
      "c_mc": 0.1130776893964171,
      "ev_now": 0.9201163647764676,
      "clip_ratio": 0.0
    }
  ]
}