{
  "env": "Hopper-v4",
  "agent": "BHVF_V10",
  "seed": 1,
  "config": {
    "hidden_dim": 256,
    "lr": 0.0003,
    "gamma": 0.99,
    "lam": 0.95,
    "eps_clip": 0.2,
    "n_epochs": 10,
    "batch_size": 64,
    "n_steps": 2048,
    "ent_coef": 0.0,
    "vf_coef": 0.5,
    "max_grad_norm": 0.5,
    "use_obs_norm": true,
    "use_adv_norm": true,
    "use_lr_anneal": true,
    "total_timesteps": 50000,
    "eval_freq": 20480,
    "n_eval_episodes": 10,
    "eval_mode": "deterministic_mean",
    "scr_ema_alpha": 0.1,
    "clip_c": 2.5,
    "use_dcppo_s": false,
    "dcppo_w_min": 0.1
  },
  "total_steps": 51200,
  "elapsed_s": 166.18190693855286,
  "final_reward": 264.1486483685573,
  "max_reward": 424.68864671962655,
  "eval_rewards": [
    84.70966712968027,
    283.047631256365,
    424.68864671962655
  ],
  "eval_steps": [
    2048,
    22528,
    43008
  ],
  "episode_rewards": [
    346.11381221805533,
    258.94318739883954,
    340.83082384901576,
    268.6579594731851,
    287.1751211701197,
    302.75284181621726,
    273.7762860806307,
    294.7427082955146,
    238.31692098808287,
    239.82590821803151,
    256.3340819419659,
    321.55157353641937,
    251.71895891663291,
    335.2913949774802,
    323.3987952107849,
    321.9874057921755,
    243.46388962901764,
    301.4233930391351,
    269.308059044153,
    282.5511761705581,
    298.5835001587333,
    289.5207201604552,
    276.04155123923465,
    288.1088906273073,
    377.7927661360826,
    318.30182597020126,
    237.5373234080468,
    278.5227629969421,
    351.98804279489104,
    95.0983452111594,
    344.5807883356574,
    348.81736773766613,
    269.8278407921858,
    373.3496253368862,
    271.5061926634019,
    226.9841309798319,
    316.01602522022574,
    361.11523116343693,
    331.1834499789188,
    310.74018420739515,
    242.5993931053305,
    298.801883761883,
    317.8632948865304,
    317.9813431499297,
    342.44479811255763,
    325.39936636590164,
    336.4336262776988,
    346.4833283341779,
    239.50731022648785,
    296.52496018517434,
    299.0235497460455,
    372.42253960946323,
    276.200260550337,
    326.81105086284197,
    396.9900265630517,
    209.5523918562511,
    322.9815299449862,
    350.5303908330069,
    282.12683589064324,
    334.7473266351659,
    281.75540775904426,
    285.9858745213426,
    318.050542749935,
    329.2764246213636,
    371.4558812031778,
    269.8196514155858,
    316.9729837543162,
    222.57794708733203,
    341.6101028941731,
    344.0719906442269,
    341.1200021202973,
    330.0118573554658,
    306.93661964100534,
    302.58600002190667,
    279.1566292020335,
    324.67427895804417,
    260.6860898428692,
    321.933554619123,
    326.30578875935913,
    303.1384697029374,
    287.14849686848845,
    299.64623194112505,
    340.1889518671126,
    359.04475543136545,
    310.5263607108121,
    386.18069709211386,
    324.9572109553224,
    342.1333276860178,
    366.1801460331969,
    336.2810649185885,
    351.41260131118474,
    379.71728616693736,
    333.04448818064077,
    309.14764849914616,
    328.59255565311554,
    327.5207409081935,
    330.3418063149606,
    349.0364966572283,
    374.1953840609731,
    327.1124217038681,
    287.96009432418657,
    385.40379537307297,
    329.3474458943818,
    300.669308200474,
    372.92196009820276,
    370.1315004063847,
    326.73984475294964,
    363.08461013103545,
    318.91177029647434,
    315.05650632147297,
    380.73820178616626,
    407.4514129161853,
    376.36948111606085,
    389.5558872420175,
    353.16200353185627,
    373.99378010197455,
    361.3311238247113,
    348.7441190831788,
    342.41995792669167,
    307.261523854024,
    369.0953080653106,
    351.284782825404,
    350.5436390831324,
    393.3635716526638,
    365.32730053694803,
    387.0171952802156,
    403.7677139498561,
    391.1857107324002,
    342.42926609473307,
    381.5497769089141,
    565.3765712661327,
    382.7027762030863,
    287.8664321242407,
    386.0312985284685,
    323.7379518183355,
    370.4204672493255,
    328.43808217123893,
    364.52994281811795,
    376.9315571087118,
    361.55401099220035,
    397.3285607757929,
    406.4780761838272,
    370.7228480599941,
    376.795350936895,
    371.60424035438456,
    521.6289094832711,
    400.56075738619126,
    378.03847745995563,
    340.0069349697228,
    373.10071182758344,
    362.81613526205786,
    359.2502262000986,
    369.1128231039091,
    365.3753270514937,
    380.21412506371445,
    343.2334924831378,
    392.3190282258148,
    334.8454448519249,
    356.0658655561286,
    328.75858642539777,
    372.2832053156152,
    379.1698259841361,
    366.16612541156246,
    374.4654231322922,
    353.37171937218653,
    376.06690671895075,
    403.08790480648196,
    372.08725192126,
    380.59979900884,
    358.024105945343,
    370.24741843930775,
    402.9305305357702,
    372.8959241789015,
    370.6375839760787,
    357.5811039617821,
    377.0469274627287,
    406.3079719325188,
    373.2421334490088,
    379.801408393356,
    362.59966047919,
    584.4625724844332,
    348.8613306343053,
    383.02874837323174,
    391.0829682833947,
    335.15473656690904,
    396.23083277135925,
    382.3920577902457,
    364.08876501032233,
    408.9513767518693,
    368.64426064101957,
    369.5017381745126,
    399.90567764112564,
    346.1700588783089,
    532.4072333387969,
    459.6981536067803,
    374.9910181464612,
    384.1262200894176,
    372.4347651319134,
    360.9881395333357,
    341.24624737854873
  ],
  "bhvf_diagnostics": [
    {
      "step": 2048,
      "scr": 0.0,
      "sigma_V": 9.971118937001954,
      "sigma_G": 12.483149538503419,
      "sigma_e": 2.1509124765859378,
      "alpha_star": 0.2,
      "c_mc": 0.2,
      "ev_now": -0.004166009313756547,
      "clip_ratio": 0.5283203125
    },
    {
      "step": 22528,
      "scr": 0.0,
      "sigma_V": 19.427757273183595,
      "sigma_G": 44.286434183583985,
      "sigma_e": 19.144386668185874,
      "alpha_star": 0.22355450925741865,
      "c_mc": 0.22355450925741865,
      "ev_now": 0.6916965734418425,
      "clip_ratio": 0.0791015625
    },
    {
      "step": 43008,
      "scr": 0.0,
      "sigma_V": 16.287517557607423,
      "sigma_G": 57.32436753319336,
      "sigma_e": 20.1178410267629,
      "alpha_star": 0.13579639626194914,
      "c_mc": 0.13579639626194914,
      "ev_now": 0.8516738663800012,
      "clip_ratio": 0.05126953125
    }
  ]
}