{
  "env": "Humanoid-v4",
  "agent": "Optimal_PPO",
  "seed": 9,
  "config": {
    "hidden_dim": 256,
    "lr": 0.0003,
    "gamma": 0.99,
    "lam": 0.95,
    "eps_clip": 0.2,
    "n_epochs": 10,
    "batch_size": 64,
    "n_steps": 2048,
    "ent_coef": 0.0,
    "vf_coef": 0.5,
    "max_grad_norm": 0.5,
    "use_obs_norm": true,
    "use_adv_norm": true,
    "use_lr_anneal": true,
    "use_vclip": false,
    "device": "cpu",
    "total_timesteps": 1000000,
    "eval_freq": 20480,
    "n_eval_episodes": 10,
    "eval_mode": "deterministic_mean"
  },
  "total_steps": 1001472,
  "elapsed_s": 2078.836151123047,
  "final_reward": 550.3628119796102,
  "peak_reward": 649.9692325119038,
  "max_reward": 849.6841111401685,
  "eval_rewards": [
    235.97795732700374,
    334.05885668848225,
    285.3995563218,
    306.880067220136,
    406.20811581096484,
    351.0594399207024,
    283.60643878139456,
    397.2396564979168,
    432.30882835662106,
    540.4565131608562,
    497.9099704440147,
    530.0864408057794,
    524.9426107187215,
    533.2809841931805,
    527.9281626952675,
    379.1749176286801,
    399.2873173694472,
    554.0339270956223,
    393.8947795053244,
    553.434074728915,
    528.6208315129456,
    603.4068417815495,
    500.678263344632,
    511.868950256587,
    604.2390660109361,
    620.5908977872487,
    475.3152276451204,
    497.2058944321232,
    686.3549496774015,
    640.7550595680481,
    652.5243948206171,
    528.3987990114647,
    437.83239723401255,
    595.7283428412528,
    849.6841111401685,
    732.6630776985487,
    644.3085134371815,
    759.303467039198,
    658.4941623285447,
    739.6126235757949,
    620.5865874044132,
    673.2015975171774,
    563.9192025853928,
    526.9969559768449,
    504.25301818491334,
    566.9112596061341,
    372.4668938350791,
    434.0170062376322,
    501.66297487272095
  ],
  "eval_steps": [
    2048,
    22528,
    43008,
    63488,
    83968,
    104448,
    124928,
    145408,
    165888,
    186368,
    206848,
    227328,
    247808,
    268288,
    288768,
    309248,
    329728,
    350208,
    370688,
    391168,
    411648,
    432128,
    452608,
    473088,
    493568,
    514048,
    534528,
    555008,
    575488,
    595968,
    616448,
    636928,
    657408,
    677888,
    698368,
    718848,
    739328,
    759808,
    780288,
    800768,
    821248,
    841728,
    862208,
    882688,
    903168,
    923648,
    944128,
    964608,
    985088
  ],
  "episode_rewards": [
    878.2616258705697,
    581.8972546496444,
    883.0236232778828,
    760.9076989271746,
    682.7556274461472,
    745.4155471886409,
    775.8367666152062,
    669.3950365999301,
    560.608757308861,
    729.7438638571052,
    659.7351448831688,
    804.7650166216685,
    864.6355668294442,
    627.1658569656972,
    554.55334492844,
    737.986143772705,
    803.3607569507021,
    851.0452646398496,
    499.0909411173794,
    576.47026098451,
    961.0741592837585,
    970.1179667327613,
    803.8821929960519,
    931.897727521962,
    645.3463683976113,
    525.0539292175085,
    567.4731374831478,
    699.8558941132388,
    752.9993712356667,
    949.4054465867944,
    606.465225942355,
    842.7255576638191,
    760.5593335283758,
    780.181314269207,
    680.8302694188537,
    655.2606544206299,
    617.3594753713786,
    566.0905646139779,
    691.0818466548507,
    681.9356864611386,
    701.0293245411677,
    465.8444778324301,
    928.4312493429533,
    887.7949122720737,
    1088.7141258539618,
    856.7320515475101,
    762.8436100694669,
    886.4993381784117,
    922.3069254150033,
    702.4736595142701,
    867.9563380862061,
    792.5906493199544,
    928.8820706175032,
    860.0713029393478,
    780.5774846040322,
    1160.4076174341494,
    506.65003569048,
    793.5741873687585,
    481.02978956695057,
    645.7393427386706,
    718.8744190471093,
    756.4706614267693,
    454.68558172476776,
    577.5773076658348,
    797.872358667353,
    720.8290400498349,
    783.6403143208706,
    732.3897584249235,
    476.61878281760403,
    619.1194884969531,
    650.7238686029792,
    836.6451111330243,
    771.1632786991944,
    480.75266107161093,
    654.1542879151765,
    756.3696775759654,
    723.338942400172,
    582.6885827961513,
    694.1065213788949,
    797.0213164273164,
    667.3487851907781,
    785.2417414182984,
    637.9758509397133,
    827.1461230989021,
    718.6809959018161,
    699.7462651158006,
    457.1782884813424,
    782.9739680757616,
    479.77992218107005,
    668.8456525108235,
    902.8129655518343,
    635.3712337011659,
    506.636452112879,
    818.0966927130529,
    669.2460505321485,
    580.2357825527417,
    922.2708637006774,
    801.5165934520992,
    567.357696892827,
    632.9727090092861,
    690.5396019925906,
    782.4582638583882,
    948.8961521706691,
    615.5073050490586,
    646.7801672064753,
    630.1476538681059,
    620.4506667973673,
    801.9965059130554,
    717.3603464469313,
    754.5663336019021,
    593.2417535726572,
    759.9175369603784,
    422.70012912998277,
    876.6948413450447,
    678.8693365908559,
    835.2815033557952,
    710.8505611876315,
    767.1237673844743,
    1064.5336356607272,
    555.0409005871254,
    735.9754289503117,
    693.161599612204,
    1086.6379025286567,
    719.103504697031,
    740.507186257681,
    737.0754506082178,
    675.6927102777802,
    701.6161109526888,
    1063.2804835329857,
    925.2642510546368,
    556.1277274625917,
    654.6479136507344,
    1311.7442456718236,
    541.919455859337,
    755.193520971905,
    778.8409220959658,
    1027.2006553286105,
    424.41010969156497,
    450.61127844027124,
    1086.538294941664,
    786.7203412886169,
    761.528750682445,
    694.1752029444481,
    915.1667513363121,
    930.7666112547438,
    815.5987982242906,
    765.0922939353604,
    716.9616441220791,
    1046.7438824833337,
    694.5127748029344,
    709.2730295050055,
    828.0970159007272,
    899.6939500347311,
    524.3642355409465,
    528.7695527180041,
    769.583723488492,
    631.9618260872096,
    535.7362651793577,
    603.8273097547689,
    684.7866531442572,
    502.454488010554,
    498.9291039915223,
    818.8890871485474,
    720.0790597416424,
    767.2823302836521,
    789.7931057929634,
    739.1659599412999,
    504.0431248431155,
    682.9898803531944,
    639.1110543884199,
    882.0254471174137,
    606.099133854371,
    949.3286597823006,
    807.0414996041739,
    870.881140615887,
    970.95781642833,
    632.2188608488935,
    455.1039907029597,
    561.1338982077289,
    867.9127037099457,
    617.5180369862987,
    757.9384731814396,
    692.610363161757,
    325.7508324121488,
    676.540398660608,
    918.4521813363269,
    1018.6004903639468,
    586.2253732896613,
    847.9488718803393,
    462.50368089316055,
    753.1698282411509,
    885.6503431301504,
    721.8951051314015,
    620.7521841579766,
    528.1851886439576,
    1005.0979309146151,
    683.0966615518091,
    872.0057724686269,
    842.5527368762599,
    579.7048863206778
  ],