{
  "env": "Humanoid-v4",
  "agent": "Optimal_PPO",
  "seed": 1,
  "config": {
    "hidden_dim": 256,
    "lr": 0.0003,
    "gamma": 0.99,
    "lam": 0.95,
    "eps_clip": 0.2,
    "n_epochs": 10,
    "batch_size": 64,
    "n_steps": 2048,
    "ent_coef": 0.0,
    "vf_coef": 0.5,
    "max_grad_norm": 0.5,
    "use_obs_norm": true,
    "use_adv_norm": true,
    "use_lr_anneal": true,
    "use_vclip": false,
    "device": "cpu",
    "total_timesteps": 1000000,
    "eval_freq": 20480,
    "n_eval_episodes": 10,
    "eval_mode": "deterministic_mean"
  },
  "total_steps": 1001472,
  "elapsed_s": 1936.405170917511,
  "final_reward": 470.2511168038809,
  "peak_reward": 495.41536075234524,
  "max_reward": 645.6825829341146,
  "eval_rewards": [
    216.98105428235903,
    465.7355913267735,
    393.3889263328382,
    459.10912843941287,
    457.1952390349326,
    336.44246913756314,
    494.81745147398215,
    494.73004919628664,
    433.73425017669905,
    498.3300328775457,
    444.99624941917153,
    503.5361269364622,
    523.6241396687028,
    434.8266973856772,
    549.7955143447741,
    547.3801957330517,
    496.018623534431,
    637.0013218332781,
    525.9371644257126,
    491.5093687527724,
    457.8648986697659,
    606.4217578704724,
    484.9863379445763,
    591.4239591684579,
    530.40460527151,
    507.2489937744431,
    462.8245222698479,
    447.57511181704785,
    469.1220879897287,
    500.02325314270513,
    645.6825829341146,
    544.2419411666649,
    463.6635644903853,
    455.58305366363186,
    458.1884962748836,
    492.1215236200716,
    422.42938103486114,
    534.265104567649,
    442.8410316646772,
    456.6829133681924,
    416.1652771012347,
    516.6469808955358,
    483.8067289066945,
    469.2219635676858,
    442.524571114545,
    457.1620524849876,
    427.3412298277684,
    505.5171491145502,
    527.4423016576145
  ],
  "eval_steps": [
    2048,
    22528,
    43008,
    63488,
    83968,
    104448,
    124928,
    145408,
    165888,
    186368,
    206848,
    227328,
    247808,
    268288,
    288768,
    309248,
    329728,
    350208,
    370688,
    391168,
    411648,
    432128,
    452608,
    473088,
    493568,
    514048,
    534528,
    555008,
    575488,
    595968,
    616448,
    636928,
    657408,
    677888,
    698368,
    718848,
    739328,
    759808,
    780288,
    800768,
    821248,
    841728,
    862208,
    882688,
    903168,
    923648,
    944128,
    964608,
    985088
  ],
  "episode_rewards": [
    438.8903920292832,
    392.98271297801625,
    558.5910292314467,
    661.958252030241,
    669.9083835191807,
    540.4998559173163,
    693.6273826606895,
    648.6879175119534,
    772.887421840587,
    650.4342421939574,
    775.3638697002383,
    551.0088729015412,
    626.7436140026256,
    563.6775639824086,
    604.4592800167827,
    450.9135969396398,
    483.25188187664406,
    544.5899521586822,
    446.9091759767641,
    446.28055728796284,
    475.0104088049009,
    625.6948046389384,
    630.0586076664359,
    625.953276773503,
    528.6216942369235,
    509.6928035574136,
    1401.3878499069922,
    569.7652035316595,
    474.5085049057335,
    549.6925043227232,
    613.4902278667048,
    624.5816216782875,
    539.7884641259168,
    719.5551230229047,
    663.0290829075071,
    586.179305622229,
    923.7540275251342,
    927.2082969499844,
    626.074876675978,
    768.044679385248,
    375.61465136920395,
    477.6869188993086,
    618.4800488814167,
    639.3171462314335,
    796.5771425799812,
    708.1329535705112,
    573.6799468750133,
    271.1632523376808,
    505.5068780687527,
    547.8791239877488,
    724.8088245094418,
    777.8216827491163,
    726.2840747683374,
    708.1302767511713,
    658.189353853811,
    742.0437668914503,
    594.0353685696708,
    1020.4529199813107,
    396.1672017104001,
    475.7660321846423,
    1034.2669156200673,
    552.657027655257,
    655.3749892553913,
    470.9524874151265,
    570.6765104796864,
    717.6351099961129,
    725.3974746574817,
    1074.3110263033077,
    791.5096507144007,
    449.11497417487436,
    763.9988191758704,
    620.9131547274238,
    622.5082733384421,
    602.8670913642903,
    486.2091880271668,
    960.4703111051218,
    596.1360543582431,
    608.3802227321149,
    595.4362416328784,
    520.897845146363,
    564.0906963727722,
    384.42061959577563,
    558.9437876658988,
    690.4817872571462,
    628.1415599882151,
    484.59713557795385,
    590.8186672753463,
    629.9706080572452,
    411.0680916543069,
    777.651852948197,
    482.82515666361576,
    806.0173390982669,
    629.937436820284,
    446.5197753711409,
    432.4489236119385,
    421.844991925617,
    560.3305297857291,
    717.2873758732214,
    402.10046309208457,
    698.8207517377754,
    360.2039192933684,
    460.21933109576355,
    775.6389213737093,
    702.1042591827335,
    533.4326067404455,
    595.0389007839706,
    697.564225835728,
    407.9129938168595,
    526.1262072296557,
    750.0936015229896,
    572.728158902013,
    487.64099026791826,
    528.8539763117791,
    590.8833676588753,
    750.4445937324857,
    585.5958780470402,
    593.499476330634,
    720.6917559532554,
    608.0896924962628,
    539.7861744124501,
    807.0488632110744,
    637.1896382770531,
    593.3886157704727,
    620.8905181481831,
    589.5604532342365,
    433.64388556198145,
    497.5669500257111,
    690.1264160719999,
    674.4180643094664,
    608.4365760653419,
    611.1712147769248,
    618.252692608702,
    507.2684989338265,
    513.4420983999912,
    723.6382618870718,
    442.291688445918,
    432.63684090376836,
    820.3515672108899,
    669.8345916424787,
    432.99990328503725,
    657.870929246022,
    469.8624856933502,
    561.708380979131,
    414.2275876283791,
    817.7526880866814,
    507.0615456375936,
    1212.2614913716725,
    477.99729327769114,
    424.472529596981,
    640.5419566917786,
    514.5515860223251,
    492.57412567173446,
    734.168635705794,
    798.6995699074092,
    476.00989808923356,
    484.59395692905616,
    544.7828062299205,
    522.8224746272674,
    880.5761241550213,
    639.9768961438231,
    443.73834587741624,
    683.8522193553821,
    670.0908489931335,
    697.585857809448,
    566.0099752714648,
    830.7909247459751,
    575.1104292434844,
    690.4632887296448,
    692.6699635387963,
    434.4257352294885,
    677.460157399885,
    928.3169123812611,
    373.7467805041244,
    492.43817373664695,
    627.8902709306348,
    444.5187582147714,
    424.791638772113,
    631.3660851589681,
    462.16614055557994,
    705.6148625563316,
    755.9875710956229,
    623.3138663234405,
    344.5566539698003,
    491.5644978964652,
    485.2656179564406,
    706.0155746939179,
    386.57743166265385,
    459.9845714233708,
    562.3627892372368,
    728.8267793716078,
    620.2625916609543,
    802.3702753002865,
    546.4541664076398,
    987.4897602792621,
    636.8418586635904,
    723.1001160805398,
    708.4561003623149,
    761.1736652636282,
    659.9298610347493,
    584.0360611989503
  ],