{
  "env": "Humanoid-v4",
  "agent": "Optimal_PPO",
  "seed": 15,
  "config": {
    "hidden_dim": 256,
    "lr": 0.0003,
    "gamma": 0.99,
    "lam": 0.95,
    "eps_clip": 0.2,
    "n_epochs": 10,
    "batch_size": 64,
    "n_steps": 2048,
    "ent_coef": 0.0,
    "vf_coef": 0.5,
    "max_grad_norm": 0.5,
    "use_obs_norm": true,
    "use_adv_norm": true,
    "use_lr_anneal": true,
    "use_vclip": false,
    "device": "cpu",
    "total_timesteps": 1000000,
    "eval_freq": 20480,
    "n_eval_episodes": 10,
    "eval_mode": "deterministic_mean"
  },
  "total_steps": 1001472,
  "elapsed_s": 2040.7219007015228,
  "final_reward": 582.8789730373715,
  "peak_reward": 582.8789730373715,
  "max_reward": 651.0976533961624,
  "eval_rewards": [
    320.46495330326337,
    431.32108403142365,
    308.11281949089255,
    489.5646073800875,
    533.500199211737,
    390.15406888141297,
    476.89429312931907,
    489.8035748766206,
    501.4453493757536,
    521.4401932684333,
    449.03153865230377,
    491.99770450016086,
    506.51040954986763,
    526.4689695643234,
    492.78719892035735,
    536.6323293969247,
    552.3168625855483,
    584.9404418254459,
    494.50801214043696,
    532.9302978143928,
    626.0097631304907,
    539.7958441953544,
    562.8638030672139,
    473.4190876037993,
    496.60981139731155,
    552.0213793766775,
    375.9377728279727,
    481.06091008780675,
    455.86201255601037,
    545.0466235480201,
    473.68801858180257,
    590.3211032188384,
    552.0447800198027,
    524.1060121800194,
    564.0851178004841,
    541.3699571140544,
    481.70379210791,
    529.0425563284579,
    486.498042238259,
    600.233145608453,
    597.9549248005317,
    631.7773522985649,
    573.4686686672158,
    551.0366469500284,
    544.2797272181199,
    554.1314714101537,
    527.208267836792,
    597.6018721876924,
    651.0976533961624
  ],
  "eval_steps": [
    2048,
    22528,
    43008,
    63488,
    83968,
    104448,
    124928,
    145408,
    165888,
    186368,
    206848,
    227328,
    247808,
    268288,
    288768,
    309248,
    329728,
    350208,
    370688,
    391168,
    411648,
    432128,
    452608,
    473088,
    493568,
    514048,
    534528,
    555008,
    575488,
    595968,
    616448,
    636928,
    657408,
    677888,
    698368,
    718848,
    739328,
    759808,
    780288,
    800768,
    821248,
    841728,
    862208,
    882688,
    903168,
    923648,
    944128,
    964608,
    985088
  ],
  "episode_rewards": [
    609.350574001373,
    554.7735204705069,
    519.2456454952832,
    584.2627260954685,
    476.7064618611668,
    501.6251727142953,
    780.6515631606891,
    773.6142328321785,
    554.5228827045211,
    581.3740252080964,
    553.2836137827733,
    564.9949810066311,
    511.02802369608133,
    441.8437470884432,
    667.1438958228867,
    506.23322364588495,
    580.4586750696628,
    568.3540411920628,
    454.22165426130294,
    809.8761252148995,
    475.2050860665914,
    434.7645507236027,
    735.2213491056928,
    722.7776421139857,
    482.37025075727587,
    446.3366399328297,
    441.59714419536226,
    792.1628721686528,
    526.3033930903342,
    554.6270933074449,
    675.9299030259051,
    581.6914904880765,
    544.0865724205174,
    492.29303192537355,
    503.4479172282123,
    758.7376864598192,
    752.8903618909562,
    845.8793288229126,
    726.7248428509081,
    787.403618480881,
    504.81827483853857,
    488.61580316556774,
    468.0285296654744,
    520.8404731960529,
    721.0388587464897,
    562.5414783760644,
    669.9198790107084,
    575.8331051153565,
    858.3892529373315,
    652.4681516866443,
    491.49545643587425,
    729.0972609427264,
    732.6468645247742,
    633.4097747990852,
    464.80243742941866,
    636.7808233085038,
    735.8245209949679,
    591.8513177188743,
    937.3061271050248,
    605.6814542614652,
    792.8176608369725,
    501.24511411923174,
    672.8251916116103,
    450.4377395426595,
    677.2028908778877,
    659.3322334863398,
    463.93037811774286,
    549.7362752744486,
    643.3376582850825,
    508.6008924125765,
    703.6905340286504,
    541.2328991372974,
    507.58020329895186,
    705.3207878475077,
    584.2730434987469,
    487.68892023902447,
    503.10070313735866,
    859.668737714715,
    622.205024171589,
    682.5188063841066,
    617.6906639705933,
    707.5470331638908,
    541.7518305358856,
    523.7690269586335,
    473.91434336961777,
    449.6930443133486,
    576.0895025993289,
    691.7367431294517,
    678.9805404450851,
    589.1339192316728,
    475.26115132382415,
    479.88439430833733,
    776.3461004640627,
    612.3427338247103,
    511.606320432423,
    730.2851686097454,
    464.76588157027174,
    481.274046136853,
    538.5479624399577,
    479.6244680222662,
    585.3306929268351,
    609.2201837139318,
    599.0478299155918,
    638.7217395459953,
    546.5226708852654,
    395.7038631105769,
    498.56315667357626,
    425.83503892617176,
    548.6314605602884,
    510.1556890375859,
    800.1180761563343,
    607.6279085214017,
    792.5777145123868,
    564.5949238701742,
    532.4931127805759,
    602.1480550110199,
    534.0448694442622,
    487.3392956283668,
    481.1567370591297,
    620.1183999977283,
    628.5386974956356,
    578.6710854310754,
    744.7551516928879,
    560.5395807040641,
    602.3572376339661,
    498.31575007434697,
    541.4064137647986,
    503.0484389048456,
    477.1233335043999,
    610.5334493829494,
    601.2593689503212,
    511.4542034432753,
    705.6968594622766,
    670.5921356380901,
    540.5057414416467,
    626.5320308748383,
    611.4510474019199,
    438.1367711001629,
    463.41018250622056,
    459.8145785710916,
    554.3864064237009,
    535.0781658630912,
    623.5802581114383,
    723.9717268212289,
    589.2676930318696,
    614.0257604929606,
    575.1012155049397,
    728.0292264928117,
    572.1376602068383,
    525.959575744092,
    841.6112550780273,
    684.6068189805073,
    646.7212399495439,
    683.0526410284488,
    654.0626622964737,
    848.3307802637729,
    653.3052772549445,
    475.1217802883496,
    683.7410973522746,
    594.1846369975036,
    621.1118513680457,
    572.5806904343726,
    601.8188374264437,
    703.6368921169137,
    633.7359509740695,
    653.422947054313,
    595.0049649071876,
    426.00332110708104,
    605.9213222062629,
    498.41710058447075,
    456.15563817778866,
    445.4728504559637,
    513.6409681666137,
    471.1788684729051,
    541.6412530470553,
    532.4570368387425,
    561.690878415236,
    492.78761013858235,
    599.8467336281293,
    519.9404307596539,
    535.572473254392,
    472.01165554808176,
    601.8212635430889,
    557.3483428847209,
    632.5594896391967,
    689.2915759170583,
    528.9422381322687,
    647.1803612320575,
    559.6813313446218,
    676.9989111386221,
    689.4806163738601,
    470.13137789528315,
    592.1403278178881,
    634.6858757337836,
    478.6009984599673,
    628.8529507474718,
    497.9902520974632,
    527.1588199303638,
    493.60254103397125,
    586.6604881325748
  ],