{
  "env": "Humanoid-v4",
  "agent": "Optimal_PPO",
  "seed": 19,
  "config": {
    "hidden_dim": 256,
    "lr": 0.0003,
    "gamma": 0.99,
    "lam": 0.95,
    "eps_clip": 0.2,
    "n_epochs": 10,
    "batch_size": 64,
    "n_steps": 2048,
    "ent_coef": 0.0,
    "vf_coef": 0.5,
    "max_grad_norm": 0.5,
    "use_obs_norm": true,
    "use_adv_norm": true,
    "use_lr_anneal": true,
    "use_vclip": false,
    "device": "cpu",
    "total_timesteps": 1000000,
    "eval_freq": 20480,
    "n_eval_episodes": 10,
    "eval_mode": "deterministic_mean"
  },
  "total_steps": 1001472,
  "elapsed_s": 2162.458002090454,
  "final_reward": 673.8685558340028,
  "peak_reward": 673.8685558340028,
  "max_reward": 723.5003453085953,
  "eval_rewards": [
    217.76606167194973,
    328.34235606572435,
    345.9942644432326,
    354.9112522324756,
    421.0487266945018,
    491.60295314516407,
    409.0688456673039,
    465.2132213226975,
    444.9920313292805,
    589.6712207903422,
    528.115665926541,
    466.2902490336096,
    493.4382397418616,
    540.4534716940619,
    540.5107487542735,
    471.9204887110177,
    629.5967696684518,
    556.905443894765,
    496.1798642147649,
    488.5153795749799,
    561.1221038863362,
    507.9674028502203,
    622.0121006517085,
    520.8687730368954,
    557.1187701747247,
    529.5497479839961,
    664.9512136165455,
    652.4651139181963,
    653.8375751087906,
    513.5893345663628,
    617.8917919686395,
    654.4398562648576,
    546.2236177488905,
    662.1499655817913,
    566.0016693318494,
    576.1399999619581,
    628.0383984760289,
    678.9225430982503,
    714.1492644032392,
    633.1503764024258,
    711.3713575040642,
    683.2459432517459,
    690.6392287415789,
    646.4566069927835,
    609.5501763264712,
    613.2288236539695,
    723.5003453085953,
    716.6952059449253,
    710.8474942134685
  ],
  "eval_steps": [
    2048,
    22528,
    43008,
    63488,
    83968,
    104448,
    124928,
    145408,
    165888,
    186368,
    206848,
    227328,
    247808,
    268288,
    288768,
    309248,
    329728,
    350208,
    370688,
    391168,
    411648,
    432128,
    452608,
    473088,
    493568,
    514048,
    534528,
    555008,
    575488,
    595968,
    616448,
    636928,
    657408,
    677888,
    698368,
    718848,
    739328,
    759808,
    780288,
    800768,
    821248,
    841728,
    862208,
    882688,
    903168,
    923648,
    944128,
    964608,
    985088
  ],
  "episode_rewards": [
    409.2980088513528,
    615.4206563327006,
    762.9011836440669,
    805.092477943864,
    517.4365725732737,
    453.2580481272262,
    613.9461918475685,
    705.7186849825845,
    673.491192598676,
    823.0526963740789,
    537.1923228677778,
    510.44698385835954,
    756.7959947653978,
    1027.0300585214497,
    722.9347906911798,
    696.0392048923496,
    892.2061892692572,
    811.4178303498188,
    558.0753130039308,
    853.3766853269318,
    651.7102335385606,
    881.0353018494633,
    842.080637788103,
    652.915351772543,
    707.7822439790696,
    717.0682101648443,
    439.6310272786846,
    525.5702214786326,
    976.9288061968756,
    603.9072046051868,
    378.27658119912763,
    659.9532795320387,
    718.6064927695612,
    538.1462382338668,
    743.4825371446557,
    436.289667047532,
    706.0542697851689,
    705.6673829092538,
    703.5747979228823,
    582.1435458325516,
    628.0445165578257,
    616.1411347864758,
    899.488064664064,
    456.46496093590105,
    551.6159739262743,
    940.5336945456488,
    825.277559263249,
    659.5224712943289,
    484.0207825325646,
    1214.5384584708338,
    565.1272413415913,
    550.9660243212398,
    560.873450389114,
    1074.135186117944,
    664.3085821196419,
    516.6299658166951,
    922.8194019563421,
    739.0130460968594,
    824.5403234997567,
    923.4030479038654,
    730.121085246668,
    632.2706027701279,
    830.9954291473181,
    824.8826707149196,
    772.9222159474468,
    808.2073700450767,
    514.8219872798368,
    737.0706048669269,
    879.7944691355884,
    732.2473393957608,
    1056.2394848274637,
    603.8501287322969,
    562.6274270424406,
    464.3239666457152,
    815.4103525763556,
    564.5112610163106,
    1093.9577300876226,
    867.982435080178,
    952.0769831821317,
    573.8569518783954,
    722.6909456358961,
    532.6908325511207,
    751.4214831583877,
    659.236955204089,
    1013.3060105200863,
    683.7959421489795,
    627.9030556751072,
    632.4993996830369,
    522.6898006848577,
    661.6279239498197,
    668.1080706586224,
    658.9150623232973,
    528.2101959339842,
    738.3912075219753,
    561.2390815904292,
    688.8537612707319,
    1034.9625211569048,
    446.3035701869196,
    530.7000361683224,
    732.11863604201,
    660.6395462029759,
    749.115037740323,
    576.408747173797,
    898.1538313166337,
    570.0349807277264,
    628.8398811932265,
    506.7134469011989,
    785.585250920887,
    697.1594974024675,
    655.9943078597264,
    682.6130234169501,
    595.3509617677455,
    579.614238098196,
    864.0387819110153,
    554.6355008111432,
    759.6157736088846,
    508.7931434734811,
    518.010248357201,
    610.9024531196438,
    844.6566398296372,
    763.6635269688737,
    715.4721320420995,
    705.9069928969319,
    745.4137519635532,
    766.7449287298889,
    703.7709325506676,
    557.3141018512104,
    630.2393629468527,
    655.2182334642415,
    491.8159458920338,
    716.294214880314,
    775.2176405436644,
    684.3053154212475,
    757.0314581108818,
    600.751793146131,
    999.7476238210952,
    613.0441404599767,
    860.0944945268071,
    710.0594659176214,
    401.08020220548923,
    695.5581337640137,
    451.691875437154,
    804.9219243097049,
    533.1876349115747,
    530.18861347485,
    538.5177897174125,
    565.6097238410212,
    500.7004918257884,
    745.8588992055078,
    590.5084475337158,
    737.369503989654,
    786.6094504706134,
    735.1480923436808,
    602.18501863929,
    635.6431209128268,
    606.3721276981613,
    682.2764669221584,
    713.6271612669141,
    736.9846502296791,
    702.6736262449418,
    552.7547106237718,
    527.5378238319155,
    628.0386764124635,
    683.1670205067929,
    721.7086897486391,
    618.1403672120118,
    834.3439034906661,
    820.2414725456063,
    1220.1511375145217,
    518.5888750546277,
    511.04393417508044,
    535.7968925056449,
    891.8703884721824,
    639.7581722576837,
    621.4325512563285,
    696.7905110506086,
    760.9316029516363,
    486.5336523541322,
    529.6003054188791,
    781.9839536120987,
    746.6440724056094,
    950.8637574138854,
    546.2425129419877,
    624.143227026765,
    715.1069961681959,
    570.0872869818711,
    798.5717932399434,
    1159.3398755358817,
    789.8914902458033,
    466.6165842446982,
    1063.898594204124,
    541.2656131324591,
    802.1344176753349,
    609.9577614257066,
    623.015066225142,
    481.22395512538714,
    758.0919004086743,
    729.9895873419151,
    527.1219831381759,
    658.9684178168988
  ],