{
  "env": "Humanoid-v4",
  "agent": "Optimal_PPO",
  "seed": 8,
  "config": {
    "hidden_dim": 256,
    "lr": 0.0003,
    "gamma": 0.99,
    "lam": 0.95,
    "eps_clip": 0.2,
    "n_epochs": 10,
    "batch_size": 64,
    "n_steps": 2048,
    "ent_coef": 0.0,
    "vf_coef": 0.5,
    "max_grad_norm": 0.5,
    "use_obs_norm": true,
    "use_adv_norm": true,
    "use_lr_anneal": true,
    "use_vclip": false,
    "device": "cpu",
    "total_timesteps": 1000000,
    "eval_freq": 20480,
    "n_eval_episodes": 10,
    "eval_mode": "deterministic_mean"
  },
  "total_steps": 1001472,
  "elapsed_s": 2048.2295138835907,
  "final_reward": 631.6629310409651,
  "peak_reward": 631.6629310409651,
  "max_reward": 774.1804543956778,
  "eval_rewards": [
    155.96467481925788,
    305.1090950551551,
    338.36845327663866,
    320.75243145562047,
    444.1981942087815,
    437.62496302487386,
    463.08466965749966,
    450.10382332913014,
    459.95515560673056,
    517.6475855526945,
    494.9901510607877,
    515.885580446421,
    503.3216511168622,
    520.1838983721874,
    444.0215595919438,
    498.5410388703027,
    480.9492993761249,
    514.9889549508559,
    514.986423119872,
    566.0735704303155,
    519.3564295147168,
    540.2123011716924,
    487.0412249795272,
    532.6474733604653,
    580.5500334994393,
    495.82647972705706,
    537.19546949012,
    542.0346073430588,
    520.9559209879188,
    585.832776655515,
    573.2540680663102,
    649.196075404046,
    492.0008051041531,
    517.2079466092349,
    690.4730109437679,
    504.74429661560026,
    610.3131022189738,
    546.7115800791751,
    642.4735775345077,
    593.3952374057925,
    618.3510235343895,
    618.0998513695841,
    618.2869310677563,
    663.6134032953057,
    564.1587554059909,
    618.5301357483655,
    599.3772365336768,
    774.1804543956778,
    648.6362816531113
  ],
  "eval_steps": [
    2048,
    22528,
    43008,
    63488,
    83968,
    104448,
    124928,
    145408,
    165888,
    186368,
    206848,
    227328,
    247808,
    268288,
    288768,
    309248,
    329728,
    350208,
    370688,
    391168,
    411648,
    432128,
    452608,
    473088,
    493568,
    514048,
    534528,
    555008,
    575488,
    595968,
    616448,
    636928,
    657408,
    677888,
    698368,
    718848,
    739328,
    759808,
    780288,
    800768,
    821248,
    841728,
    862208,
    882688,
    903168,
    923648,
    944128,
    964608,
    985088
  ],
  "episode_rewards": [
    721.3895152580689,
    681.9216673763141,
    592.0483316980885,
    588.0923860339547,
    435.6699373454286,
    518.774405469454,
    445.39426622416835,
    1043.1966228879323,
    468.9672826236944,
    724.6076968475717,
    480.3002379560344,
    516.9933361531914,
    477.0989973009752,
    638.1544660348873,
    702.7452140004787,
    644.5127491904644,
    818.0815271083919,
    480.42718518448385,
    586.2958161119353,
    556.6586609524406,
    1066.2086795510604,
    556.5166854519545,
    771.8446713140092,
    663.4156293328114,
    502.6254137134193,
    577.2745446315475,
    691.5616112855357,
    597.6964895890351,
    497.1465622814555,
    697.2550136928489,
    656.2042858357389,
    578.4467483730108,
    397.1520481556739,
    416.02470418912964,
    457.5592496138786,
    437.2436413074694,
    770.9985389312017,
    695.971036023071,
    452.69372209728607,
    395.8375868347511,
    483.58988649709323,
    568.6082237147259,
    585.6530736179137,
    554.1706194683117,
    663.5252801706506,
    827.5023995010202,
    547.505279228296,
    726.600271568403,
    573.054775002819,
    963.0855928302843,
    758.9915831364528,
    1036.5953028542067,
    927.138846471856,
    564.4425368418816,
    500.71676050781264,
    742.6685320369322,
    693.3790681144573,
    427.20938009592464,
    515.4329459048504,
    528.840105448261,
    891.0921808953459,
    607.2672694484722,
    579.1058571771124,
    571.1904697937554,
    329.9208319768307,
    872.2381636945806,
    723.1699199463486,
    534.7364442122953,
    442.93247307382796,
    771.9322385486039,
    622.8570253300279,
    736.3662733814732,
    833.8971745052083,
    545.7469390688111,
    515.183642147177,
    772.4599806814031,
    859.886496807143,
    590.4010982557368,
    707.8791160731333,
    720.4709686699348,
    587.6539203667722,
    738.786711669495,
    606.8044779707539,
    540.9542830158263,
    762.8339792780822,
    626.3472655298027,
    459.3264941492595,
    580.8289414467743,
    527.0927316713326,
    468.3746529972033,
    982.2416047083452,
    687.8509887336709,
    557.8900782624454,
    631.7615434984007,
    504.2821092551492,
    570.1317275491733,
    609.2749781059991,
    494.83750098851635,
    627.8158840338094,
    892.0127006134985,
    558.8920214015264,
    626.1333041342676,
    606.0083711140738,
    714.9227874426449,
    869.2029256974035,
    478.4364451961951,
    510.03412138561515,
    714.3847871588657,
    501.275870612909,
    503.13538737680847,
    549.1087729216976,
    670.4418007767771,
    811.0177685053407,
    548.3294232019668,
    628.9062391304481,
    583.0459301392423,
    663.6041581079995,
    565.7861465059092,
    519.5005497343201,
    631.7919038556183,
    556.0234602807163,
    733.8873270478299,
    572.1453865332477,
    704.777263937417,
    540.7462869377006,
    685.8373634494997,
    760.7801715422667,
    670.8074179646073,
    698.4253731278443,
    551.7565479049856,
    577.242071157623,
    513.3676715546321,
    777.9932324847197,
    652.8946848239857,
    651.2965256830795,
    446.2266842388495,
    568.9527037997401,
    666.2535831306972,
    631.4718670673069,
    806.8778339914168,
    635.1999207154568,
    684.5434835674467,
    884.8946610020174,
    588.0123973908265,
    599.7800192481285,
    584.2521722158345,
    479.1673077493923,
    567.2504810213459,
    840.5275671055873,
    541.7619619977169,
    1588.163052882182,
    811.2499704762478,
    471.5493385374029,
    489.4178767457836,
    650.4259683214113,
    881.6494463537058,
    559.3262335874778,
    501.0996049887583,
    521.3175480414193,
    952.4616347272457,
    444.9948462126975,
    493.7524191616572,
    617.8285019481352,
    538.7242087320199,
    757.9230847007362,
    519.0503243685412,
    898.622258568344,
    620.3299569677089,
    521.4444793184209,
    536.9476739596778,
    604.3856525046531,
    648.9520497459898,
    445.69742711204077,
    695.8159483936226,
    1109.3806693224733,
    664.4319703578024,
    630.1955179705359,
    491.8616970774627,
    890.1729124745992,
    596.3269098646019,
    910.0561479854854,
    363.880950154611,
    554.561202428796,
    586.8360460354827,
    633.5301715906298,
    777.2172899202955,
    581.7747673301794,
    628.047305450227,
    722.6822715911119,
    798.5976588394924,
    549.5646939020241,
    485.134139487297,
    620.1929668432172,
    721.238655232634,
    472.1021626672399,
    735.2869339103761,
    538.5427498330137,
    748.8081376362056,
    551.4205147300654,
    760.16041073671
  ],