{
  "env": "Humanoid-v4",
  "agent": "Optimal_PPO",
  "seed": 0,
  "config": {
    "hidden_dim": 256,
    "lr": 0.0003,
    "gamma": 0.99,
    "lam": 0.95,
    "eps_clip": 0.2,
    "n_epochs": 10,
    "batch_size": 64,
    "n_steps": 2048,
    "ent_coef": 0.0,
    "vf_coef": 0.5,
    "max_grad_norm": 0.5,
    "use_obs_norm": true,
    "use_adv_norm": true,
    "use_lr_anneal": true,
    "use_vclip": false,
    "device": "cpu",
    "total_timesteps": 1000000,
    "eval_freq": 20480,
    "n_eval_episodes": 10,
    "eval_mode": "deterministic_mean"
  },
  "total_steps": 1001472,
  "elapsed_s": 1925.893541097641,
  "final_reward": 680.9454149797618,
  "peak_reward": 680.9454149797618,
  "max_reward": 830.8753918944225,
  "eval_rewards": [
    177.06985188401717,
    326.25699447680336,
    457.75080189094814,
    318.37977971740446,
    456.9355961645204,
    417.6228760716226,
    495.8618324757014,
    496.53219882564844,
    508.324367564139,
    523.9024466225115,
    402.9544062123672,
    459.79353037360727,
    468.7318297197021,
    491.86512603770933,
    483.2868623067695,
    502.494146091996,
    486.2087563896246,
    455.1653570898585,
    462.7136977353027,
    546.4609296923528,
    496.14853882690767,
    552.1670694535458,
    471.08352521183645,
    569.7336366990328,
    574.54213988638,
    548.7931739222723,
    626.8999275277623,
    658.5477946139381,
    549.326765486364,
    430.3206358844698,
    493.63248166345056,
    559.7875708290269,
    590.801570072031,
    692.6464176755811,
    593.8584508365811,
    636.263624969363,
    645.0487604342014,
    664.2200948405023,
    729.5849736733164,
    631.4502872511576,
    688.5945304171513,
    652.4004348914996,
    708.0945602328646,
    566.0952993433734,
    703.5009908130221,
    687.6384168742818,
    713.1821409846191,
    627.6220970952271,
    830.8753918944225
  ],
  "eval_steps": [
    2048,
    22528,
    43008,
    63488,
    83968,
    104448,
    124928,
    145408,
    165888,
    186368,
    206848,
    227328,
    247808,
    268288,
    288768,
    309248,
    329728,
    350208,
    370688,
    391168,
    411648,
    432128,
    452608,
    473088,
    493568,
    514048,
    534528,
    555008,
    575488,
    595968,
    616448,
    636928,
    657408,
    677888,
    698368,
    718848,
    739328,
    759808,
    780288,
    800768,
    821248,
    841728,
    862208,
    882688,
    903168,
    923648,
    944128,
    964608,
    985088
  ],
  "episode_rewards": [
    626.8157220742312,
    441.98876165125984,
    765.459112131539,
    445.99057899716513,
    492.3666319196017,
    723.2926390067263,
    454.28136539797976,
    461.10012769587473,
    870.4208558599977,
    528.0359793804726,
    446.22683284562436,
    752.9579765002353,
    673.7787527682154,
    584.500425648966,
    565.6075831210048,
    638.2401222203832,
    477.16133286467056,
    454.2860738634333,
    917.9141284031266,
    555.0833381921059,
    606.8357550897897,
    811.290519139857,
    584.2583053500673,
    786.6657001938484,
    637.841265985226,
    516.6334571754973,
    669.3956933983294,
    605.712963007012,
    809.4091448059626,
    797.6318615334192,
    448.3614874539809,
    701.2918398056177,
    835.3989014387092,
    638.4686734686031,
    467.7817913313927,
    470.1998382657839,
    531.7544468207086,
    740.1229906921001,
    419.8020370752943,
    887.721481097843,
    451.07723443261045,
    617.5651917807066,
    675.1585212361731,
    502.3368635789953,
    569.155969012648,
    740.8823009059591,
    563.1372167534184,
    957.4706381897128,
    756.0529550333024,
    668.164804021701,
    610.5365481815593,
    519.2485326057804,
    673.8029622925135,
    487.52174487694793,
    753.7978786055752,
    607.3980630665342,
    675.3907991883167,
    698.530859873677,
    596.5515914099082,
    668.7688914845219,
    498.7929322631487,
    540.0477250284579,
    788.1903407836091,
    539.7489981447685,
    504.92664225101055,
    603.9220759733947,
    601.727948784168,
    508.9391452295422,
    545.0094626444512,
    658.743983461538,
    471.16293910330387,
    533.4237532556728,
    430.94714072650174,
    866.975662733211,
    518.0615468889473,
    639.9746178476943,
    630.6006311248374,
    472.8095349472425,
    433.9687660094137,
    630.1577120263977,
    837.6515868221904,
    712.4173736066375,
    942.4942301645076,
    792.2996115839217,
    662.1250426830087,
    793.0102605941247,
    807.2835007883436,
    597.4922612497479,
    638.3356802517858,
    774.5292491477317,
    665.6226853787745,
    735.7840294147275,
    482.01791171269144,
    692.8876958889985,
    850.1241673989394,
    784.8958852896662,
    762.51690732357,
    690.1361011124252,
    519.1429361960996,
    536.9305536982775,
    610.5767284989724,
    778.9904495035054,
    682.7070128188968,
    605.680873622982,
    348.9955632342565,
    465.25203679559104,
    484.47639166523766,
    641.96520105071,
    648.885875683226,
    577.345355014845,
    848.9513779803538,
    661.1443128614942,
    896.5323644419783,
    442.2702875216288,
    543.2435685141279,
    726.1082960682271,
    1003.9184435429075,
    498.9082907738679,
    831.2501849050785,
    414.5783200624167,
    415.41230785407794,
    690.7339395719465,
    703.3459594455842,
    442.904723179754,
    701.9878902737219,
    838.182033589969,
    659.4195969712287,
    576.758212953053,
    562.1147313950901,
    762.1259823723084,
    659.7402311587344,
    572.7191155047922,
    927.7834197550758,
    428.9748178428412,
    475.3762356455968,
    822.7361034199334,
    713.5425488825313,
    656.9832078914118,
    505.89067728065396,
    544.3116486914171,
    790.7500049018888,
    587.2094455572784,
    773.7631538679666,
    704.2166083622562,
    859.017456538097,
    716.8216913612514,
    914.7742848741499,
    583.9052203324513,
    943.5649369584888,
    625.2182156765002,
    464.78951969815046,
    567.797625982685,
    925.8018331600869,
    698.4976626839267,
    642.8325557174824,
    775.1841958793801,
    479.6542842321327,
    705.846231682848,
    413.410263063236,
    550.6077554717672,
    736.8003963113943,
    663.1140880474928,
    422.36464010198915,
    615.808173704804,
    1006.4767218329224,
    682.5535196497266,
    632.7005647415427,
    757.5848229341406,
    451.02285608188913,
    822.8162413742741,
    724.3865597359562,
    704.6570529507096,
    683.5442791465545,
    706.3942063834389,
    994.1709005643866,
    574.2397728835477,
    897.426317015169,
    469.94709947340937,
    670.0069604784,
    675.8809740253477,
    529.6941704083588,
    752.7642726643498,
    451.28567299311374,
    843.6345246886351,
    656.2119191810832,
    558.5765141463872,
    598.9188097785475,
    801.9508732843545,
    795.0730438936446,
    573.1588991380281,
    567.7369927747808,
    683.3055914730714,
    569.8874380783348,
    412.56934152686983,
    597.201950272282,
    497.79327939859746,
    795.1270429433669,
    577.297150389799,
    558.6320166438827,
    599.1317038362193
  ],