{
  "env": "Humanoid-v4",
  "agent": "Optimal_PPO",
  "seed": 6,
  "config": {
    "hidden_dim": 256,
    "lr": 0.0003,
    "gamma": 0.99,
    "lam": 0.95,
    "eps_clip": 0.2,
    "n_epochs": 10,
    "batch_size": 64,
    "n_steps": 2048,
    "ent_coef": 0.0,
    "vf_coef": 0.5,
    "max_grad_norm": 0.5,
    "use_obs_norm": true,
    "use_adv_norm": true,
    "use_lr_anneal": true,
    "use_vclip": false,
    "device": "cpu",
    "total_timesteps": 1000000,
    "eval_freq": 20480,
    "n_eval_episodes": 10,
    "eval_mode": "deterministic_mean"
  },
  "total_steps": 1001472,
  "elapsed_s": 1984.5027987957,
  "final_reward": 589.5453559966492,
  "peak_reward": 536.6361067575774,
  "max_reward": 663.0731540312179,
  "eval_rewards": [
    390.3442608380381,
    410.55875499586716,
    468.53124898490023,
    387.64494298080837,
    405.4126507253747,
    547.008932482707,
    477.9896439668252,
    493.8103768347435,
    425.903471738378,
    437.8190896769982,
    563.6022631155637,
    517.5799995228456,
    516.4611590580425,
    474.0012791306546,
    510.48477264790745,
    574.7010131169606,
    480.5316510316473,
    472.6274820998418,
    456.15758503269205,
    548.5974673312414,
    504.68851149669706,
    431.6525378032634,
    474.6059084394856,
    599.358485669371,
    503.7628699533281,
    663.0731540312179,
    531.0732593566311,
    569.8313357563585,
    635.8204101920458,
    452.4945948773745,
    607.5964402970715,
    485.80681695490546,
    565.918165450697,
    558.252504995916,
    514.7918309320166,
    408.8236126296466,
    511.87324036191984,
    511.4124544322327,
    547.4312184987285,
    592.7093447488132,
    598.464583733931,
    556.1489659409132,
    563.4519681740595,
    608.3706043101953,
    588.1178999989692,
    620.2646557389548,
    573.5700972064651,
    606.2113786924972,
    588.1440614216923
  ],
  "eval_steps": [
    2048,
    22528,
    43008,
    63488,
    83968,
    104448,
    124928,
    145408,
    165888,
    186368,
    206848,
    227328,
    247808,
    268288,
    288768,
    309248,
    329728,
    350208,
    370688,
    391168,
    411648,
    432128,
    452608,
    473088,
    493568,
    514048,
    534528,
    555008,
    575488,
    595968,
    616448,
    636928,
    657408,
    677888,
    698368,
    718848,
    739328,
    759808,
    780288,
    800768,
    821248,
    841728,
    862208,
    882688,
    903168,
    923648,
    944128,
    964608,
    985088
  ],
  "episode_rewards": [
    705.9217764485085,
    715.5751045850782,
    647.0997490547513,
    571.2275179658693,
    630.8832673960483,
    466.5768738444014,
    540.084930458664,
    504.1468059641162,
    508.22061498983896,
    322.71508803782075,
    552.4590106961664,
    491.24851244941465,
    535.7296842239548,
    479.8240998836627,
    1516.8941538756126,
    490.3389505945705,
    500.9639533808791,
    492.86746700394116,
    599.9649433129866,
    735.3850864352771,
    654.3753112200997,
    646.7029172782779,
    512.2222002316017,
    707.5970281180503,
    675.9081175564833,
    470.59992311897366,
    791.2559020743091,
    567.9098127766312,
    773.3635230008964,
    504.1888339567743,
    390.57801609282285,
    523.4557777836548,
    719.7756410497896,
    465.8830915840964,
    462.1180259590111,
    574.3393666727875,
    484.6370226118981,
    464.6371463980474,
    667.7732587078569,
    423.17211489395453,
    776.5553487352498,
    453.0852851825721,
    521.8791487287767,
    445.700272241159,
    464.19729819159056,
    432.02224165536234,
    867.6491798291775,
    524.2302860004376,
    446.7254887948342,
    537.3991966136093,
    472.4252874810002,
    602.1385479955098,
    459.0658190562224,
    510.0462860508091,
    602.2901968729103,
    576.0164867159044,
    472.32248600161375,
    794.5126556923364,
    547.9564618982372,
    722.4368859223948,
    447.434044020305,
    541.6475347157665,
    616.9824478363903,
    488.6694877179511,
    342.94720105621974,
    414.99187840186244,
    528.6159839391407,
    498.65209422678356,
    706.7328329853044,
    643.1501110392667,
    513.3687294802586,
    462.4537805186976,
    684.0413902862148,
    474.2027744384864,
    524.0846528163455,
    876.9577679977687,
    620.6134817994634,
    828.5408330407198,
    478.5040824985113,
    453.54953253418995,
    557.559979121812,
    490.185653552989,
    898.96046171295,
    602.8273153815334,
    477.587032769495,
    619.0337122108774,
    489.8647250159744,
    682.5558407646249,
    494.15554129658744,
    360.28447647233156,
    755.7714308600911,
    541.7675601648252,
    375.3282036808289,
    540.5601407421932,
    521.1160599069593,
    521.322218126552,
    494.13036022764936,
    714.8717733261327,
    474.32853910802777,
    592.1146965766836,
    656.6517086942255,
    1032.779685852343,
    519.0654891834597,
    566.4604020385016,
    512.8270574043227,
    497.1943622318722,
    837.2056538166514,
    623.1312514823313,
    744.2502810934184,
    486.16627979972225,
    644.6465029960003,
    489.73431571865785,
    588.2183082016254,
    589.5445855446388,
    984.181682625671,
    528.3369805639056,
    524.9372722455961,
    837.9987939047261,
    552.816258881564,
    602.2185377899104,
    456.67483538649464,
    599.4769924682947,
    416.38145706565246,
    856.1883391826457,
    528.0387034240556,
    639.5681461297821,
    555.2406901094311,
    453.31065829545923,
    440.8694647116652,
    733.0631604066904,
    666.0876968369629,
    493.72838110351546,
    441.22312304058266,
    514.823190571276,
    847.180075680963,
    618.6078876002031,
    821.3325117588109,
    515.0627262092277,
    462.31107633467064,
    555.1206780794905,
    674.4189636595905,
    614.6252747869644,
    574.8999703648946,
    529.0945598791141,
    432.2397238522805,
    548.1296928618203,
    628.5581367020054,
    659.5587217458817,
    707.1440209357523,
    720.3470315153817,
    637.5903719850176,
    499.76609443521096,
    570.3384186030937,
    557.1767389620052,
    483.5014718950504,
    545.4149437675117,
    504.9443258100233,
    607.8650588117582,
    453.2646611641879,
    552.0383377107738,
    352.54943552255077,
    427.2897804810946,
    354.0139192588516,
    501.8338267574947,
    504.0145277693216,
    489.95512479957625,
    787.9308429308338,
    481.27200838144006,
    467.814290433602,
    574.4435108228927,
    582.2118842643005,
    506.60223006101535,
    522.6471159741207,
    694.9772569915809,
    786.9925596374914,
    709.3517447256854,
    851.8877137126542,
    614.7459132489938,
    721.6899371468833,
    368.2035359717956,
    541.0665509252757,
    467.79361468162136,
    692.263250299097,
    426.82847263703195,
    510.48719772324597,
    572.4665879138255,
    527.4073271204501,
    598.8216045454719,
    551.6502405103153,
    724.4250809646862,
    587.3616055832065,
    494.1676389354648,
    596.3630896598157,
    629.4164225178397,
    352.5934990169975,
    592.9496342537232,
    783.5058740064324,
    563.6812888653458,
    635.0750368566986,
    515.8660339892078
  ],