{
  "env": "Humanoid-v4",
  "agent": "Optimal_PPO",
  "seed": 5,
  "config": {
    "hidden_dim": 256,
    "lr": 0.0003,
    "gamma": 0.99,
    "lam": 0.95,
    "eps_clip": 0.2,
    "n_epochs": 10,
    "batch_size": 64,
    "n_steps": 2048,
    "ent_coef": 0.0,
    "vf_coef": 0.5,
    "max_grad_norm": 0.5,
    "use_obs_norm": true,
    "use_adv_norm": true,
    "use_lr_anneal": true,
    "use_vclip": false,
    "device": "cpu",
    "total_timesteps": 1000000,
    "eval_freq": 20480,
    "n_eval_episodes": 10,
    "eval_mode": "deterministic_mean"
  },
  "total_steps": 1001472,
  "elapsed_s": 2009.0562851428986,
  "final_reward": 731.5667090699799,
  "peak_reward": 731.5667090699799,
  "max_reward": 855.0240848563044,
  "eval_rewards": [
    227.97561573390257,
    267.3131942184865,
    433.5064504034814,
    492.2359196177816,
    428.7251097837624,
    463.194134199389,
    464.45554829715576,
    519.5193507456291,
    426.76427818589525,
    512.0833175772993,
    519.4138203391307,
    500.5584704894303,
    450.8423812245995,
    498.98886259759894,
    506.62161874947304,
    503.7506184440167,
    588.8648676814981,
    538.1943669935354,
    548.0931215786002,
    575.0083683371669,
    526.0922697819558,
    639.3250446306057,
    597.5833087895383,
    691.3049276140026,
    649.6741313498958,
    574.8175412430215,
    717.2122135393732,
    570.9565027438482,
    720.8218135113648,
    605.702767002845,
    627.0367380154678,
    735.0130628748215,
    580.1248077389375,
    687.4029094934591,
    660.0469963432088,
    787.4462080277087,
    689.7942184993899,
    585.4614777146658,
    718.3352443522926,
    718.7351292510192,
    747.760465964372,
    638.656960236719,
    711.510553207157,
    755.1722846197607,
    702.1070708405654,
    626.8434699287852,
    855.0240848563044,
    801.2179847805844,
    758.6390870145317
  ],
  "eval_steps": [
    2048,
    22528,
    43008,
    63488,
    83968,
    104448,
    124928,
    145408,
    165888,
    186368,
    206848,
    227328,
    247808,
    268288,
    288768,
    309248,
    329728,
    350208,
    370688,
    391168,
    411648,
    432128,
    452608,
    473088,
    493568,
    514048,
    534528,
    555008,
    575488,
    595968,
    616448,
    636928,
    657408,
    677888,
    698368,
    718848,
    739328,
    759808,
    780288,
    800768,
    821248,
    841728,
    862208,
    882688,
    903168,
    923648,
    944128,
    964608,
    985088
  ],
  "episode_rewards": [
    493.90082770413227,
    646.9443026406881,
    1097.6201113711084,
    534.6376437212083,
    462.4078119647644,
    470.04149118349085,
    800.5015080035478,
    919.9166367538277,
    477.2970156850607,
    799.0241182274133,
    764.1346909333718,
    706.2198537058166,
    866.605827119743,
    814.7398862916541,
    513.5783725463377,
    669.3750381857272,
    724.4862777270179,
    768.1266802764859,
    824.1051476739194,
    937.8542292537466,
    559.2150219574826,
    773.0204902097502,
    591.7164981668575,
    1037.5385992440856,
    483.1504365783508,
    1057.0969216058577,
    849.517161388575,
    693.2459796355392,
    1081.6623121250082,
    946.4987384757798,
    706.3585538849757,
    597.5901846690531,
    675.9948360886675,
    730.3980955814673,
    1138.8683222826985,
    563.6870719099923,
    593.7860514697726,
    468.37920906502853,
    807.7683364091521,
    904.3640876957829,
    620.1898601295469,
    604.4870885913114,
    695.5796709231897,
    659.4967597842427,
    774.2729664229333,
    488.25040958207893,
    765.9305631392231,
    810.6118266783384,
    665.9985290585339,
    812.9964049058503,
    715.7120444331625,
    515.296330265235,
    750.4407256489883,
    932.543077765193,
    770.2342701043216,
    488.81902981878386,
    1376.1896804524135,
    791.0246813133721,
    846.472608492121,
    533.3131482836063,
    454.3841879615977,
    385.66583005792575,
    969.9938626596887,
    654.278796456223,
    567.0708034235719,
    661.6909392237874,
    879.4187476711304,
    580.4441753065411,
    594.92218011264,
    575.1407692550139,
    691.5773838287223,
    1193.6910249579287,
    856.1229497607646,
    806.5940641062867,
    691.1363429674883,
    683.9833027791688,
    608.7400885179663,
    750.9290993594068,
    760.4205965189389,
    445.29820041324416,
    746.0319181700272,
    602.7054815777467,
    477.9846907553495,
    683.0885390116285,
    363.6307673924322,
    600.9763621131598,
    566.3463022095708,
    932.5073591729785,
    853.0383745595606,
    897.0935978071095,
    406.03026662953306,
    441.70752554751044,
    671.0238670559986,
    688.1922939857898,
    1234.7149584326698,
    718.1202458099709,
    838.8273717529647,
    576.2167938685096,
    693.9000781803611,
    473.2618529505056,
    788.6810562381655,
    825.2962744092561,
    487.47624696801154,
    621.0134968541253,
    593.9651771264904,
    749.9098864300404,
    474.0389877255846,
    706.3847517321697,
    444.53124609791166,
    727.3479954597876,
    492.5579976405429,
    546.8592677904159,
    599.4837359195923,
    751.9799141437557,
    554.6984321474914,
    498.0110086257911,
    969.7828999594874,
    770.7769108187902,
    615.2948518358103,
    770.6624338624678,
    785.7359630306759,
    1831.4467663501164,
    759.3771330466826,
    613.5838341505369,
    1003.9338804171377,
    694.3666409012321,
    467.59104902197487,
    670.2375875728723,
    953.4520810878342,
    724.0922511164002,
    637.2792659938585,
    836.5823196140303,
    473.72092975833567,
    790.9211250341867,
    718.8492050070568,
    599.3449822634251,
    767.2627362360788,
    832.536194222065,
    814.7036313504001,
    682.5869849074228,
    536.5957721883879,
    799.8395718527453,
    514.9799584979971,
    894.4300965244123,
    625.7568918988455,
    804.6330667598329,
    611.7710834211573,
    669.7477626220507,
    797.2319314210637,
    1026.6515734936631,
    753.1612870586197,
    830.8777526925942,
    878.4515756381431,
    626.4034846121908,
    463.8778848272504,
    638.2746283707709,
    873.3808452731009,
    906.1555042630553,
    1184.5029643028479,
    1017.593716332919,
    827.3898315989196,
    565.7572493834523,
    1017.7895569602834,
    676.5904515967569,
    393.4986371619449,
    617.8568608883273,
    570.3017340377897,
    861.884430457838,
    633.0852149560968,
    419.472586132598,
    766.6257036287493,
    903.1254140711142,
    659.4366071079396,
    807.1716322223239,
    496.71159229837195,
    556.5628254902449,
    747.2557008546282,
    643.3818646498823,
    525.2444029843282,
    672.7254305348846,
    990.9555065523269,
    542.2469035064146,
    458.71893322884983,
    620.7031308491934,
    603.2765135866659,
    542.0926822889453,
    548.2758363001101,
    1003.0921952325597,
    624.0508241609168,
    676.1642834304488,
    581.285789413682,
    465.83514498610816,
    496.63532483906516,
    465.3471914328889,
    681.9565814339894,
    441.23203069003387,
    690.8685758807363,
    630.4812873098361,
    673.5974547421227,
    585.7211725789637
  ],