{
  "HalfCheetah-v4": {
    "Optimal_HCGAE_v2_NoBdry": {
      "mean": 1766.2745399015046,
      "std": 674.8726314023951,
      "sem": 301.81221599398293,
      "n": 5,
      "seeds": [
        1242.5149886611662,
        2437.284008157724,
        2731.9130454626343,
        1187.8130047555858,
        1231.8476524704129
      ]
    },
    "Optimal_HCGAE_v2_NoGate": {
      "mean": 1502.0316232410858,
      "std": 210.9328657606275,
      "sem": 94.33204530592019,
      "n": 5,
      "seeds": [
        1886.7498356958833,
        1472.9430502007024,
        1271.7559138171014,
        1519.1212395355062,
        1359.5880769562357
      ]
    }
  },
  "Hopper-v4": {
    "Optimal_HCGAE_v2_NoBdry": {
      "mean": 1545.1350390221182,
      "std": 137.04108282700048,
      "sem": 61.286635382270426,
      "n": 5,
      "seeds": [
        1317.644627338846,
        1469.3171878121875,
        1628.9548422623254,
        1603.460854995122,
        1706.2976827021114
      ]
    },
    "Optimal_HCGAE_v2_NoGate": {
      "mean": 1636.5497977473553,
      "std": 286.40303237368823,
      "sem": 128.08332986992795,
      "n": 5,
      "seeds": [
        1552.394347444128,
        1603.7386769658497,
        1207.3758979125055,
        1724.3501867480477,
        2094.889879666246
      ]
    }
  },
  "Walker2d-v4": {
    "Optimal_HCGAE_v2_NoBdry": {
      "mean": 1474.7917421286597,
      "std": 575.0037558716906,
      "sem": 257.1494970893588,
      "n": 5,
      "seeds": [
        1358.4729699014508,
        2541.5724032585526,
        963.4456636271113,
        1523.2911079808869,
        987.1765658752972
      ]
    },
    "Optimal_HCGAE_v2_NoGate": {
      "mean": 1563.4707522991241,
      "std": 333.34610493699387,
      "sem": 149.0769101347793,
      "n": 5,
      "seeds": [
        1106.0552158675607,
        1686.3315008670775,
        1319.6867540803967,
        1623.9417868584594,
        2081.3385038221254
      ]
    }
  }
}