{
  "env": "Walker2d-v4",
  "agent": "Heuristic_HCGAE",
  "seed": 2,
  "config": {
    "hidden_dim": 256,
    "lr": 0.0003,
    "gamma": 0.99,
    "lam": 0.95,
    "eps_clip": 0.2,
    "n_epochs": 10,
    "batch_size": 64,
    "n_steps": 2048,
    "ent_coef": 0.0,
    "vf_coef": 0.5,
    "max_grad_norm": 0.5,
    "use_obs_norm": true,
    "use_adv_norm": true,
    "use_lr_anneal": true,
    "total_timesteps": 1000000,
    "eval_freq": 20480,
    "n_eval_episodes": 10,
    "eval_mode": "deterministic_mean",
    "scr_ema_alpha": null,
    "scr_relax": null,
    "clip_c": null,
    "use_dcppo_s": false,
    "dcppo_w_min": 0.1
  },
  "total_steps": 1001472,
  "elapsed_s": 781.1389310359955,
  "final_reward": 2299.735158307579,
  "max_reward": 2951.6581633096475,
  "eval_rewards": [
    292.24228193461516,
    314.63625764217744,
    295.04834017888913,
    419.77253716404556,
    408.1121685905744,
    376.20643157106207,
    417.13184734335607,
    457.07811449692963,
    507.06840426586524,
    507.55224355691405,
    660.5338876446444,
    682.6893601080815,
    695.9222444121099,
    795.8029293996212,
    731.6926122755418,
    795.5632402250052,
    1093.3627798876362,
    923.196053015138,
    755.6214244762508,
    721.0569187433659,
    1021.4277564678638,
    1108.8861920833124,
    1622.69862729654,
    1759.4034469903036,
    1024.4853363452135,
    1238.4783061970306,
    1652.8329419914965,
    1754.7366498472104,
    1409.5428723606992,
    1142.36481871525,
    1581.7216571667047,
    2129.264175933216,
    1657.943581879295,
    2029.134303764214,
    1801.1841445837467,
    1921.5098322188992,
    2030.3293323529645,
    2126.4463481868943,
    2127.6530179399756,
    1449.035554555294,
    1966.9983839497097,
    1740.7094340886586,
    2318.468259424838,
    2519.2918431876706,
    1969.490469521447,
    2750.4207879235,
    2951.6581633096475,
    2826.1118232144713,
    2505.1668639005484
  ],
  "eval_steps": [
    2048,
    22528,
    43008,
    63488,
    83968,
    104448,
    124928,
    145408,
    165888,
    186368,
    206848,
    227328,
    247808,
    268288,
    288768,
    309248,
    329728,
    350208,
    370688,
    391168,
    411648,
    432128,
    452608,
    473088,
    493568,
    514048,
    534528,
    555008,
    575488,
    595968,
    616448,
    636928,
    657408,
    677888,
    698368,
    718848,
    739328,
    759808,
    780288,
    800768,
    821248,
    841728,
    862208,
    882688,
    903168,
    923648,
    944128,
    964608,
    985088
  ],
  "episode_rewards": [
    899.6350429520319,
    886.8203454780972,
    2923.6553982022892,
    1309.1239473262272,
    1971.908989710303,
    1078.3907027858174,
    1985.0543204605212,
    1587.9650343613266,
    784.7563922276602,
    649.9186263315333,
    1743.0107788019566,
    2160.3865297361726,
    2069.0635286314914,
    2122.957504911332,
    1340.8544694052903,
    2169.918619747956,
    1834.2440210202417,
    2466.441088996695,
    1838.6592460701831,
    766.4385859811023,
    1886.8149157988082,
    1747.3322329857922,
    1797.5889304254088,
    1999.765254993685,
    1764.387294844353,
    1438.0539095669321,
    1743.947138953909,
    1134.8451567573852,
    2104.2479364525343,
    2952.2454889229857,
    1182.9910237793713,
    1356.5145249378575,
    1344.5544752017177,
    1804.356497829173,
    1728.7072412340456,
    2471.4643173141285,
    801.312284833402,
    1751.2779651706228,
    1894.9491596767177,
    1512.2085622711672,
    3087.8525264115706,
    1489.4700177839106,
    1953.7047024946312,
    917.3951282226096,
    1716.7322785303609,
    1958.7258846207917,
    680.7297555838499,
    1774.7682779057739,
    1650.5384645240185,
    1692.0063651713972,
    888.4474913326067,
    676.4804082841691,
    699.1058871130876,
    1065.315729726662,
    2202.965638042076,
    2819.3993999069585,
    889.5818652441507,
    3308.0385351360596,
    894.16783441546,
    852.8126730316451,
    1099.7035001306058,
    809.8472155182992,
    1281.0295036936936,
    659.0487322799787,
    2109.187201730816,
    1549.5940682010066,
    1403.0892105722207,
    1390.2199484679531,
    2419.966895854939,
    723.3058105453713,
    763.8422818199721,
    2197.6426150433426,
    3501.344450059748,
    1397.858217814388,
    845.558132885297,
    1915.8722297197983,
    1408.5169281245207,
    1957.3227248381033,
    1291.4742058945787,
    804.8167045306022,
    1203.8493760671854,
    1896.2501895146231,
    2217.7292841349026,
    1365.066466880914,
    766.8023127042927,
    2109.65995212338,
    975.6669100841275,
    1221.1493717046678,
    816.9275140382745,
    845.1372869907482,
    1467.1614955454688,
    2110.530266518384,
    3468.28031971339,
    2820.232913181357,
    3004.61556413537,
    1616.5061947668833,
    862.0421210409846,
    1483.0528523442138,
    3453.354864131816,
    720.1817682138766,
    2499.8972253823877,
    1008.6160783980287,
    1046.396846342914,
    1457.4813979699825,
    1870.2540590932433,
    1566.2048617457808,
    1609.6322369165587,
    2563.049334856801,
    2955.185822308363,
    3120.083327342496,
    1585.0581301777943,
    893.4587197336808,
    1792.0076978146362,
    3119.4985128367953,
    1739.7377441191375,
    1875.8303044041095,
    948.2374764860845,
    1681.9999684787201,
    2112.6771615592174,
    2617.2139145030465,
    3415.6353323343187,
    1004.4874551828551,
    2857.4447685800737,
    970.670467323511,
    997.20067472335,
    826.6495524805936,
    729.6977766234683,
    1660.0921811768337,
    567.6615107150868,
    1509.6349487074679,
    1881.1091722679564,
    2323.0693751645276,
    1498.5990233980228,
    1543.5577822283872,
    1999.2501730724973,
    3437.8207563504725,
    1326.850510099578,
    1586.5134008418936,
    1370.5907533438258,
    2497.2057076508167,
    3172.9665691585683,
    2258.4117580433676,
    1641.4359869367956,
    2029.4424604062665,
    2019.7815569651998,
    2057.0056850685255,
    1064.5479339489248,
    2010.2946980971692,
    1345.255950339141,
    2011.2216121318027,
    2870.001847873152,
    1466.0900522402978,
    2603.5293589333432,
    2549.020108858951,
    1020.7626300474119,
    1461.023701631729,
    1855.7830172169502,
    771.122166083313,
    784.7075334105059,
    1504.451644083124,
    2932.971848833379,
    957.9287782005075,
    1273.3824629181588,
    2493.3004461844776,
    1004.7659689476877,
    1336.6310321919675,
    2082.679060763469,
    2160.2654132760263,
    1716.1450162433273,
    899.7399406498577,
    838.8935197047672,
    704.3779168409225,
    739.7212163411302,
    2631.4347035941582,
    841.0686275274933,
    1007.9058659923069,
    1563.096899183741,
    1164.3335309605875,
    761.2125541311923,
    1312.6484625755015,
    2173.728021968333,
    1309.7761886186574,
    1523.945330222443,
    738.1873240190437,
    3366.640655927653,
    726.202467569656,
    982.2600720851713,
    1708.0500613514516,
    1166.4643526035356,
    3549.629047015047,
    1135.0110779969712,
    1636.3807038937396,
    2059.0666134520447,
    2335.9991351402546,
    1382.0847324557162,
    1165.0740446524342,
    2817.463901551707,
    951.0609441070025,
    2432.7587473086132,
    3456.6464931833466
  ],
  "bhvf_diagnostics": []
}