{
  "env": "Walker2d-v4",
  "agent": "Heuristic_HCGAE",
  "seed": 8,
  "config": {
    "hidden_dim": 256,
    "lr": 0.0003,
    "gamma": 0.99,
    "lam": 0.95,
    "eps_clip": 0.2,
    "n_epochs": 10,
    "batch_size": 64,
    "n_steps": 2048,
    "ent_coef": 0.0,
    "vf_coef": 0.5,
    "max_grad_norm": 0.5,
    "use_obs_norm": true,
    "use_adv_norm": true,
    "use_lr_anneal": true,
    "total_timesteps": 1000000,
    "eval_freq": 20480,
    "n_eval_episodes": 10,
    "eval_mode": "deterministic_mean",
    "scr_ema_alpha": null,
    "clip_c": null,
    "use_dcppo_s": false,
    "dcppo_w_min": 0.1
  },
  "total_steps": 1001472,
  "elapsed_s": 3238.8095519542694,
  "final_reward": 3878.2674809962496,
  "max_reward": 4606.682512078226,
  "eval_rewards": [
    267.2989628217045,
    312.8681502351724,
    385.4601613840261,
    460.8754911043694,
    404.47544378069637,
    464.3073857844248,
    622.8415325161407,
    685.2443266969533,
    852.751557658217,
    1170.7576878164148,
    1059.2373214875524,
    1231.0455188234819,
    1182.4282646915663,
    2716.175322711291,
    2890.453257836153,
    3789.0960131805828,
    3246.85823906663,
    3968.676312567696,
    4024.5428054583426,
    3681.0146076264873,
    3962.974869063916,
    3978.2001346788993,
    3931.4870641433577,
    4070.6214180858224,
    3961.5546972274847,
    3837.4958004400964,
    3838.3408126596814,
    3924.2645238156847,
    3823.373000749264,
    4067.9405543692906,
    4090.943176084201,
    4065.0417206015677,
    4212.308369927654,
    4262.760604718141,
    4163.258165396349,
    2824.4895425223294,
    4430.019976408119,
    4282.828530490182,
    3964.2232659004685,
    3476.582752004773,
    4201.884462937453,
    4160.767545267876,
    4406.828055061176,
    3646.489195503947,
    4090.2129568875607,
    2180.1338146669837,
    3434.821671947035,
    4578.271843607471,
    4606.682512078226
  ],
  "eval_steps": [
    2048,
    22528,
    43008,
    63488,
    83968,
    104448,
    124928,
    145408,
    165888,
    186368,
    206848,
    227328,
    247808,
    268288,
    288768,
    309248,
    329728,
    350208,
    370688,
    391168,
    411648,
    432128,
    452608,
    473088,
    493568,
    514048,
    534528,
    555008,
    575488,
    595968,
    616448,
    636928,
    657408,
    677888,
    698368,
    718848,
    739328,
    759808,
    780288,
    800768,
    821248,
    841728,
    862208,
    882688,
    903168,
    923648,
    944128,
    964608,
    985088
  ],
  "episode_rewards": [
    545.988655272557,
    4307.507365888955,
    2010.9628924840843,
    2951.818583682572,
    4261.124796228705,
    1313.9345505271872,
    678.4219098031245,
    4289.373802675687,
    4142.525379984988,
    4181.947941985341,
    4333.401465794025,
    3114.16818659687,
    4323.993707456974,
    823.9142002145185,
    4415.597909233901,
    4414.291900317454,
    4351.570322462619,
    4405.203205052319,
    4350.13417880801,
    4418.168380941823,
    3453.818651926524,
    1119.5628150285484,
    2819.9289442904965,
    382.7191977994572,
    1304.2245610434027,
    1220.9626980922212,
    3816.3115104292065,
    4341.771430293472,
    1362.7483185165588,
    4279.277101877882,
    3641.721729897187,
    4307.087296888188,
    521.50238367165,
    4294.03244598352,
    4361.849878974787,
    759.0739325747597,
    4424.785531968636,
    4477.026273945853,
    1524.427665665606,
    4386.66621416304,
    668.5208470682805,
    4382.666182617381,
    4338.34328738349,
    4485.061676083051,
    1152.8826468937016,
    3612.8245153767316,
    657.456055176633,
    520.2821110986828,
    4354.6075460576085,
    641.3832999301378,
    968.6009850918099,
    2046.3344522199677,
    968.7518677203423,
    2339.2629506182807,
    4485.072762499124,
    4384.294523098274,
    2248.8448382721476,
    4607.841003728985,
    964.7446326001675,
    961.8859810204219,
    1781.725166604658,
    357.9791326339193,
    2070.704401672796,
    1299.5569738410356,
    1075.9886990798286,
    1648.8352830691429,
    883.4367584612803,
    905.2838062717823,
    1046.5277063878957,
    4485.841624294566,
    4339.366600681568,
    553.7198545965169,
    4555.283245031757,
    4426.031179382204,
    4380.504698841392,
    4475.4352323980365,
    1756.7737682517911,
    1096.958342202786,
    4276.845743716943,
    1016.8713296332452,
    4013.38407687811,
    4520.4924481693715,
    4342.607458111574,
    3670.668468282386,
    3434.0954178714146,
    3556.114635903559,
    2672.4382633021673,
    700.0564718506887,
    1848.419946721408,
    4520.422624862049,
    2034.3866530113748,
    1949.6520494115673,
    1620.8020049956983,
    1282.9308893745606,
    492.48508099858986,
    2240.5131265894493,
    4104.40582065292,
    4486.920762154649,
    4211.160528733514,
    1282.7149551891564,
    4264.611309260913,
    4398.93453102302,
    3514.782459112949,
    4341.106883421982,
    4017.2495513327863,
    2017.4315969706859,
    3530.954495275099,
    2354.802731241247,
    1615.5868874080888,
    4485.1398899488,
    3011.9586287131283,
    1324.7560526196996,
    2787.327318687895,
    2852.8777901688777,
    4511.727866406125,
    2832.8213103517915,
    4486.498752402407,
    614.3666218510359,
    815.0224518130973,
    3276.046520436107,
    4675.18289221082,
    4631.559350112331,
    4563.5254864878325,
    4531.3286569016855,
    4436.524168338319,
    4369.2162264027975,
    4310.82617976786,
    4253.370097768406,
    778.680588071432,
    4435.141567547056,
    1497.4720456988478,
    4315.647032868399,
    4542.883227847755,
    4547.321179206365,
    1815.4737883213727,
    1338.4941563691968,
    1054.7097956196396,
    649.8832757208761,
    831.4269745393544,
    4437.989408487854,
    4476.923137402063,
    625.523464198321,
    4256.909403398465,
    4289.993597333765,
    4275.9758127254945,
    4479.942410924347,
    4373.336210234862,
    4527.36725143324,
    4445.340043200284,
    4392.419878287468,
    4464.67348086347,
    1639.3384298770752,
    2785.99284705939,
    4324.204886264715,
    3201.6289383060544,
    3787.964232124982,
    4460.1662045535195,
    3274.121770065367,
    4141.0647903818035,
    4413.500683491424,
    3770.3495775148135,
    2963.688154496068,
    4438.8788014305965,
    3825.19625119283,
    4483.649164024747,
    3907.7033354506925,
    4550.625810552399,
    3501.1719484364744,
    2813.5073728414864,
    2826.9386398959045,
    2009.1560771204786,
    692.0484932528304,
    4117.179749088596,
    4262.510002390292,
    3304.895532433492,
    4674.831681957008,
    2577.3935157820356,
    2701.4517710885607,
    4559.741675427302,
    4600.1025429097845,
    860.6869030962727,
    2215.8220817305532,
    1624.7424495613507,
    4438.331861143023,
    2847.7723948578714,
    2508.394084362166,
    4512.072912851433,
    4591.310538427577,
    2616.631133901569,
    3979.690128280721,
    4373.4809807572865,
    3558.14862535736,
    3359.1784084673736,
    4487.5435971409715,
    655.2590252283752,
    2397.1806143524946,
    4630.532372389921,
    3026.2757411771363,
    1813.3027831112804,
    4361.271684236862
  ],
  "bhvf_diagnostics": []
}