{
  "env": "Walker2d-v4",
  "agent": "Heuristic_HCGAE",
  "seed": 11,
  "config": {
    "hidden_dim": 256,
    "lr": 0.0003,
    "gamma": 0.99,
    "lam": 0.95,
    "eps_clip": 0.2,
    "n_epochs": 10,
    "batch_size": 64,
    "n_steps": 2048,
    "ent_coef": 0.0,
    "vf_coef": 0.5,
    "max_grad_norm": 0.5,
    "use_obs_norm": true,
    "use_adv_norm": true,
    "use_lr_anneal": true,
    "total_timesteps": 1000000,
    "eval_freq": 20480,
    "n_eval_episodes": 10,
    "eval_mode": "deterministic_mean",
    "scr_ema_alpha": null,
    "clip_c": null,
    "use_dcppo_s": false,
    "dcppo_w_min": 0.1
  },
  "total_steps": 1001472,
  "elapsed_s": 1999.4102170467377,
  "final_reward": 4777.14642916012,
  "max_reward": 5175.079592362315,
  "eval_rewards": [
    268.7028885560322,
    335.2979305666553,
    297.3325867326623,
    320.5695780973567,
    372.0664282127814,
    392.19285470666904,
    443.5942278154592,
    449.68819609867853,
    495.1266563045603,
    504.22009491456976,
    986.9142318552852,
    655.6334780596189,
    847.7000677801723,
    1006.2701208987704,
    1345.9203535675138,
    1269.0106917438593,
    2653.4654651231053,
    2717.976888892055,
    3749.632502427844,
    4041.674151069018,
    3848.409618301249,
    4582.55874547132,
    4342.359450125678,
    4228.263607362808,
    4304.699548347626,
    4537.332262843507,
    4961.689308848284,
    4700.782364977096,
    4388.338610239731,
    2347.688017622876,
    4746.773484546355,
    5024.117664740383,
    4594.570709723102,
    3657.24307153057,
    4716.786833016145,
    4915.960688078108,
    4805.92584406899,
    4971.618133592283,
    4996.890372237103,
    5053.856617245504,
    5069.9481853523685,
    4441.321807473252,
    4261.32483304613,
    4990.878161841126,
    3826.742293827038,
    4783.334114919281,
    5128.838502005698,
    5175.079592362315,
    5040.140183528485
  ],
  "eval_steps": [
    2048,
    22528,
    43008,
    63488,
    83968,
    104448,
    124928,
    145408,
    165888,
    186368,
    206848,
    227328,
    247808,
    268288,
    288768,
    309248,
    329728,
    350208,
    370688,
    391168,
    411648,
    432128,
    452608,
    473088,
    493568,
    514048,
    534528,
    555008,
    575488,
    595968,
    616448,
    636928,
    657408,
    677888,
    698368,
    718848,
    739328,
    759808,
    780288,
    800768,
    821248,
    841728,
    862208,
    882688,
    903168,
    923648,
    944128,
    964608,
    985088
  ],
  "episode_rewards": [
    4945.529282150223,
    3357.0088148140603,
    3486.5261731693927,
    4991.290366838089,
    4806.3338086017975,
    2497.1187735602653,
    2849.2494813045523,
    4887.047188960559,
    4534.9107805563735,
    4245.351117928374,
    4812.679218556492,
    871.0437095716827,
    4818.343502016879,
    4921.177107529631,
    4575.001206098275,
    4720.475681450057,
    4867.905324362806,
    4768.892836806601,
    4643.393237262438,
    842.6576987543543,
    5121.247433065742,
    4702.298378481295,
    5008.510908120367,
    4666.238190690275,
    5026.011587994665,
    5161.211176112823,
    2816.352167309368,
    5047.329641258799,
    3384.1253848123893,
    4978.122753845322,
    4004.44833971897,
    543.7666415766876,
    2437.297819558469,
    3671.8742744003093,
    5043.168766506878,
    4292.12967941222,
    4962.34118836123,
    5105.516063657427,
    4857.803091842697,
    4750.7508697437515,
    5066.181153904011,
    5003.266877051801,
    4891.490518136538,
    5024.286765010901,
    2149.1097182050707,
    2465.3744772462996,
    4955.932212370282,
    5002.558238185575,
    4829.013540791642,
    4905.193995802864,
    4934.464608626741,
    4047.733483831471,
    3373.328193669677,
    5169.972939396499,
    5203.503320077764,
    5271.5447692175385,
    5054.962267634084,
    4488.298370361329,
    5045.962287988552,
    2435.0070530778153,
    2236.1167195839694,
    4835.607919800727,
    4668.840573360785,
    3224.043003780024,
    4788.519998498151,
    4927.465677117975,
    4845.132586839817,
    5282.635810372448,
    4888.482805073809,
    873.4255247279136,
    2656.4226325829786,
    5130.783938420496,
    5114.625525528687,
    5025.318371845102,
    4809.905631402664,
    2061.137820274254,
    5303.614596306696,
    4942.091614841678,
    3146.401538429551,
    4195.422097410748,
    4880.5247666265495,
    1220.830494680268,
    5028.676028997642,
    846.6141258287247,
    4868.395866741279,
    2833.2348423545905,
    3023.932777610712,
    4585.307386541838,
    1522.8322068034906,
    806.029764287168,
    2919.3604497666315,
    4230.638413927842,
    3476.7040741603723,
    2828.9080752886134,
    5032.843293437561,
    5045.984556390162,
    4888.900807543622,
    2767.0447469595692,
    5066.385172753835,
    950.3772393855626,
    4978.37827329298,
    4960.400903305621,
    4983.903568391682,
    5056.219835754229,
    2432.24729290182,
    5070.845958729266,
    4114.015386784754,
    4915.279185972596,
    4362.009397574681,
    5170.517205480521,
    4921.325830353358,
    4900.440801773037,
    2479.9254869254955,
    2191.217423141297,
    5092.442128138986,
    5019.1196237071035,
    1615.099670203285,
    5072.629033903155,
    2597.9591892687154,
    1428.3616987187545,
    542.4428587419916,
    4914.250979472112,
    4932.871161322009,
    4946.868026409791,
    5094.595434045743,
    5072.163780669443,
    4920.031470477614,
    905.4859892171618,
    2251.26755441908,
    2944.6018225194016,
    4698.959626455854,
    5019.103864924476,
    501.16754256356586,
    4842.143592497047,
    5083.489178520935,
    3583.3359261450264,
    4553.77412749492,
    4925.332442571364,
    5029.867813956762,
    3431.051808478627,
    3148.002061745658,
    3499.5989738640133,
    4909.8998581583155,
    5040.736274361754,
    5008.322453952919,
    955.9674634760195,
    4449.337406575478,
    4923.331020773446,
    3349.2420028317924,
    4983.923216999847,
    4991.164421780608,
    4653.181102839199,
    3963.2908904279966,
    5048.365027265286,
    5062.879347907312,
    4972.118019260049,
    5172.833813333386,
    935.7868483326442,
    3468.021562933876,
    4929.924629025559,
    1444.8941561475913,
    4455.191017942545,
    4792.261759647571,
    5264.884369191667,
    4961.405001004282,
    5085.6829088960685,
    4926.679309692615,
    3767.355258502346,
    5035.13119760979,
    4758.155542051099,
    5162.014847693558,
    4876.320075430456,
    222.14315323759968,
    5097.3635794164475,
    3710.3245979986427,
    4740.9801778143565,
    5202.496808541857,
    4354.425583563113,
    5143.047376240418,
    3629.0247715270857,
    1207.8282484932133,
    4882.648346045689,
    5210.641697840735,
    2465.1799992400333,
    2833.02225591577,
    5071.033967563328,
    2655.322862929021,
    2054.988366501589,
    2812.122786469265,
    5257.875575079504,
    5161.258249747439,
    5193.842999280048,
    5123.52358399964,
    1706.2617584074753,
    5163.476140323979,
    5148.348496416468,
    5064.927876550466,
    4963.864318545347,
    5110.9585183603185,
    5068.172323443306
  ],
  "bhvf_diagnostics": []
}