{
  "env": "Walker2d-v4",
  "agent": "Optimal_HCGAE_v4",
  "seed": 5,
  "config": {
    "hidden_dim": 256,
    "obs_norm": true,
    "adv_norm": true,
    "lr_anneal": true,
    "eval_mode": "deterministic_mean",
    "n_seeds": 12,
    "total_timesteps": 1000000
  },
  "total_steps": 1001472,
  "final_reward": 4645.105932703853,
  "max_reward": 4786.598531874973,
  "best10_mean": 4655.317723392812,
  "eval_rewards": [
    355.32136862836336,
    381.5653967502188,
    385.6349653037175,
    470.76969742543736,
    450.49342434558787,
    567.1316226041324,
    1223.3768486465879,
    1561.5107920794435,
    2086.2687253678573,
    3184.806107150977,
    2548.8039041291036,
    3391.10761351619,
    3450.1473708347958,
    3541.1525484826075,
    3396.80236915676,
    1874.6198863869117,
    3972.4566291734845,
    4183.048030449438,
    4171.863197264827,
    4167.852671810634,
    4447.290834837189,
    4172.947795824007,
    1845.914370085215,
    4261.29070798532,
    4223.4596630807855,
    4363.0929513692345,
    4362.181193344868,
    4346.289327690272,
    4323.487978215368,
    4354.262294496184,
    4524.176325797066,
    4523.941184086632,
    3451.0759851801317,
    4202.730098067962,
    4426.435336212669,
    4496.476429358679,
    4317.3372909764985,
    4628.197735045306,
    4581.574127331308,
    4669.555193814239,
    4786.598531874973,
    4698.443208004274,
    4753.134982745198,
    4679.614535871532,
    4606.820025306048,
    4601.781656601225,
    4547.457237334011,
    4526.079828155725
  ],
  "eval_steps": [
    20480,
    40960,
    61440,
    81920,
    102400,
    122880,
    143360,
    163840,
    184320,
    204800,
    225280,
    245760,
    266240,
    286720,
    307200,
    327680,
    348160,
    368640,
    389120,
    409600,
    430080,
    450560,
    471040,
    491520,
    512000,
    532480,
    552960,
    573440,
    593920,
    614400,
    634880,
    655360,
    675840,
    696320,
    716800,
    737280,
    757760,
    778240,
    798720,
    819200,
    839680,
    860160,
    880640,
    901120,
    921600,
    942080,
    962560,
    983040
  ],
  "episode_rewards": [
    4388.122029989987,
    4870.1614488467485,
    4847.714117414153,
    4904.633454732348,
    598.3912075718631,
    810.3833751167454,
    4711.172666364326,
    487.22793807399836,
    995.3284354108936,
    4774.667322180022,
    1433.734808991964,
    269.75081617753995,
    398.72377528290366,
    5044.622203291112,
    372.07722508112545,
    796.6814999600768,
    836.7432930370012,
    3374.0856030427108,
    373.2832674975945,
    4916.469630518315,
    4923.438971949891,
    4797.327831537693,
    4707.577815649088,
    4835.271734265428,
    4787.390083180488,
    599.454687161459,
    528.6968798209091,
    4700.581280362175,
    2087.6768148929377,
    4828.888668430441,
    4778.636401159764,
    614.1205955191003,
    4839.436874145718,
    4418.400589787772,
    4216.736752987313,
    4789.794807723437,
    419.4087768684809,
    4943.018511201476,
    4728.702517076641,
    4793.176449346423,
    3956.563122272906,
    4794.219577295688,
    4749.404732303568,
    4867.053290809651,
    4876.805164744472,
    4744.670338656071,
    4851.514397363113,
    4783.658044783208,
    603.7635339149057,
    4879.50395447379,
    4907.050539518313,
    5040.391264208329,
    4853.483294213144,
    4786.17964421539,
    4711.5550986310745,
    312.07987889715326,
    4735.4883675441415,
    4775.665233738907,
    4533.160097130364,
    4902.265324082908,
    4591.583251663401,
    422.3720320385358,
    4745.710595916223,
    4667.231996037863,
    413.3987399868373,
    436.9898187248,
    4826.827611927756,
    4645.447626571008,
    4700.985529313525,
    4742.492312123306,
    4630.116754047467,
    4623.5122086081865,
    4740.172667018907,
    4745.72789957737,
    4834.682037202264,
    777.0679249101074,
    566.5678061441846,
    4735.553823402085,
    196.86810250645044,
    655.1578809752642,
    489.4749260112053,
    4661.145114486362,
    4752.882877143441,
    452.9745165493662,
    4556.922960958182,
    4593.587868656835,
    4736.097958917419,
    4752.419285930117,
    4662.226318293015,
    123.06169289810978,
    408.44453900353517,
    607.0961572270211,
    4652.621338731952,
    4496.332609781704,
    4725.116703804098,
    277.4486743524257,
    4736.119241025043,
    4599.906073649088,
    4829.643711099396,
    143.9014780521678,
    4684.644928738877,
    4855.91016223105,
    4740.371697660301,
    4871.653549176757,
    4651.431380742387,
    4750.2893234675485,
    698.7233196430667,
    4728.382123847631,
    4549.870462519737,
    305.2923074745469,
    4750.820001958671,
    112.41916314283499,
    4651.222643055763,
    960.8722470016098,
    4680.429620848741,
    4743.998062027029,
    4697.0647386322225,
    395.0736359245692,
    4689.204138311013,
    4653.463004272938,
    4745.0415719402945,
    4562.370121202351,
    675.3314508582321,
    4760.039453386011,
    254.90086885649632,
    4647.387504123856,
    540.910294631333,
    4696.976810349073,
    4570.679301463109,
    4699.005740084515,
    4655.5221074113015,
    4481.760749442677,
    1099.9049506343836,
    200.19405755746064,
    1055.6029081810511,
    4635.615495877157,
    675.8241411617834,
    4746.805149441497,
    4798.348576767835,
    463.6821217214959,
    4983.222238663401,
    4864.260012249552,
    4522.146722989003,
    4718.335773855102,
    687.6803512989396,
    4646.850646156155,
    4791.140734510238,
    4535.521677133955,
    4681.46627685644,
    4680.028598981594,
    329.93603859745014,
    771.6225377424536,
    3299.700837786285,
    4642.159699270245,
    4750.788307517935,
    3066.3570379656953,
    372.19681893245286,
    4792.209755086618,
    1008.5815273024635,
    792.7623626325038,
    4804.10221905098,
    4714.634407846224,
    4642.346897887679,
    331.5432153734257,
    317.0821154934214,
    3204.9736614461744,
    573.3438270615399,
    807.3906301500275,
    4778.953549995424,
    4623.344793086355,
    401.3683145177514,
    239.99628231162333,
    363.0592859111348,
    430.2863926387339,
    343.2810096139765,
    4608.654337312476,
    3146.198644343712,
    4629.850866267351,
    4722.0811957401065,
    4676.170216336827,
    1330.7397827425443,
    4738.138807854129,
    2992.175418522656,
    4431.894375987154,
    3913.93721999001,
    400.59604216824465,
    4566.951749570714,
    4529.69321058904,
    764.9907518695652,
    3620.3395070442316,
    4355.82682635683,
    1906.4722902786748,
    4639.676897085782,
    4737.578510353356,
    557.1637425624973,
    4883.135370599619,
    4795.668075846506,
    4626.350244227832,
    4786.216158307313,
    3517.7047040651523
  ],
  "elapsed_s": 679.4985373020172
}