{
  "env": "Walker2d-v4",
  "agent": "Optimal_HCGAE_v4",
  "seed": 1,
  "config": {
    "hidden_dim": 256,
    "obs_norm": true,
    "adv_norm": true,
    "lr_anneal": true,
    "eval_mode": "deterministic_mean",
    "n_seeds": 12,
    "total_timesteps": 1000000
  },
  "total_steps": 1001472,
  "final_reward": 3841.4625998427714,
  "max_reward": 4048.413342985766,
  "best10_mean": 3890.3590816622964,
  "eval_rewards": [
    317.4502586008639,
    409.05336243922204,
    392.89062445305035,
    352.2453230834564,
    377.04480721520935,
    699.5525424496027,
    516.0228199992417,
    1130.7697323894217,
    1335.0616622650286,
    1235.6403951349,
    1144.6603073753085,
    1031.5922722069324,
    883.434849213056,
    1051.6027132749919,
    1085.7724955140213,
    873.0967450497252,
    1366.7224338561155,
    1532.964253170304,
    1829.7313003520073,
    1085.892145072007,
    773.7693085627723,
    1133.863019354361,
    2198.779044519391,
    1668.1768446023477,
    1494.410165155058,
    1955.5661591858072,
    1826.4933607718424,
    3266.249303726198,
    1692.8606940948725,
    1184.077542913718,
    3635.5527127635914,
    3575.7455715564042,
    3613.4890223663797,
    3721.547253130016,
    3745.3404173908666,
    3794.3677667402953,
    3780.296510780815,
    3878.614437048559,
    3708.5592353317543,
    3715.715157556579,
    3983.971686397095,
    3875.8272379354107,
    3562.934746401121,
    3722.445174475831,
    3893.2177248445346,
    4046.6423208586734,
    3856.8993716409473,
    4048.413342985766
  ],
  "eval_steps": [
    20480,
    40960,
    61440,
    81920,
    102400,
    122880,
    143360,
    163840,
    184320,
    204800,
    225280,
    245760,
    266240,
    286720,
    307200,
    327680,
    348160,
    368640,
    389120,
    409600,
    430080,
    450560,
    471040,
    491520,
    512000,
    532480,
    552960,
    573440,
    593920,
    614400,
    634880,
    655360,
    675840,
    696320,
    716800,
    737280,
    757760,
    778240,
    798720,
    819200,
    839680,
    860160,
    880640,
    901120,
    921600,
    942080,
    962560,
    983040
  ],
  "episode_rewards": [
    3928.689381730917,
    537.3333639742391,
    3331.414543838811,
    2512.7410272318275,
    3875.491901912287,
    1401.3666844676836,
    1717.1792249386178,
    3894.511745244471,
    1126.1992621272675,
    3858.0646331697762,
    369.10480029948155,
    4026.847542290555,
    3088.0519294029777,
    1249.8129789315965,
    3930.6174314743466,
    3920.695505134443,
    3059.5987804230995,
    1578.1568727321871,
    3953.442829862735,
    3050.6606834045797,
    1278.3606935579096,
    3930.6520334585293,
    3952.250428652736,
    2656.6508179017155,
    3826.5416974675572,
    3972.232258747534,
    333.60092746201633,
    3848.0837995344878,
    3855.9218920193575,
    3540.236336523639,
    3964.601732569277,
    3386.083330921021,
    1461.3456095435595,
    3922.0532588494398,
    3918.438471680817,
    3493.43474537065,
    3590.7489854780138,
    4034.0937601421297,
    2052.0236286554,
    4032.1147368701586,
    3175.9669682491176,
    3773.474891170591,
    3435.924599154937,
    2144.2977937590194,
    3953.638136174738,
    3940.013937274224,
    4011.795543565603,
    2413.461852152588,
    3919.4553881559013,
    3656.942250831229,
    3936.022109899316,
    3018.082116279349,
    1472.2207923086562,
    3919.470132656226,
    3880.4805604765074,
    3583.031226358597,
    1554.6571423827393,
    3961.921994716371,
    3651.2772388903063,
    4024.372771154354,
    1333.4289930779296,
    4002.6694107554754,
    3997.136977519019,
    1888.9342913179053,
    3627.710644959322,
    1998.3288826062105,
    4018.817005395214,
    1160.0305844627899,
    2828.1465281319934,
    4023.9078071771364,
    2645.970639363354,
    3891.241945306396,
    3989.3453597454186,
    4027.3944946482343,
    3969.096326226901,
    3483.631350638386,
    986.7865659727821,
    2403.895050471255,
    1048.9610245854315,
    1313.9576446695291,
    2327.739670146601,
    3887.5767454783995,
    3292.1470033001174,
    2754.206429398878,
    3424.453542475586,
    1923.7575777378224,
    960.5287815805449,
    2037.255276502755,
    3978.0336225800215,
    2344.115673055815,
    1944.2951494059873,
    4097.717475717818,
    3980.7418725634357,
    1549.3325682023697,
    4058.8582470530578,
    2031.198006457475,
    3858.3762876327746,
    3263.471082191504,
    4039.299495993597,
    3077.7752799780146,
    4091.530707572395,
    1656.630850822986,
    3951.943019514892,
    2117.8975092408423,
    3885.2181927019556,
    3666.8387444818795,
    3591.638055011257,
    1479.3228915633117,
    2694.5734534525945,
    3366.605625946893,
    3804.5873481332815,
    3926.891863083383,
    3509.891850323207,
    1441.6020336174095,
    1758.3681158961183,
    3921.658454089315,
    3954.0745925359597,
    2108.9170760995135,
    1641.3336582639822,
    1231.573024740821,
    3971.874016047283,
    2345.140540225119,
    4063.6905608819275,
    1383.8737925053592,
    3948.8500040623017,
    766.2018891006959,
    1339.7930617068216,
    3981.6180128689894,
    4001.222634773992,
    3990.676844901405,
    3028.9326998142787,
    3938.777953572465,
    4034.683676310151,
    1934.9051102422445,
    4053.4306044104183,
    4018.6094370480987,
    1785.699937461073,
    3794.9702988005424,
    4027.498127614455,
    2275.0101191659464,
    3813.2615407438725,
    3905.436279208804,
    4030.113880460636,
    3972.410060837127,
    2028.4497065581913,
    4046.027010883293,
    1104.857941766153,
    1744.689594526041,
    3775.1519155108713,
    1991.9089293972802,
    4045.8291173140087,
    2178.502864330816,
    3676.3617467946165,
    3933.490830918669,
    3935.994705399994,
    3853.5693120245937,
    4028.4264667486696,
    2369.5429332275185,
    3656.446362940531,
    4018.8643653844724,
    2415.6555840114747,
    3940.7227683742813,
    3991.549962166152,
    1706.906643310973,
    3695.2190823589426,
    4080.7450740911436,
    3784.903963953641,
    2585.5076191240464,
    2169.360884936334,
    4043.5742753860522,
    1955.4149886384182,
    4025.105676899431,
    3748.333376161571,
    3853.3561921743135,
    1578.182977122501,
    1053.006484176974,
    1136.0443028641753,
    3098.7476120089673,
    4079.4152350325485,
    1505.8739429197808,
    3257.343852958991,
    4026.2495653955257,
    4010.6315695857234,
    3057.145933042639,
    3937.6389914411548,
    1746.1654980846588,
    1418.542558299419,
    3959.379076650469,
    3969.208203784143,
    2023.2795644839819,
    4063.940318152772,
    3885.5310561433025,
    3970.086472831248,
    4026.186735262766,
    2620.8272183021672,
    3297.044461880554,
    4029.513709940438,
    3918.181582027923,
    4051.0437789280895,
    4005.591154747606
  ],
  "elapsed_s": 618.3167059421539
}