{
  "env": "Walker2d-v4",
  "agent": "Optimal_HCGAE_v4",
  "seed": 6,
  "config": {
    "hidden_dim": 256,
    "obs_norm": true,
    "adv_norm": true,
    "lr_anneal": true,
    "eval_mode": "deterministic_mean",
    "n_seeds": 12,
    "total_timesteps": 1000000
  },
  "total_steps": 1001472,
  "final_reward": 4731.587775505848,
  "max_reward": 4769.8285020231415,
  "best10_mean": 4737.009050521616,
  "eval_rewards": [
    309.5835625073672,
    295.25330967582397,
    316.51773091059374,
    358.3472797387869,
    374.0296510898012,
    360.5306309324109,
    401.8721678786718,
    504.1820803545309,
    462.55048035361085,
    534.2646097803174,
    695.0857118584796,
    814.4339765377371,
    848.1166318914268,
    725.2168781800505,
    740.2367448210497,
    887.4623917582446,
    823.9922982661667,
    909.8369043803832,
    1182.9420069784314,
    2077.1827155150017,
    2317.9449324418974,
    1921.9921285079886,
    2515.583063901585,
    3324.3565576364927,
    2090.6449273750914,
    2680.531160131629,
    4093.621919923646,
    4200.564565390044,
    4535.831064495082,
    4522.252485966095,
    4651.818684435924,
    4567.512556381127,
    4579.749155435097,
    4642.088733222769,
    3905.858192469277,
    4626.455196371534,
    4692.278960436989,
    4730.861327094469,
    4759.30487423747,
    4769.8285020231415,
    4740.1572770545,
    4683.9334388180105,
    4684.994098555774,
    4704.138849196821,
    4745.423488168251,
    4718.875240756361,
    4759.038405813661,
    4750.18358043449
  ],
  "eval_steps": [
    20480,
    40960,
    61440,
    81920,
    102400,
    122880,
    143360,
    163840,
    184320,
    204800,
    225280,
    245760,
    266240,
    286720,
    307200,
    327680,
    348160,
    368640,
    389120,
    409600,
    430080,
    450560,
    471040,
    491520,
    512000,
    532480,
    552960,
    573440,
    593920,
    614400,
    634880,
    655360,
    675840,
    696320,
    716800,
    737280,
    757760,
    778240,
    798720,
    819200,
    839680,
    860160,
    880640,
    901120,
    921600,
    942080,
    962560,
    983040
  ],
  "episode_rewards": [
    4636.799729030192,
    4599.460858153094,
    4617.603644075582,
    4682.948753462221,
    3261.6196903495124,
    4599.604144752841,
    4663.737155371788,
    2079.277703192465,
    2290.0495653205853,
    1922.3856930554423,
    4630.495948245998,
    2912.5532419185324,
    2747.1806160948554,
    2780.036653604588,
    1128.404401733382,
    4662.181765332804,
    4627.822593203913,
    4679.058774538589,
    3546.7480725329383,
    2796.7814290279466,
    4578.722337368886,
    2353.902217626454,
    3504.344417674828,
    1992.117165016545,
    4535.379804598727,
    4580.551903591207,
    4616.026502123033,
    2401.477030803574,
    2426.7605525154504,
    4633.218227059883,
    4603.964138333346,
    1396.5395294605805,
    1823.4863361683197,
    4652.262096573772,
    4512.931962954422,
    3576.1852863925565,
    4629.1660503846315,
    4604.052866714784,
    4557.704635614422,
    4664.608883987317,
    831.1048117211933,
    4702.668442753788,
    4701.669362142206,
    4703.887571234958,
    4636.096505775488,
    4633.321597506928,
    1943.2528339718467,
    3071.1150528167536,
    4676.541798152865,
    4571.2530626816115,
    4611.610847924312,
    4664.875804360886,
    3582.1507785852773,
    1443.1957907140757,
    4048.090800525984,
    4725.259299791703,
    2757.471708916319,
    4505.336101361699,
    1184.1068069682944,
    4520.546041695742,
    4510.201314416837,
    4694.391434136661,
    4616.344629491196,
    1380.1347298057294,
    2750.2218164191804,
    2012.0034386490574,
    1169.2812289189171,
    4615.541760562769,
    4596.276414529111,
    4581.869460309906,
    2401.7001858207027,
    4391.434839114773,
    4632.15923855719,
    4568.554175621935,
    4477.320244049376,
    4554.362986087819,
    4619.700823660252,
    4680.488464907541,
    4342.66922337646,
    4593.616307094096,
    4625.397454533303,
    4657.368681452471,
    4458.824269567413,
    4632.167226023317,
    4655.538102897558,
    4205.846964812318,
    2758.8051837161597,
    627.3640488263837,
    1458.180226358642,
    4669.84279082767,
    4625.8849993348,
    4641.755369751358,
    4658.567712214677,
    2932.448232547682,
    3129.8891178207573,
    4571.635381102831,
    4658.146460203376,
    4653.468723045282,
    4584.037060709387,
    418.2154335078575,
    4702.701094723964,
    2750.079485762501,
    2280.1126409585836,
    2586.7651578137447,
    2160.819758369008,
    4774.057298021788,
    4721.617004401595,
    3460.3306607610734,
    1799.8980729445743,
    4355.006482079183,
    4719.102364636099,
    4614.3250549182785,
    2850.1001897826422,
    4009.4465782422017,
    4655.314371361744,
    3232.4534136751386,
    257.27698823000395,
    4621.5541652349,
    4538.902546036763,
    4474.047250877284,
    4635.723634463013,
    4632.468580714525,
    4649.7932667806945,
    4681.912610895272,
    3106.8727174487553,
    4229.280253359741,
    3936.506062927622,
    291.77759506982665,
    4614.467203627175,
    4575.004773685497,
    4657.2538144088185,
    2712.4653627139637,
    4604.514800226599,
    4706.915720534401,
    4564.364026810593,
    4696.8051690781085,
    4558.867314840677,
    4459.591382659077,
    3287.214705993888,
    4616.622810225242,
    4595.614112192043,
    4542.026341707136,
    3972.9833234232815,
    2063.1244988928534,
    4571.176009796579,
    4544.653246859627,
    2982.5032775640916,
    4639.398091015433,
    4638.52502929802,
    391.4328073737159,
    4302.510359878917,
    4568.887605475108,
    4642.451918443735,
    4650.316767663012,
    4683.116321109729,
    3511.725178216349,
    2454.9787124278573,
    4628.251592176904,
    4573.258525368235,
    4644.847606855201,
    4420.534138462964,
    4666.938339370371,
    4699.83878948862,
    4696.127647839853,
    4597.0087849496895,
    4663.39315963022,
    1795.4983836975675,
    3555.0393202435594,
    252.0403780222861,
    4724.243105040302,
    4637.259914358159,
    4685.199929968617,
    395.83144325629286,
    3918.8357769344652,
    4605.621567517032,
    4564.035980339432,
    4597.823231748138,
    4682.63586916118,
    3303.716654525356,
    3186.2515469030664,
    4716.248797498221,
    4608.520512246594,
    4611.742138688077,
    4671.286789765132,
    4728.39939509352,
    2690.323021633317,
    959.4431496539902,
    4614.931206637119,
    4682.555704541661,
    4694.230394576528,
    4649.301027180936,
    4720.724273178126,
    4728.753519095663,
    4708.570674423055,
    4676.269672704726,
    4691.3806199008295,
    3038.024034899077,
    4683.658898188234,
    4624.822844564224,
    4740.825890421664
  ],
  "elapsed_s": 640.5818591117859
}