{
  "variant": "HCGAE_Imp12",
  "seed": 789,
  "final_reward": 2473.2636471439955,
  "best_reward": 3160.027308998086,
  "stability_std": 573.8701410610303,
  "all_eval_rewards": [
    93.88856150318063,
    268.80681580329326,
    323.35909141080515,
    322.97911338581457,
    312.5467739332592,
    391.19403595855533,
    690.6880689533178,
    770.9171509945267,
    932.1547593952421,
    1020.5300235845643,
    1616.9525886035754,
    1051.4879647933437,
    2812.6734025077562,
    2487.354102501564,
    1068.0919920888787,
    2945.6793151736388,
    2933.831805093505,
    1482.1525023763593,
    2831.371124194703,
    2400.9970451487684,
    1329.525729080012,
    1805.5684829116913,
    1668.211625867822,
    1729.3716838351443,
    2638.950539939834,
    2443.058569786056,
    2642.167322360213,
    3160.027308998086,
    1482.1144946357877
  ],
  "eval_steps": [
    10240,
    20480,
    30720,
    40960,
    51200,
    61440,
    71680,
    81920,
    92160,
    102400,
    112640,
    122880,
    133120,
    143360,
    153600,
    163840,
    174080,
    184320,
    194560,
    204800,
    215040,
    225280,
    235520,
    245760,
    256000,
    266240,
    276480,
    286720,
    296960
  ],
  "ev_trajectory": [],
  "elapsed_s": 105.8,
  "use_imp1": true,
  "use_imp2": true
}