{
  "variant": "HCGAE_Imp12",
  "seed": 1234,
  "final_reward": 1986.070155550094,
  "best_reward": 3051.1435841792945,
  "stability_std": 867.5166991218956,
  "all_eval_rewards": [
    137.67398380041618,
    344.1359083322272,
    343.644243566582,
    466.1087073842167,
    570.7572428656315,
    562.8157278775273,
    449.8956847818222,
    1506.9695931211968,
    2526.3908094284807,
    2669.3238008872813,
    2574.3995351058834,
    2838.820812744015,
    2766.320619955707,
    1016.6236774095108,
    2712.94953870303,
    2615.147586126487,
    2802.8375588549707,
    1761.4840600982309,
    1090.1755970291654,
    2395.044827809171,
    829.4344027115387,
    918.3133908412901,
    1183.52093650807,
    3049.8725678842857,
    2876.7375212068755,
    1434.5846708262393,
    1537.6062940672623,
    3051.1435841792945,
    1030.278707470798
  ],
  "eval_steps": [
    10240,
    20480,
    30720,
    40960,
    51200,
    61440,
    71680,
    81920,
    92160,
    102400,
    112640,
    122880,
    133120,
    143360,
    153600,
    163840,
    174080,
    184320,
    194560,
    204800,
    215040,
    225280,
    235520,
    245760,
    256000,
    266240,
    276480,
    286720,
    296960
  ],
  "ev_trajectory": [],
  "elapsed_s": 106.8,
  "use_imp1": true,
  "use_imp2": true
}