{
  "variant": "HCGAE_Base",
  "seed": 123,
  "final_reward": 2918.291268783213,
  "best_reward": 3266.119670505466,
  "stability_std": 769.0612025918169,
  "all_eval_rewards": [
    60.21041308095988,
    236.4037184412517,
    333.0081339053324,
    350.9096652169061,
    469.2278015361837,
    441.34125878685234,
    457.8046036129432,
    950.3716564103725,
    421.53351533091364,
    673.2518398498922,
    2469.200353623797,
    3126.939074661586,
    998.0292458162397,
    1334.4570143378266,
    2680.880723800535,
    2834.385612730573,
    1340.625541062736,
    2750.2854333375262,
    1077.962416942307,
    2960.6698991493186,
    891.7525900055225,
    2080.053370493563,
    3096.6525268773694,
    2371.1766092425178,
    3175.9371564867342,
    3266.119670505466,
    3199.521492619807,
    1722.9841558980431,
    3226.8938684060167
  ],
  "eval_steps": [
    10240,
    20480,
    30720,
    40960,
    51200,
    61440,
    71680,
    81920,
    92160,
    102400,
    112640,
    122880,
    133120,
    143360,
    153600,
    163840,
    174080,
    184320,
    194560,
    204800,
    215040,
    225280,
    235520,
    245760,
    256000,
    266240,
    276480,
    286720,
    296960
  ],
  "ev_trajectory": [],
  "elapsed_s": 122.4,
  "use_imp1": false,
  "use_imp2": false
}