{
  "variant": "HCGAE_Base",
  "seed": 789,
  "final_reward": 1569.2477561682522,
  "best_reward": 3046.639706351167,
  "stability_std": 572.2570761817011,
  "all_eval_rewards": [
    206.00768408893646,
    278.9093901648881,
    312.3522548103444,
    624.0884962963489,
    1298.2473272924647,
    2243.972770474273,
    1474.3374911122578,
    1691.692031676593,
    2716.0720677443796,
    2582.600674273476,
    2672.9327474557163,
    1246.8125921531566,
    2833.2104113867244,
    2714.2842198478793,
    3046.639706351167,
    2607.0962729560297,
    1138.975169529082,
    1228.0949578979764,
    1056.5173164711744,
    2919.4954122154872,
    1271.7546037301488,
    2022.62216841944,
    1229.342570249418,
    1580.3477470864173,
    2017.5912255945507,
    2227.224477373013,
    1094.9394617404232,
    1006.3819220931011,
    1500.1016940401719
  ],
  "eval_steps": [
    10240,
    20480,
    30720,
    40960,
    51200,
    61440,
    71680,
    81920,
    92160,
    102400,
    112640,
    122880,
    133120,
    143360,
    153600,
    163840,
    174080,
    184320,
    194560,
    204800,
    215040,
    225280,
    235520,
    245760,
    256000,
    266240,
    276480,
    286720,
    296960
  ],
  "ev_trajectory": [],
  "elapsed_s": 124.5,
  "use_imp1": false,
  "use_imp2": false
}