{
  "variant": "HCGAE_Imp12",
  "seed": 123,
  "final_reward": 2979.9540030498893,
  "best_reward": 3211.696691257072,
  "stability_std": 380.4292655358288,
  "all_eval_rewards": [
    163.8832247607557,
    243.54918441438357,
    313.23264850380804,
    373.0768827319102,
    458.74255205441625,
    466.68867777635035,
    505.0928562669311,
    759.3952118885162,
    1166.895171757455,
    2452.544931334668,
    2429.1018363561843,
    1240.1862975881716,
    1510.603488232732,
    2834.723539029827,
    2448.385771359392,
    2829.877296301998,
    2785.3782852769464,
    2752.4260185191984,
    2889.8325344753675,
    2928.792381812599,
    2883.23654877562,
    2946.7134072987187,
    2564.933881034378,
    1835.031282215421,
    2575.357778862062,
    3211.696691257072,
    3053.58690029331,
    3144.631099234946,
    2914.497545602056
  ],
  "eval_steps": [
    10240,
    20480,
    30720,
    40960,
    51200,
    61440,
    71680,
    81920,
    92160,
    102400,
    112640,
    122880,
    133120,
    143360,
    153600,
    163840,
    174080,
    184320,
    194560,
    204800,
    215040,
    225280,
    235520,
    245760,
    256000,
    266240,
    276480,
    286720,
    296960
  ],
  "ev_trajectory": [],
  "elapsed_s": 114.7,
  "use_imp1": true,
  "use_imp2": true
}