{
  "variant": "HCGAE_Imp1",
  "seed": 789,
  "final_reward": 2164.0730240435314,
  "best_reward": 3118.259806332369,
  "stability_std": 787.4182717511568,
  "all_eval_rewards": [
    231.34292273972824,
    283.7392032939976,
    355.9489294217211,
    336.72658799045905,
    378.5679667555136,
    616.2974674092999,
    875.9063577874158,
    1001.308196777832,
    1604.4154177450519,
    1731.1891286488965,
    2304.5210852003593,
    1912.210971117703,
    1633.838035348071,
    1644.8891651208498,
    2661.586641798983,
    2847.29895387108,
    2770.6487005908793,
    3049.1425670155318,
    3027.897631909217,
    2975.176741353297,
    3059.6144253895786,
    2924.511748152178,
    1131.8439346644386,
    2970.2540631108736,
    2058.65638350482,
    1342.545674278937,
    2972.6622697723815,
    1328.2409863291482,
    3118.259806332369
  ],
  "eval_steps": [
    10240,
    20480,
    30720,
    40960,
    51200,
    61440,
    71680,
    81920,
    92160,
    102400,
    112640,
    122880,
    133120,
    143360,
    153600,
    163840,
    174080,
    184320,
    194560,
    204800,
    215040,
    225280,
    235520,
    245760,
    256000,
    266240,
    276480,
    286720,
    296960
  ],
  "ev_trajectory": [],
  "elapsed_s": 118.0,
  "use_imp1": true,
  "use_imp2": false
}