{
  "variant": "HCGAE_Imp2",
  "seed": 1234,
  "final_reward": 2259.304126128955,
  "best_reward": 3360.2458695897235,
  "stability_std": 956.4493664465605,
  "all_eval_rewards": [
    250.62088298267432,
    323.069910512564,
    328.03774572699905,
    508.2385081661743,
    715.1991964402562,
    802.2530010263133,
    785.5279573715845,
    1237.647406151263,
    2689.103591905438,
    1588.811750040524,
    1389.5178102311913,
    1780.3500488277812,
    1454.4570105485584,
    3069.7615863673163,
    3110.5423187379088,
    3169.3546618862847,
    1149.4472476349795,
    2953.576414026384,
    1807.088009932791,
    1056.703567263153,
    3279.3918718638597,
    3267.6553615069815,
    1163.7835870976116,
    3292.7450544355197,
    2974.2902145754665,
    3360.2458695897235,
    2281.4131049342805,
    1444.1260604547485,
    1236.4453810905557
  ],
  "eval_steps": [
    10240,
    20480,
    30720,
    40960,
    51200,
    61440,
    71680,
    81920,
    92160,
    102400,
    112640,
    122880,
    133120,
    143360,
    153600,
    163840,
    174080,
    184320,
    194560,
    204800,
    215040,
    225280,
    235520,
    245760,
    256000,
    266240,
    276480,
    286720,
    296960
  ],
  "ev_trajectory": [],
  "elapsed_s": 109.6,
  "use_imp1": false,
  "use_imp2": true
}