{
  "variant": "HCGAE_Imp12",
  "seed": 456,
  "final_reward": 3297.1137410556826,
  "best_reward": 3337.5673171365393,
  "stability_std": 902.9690410135885,
  "all_eval_rewards": [
    211.67687145577315,
    323.0437909413456,
    332.9543327801478,
    565.8125576028223,
    974.3585524033135,
    2338.8521580022975,
    1671.7183753204947,
    2011.8557589492673,
    1378.2469369315363,
    821.6121751288035,
    1171.3125803594653,
    1442.823201256135,
    1163.808260879521,
    1162.1307025882022,
    1294.68179124924,
    2058.248473268881,
    2205.1655535676605,
    2268.3845969135164,
    2803.2846658545345,
    3013.6105916871384,
    1566.1129845686803,
    989.1074342246302,
    1236.8627825918354,
    2697.387082777205,
    3167.687745409529,
    3337.5673171365393,
    3331.139850140486,
    3329.7235676389973,
    3319.4502249528596
  ],
  "eval_steps": [
    10240,
    20480,
    30720,
    40960,
    51200,
    61440,
    71680,
    81920,
    92160,
    102400,
    112640,
    122880,
    133120,
    143360,
    153600,
    163840,
    174080,
    184320,
    194560,
    204800,
    215040,
    225280,
    235520,
    245760,
    256000,
    266240,
    276480,
    286720,
    296960
  ],
  "ev_trajectory": [],
  "elapsed_s": 109.7,
  "use_imp1": true,
  "use_imp2": true
}