{
  "variant": "HCGAE_Imp2",
  "seed": 789,
  "final_reward": 3297.5594114334876,
  "best_reward": 3426.6957961587805,
  "stability_std": 789.6660323492431,
  "all_eval_rewards": [
    214.2485019783381,
    278.8760137801156,
    308.34432808610103,
    436.1550024831666,
    568.6394799712464,
    612.0727722048313,
    2133.7700080364225,
    1588.450752898296,
    2380.2861158502637,
    2504.775366031468,
    1020.5692540794583,
    2606.0000279462706,
    2517.518708392071,
    1331.5645121797854,
    1513.8175274865205,
    2760.553426513072,
    2029.517371881233,
    1313.5640783939248,
    2809.5410407667905,
    1016.1588664840804,
    2269.8228506351966,
    1684.0689308998037,
    3122.3266242132727,
    3094.8338805098897,
    3008.9936893600234,
    3337.3437830339135,
    3372.74900614313,
    3342.0147824715905,
    3426.6957961587805
  ],
  "eval_steps": [
    10240,
    20480,
    30720,
    40960,
    51200,
    61440,
    71680,
    81920,
    92160,
    102400,
    112640,
    122880,
    133120,
    143360,
    153600,
    163840,
    174080,
    184320,
    194560,
    204800,
    215040,
    225280,
    235520,
    245760,
    256000,
    266240,
    276480,
    286720,
    296960
  ],
  "ev_trajectory": [],
  "elapsed_s": 112.2,
  "use_imp1": false,
  "use_imp2": true
}