{
  "env": "HalfCheetah-v4",
  "agent": "HCGAE_Optimal_GRPO",
  "seed": 0,
  "config": {
    "hidden_dim": 256,
    "lr": 0.0003,
    "gamma": 0.99,
    "lam": 0.95,
    "eps_clip": 0.2,
    "n_epochs": 10,
    "batch_size": 64,
    "n_steps": 2048,
    "ent_coef": 0.0,
    "vf_coef": 0.5,
    "max_grad_norm": 0.5,
    "use_obs_norm": true,
    "use_adv_norm": true,
    "use_lr_anneal": true,
    "use_vclip": false,
    "device": "cpu",
    "total_timesteps": 500000,
    "eval_freq": 20480,
    "n_eval_episodes": 10,
    "eval_mode": "deterministic_mean"
  },
  "total_steps": 501760,
  "elapsed_s": 778.9213418960571,
  "final_reward": 1525.5976691391156,
  "peak_reward": 1525.5976691391156,
  "max_reward": 1555.4579745966403,
  "eval_rewards": [
    -0.9223765314391278,
    -1.3466095288681639,
    -39.957091401899774,
    -98.58443567904523,
    706.10230842195,
    560.3848640259891,
    1047.8658823919668,
    1150.9998307384017,
    1250.979570495324,
    1300.6929352464074,
    1344.3707001768641,
    1359.7293103259929,
    1410.687104007981,
    1435.0644899021827,
    1456.0032319601346,
    1466.449231841714,
    1482.0570019724923,
    1521.4461482312672,
    1531.352456992073,
    1537.1661747997218,
    1537.9697096840523,
    1555.4579745966403,
    1543.4996205960451,
    1537.171741927897,
    1543.4066307492544
  ],
  "eval_steps": [
    2048,
    22528,
    43008,
    63488,
    83968,
    104448,
    124928,
    145408,
    165888,
    186368,
    206848,
    227328,
    247808,
    268288,
    288768,
    309248,
    329728,
    350208,
    370688,
    391168,
    411648,
    432128,
    452608,
    473088,
    493568
  ],
  "episode_rewards": [
    1106.2570836699942,
    1150.4700223377774,
    1216.3425019025167,
    1191.7159177537055,
    1146.5830853087118,
    1184.6887549601313,
    1130.860095150003,
    1153.0906406098982,
    1189.812130340717,
    1184.1592075223955,
    1171.6701485608344,
    1217.2240200935123,
    1164.9491519235216,
    1128.6757638839324,
    1194.9793970489227,
    1108.3765161007946,
    1192.4508896607992,
    1225.0694835924749,
    1176.0678635400195,
    1170.158953025137,
    1176.7681356809942,
    1201.393495587711,
    1072.6750974109154,
    1130.1403507572938,
    1208.7310207767791,
    -417.7582439651386,
    1160.0069659665128,
    1157.3429304175602,
    1203.4922279302496,
    1211.9868384241029,
    1185.0459354912116,
    1243.1198919376275,
    1190.5336589498102,
    1301.8284488983352,
    1185.7600100980283,
    1171.7453352684515,
    1210.0192748701195,
    1184.3776917470177,
    1175.0489730829145,
    1199.100534051604,
    1115.8242741798829,
    -376.0143994574023,
    1222.846059409483,
    1249.5176249959518,
    1195.550042171229,
    1205.0890959365288,
    1225.0154868981322,
    1173.1511013283123,
    1190.5783571334418,
    1238.3200128998917,
    1248.6067265543766,
    1230.019359361288,
    1186.7721121391523,
    1172.5047639358204,
    1190.8143196879057,
    1226.9139943018579,
    1249.3947062367506,
    1236.8790587779497,
    1198.6391358382637,
    -331.71166194986375,
    1199.59084943566,
    1203.2196571404293,
    1246.1639269381078,
    1164.1986945122287,
    1247.64650249572,
    1183.64002182081,
    1136.438123948816,
    1155.278180561394,
    1235.4236892859074,
    1187.6426793633875,
    1289.0358464595467,
    1255.2698286493085,
    1246.8239832122022,
    1230.0811069481897,
    1252.117280387265,
    1247.329429681287,
    1183.653545102584,
    1165.6063304705149,
    -316.0487318675875,
    1227.0109959698657,
    1200.2935728595926,
    1296.9576193801827,
    1232.3252769718833,
    1238.9024823393133,
    1277.6235001647822,
    1210.9829556484215,
    1242.0713456438268,
    1237.1816076321604,
    1241.6169913611363,
    -275.8914394490976,
    1205.884982955074,
    1241.3550638329912,
    1225.36242496652,
    1248.3774663139895,
    1168.570362731464,
    1260.2863306183692,
    1219.4056187205083,
    1286.5173925022482,
    1263.820557680186,
    1257.3821624213044,
    1258.7265897520626,
    1262.3279287000491,
    1246.4591053848783,
    1230.6877938984899,
    1279.3780952639231,
    1214.500581489018,
    1237.342345569893,
    1263.2453872630895,
    1274.155547841892,
    1293.0708445746104,
    1219.6449996056303,
    1256.5692858704763,
    1177.4189719348226,
    1259.643296052144,
    1273.6625123874803,
    1300.2321826693176,
    1257.3474811342326,
    1278.1460941051548,
    1283.917343391081,
    1297.3896470206234,
    1230.3683685391838,
    1211.1348804397019,
    1201.1715776154779,
    1279.7201784258532,
    1253.8331817914877,
    1228.4543372772764,
    1301.7678137185765,
    1257.887515731487,
    1264.7566395474105,
    1265.7906403293064,
    1244.0900751620225,
    1236.0191736520417,
    1278.9660606504235,
    1290.080915663785,
    1216.526982919427,
    1269.844916528315,
    1260.7507068524624,
    1244.7400721439355,
    1253.548531700314,
    1268.5597893965034,
    1309.1786712989444,
    1262.6017958903321,
    1270.9819146788213,
    1257.6538434957272,
    1347.5699757390983,
    1271.0815586627775,
    1301.142738981446,
    1289.0890419082484,
    1227.2922048358116,
    1311.5153040994117,
    1290.293185934798,
    1296.2752284626094,
    1322.2035715195734,
    1230.0080141558815,
    1275.7079703842387,
    1301.3356079793862,
    1254.906519280299,
    1218.5041725691726,
    1274.0419350850407,
    1288.66019012788,
    1276.189318431354,
    1323.8161339296967,
    1321.0566624032385,
    1263.1228459487127,
    1269.0322435141095,
    1289.9977417169914,
    1323.3272926685036,
    1292.9691945540667,
    1291.780834592602,
    1288.8043611018284,
    1311.9942900845515,
    1291.7921768390306,
    1306.534626764957,
    1169.3188949115543,
    1261.857768995756,
    1325.687851321847,
    1233.5855115673553,
    1312.3110390080005,
    1274.331903631902,
    1284.8975059390568,
    1277.2501845193412,
    1316.665371258928,
    1301.3032424841062,
    1300.4248344886505,
    1282.1992918490569,
    1269.1868055191226,
    1284.1950215124493,
    1325.8359365051147,
    1311.563269733026,
    1335.1424863900863,
    1335.4669977923543,
    1348.993790560091,
    1315.9030117444938,
    1296.3840278651405,
    1275.1734887355128,
    1337.2651561438493,
    1278.4009840667875,
    1325.1718669513857,
    1356.634997116474,
    1225.329229962539
  ],
  "diagnostics": [
    {
      "step": 2048,
      "ev_ema": -2.5949580197526245e-05,
      "g_std_ema": 2.4428713932809987
    },
    {
      "step": 22528,
      "ev_ema": -0.14830440611119522,
      "g_std_ema": 5.8781118849389005
    },
    {
      "step": 43008,
      "ev_ema": -0.11946631730630539,
      "g_std_ema": 6.877734096877277
    },
    {
      "step": 63488,
      "ev_ema": -0.053098341793148485,
      "g_std_ema": 7.029193044937667
    },
    {
      "step": 83968,
      "ev_ema": -0.18565504082952045,
      "g_std_ema": 6.956511967498197
    },
    {
      "step": 104448,
      "ev_ema": -0.16306856393158606,
      "g_std_ema": 7.760979052455075
    },
    {
      "step": 124928,
      "ev_ema": -0.05076942915409458,
      "g_std_ema": 8.892968600166595
    },
    {
      "step": 145408,
      "ev_ema": 0.06348399904588271,
      "g_std_ema": 9.250437210009943
    },
    {
      "step": 165888,
      "ev_ema": 0.07537437647053657,
      "g_std_ema": 8.559762412832235
    },
    {
      "step": 186368,
      "ev_ema": 0.09976346923162455,
      "g_std_ema": 8.793358562874607
    },
    {
      "step": 206848,
      "ev_ema": 0.011477796232941524,
      "g_std_ema": 15.769904848021305
    },
    {
      "step": 227328,
      "ev_ema": 0.08357071483061074,
      "g_std_ema": 13.777525468943397
    },
    {
      "step": 247808,
      "ev_ema": 0.1420126741348147,
      "g_std_ema": 12.466407543556546
    },
    {
      "step": 268288,
      "ev_ema": 0.13162235133174727,