{
  "env": "HalfCheetah-v4",
  "agent": "Optimal_HCGAE_v6",
  "seed": 11,
  "config": {
    "hidden_dim": 256,
    "obs_norm": true,
    "adv_norm": true,
    "lr_anneal": true,
    "eval_mode": "deterministic_mean",
    "n_seeds": 12,
    "total_timesteps": 1000000
  },
  "total_steps": 1001472,
  "final_reward": 1861.768441467852,
  "max_reward": 1915.8813891638383,
  "best10_mean": 1861.768441467852,
  "eval_rewards": [
    -37.4149972893593,
    -89.53478189364482,
    291.64198140852284,
    508.2271012058669,
    1130.1332495454164,
    -274.83552828957664,
    -272.1582072508121,
    151.88879516656806,
    907.0700182258712,
    1252.7344970134855,
    1022.0535666655344,
    1407.8480947677426,
    1452.6455119098016,
    1572.1556865015166,
    1590.6887411049424,
    1584.6966916606773,
    1603.6283346045661,
    1640.716956748272,
    1646.3272547051408,
    1625.770199321733,
    1588.385887997351,
    1665.497614934801,
    1684.2630743736704,
    1709.3543912453545,
    1713.1539916455,
    1734.5467753421199,
    1714.5227853341585,
    1723.3360849811183,
    1738.3733558411677,
    1732.3102354137184,
    1738.5268739212574,
    1783.265636724232,
    1774.1083199833963,
    1791.2682425114076,
    1807.001879156412,
    1809.7353736362977,
    1815.5210563026617,
    1835.143955262742,
    1842.8003963480103,
    1848.0586449108591,
    1869.4372265848247,
    1842.6754426063085,
    1848.3394110202473,
    1835.9960449430957,
    1868.9553462463814,
    1861.4917279516435,
    1884.0487849033102,
    1915.8813891638383
  ],
  "eval_steps": [
    20480,
    40960,
    61440,
    81920,
    102400,
    122880,
    143360,
    163840,
    184320,
    204800,
    225280,
    245760,
    266240,
    286720,
    307200,
    327680,
    348160,
    368640,
    389120,
    409600,
    430080,
    450560,
    471040,
    491520,
    512000,
    532480,
    552960,
    573440,
    593920,
    614400,
    634880,
    655360,
    675840,
    696320,
    716800,
    737280,
    757760,
    778240,
    798720,
    819200,
    839680,
    860160,
    880640,
    901120,
    921600,
    942080,
    962560,
    983040
  ],
  "episode_rewards": [
    1738.8401071950523,
    1723.7205470528666,
    1657.992357050345,
    1699.9698280933244,
    1696.5580783085713,
    1665.1893300126744,
    1716.688619424009,
    1760.0075690321487,
    1692.5718012128489,
    1712.5852988384759,
    1662.317297632475,
    1696.9889555330956,
    1744.422394674954,
    1738.0403429950104,
    1771.7693540387781,
    1678.6697947497532,
    1648.8671407862153,
    1766.4660746136283,
    1651.285521313951,
    1752.041702488591,
    1682.6678402064163,
    1772.1678169451404,
    1672.709038591978,
    1749.819470185162,
    1746.6795618231547,
    1729.8757729642327,
    1655.7197995838596,
    1732.7670264757594,
    1733.726775956564,
    1702.4658369088083,
    1691.4715917630485,
    1689.533782547407,
    1698.8849443689573,
    1313.115007501678,
    1643.2848655618975,
    1769.3734875239902,
    1739.8874156341044,
    1769.5465583684822,
    1687.3400761532607,
    1656.2600765815093,
    1751.4448652574838,
    1667.824963295864,
    1695.7543056182556,
    1750.2594568744948,
    1675.990672927321,
    1725.3324993048109,
    1698.8924556575048,
    1713.0230819252638,
    1699.0274273057366,
    1751.9308026484468,
    1782.02280652596,
    1738.301342602033,
    1716.923721374731,
    1771.3343930061415,
    1721.767745741669,
    1689.3927630689159,
    1782.3749987079923,
    1688.4467978891971,
    1701.1174856890661,
    1689.9498638737036,
    1760.4628087048663,
    1759.6682559487988,
    1693.6164622847934,
    1742.4401360900445,
    1737.5906036035806,
    1767.5253353131977,
    1766.8451751781772,
    1736.2261018207985,
    1760.7724448983065,
    1761.603861124837,
    1746.3854783017919,
    1762.2041254510073,
    1724.8745879147486,
    1780.9086545881412,
    1758.9673034237821,
    1709.331107710985,
    1747.6156368528534,
    1798.9403706199855,
    1792.1938396223034,
    1743.6941672919227,
    1783.581416471949,
    1705.1402129052467,
    1734.9480308977077,
    1789.7508669342515,
    1718.0576201408671,
    1804.1437118044416,
    1660.9911082127906,
    1831.6193564708929,
    1808.4473152372555,
    1734.5982886614331,
    1756.630188247437,
    1753.7569313597542,
    1749.7537095540097,
    1732.7195921803736,
    1751.5084230481045,
    1689.5682791939253,
    1724.7434533467165,
    1762.2222790307126,
    1790.048575962486,
    1705.4187688657717,
    1753.2686943450317,
    1734.5292271599412,
    1738.2701349481354,
    1654.704598612202,
    1762.101280830198,
    1777.519409501733,
    1775.6396932151038,
    1718.9207229224835,
    1813.0464293917596,
    1778.2197268310697,
    1674.4673759926488,
    1731.2509216666451,
    1689.015064491493,
    1702.8412373207516,
    1760.6183171475475,
    1761.237128824403,
    1762.2776148863336,
    1750.376488385054,
    1795.9327479280391,
    1743.7766087778505,
    1741.5350778889442,
    1731.8825227746204,
    1741.38924229857,
    1737.301178811422,
    1775.6494228716288,
    1613.541140096668,
    1751.9412177644422,
    1620.8592858486081,
    1794.8404621991651,
    1754.4566368824962,
    1797.6795588424898,
    1746.1374811616697,
    1736.0642678120698,
    1813.1736800547521,
    1781.7874674306117,
    1803.74900488362,
    1830.9413019162143,
    1748.3758198735102,
    1763.6850493866004,
    1733.6695488719215,
    1810.4408047800073,
    1730.475152864743,
    1689.7486233797342,
    1740.3019768560582,
    1759.3416488680996,
    1713.2775684464577,
    1771.8520013841278,
    1703.8621317909653,
    1738.9243684413943,
    1813.5984717291296,
    1782.7259216180398,
    1774.961305315601,
    1753.9618889229037,
    1758.2551085889766,
    1789.0327378450422,
    1719.3693049758895,
    1782.1859782380893,
    1709.778592857086,
    1783.0356276539067,
    1764.6884517947078,
    1790.0691537430366,
    1725.7088673532655,
    1799.7045810263896,
    1717.7045273900305,
    1805.055123978178,
    1799.5555996374364,
    1755.5597598581778,
    1750.4850567078015,
    1758.6944562326817,
    1743.497049938049,
    1754.6246876190028,
    1820.4229769768504,
    1771.0448513544,
    1726.2679385928889,
    1735.3268178698013,
    1800.1296977076754,
    1788.3499302242456,
    1774.859500391283,
    1744.6949372052593,
    1803.5945030888424,
    1757.8345463742178,
    1857.3377472121538,
    1775.6259576326318,
    1744.3167299673232,
    1729.9247388279266,
    1773.0275050319253,
    1788.1091634169827,
    1689.1383322288016,
    1817.9652160700662,
    1805.8301796032042,
    1755.2738649193366,
    1757.7638548992531,
    1771.2877606201782,
    1728.1489540771788,
    1813.1542772362848,
    1762.4580568035572,
    1802.0177995651543,
    1798.5961041346247,
    1740.180809461409,
    1814.817891063759
  ],
  "elapsed_s": 553.5451989173889
}