{
  "env": "HalfCheetah-v4",
  "agent": "Optimal_HCGAE_v6",
  "seed": 7,
  "config": {
    "hidden_dim": 256,
    "obs_norm": true,
    "adv_norm": true,
    "lr_anneal": true,
    "eval_mode": "deterministic_mean",
    "n_seeds": 12,
    "total_timesteps": 1000000
  },
  "total_steps": 1001472,
  "final_reward": 1660.5808716618728,
  "max_reward": 1689.235469888567,
  "best10_mean": 1660.5808716618728,
  "eval_rewards": [
    -4.896832651174274,
    -4.840512669521526,
    -22.78485415299847,
    59.48236695137787,
    336.8470555616525,
    -216.82918206218042,
    -317.4419895644022,
    1092.0069861789736,
    1183.4999426647441,
    1251.7417339541437,
    1166.8971844774433,
    1338.4554791342466,
    1071.1496583340545,
    1368.7391992844887,
    1386.6117809152806,
    1419.3183656463566,
    1451.916610817233,
    1458.5541402239137,
    1462.4079077095828,
    1482.0702285081143,
    1474.1319571080594,
    1469.1659190909313,
    1513.7193456077641,
    1526.3670812195169,
    1508.089123559879,
    1528.4799483233387,
    1541.561484117572,
    1578.5628641249214,
    1581.6223481772818,
    1559.852705705443,
    1585.311664476006,
    1595.034306673273,
    1598.444884421559,
    1594.6548123686298,
    1610.12854901102,
    1605.8053743610249,
    1613.307551395448,
    1422.366242839604,
    1630.6349431004048,
    1628.4461216979594,
    1642.2190907017862,
    1646.323312639905,
    1657.291415342518,
    1672.0690120856084,
    1676.404868442953,
    1681.5097202771183,
    1681.6747624419072,
    1689.235469888567
  ],
  "eval_steps": [
    20480,
    40960,
    61440,
    81920,
    102400,
    122880,
    143360,
    163840,
    184320,
    204800,
    225280,
    245760,
    266240,
    286720,
    307200,
    327680,
    348160,
    368640,
    389120,
    409600,
    430080,
    450560,
    471040,
    491520,
    512000,
    532480,
    552960,
    573440,
    593920,
    614400,
    634880,
    655360,
    675840,
    696320,
    716800,
    737280,
    757760,
    778240,
    798720,
    819200,
    839680,
    860160,
    880640,
    901120,
    921600,
    942080,
    962560,
    983040
  ],
  "episode_rewards": [
    1455.1269594386338,
    1485.062989480953,
    1495.7017465085578,
    1518.5525177398079,
    1495.2651927115705,
    1494.2948844094178,
    1478.7852533572723,
    1479.878191587727,
    1539.305583610024,
    1456.7385880837635,
    1508.884433294471,
    1480.2483907614248,
    1544.8401430116294,
    1484.829548692389,
    1487.1050491524663,
    1476.3391880415522,
    1459.778699496958,
    1445.6228112858757,
    1540.0277695707578,
    1488.176618839793,
    1506.4846563669548,
    1527.9077019411266,
    -467.5280446103269,
    1451.3517371545017,
    1541.0179189650726,
    1521.2603146469648,
    1436.273066295993,
    1480.9214890738765,
    1502.1893097235047,
    1528.417134418122,
    1490.4374205145446,
    1535.1032822621773,
    1499.0845900120787,
    1432.775504378804,
    1463.6492158316976,
    1546.6631580084556,
    1526.0630028481546,
    1502.235221407789,
    1510.1447437564825,
    1527.6606995260283,
    1579.420802909756,
    1507.305554245019,
    1523.1361935780599,
    1453.1750948470778,
    1485.0395316438673,
    1447.4393322220037,
    1492.9698227846577,
    1574.1032781375993,
    1536.46493790294,
    1567.0939536607734,
    1466.6918580200174,
    1473.2897273084006,
    1483.7409750263464,
    1458.0421994758913,
    1466.7884159391645,
    1479.5571161342748,
    1505.0473212275765,
    1495.8868044551014,
    1493.644563081895,
    1493.9596351768998,
    1540.1480720213046,
    1543.3549355827445,
    1549.9278640506222,
    1509.8946040910082,
    1490.5992119771242,
    1518.3349188376324,
    1522.116903282084,
    1495.8772992946833,
    1536.2721201921443,
    1518.3741130822243,
    1522.7585460271673,
    1517.2938896210505,
    1516.965951844621,
    1531.455997889434,
    1485.2078697227232,
    1506.6604336012315,
    1528.859145223463,
    1528.152093584243,
    1537.8250227772546,
    1518.8109804523742,
    1566.0884763689214,
    1565.3101973760658,
    1583.6440485090395,
    1465.9822075379068,
    1520.6362329154395,
    1536.6833386082099,
    1528.8619453964568,
    1476.4426478462394,
    1507.8423536393952,
    1493.8759356984422,
    1499.0470597076746,
    1556.7754522330945,
    1486.9289577571026,
    1558.3162462915027,
    1545.5895066022924,
    1567.0178698270663,
    1538.010641277859,
    1520.0581379486075,
    1494.766951507411,
    1544.5241510579294,
    1504.9982308917804,
    1506.3697644712245,
    1569.476310089543,
    1546.5512033839275,
    1505.9807900671374,
    1538.2580040850635,
    1531.1848479710256,
    1542.0720499467704,
    1555.229672589104,
    1578.9041722734696,
    1560.6629919631573,
    1545.1380153452901,
    1539.7740101170732,
    1486.5966345348056,
    1546.9658085820058,
    1539.0483890994817,
    1552.4331434499156,
    1596.9800234518,
    1556.0891323826113,
    1537.2061789679974,
    1538.1886961576008,
    1590.2038517598473,
    1478.999748126119,
    1538.624604135501,
    1571.0055913454473,
    1541.5040550129136,
    1526.0935599943364,
    1549.3619604889886,
    1531.7415861420486,
    1518.4347475756338,
    1562.5304211326377,
    1554.7404347354989,
    1564.1413636215689,
    1537.547601787951,
    1582.7869320520751,
    1534.7025725420867,
    1554.0357919721641,
    1541.6880976641007,
    1554.7963731281095,
    1572.110748013037,
    1566.706842932033,
    1515.4535935282845,
    1502.3113103293408,
    1581.3212667351243,
    1524.9003180320803,
    1577.428252748424,
    1554.772653274855,
    1592.5956500424402,
    1555.1454039426021,
    -438.61964093071487,
    1559.0983694519998,
    1545.6330917771556,
    1565.3630416502342,
    1529.2798233402875,
    1495.134906253271,
    1570.9011095067854,
    1566.018935551777,
    1531.0351526107474,
    1541.177496016667,
    1544.4270732772873,
    1570.4501841040287,
    1555.1007966721397,
    1574.7141572862763,
    1531.9199858995464,
    1514.9172665808574,
    1509.381072872009,
    1618.923888753405,
    1583.6196755378903,
    1613.14457200584,
    1547.4285373218304,
    1550.5539550076703,
    1568.2064335025923,
    1506.954374595322,
    1522.742707593185,
    1558.5345369737895,
    1523.6575290635633,
    1556.4975163241136,
    1600.2790381561495,
    1557.9371318607418,
    1564.7192343938332,
    1517.6474335836497,
    1543.9827125356417,
    1571.494186153316,
    1560.9720910910446,
    1571.6118861721345,
    1543.651804842014,
    1596.0500509299818,
    1524.6109616367842,
    1542.4993613402444,
    1576.2146511657606,
    1533.9600492612444,
    1593.3919945322698,
    1614.8250212110183,
    1534.7162548213294,
    1578.421139939851,
    1576.6389425646819,
    1589.7510751807897,
    1554.1145606752145,
    1560.2384902765443,
    -424.15321008671106
  ],
  "elapsed_s": 469.60939288139343
}