{
  "env": "HalfCheetah-v4",
  "agent": "Optimal_HCGAE_v6",
  "seed": 4,
  "config": {
    "hidden_dim": 256,
    "obs_norm": true,
    "adv_norm": true,
    "lr_anneal": true,
    "eval_mode": "deterministic_mean",
    "n_seeds": 12,
    "total_timesteps": 1000000
  },
  "total_steps": 1001472,
  "final_reward": 1674.6354593372312,
  "max_reward": 1707.0358595647383,
  "best10_mean": 1674.6354593372312,
  "eval_rewards": [
    -1.0223985666996662,
    -8.103728714327811,
    -44.90824868188482,
    315.8842599344203,
    361.8778555855888,
    916.2656279070941,
    971.5690501779291,
    1071.4575331734068,
    1126.8505901078008,
    1228.8295742089365,
    1275.2127391020992,
    1322.3665802853436,
    1315.824198565942,
    1399.0673556517381,
    1448.5008408630526,
    1442.583547308217,
    1415.1217042503235,
    1423.7063627738823,
    1386.5901829854404,
    1434.2400731713617,
    1463.452707958676,
    1447.7329946619434,
    1467.8892055137205,
    1462.9881216713795,
    1495.3554281357583,
    1518.1771110406219,
    1521.3656167131257,
    1504.2135695339632,
    1435.9148184881556,
    1488.1418351572388,
    1522.724382224657,
    1523.4780915372144,
    1613.1921140647014,
    1615.1063054142037,
    1622.9382792009217,
    1621.3568943745863,
    1623.8433219709418,
    1619.8959851849881,
    1655.1273230145566,
    1651.029879477283,
    1676.6874755081546,
    1661.4346864867239,
    1669.4662245635857,
    1665.8874978586173,
    1678.5455014157378,
    1688.5045615044146,
    1692.6355839784999,
    1707.0358595647383
  ],
  "eval_steps": [
    20480,
    40960,
    61440,
    81920,
    102400,
    122880,
    143360,
    163840,
    184320,
    204800,
    225280,
    245760,
    266240,
    286720,
    307200,
    327680,
    348160,
    368640,
    389120,
    409600,
    430080,
    450560,
    471040,
    491520,
    512000,
    532480,
    552960,
    573440,
    593920,
    614400,
    634880,
    655360,
    675840,
    696320,
    716800,
    737280,
    757760,
    778240,
    798720,
    819200,
    839680,
    860160,
    880640,
    901120,
    921600,
    942080,
    962560,
    983040
  ],
  "episode_rewards": [
    1530.5723392734346,
    1477.3931350780072,
    1476.040880007746,
    1518.9027652044585,
    1515.0584340959904,
    1491.4730236677058,
    1534.5257865698838,
    1549.4140371062879,
    1516.6951642069164,
    1491.0228052366597,
    1545.7548946862782,
    1576.468231931743,
    1543.9218247212182,
    1508.414261186028,
    1482.489768834291,
    1549.4110757147903,
    1528.2412757204113,
    1531.5807871199331,
    1525.1486853755966,
    1508.3785118489213,
    1494.6130963351825,
    1491.897071887382,
    1511.1153495554465,
    1498.5180854950424,
    1569.019055457634,
    1580.4250661304932,
    1518.6207175377624,
    1518.9639365765404,
    1548.6108344179213,
    1600.8231492230154,
    1518.9505878422788,
    1478.0490234696379,
    1507.2492010229812,
    1549.9420182973454,
    1534.9646364753614,
    1570.2366669005003,
    1505.359320590084,
    1593.545538481957,
    1513.1357043993971,
    1547.2584817084787,
    1538.0657654712652,
    1514.1464661862371,
    1563.8993323207335,
    1581.6220287195501,
    1526.1913967881214,
    1557.7457793771887,
    1547.9996926850774,
    1494.996377468599,
    1581.5113596489257,
    1558.9145199384284,
    1553.024042189302,
    1512.052013413943,
    1540.0739069893134,
    1606.3219984719337,
    1588.9092249133146,
    1553.5181042738277,
    1595.1047124613724,
    1538.3122333166118,
    1507.2167351520054,
    1551.615577974055,
    1542.4683456261744,
    1556.0573277323047,
    1582.4310259709473,
    1557.9978431173095,
    1474.1672025609091,
    1516.8444800183622,
    1537.980832843871,
    1517.8101156148127,
    1529.0214592402929,
    1562.4584705717787,
    1559.902649974279,
    1580.4212485830726,
    1523.488863011125,
    1552.2725237399775,
    1601.1783626597694,
    1591.3921150190247,
    1519.172307123845,
    1535.541941512763,
    1569.7688592656011,
    1564.3710400999598,
    1629.750839981121,
    1577.4013270971477,
    1565.1151975190169,
    1585.8833846970253,
    1585.8626501030496,
    1526.7834603871256,
    1598.8040208871737,
    1548.5945611587422,
    1564.655265677647,
    1540.252207423015,
    1520.5239313726256,
    1534.9568460079547,
    1544.1240630818363,
    1596.213493570274,
    1547.7416726602921,
    1528.7028816580348,
    1576.5752809276582,
    1556.1310264611286,
    1551.6497976728201,
    1569.676873275209,
    1486.7165447795303,
    1590.613159849759,
    1550.5246016448825,
    1544.2884572886624,
    1535.162346404926,
    1536.3542260297666,
    1570.8586593839545,
    1623.04458338687,
    1543.912273549015,
    1582.3328993124305,
    1560.4492665649072,
    1565.217017862757,
    1531.1217673085418,
    1606.558257371959,
    1547.470884043705,
    1527.33206816022,
    1591.994682592906,
    1497.8433713934203,
    1606.0725219827473,
    1561.8986141625562,
    1584.834904062173,
    1516.4965011409197,
    1544.0214769769352,
    1557.0363077390882,
    1583.7897452555742,
    1584.12735186098,
    1578.7796801328209,
    1527.6927101045583,
    1596.3904516828868,
    1580.953761239604,
    1579.6858750125143,
    1526.3550302419098,
    1535.3904413236799,
    1547.1058858273695,
    1503.8669627742563,
    1537.358929344257,
    1576.6593174799798,
    1543.7904262540947,
    1593.247827109767,
    1568.298486980304,
    1529.0186498430576,
    1540.0213511024535,
    1606.1195945283805,
    1596.75317728669,
    1583.7131991707774,
    1548.2919350640884,
    1601.5628697212685,
    1561.808335440652,
    1625.6928857260582,
    1589.6111680353677,
    1578.9499089714516,
    1539.1775766783785,
    1598.319424263917,
    1553.731561827054,
    1597.507169902931,
    1601.6997709039106,
    1584.0558906657657,
    1557.0773188867329,
    1584.9150134235442,
    1578.4686532587878,
    1547.9296993951566,
    1593.353084077037,
    1612.1102244213102,
    1583.235265158952,
    1582.2890902565928,
    1599.504964369796,
    1556.1034508251978,
    1604.3219061678917,
    1532.7909320596557,
    1576.9473547383411,
    1555.258315204292,
    1540.228881960669,
    1592.9710147161172,
    1598.0203918178609,
    1538.7329402474134,
    1540.7666520017556,
    1542.8545903051756,
    1573.4334777749032,
    1554.5975628379754,
    1560.8665138221274,
    1605.4580138614776,
    1482.8558120385455,
    1542.110383646715,
    1630.678045260344,
    1572.8557477277366,
    1595.4942010965515,
    1594.3137291167943,
    1585.3125797557657,
    1604.3759328639892,
    1587.12463689121,
    1635.249415990363,
    1614.1086558312888,
    1575.417027655161,
    1564.0835534060334,
    1552.567935956058,
    1567.5292589748212,
    1578.5420891445121,
    1598.92673020054,
    1532.304328961834,
    1591.02099158709
  ],
  "elapsed_s": 486.0340950489044
}