{
  "env": "HalfCheetah-v4",
  "agent": "Optimal_HCGAE_v6",
  "seed": 10,
  "config": {
    "hidden_dim": 256,
    "obs_norm": true,
    "adv_norm": true,
    "lr_anneal": true,
    "eval_mode": "deterministic_mean",
    "n_seeds": 12,
    "total_timesteps": 1000000
  },
  "total_steps": 1001472,
  "final_reward": 1964.0226014344885,
  "max_reward": 2001.0494151503785,
  "best10_mean": 1964.0226014344885,
  "eval_rewards": [
    -5.74702330176803,
    94.39162433270758,
    459.25572317680525,
    213.71715976171754,
    -217.90128341989666,
    1029.0807425787848,
    1183.0178408309373,
    1300.3441202626193,
    1345.0760402836709,
    1388.982198060555,
    1467.9114424850418,
    1471.7380914626506,
    1488.7824662090698,
    1567.8241457275176,
    1552.515729472595,
    1588.2218985041377,
    1660.0121890547703,
    1649.8596830459355,
    1616.4813432582619,
    1643.6218891242854,
    1666.487433140929,
    1691.320590179535,
    1727.251662326189,
    1730.0543417159843,
    1777.6892367678618,
    1783.8306319367498,
    1796.47142279828,
    1766.6213060459002,
    1777.074484100101,
    1783.9803885161396,
    1821.077295381606,
    1855.0197815286035,
    1863.7394800097736,
    1859.3970411419705,
    1907.832828065316,
    1908.3460736730806,
    1911.0212526823666,
    1887.5977869531216,
    1918.9011338896416,
    1924.9746027056785,
    1958.36417458575,
    1955.3897818194014,
    1965.8749824125298,
    1972.1468101254432,
    1989.1992284135624,
    1967.9461988177286,
    2001.0494151503785,
    1986.379686424771
  ],
  "eval_steps": [
    20480,
    40960,
    61440,
    81920,
    102400,
    122880,
    143360,
    163840,
    184320,
    204800,
    225280,
    245760,
    266240,
    286720,
    307200,
    327680,
    348160,
    368640,
    389120,
    409600,
    430080,
    450560,
    471040,
    491520,
    512000,
    532480,
    552960,
    573440,
    593920,
    614400,
    634880,
    655360,
    675840,
    696320,
    716800,
    737280,
    757760,
    778240,
    798720,
    819200,
    839680,
    860160,
    880640,
    901120,
    921600,
    942080,
    962560,
    983040
  ],
  "episode_rewards": [
    1746.6330577704475,
    1700.1247268994882,
    1785.8210100294154,
    1754.9749094442127,
    1797.7942995287885,
    1748.5405604559608,
    1777.1439813852842,
    1710.5690898526673,
    1768.0699103142456,
    1716.3133479749192,
    1729.9283733730044,
    1774.489473314027,
    1778.146483475546,
    1792.1513315124303,
    1772.324372535649,
    1825.5683278417023,
    1732.9523914123238,
    1731.5035235944795,
    1730.4900632634062,
    1786.1903420427877,
    1745.8356383161943,
    1723.5674165260184,
    1790.0326726004128,
    1781.2677769195323,
    1744.3740728526234,
    1755.5288905248983,
    1721.7546696742284,
    1729.3557685330115,
    1781.6430719395194,
    1796.6990542971032,
    1818.9044414964683,
    1785.390701413479,
    1844.3086036356435,
    1786.361358729082,
    1801.939053647773,
    1776.4053261195493,
    1751.024099191862,
    1799.6433510078932,
    1742.3344492829133,
    1792.2987109916185,
    1775.3510801955447,
    1781.1258057638363,
    1792.9066117980442,
    1756.9283011263806,
    1793.8956247651442,
    1755.0443173040067,
    1751.1826491994289,
    1795.0087959204063,
    1825.7888845140983,
    1859.8186246629625,
    1729.909130960486,
    1772.1932075390782,
    1741.1486844760925,
    1808.4219127609708,
    1762.4863078624833,
    1778.9995474233774,
    1783.1559181159025,
    1819.5213910904279,
    1761.2254126778348,
    1815.954506704511,
    1812.9175115586456,
    1763.6017123903355,
    1773.075849630239,
    1742.8243374438712,
    1805.4663925399666,
    1768.69674957108,
    1822.43410911503,
    1825.803641319255,
    1764.2324074802016,
    1785.7408414699096,
    1799.376093469642,
    1791.470061893199,
    1855.8643121956231,
    1805.6461187200548,
    1796.9661461079352,
    1847.7926905271236,
    1805.6049176811598,
    1747.7328913745698,
    1846.5859267981482,
    1837.292729070437,
    1783.4397927818748,
    1803.533539803998,
    1810.0373073699304,
    1834.8641383920803,
    1849.0773875325715,
    1767.1269020050217,
    1805.2131498124745,
    1749.2463493573462,
    1771.7995502569238,
    1792.3626123814013,
    1815.0307224422563,
    1799.2598090635224,
    1828.558399314313,
    1787.980457562527,
    1764.390764740256,
    1836.480677583244,
    1809.485342485393,
    1756.442765309732,
    1809.1804999797469,
    1822.5228608820462,
    1819.3679058079495,
    1791.9231283890408,
    1789.6300120793524,
    1775.4587798722534,
    1791.6865174478562,
    1823.701117643704,
    1721.2174328442006,
    1754.3725921826053,
    1777.6347516043922,
    1779.7423537882255,
    1829.797847910736,
    1776.6317425058603,
    1777.1889888983296,
    1831.5963448740915,
    1809.1648849684766,
    1790.521900724508,
    1789.4902080343245,
    1834.5057859770811,
    1786.079180808102,
    1776.1806715431758,
    1795.0681913894189,
    1837.6205506113236,
    1788.7966103558492,
    1802.795624814671,
    1756.0835668434581,
    1763.5696194221773,
    1823.3770084729797,
    1834.1288441376175,
    1897.7794797389001,
    1809.815176059394,
    1835.6261238038287,
    1812.1188132085701,
    1851.4086979352105,
    1791.6957084120568,
    1851.0995532508541,
    1828.470338452872,
    1812.0733835934207,
    1837.690228474243,
    1772.1859832381988,
    1776.8642022756849,
    1832.6408451480545,
    1791.6271528442117,
    1830.0565299829486,
    1801.5584178728986,
    1785.9696106123517,
    1792.963779636601,
    1824.0684660528693,
    1849.9420960973289,
    1793.521342426581,
    1781.5701391035943,
    1835.2564530783068,
    1788.3737408129157,
    1845.4756523832302,
    1819.9492032399667,
    1803.6625542120073,
    1836.8240225946654,
    1855.4436211209245,
    1795.9393288577867,
    1901.279743763449,
    1872.4357788494196,
    1857.745298116895,
    1811.8684420337572,
    1756.3513245148533,
    1841.1720612202407,
    1856.0874173229768,
    1761.1070050073554,
    1858.8588448239193,
    1802.7934392647753,
    1833.8158235112699,
    1802.266978817554,
    1830.7968659082649,
    1883.959515857081,
    1856.444130326221,
    1801.9891706734559,
    1754.9468326924607,
    1865.8803511567203,
    1797.2819749654668,
    1772.288692431665,
    1826.9585945143967,
    1825.0126315395785,
    1778.4808740931207,
    1565.563127990322,
    1815.058392783878,
    1852.365018851465,
    1775.2694046059491,
    1894.8772541995975,
    1759.77834265605,
    1802.282487722816,
    1747.4125077255146,
    1803.5399817441391,
    1814.6460523123028,
    1863.8117817213667,
    1914.996247812688,
    1787.2417764778438,
    1796.7734433735977,
    1814.351092701649,
    1838.2515816789594,
    1826.2541680344254,
    1800.0155435478587,
    1852.5404811361036
  ],
  "elapsed_s": 528.8782649040222
}