{
  "env": "HalfCheetah-v4",
  "agent": "Optimal_PPO",
  "seed": 4,
  "config": {
    "hidden_dim": 256,
    "lr": 0.0003,
    "gamma": 0.99,
    "lam": 0.95,
    "eps_clip": 0.2,
    "n_epochs": 10,
    "batch_size": 64,
    "n_steps": 2048,
    "ent_coef": 0.0,
    "vf_coef": 0.5,
    "max_grad_norm": 0.5,
    "use_obs_norm": true,
    "use_adv_norm": true,
    "use_lr_anneal": true,
    "total_timesteps": 1000000,
    "eval_freq": 20480,
    "n_eval_episodes": 10,
    "eval_mode": "deterministic_mean",
    "scr_ema_alpha": null,
    "clip_c": null,
    "use_dcppo_s": false,
    "dcppo_w_min": 0.1
  },
  "total_steps": 1001472,
  "elapsed_s": 2851.535430908203,
  "final_reward": 1891.0895080094458,
  "max_reward": 1923.8823019387467,
  "eval_rewards": [
    0.07740205877241692,
    -8.402529574557093,
    -11.923555221667076,
    -181.41717375325544,
    -33.07466113945897,
    841.3523386818064,
    1202.3597872748815,
    1269.2270226987089,
    1278.6511820121061,
    1424.432597682015,
    1419.9171978110294,
    1396.7224587097357,
    1430.2195377683397,
    1432.8662127760203,
    1489.6132057255031,
    1493.0381448934688,
    1278.113337280036,
    1434.44912806404,
    1494.6896117314966,
    1516.546050900667,
    1577.481989063869,
    1591.6150582123128,
    1643.4028754755032,
    1662.7381921227272,
    1678.6354378434105,
    1675.9504118164666,
    1687.589067153624,
    1734.6119779845667,
    1732.169174597053,
    1733.6712459558996,
    1757.6867701512238,
    1735.1004073037893,
    1765.7019174008587,
    1749.1323832385763,
    1773.045008725459,
    1802.4873962947827,
    1791.850324696409,
    1822.002884862925,
    1819.3627763904667,
    1845.971525807391,
    1836.0290313073315,
    1889.9502004499032,
    1890.8144021371882,
    1899.6271676013948,
    1912.1896363171315,
    1909.781239854384,
    1894.2637103656402,
    1923.8823019387467,
    1908.3858643153483
  ],
  "eval_steps": [
    2048,
    22528,
    43008,
    63488,
    83968,
    104448,
    124928,
    145408,
    165888,
    186368,
    206848,
    227328,
    247808,
    268288,
    288768,
    309248,
    329728,
    350208,
    370688,
    391168,
    411648,
    432128,
    452608,
    473088,
    493568,
    514048,
    534528,
    555008,
    575488,
    595968,
    616448,
    636928,
    657408,
    677888,
    698368,
    718848,
    739328,
    759808,
    780288,
    800768,
    821248,
    841728,
    862208,
    882688,
    903168,
    923648,
    944128,
    964608,
    985088
  ],
  "episode_rewards": [
    1706.9012657357378,
    1745.91529561339,
    1715.0899401985707,
    1644.3122843970364,
    1671.0469734115622,
    1718.3530630901464,
    1750.7559439760184,
    1660.33128492029,
    1663.7294878213092,
    1686.20731772813,
    1694.818992414235,
    1695.1702223622717,
    1697.5612162097573,
    1647.2355574969386,
    1691.584343168116,
    1687.5708843128677,
    1707.8626580342693,
    1728.6496623713413,
    1698.011094288989,
    1668.8650044345723,
    1661.179663111366,
    1711.8237966614297,
    1714.9324401794372,
    1681.4573138898368,
    1716.3409780191314,
    1752.9506395224143,
    1651.1324391334088,
    1710.6091365638229,
    1716.0991032817105,
    1721.7237665514097,
    1727.303500422974,
    1736.1286487754096,
    1659.931775940792,
    1724.203177237815,
    1637.3747080452554,
    1674.9227114109194,
    1721.8663814231281,
    1716.9632425278508,
    1762.2822609577781,
    1725.3193580704296,
    1737.4094542243386,
    1752.7004065259798,
    1754.2049572504936,
    1712.4074852159058,
    1720.6856108243671,
    1692.4953425491542,
    1696.0502645921988,
    1690.8686818161987,
    1735.736530708422,
    1735.1454496849879,
    1708.7166010914318,
    1695.0150216777383,
    1696.719316584014,
    1708.7267012262105,
    1716.8793106457604,
    1757.9451040411996,
    1756.2774756234517,
    1678.6481193989353,
    1744.2266745376405,
    1726.1344939388755,
    1726.3889651926384,
    1752.2426069449684,
    1782.8045485300452,
    1710.2994409390337,
    1736.2510379970647,
    1694.6946446669665,
    1761.346180352926,
    1711.7607885616767,
    1746.6208557366028,
    1671.4277855262098,
    1729.386532126198,
    1764.3627897699726,
    1760.244516888857,
    1767.2350124307757,
    1794.5503140501903,
    1702.165632922367,
    1746.4891298580144,
    1707.1078237227036,
    1729.0840627668995,
    1707.6901411026379,
    1681.6714667344268,
    1693.2969136270412,
    1650.551247769742,
    1685.68056157669,
    1692.634242238502,
    1710.9010503358054,
    1775.3167699796097,
    1747.5489805379384,
    1730.6984149206564,
    1771.9795476989214,
    1698.1497967936318,
    1709.1942500547952,
    1696.8429074568178,
    1730.0248075042834,
    1725.3116749611486,
    1732.030045747079,
    1762.1356190994406,
    1754.2421646946102,
    1672.7820028523006,
    1753.184659691128,
    1751.7975503309508,
    1756.8358338235923,
    1740.244208058339,
    1752.4542578794983,
    1751.7027410915923,
    1730.9667003891677,
    1730.4114401581296,
    1718.053562206218,
    1745.8709051837523,
    1696.1936802662324,
    1707.7812680295833,
    1792.5115449860173,
    1740.5439897446352,
    1758.7950000239573,
    1771.9151168893559,
    1772.1200590877231,
    1731.8351175217474,
    1759.7999775670653,
    1715.5785049002345,
    1738.8278641454945,
    1705.4514724793437,
    1757.5771980192278,
    1753.0428929900702,
    1781.990704820734,
    1743.9971649850627,
    1759.7512311829078,
    1747.0485781166892,
    1701.8042217311774,
    1716.8774444434282,
    1777.9115175025584,
    1750.3227735174164,
    1717.366271084937,
    1695.4981138114094,
    1712.3844377420892,
    1719.8612986770895,
    1722.1120623500728,
    1763.7991244082623,
    1726.6436285050038,
    1708.5261023654425,
    1717.6670766399072,
    1786.7876998444278,
    1743.799179567981,
    1785.9922922809826,
    1717.823461420527,
    1727.1952987515347,
    1707.3862785790768,
    1732.9992645346856,
    1743.1908512125524,
    1735.0491171121912,
    1742.4606247676995,
    1760.8293215897588,
    1707.0692200882822,
    1745.3539840739486,
    1712.3934617869381,
    1670.2312917543118,
    1744.3710360222601,
    1727.8603055509614,
    1731.9192510494227,
    1746.4335364869617,
    1703.549061164541,
    1711.0168927662046,
    1731.0975241550468,
    1751.375646977199,
    1749.8999153889513,
    1514.2002655911501,
    1733.1745528343818,
    1703.1429812782076,
    1741.5861503455303,
    1748.0685815547104,
    1746.5318117167556,
    1747.4161561305573,
    1750.9891508813976,
    1716.1947183466448,
    1762.365071016397,
    1734.8861643231628,
    1718.0002692029823,
    1714.406435307678,
    1692.2849152798642,
    1749.0880663110024,
    1756.7725955665715,
    1732.408184621114,
    1707.96521702656,
    1736.299040250144,
    1719.0539468517459,
    1761.5613875363265,
    1738.1325950234077,
    1781.9725875246709,
    1789.3795574518247,
    1698.1956511688668,
    1751.788019928009,
    1760.109011275595,
    1762.2916652031915,
    1757.893096746005,
    1730.3333160073853,
    1737.0356913963935,
    1744.5232525249535,
    1757.9569385567904,
    1778.41034828783,
    1740.0286813037744,
    1783.8714278719976
  ],
  "bhvf_diagnostics": []
}