{
  "env": "HalfCheetah-v4",
  "agent": "Optimal_PPO",
  "seed": 9,
  "config": {
    "hidden_dim": 256,
    "lr": 0.0003,
    "gamma": 0.99,
    "lam": 0.95,
    "eps_clip": 0.2,
    "n_epochs": 10,
    "batch_size": 64,
    "n_steps": 2048,
    "ent_coef": 0.0,
    "vf_coef": 0.5,
    "max_grad_norm": 0.5,
    "use_obs_norm": true,
    "use_adv_norm": true,
    "use_lr_anneal": true,
    "total_timesteps": 1000000,
    "eval_freq": 20480,
    "n_eval_episodes": 10,
    "eval_mode": "deterministic_mean",
    "scr_ema_alpha": null,
    "clip_c": null,
    "use_dcppo_s": false,
    "dcppo_w_min": 0.1
  },
  "total_steps": 1001472,
  "elapsed_s": 2444.0068459510803,
  "final_reward": 4612.492105225753,
  "max_reward": 4756.317506160426,
  "eval_rewards": [
    -0.8915551402927069,
    -17.106914195874225,
    -41.5440933561655,
    -35.138882292131356,
    -61.198336761386955,
    102.61019687553167,
    1055.1956825521706,
    1607.2792836187477,
    1779.7334052780345,
    2011.6016606260243,
    2123.735085958325,
    2447.9033989663335,
    2390.407010387972,
    2618.9651294013247,
    2947.440264666279,
    3019.678888273083,
    2881.4085854831656,
    3278.340769806706,
    3394.7667905867747,
    3550.8389170305163,
    3584.644279827478,
    3623.109208736548,
    3815.455697437565,
    3626.1486687635893,
    4014.6043263636493,
    4028.5016649132485,
    4140.531770084327,
    4176.170233995625,
    4180.808777325541,
    4222.874589474944,
    4294.472260565088,
    4352.561077247263,
    4431.344555420066,
    4357.267100520807,
    4447.378710162905,
    4518.976407114057,
    4594.827159424973,
    4616.777972325879,
    4569.641024999613,
    4585.427383457078,
    4582.0588976822855,
    4332.262917227736,
    4647.242086374883,
    4642.736276721692,
    4756.317506160426,
    4612.903645956977,
    4664.473189248443,
    4672.167926311278,
    4629.331223116738
  ],
  "eval_steps": [
    2048,
    22528,
    43008,
    63488,
    83968,
    104448,
    124928,
    145408,
    165888,
    186368,
    206848,
    227328,
    247808,
    268288,
    288768,
    309248,
    329728,
    350208,
    370688,
    391168,
    411648,
    432128,
    452608,
    473088,
    493568,
    514048,
    534528,
    555008,
    575488,
    595968,
    616448,
    636928,
    657408,
    677888,
    698368,
    718848,
    739328,
    759808,
    780288,
    800768,
    821248,
    841728,
    862208,
    882688,
    903168,
    923648,
    944128,
    964608,
    985088
  ],
  "episode_rewards": [
    3980.1291942533426,
    3254.5516517498518,
    3802.211606807027,
    3945.8365544917697,
    4094.5310804140827,
    3975.837987170286,
    4071.6787969032407,
    3988.4339579787365,
    3041.765747429263,
    3715.2576768467134,
    4153.121952576154,
    4028.4780874236376,
    4161.226618839207,
    4080.2320801080687,
    3410.644694604339,
    4157.769529675371,
    4125.084379519427,
    3928.673721253667,
    2709.2226100886837,
    4046.440117676854,
    3963.2641053756333,
    4146.612571623936,
    4136.363205328333,
    4110.03833104237,
    3896.5559188128573,
    4227.011722556764,
    4209.15829646285,
    4114.389774458874,
    4112.991820778138,
    4080.9373555291872,
    4244.555788261172,
    4129.893386300139,
    4053.454435663097,
    3922.964265253753,
    4242.794825441362,
    3953.3759322026644,
    4178.745595189043,
    4037.170219844794,
    3787.4678112398747,
    3858.14466222461,
    3785.8657432486434,
    3920.15958766546,
    4223.366114169319,
    4139.983350727437,
    4254.998813648552,
    4244.589586152824,
    4083.238104671258,
    4250.109309994161,
    2624.993702112492,
    4067.542868187058,
    4064.404515024828,
    3987.712147206136,
    3984.0925809920946,
    4122.965121887864,
    4259.525079390832,
    4206.6744692971515,
    4152.717051773125,
    3891.6160045933107,
    1068.4300059753496,
    4153.243183679435,
    4043.1675004405515,
    4194.463972916663,
    4059.2138578337976,
    4171.274411070288,
    1266.9463741910201,
    4219.4566239275455,
    4197.992481330782,
    4224.567890830859,
    4089.8504045698337,
    4130.44658080226,
    4139.076703641912,
    4098.8036138853,
    4232.636572157187,
    4204.005940480425,
    4317.459313891441,
    4053.867935909417,
    4338.694630485333,
    4085.7866014651786,
    4181.538478548742,
    3282.2268380847217,
    4100.326985581876,
    4132.311198697066,
    4081.475499422543,
    4223.132138154826,
    4327.028505742303,
    4187.997608834952,
    3938.810129744996,
    4276.32710479427,
    4008.492350959815,
    4323.800747748723,
    1465.4231396669522,
    4019.027464100897,
    4333.736411328649,
    4266.589110173454,
    3856.5479724208244,
    4079.0665511286948,
    4173.124247918853,
    4133.412991606592,
    4050.1631054163377,
    4109.053355823009,
    4055.6142916692547,
    2919.100645750853,
    4242.200908557066,
    4317.733030866975,
    4223.821151719212,
    1744.5972729697626,
    4080.5407948257302,
    4198.5924968291065,
    2238.4569398968856,
    422.15594436770846,
    1229.630557077761,
    4163.74247106249,
    4185.0935696555625,
    4039.5788892976543,
    4185.462022271311,
    4081.593783681793,
    3452.2770584211835,
    4324.003931218783,
    4329.819868605232,
    4186.151485633638,
    4295.884657077507,
    4155.945218354216,
    4120.014347346761,
    2092.331028901736,
    4260.775696733692,
    3982.6144977288873,
    3817.6717626102,
    4152.2879401816845,
    4187.985278517948,
    4028.428241702574,
    4104.071084966871,
    960.6281912278598,
    2371.1515140789224,
    998.0627566617968,
    4222.685549432384,
    1658.562074623232,
    4217.295654309048,
    4254.9532959177495,
    4081.403091721478,
    4236.141957187939,
    4186.847007611289,
    4206.902996833791,
    4231.497310700209,
    4039.3550058258884,
    3911.236434624123,
    4322.351536655111,
    4104.572543506111,
    4256.212631439757,
    3974.4467762379672,
    3438.9943460170716,
    3768.503181873879,
    2164.1280562015527,
    4261.414395170117,
    3981.933504051136,
    4157.560685506495,
    4226.123453308031,
    4232.082449274505,
    4149.0268331775815,
    4100.372557043289,
    4484.744124751151,
    4170.627780712359,
    4100.064971868813,
    2370.420437722106,
    4355.296639863252,
    4312.791204885326,
    4333.759008656072,
    4147.448909535639,
    4263.393805306219,
    4141.503531530858,
    2372.9553940058677,
    4165.404590139083,
    4288.922861385019,
    4271.106733751712,
    4328.146130517111,
    4186.076228932255,
    2415.4062488265786,
    4125.233066418919,
    4190.852446730771,
    4075.1301223883215,
    4013.8434567584472,
    3908.3033152252833,
    4181.6462683551845,
    3682.594754542534,
    4078.6637648720816,
    4133.90403962167,
    4110.380422082498,
    4182.140144556368,
    2579.167140343147,
    4057.1984085290555,
    4233.891587194675,
    4282.068463446051,
    4189.79289301244,
    4188.570617358765,
    4263.781743942682,
    439.69900141319454,
    1251.6804561508484,
    4409.910398599837,
    4323.215952722346,
    4111.690729223087,
    1612.0845013437797
  ],
  "bhvf_diagnostics": []
}