{
  "env": "HalfCheetah-v4",
  "agent": "Optimal_PPO",
  "seed": 0,
  "config": {
    "hidden_dim": 256,
    "lr": 0.0003,
    "gamma": 0.99,
    "lam": 0.95,
    "eps_clip": 0.2,
    "n_epochs": 10,
    "batch_size": 64,
    "n_steps": 2048,
    "ent_coef": 0.0,
    "vf_coef": 0.5,
    "max_grad_norm": 0.5,
    "use_obs_norm": true,
    "use_adv_norm": true,
    "use_lr_anneal": true,
    "total_timesteps": 1000000,
    "eval_freq": 20480,
    "n_eval_episodes": 10,
    "eval_mode": "deterministic_mean",
    "scr_ema_alpha": null,
    "scr_relax": null,
    "clip_c": null,
    "use_dcppo_s": false,
    "dcppo_w_min": 0.1
  },
  "total_steps": 1001472,
  "elapsed_s": 778.1298978328705,
  "final_reward": 1845.206452434443,
  "max_reward": 1860.3303231509872,
  "eval_rewards": [
    -0.9491630792901914,
    -60.04465544615458,
    -104.94270850620956,
    -84.41740450787101,
    1034.702287752764,
    1044.4172912264535,
    1187.6760086184854,
    1315.8809819506453,
    1389.5404520243042,
    1406.815713231062,
    1521.8602885181895,
    1516.4488613528763,
    1612.943090044975,
    1657.6238883580286,
    1593.670350549525,
    1640.8631987712786,
    1650.438651434147,
    1596.8722220493792,
    1666.265470832584,
    1713.8262792306318,
    1742.7568852943355,
    334.6727748381851,
    1774.096466514325,
    1692.8122408288793,
    1769.6751449879023,
    1757.0309976385495,
    1768.2736286036481,
    1764.9241224813638,
    1743.2224986621254,
    1767.5313044942523,
    1773.5109561118395,
    1757.0940666732854,
    1791.9163530253547,
    1794.2241659434308,
    1791.571298221283,
    1787.1548359544959,
    1781.94090360357,
    1792.0272599298594,
    1802.770261923294,
    1819.8408185578053,
    1832.1132015264873,
    1834.114723310906,
    1839.4841532416772,
    1860.3303231509872,
    1850.996093505823,
    1852.6305171127824,
    1850.5116031324244,
    1856.618681874935,
    1855.4244089306035
  ],
  "eval_steps": [
    2048,
    22528,
    43008,
    63488,
    83968,
    104448,
    124928,
    145408,
    165888,
    186368,
    206848,
    227328,
    247808,
    268288,
    288768,
    309248,
    329728,
    350208,
    370688,
    391168,
    411648,
    432128,
    452608,
    473088,
    493568,
    514048,
    534528,
    555008,
    575488,
    595968,
    616448,
    636928,
    657408,
    677888,
    698368,
    718848,
    739328,
    759808,
    780288,
    800768,
    821248,
    841728,
    862208,
    882688,
    903168,
    923648,
    944128,
    964608,
    985088
  ],
  "episode_rewards": [
    1708.4801838088501,
    1672.507409384864,
    1677.1829353988826,
    1669.5568394214883,
    1722.0543267152937,
    1660.2606638171976,
    1692.75133687885,
    1474.4576142765234,
    1642.778936704524,
    1675.3945335304384,
    1701.2940382317909,
    1656.1145597134062,
    1654.8078142552172,
    1708.4552796505384,
    1755.8880778487596,
    1633.7598243847342,
    1664.6158864258764,
    1677.3018411608066,
    1716.782579883385,
    1683.2379333113058,
    1718.653204999246,
    1672.6411411335139,
    1598.3937441378423,
    1707.4332060685526,
    1718.7982883133232,
    1730.9735698789584,
    1700.6581962793314,
    1625.5082666010464,
    1690.0743935640955,
    1652.504438990823,
    1708.5581364619693,
    1710.7214064827053,
    1623.5748139271695,
    1674.5584554428326,
    1714.565706568005,
    1703.200248992213,
    1700.0807330879236,
    1680.2188639771696,
    1713.4856137490785,
    1680.319002005023,
    1741.4128866226295,
    1718.5139575856413,
    1723.000525988582,
    1676.784047170249,
    1667.7300315434704,
    1706.4186509669908,
    1755.1984323507008,
    1733.7891172392926,
    1739.9125216890411,
    1670.961612370893,
    1719.539030257975,
    1645.6569055608695,
    1762.7856634882662,
    1698.023396470965,
    1709.156658727071,
    1735.572711076943,
    1668.953422904171,
    1685.9782426273084,
    1642.8954838646664,
    1706.4534595189723,
    1716.3952757852305,
    1693.5859544994523,
    1708.437359322634,
    1653.6797750470357,
    1690.1649563245544,
    1702.5101528304565,
    1730.422651187264,
    1732.9190211969826,
    1678.622683017186,
    1729.6791723900392,
    1693.446761564683,
    1709.3034204047615,
    1714.6490274048713,
    1697.491735892202,
    1808.3892193988554,
    1553.8014170031286,
    1770.032666962407,
    1544.1893613611148,
    1643.273034109362,
    1716.1458954080144,
    1751.4808654962878,
    1713.7658882915966,
    1661.2621061884586,
    1727.8990435766677,
    1696.7710818809528,
    1572.165977976256,
    1725.2723236511856,
    1692.7194082448534,
    1707.8685203914956,
    1720.9597177949454,
    1746.3020781772134,
    1741.3554563791984,
    1696.1823595278088,
    1555.3173925567426,
    1775.657794434667,
    1702.073925297833,
    1678.4872308305285,
    1723.9764975966311,
    1683.312685898434,
    1724.8851282399116,
    1705.6534656972524,
    1724.1275219712593,
    1755.9637867931747,
    1677.9601958609771,
    1686.3741289234663,
    1734.0369246816892,
    1658.6280180309877,
    1704.8481791919069,
    1825.1310247884421,
    1719.7257632130195,
    1740.81953241915,
    1692.4525599313267,
    1653.0479735690112,
    1704.9565623523001,
    1745.8287165343518,
    1673.6019740923978,
    1645.1559489665558,
    1666.952176920427,
    1743.6511137367484,
    1765.0257400652995,
    1766.5056890328956,
    1710.884092288114,
    1663.142986663701,
    1729.0321250873712,
    1725.8435712323,
    1688.6883029421674,
    1733.9445874638661,
    1743.8867062492416,
    1684.2729359823488,
    1697.9755272411608,
    1711.145073109686,
    1689.1750951601102,
    1755.0995470583866,
    1677.6596277395058,
    1709.2873640816695,
    1683.3060288059178,
    1704.3539626748047,
    1755.7646463191313,
    1715.3031258626318,
    1767.0029259118648,
    1761.2174768108082,
    1650.6759969652267,
    1691.399981975893,
    1686.0511372410035,
    1677.4635713270784,
    1725.8062502638802,
    1743.912277560858,
    1702.0546762615986,
    1664.2709257678157,
    1765.4099451132424,
    1763.7842825967034,
    1757.8804473829641,
    1734.2176941680516,
    1768.2041059502205,
    1681.6595775728379,
    1647.3445685207987,
    1747.770457236568,
    1704.0286885803923,
    1769.6537231296852,
    1723.2458968366975,
    1779.2370840327383,
    1741.9526369862258,
    1730.6513117416896,
    1783.5041709648149,
    1699.9808791598425,
    1768.8841818474275,
    1731.8919864107465,
    1719.152164156834,
    1717.5329810345506,
    1718.3014950914628,
    1749.7945741943633,
    1705.5541828259777,
    1680.3714013297442,
    1698.7717415757318,
    1730.5592696472752,
    1708.4286993092037,
    1791.1491866163708,
    1762.320307198548,
    1786.3551856780375,
    1769.3170379339008,
    1679.0727847631024,
    1764.99995543515,
    1745.7642951269115,
    1711.7469784313007,
    1709.1855860043343,
    1766.9060816618799,
    1771.0867504125317,
    1753.3333307814441,
    1709.1645765554617,
    1772.9371119364184,
    1731.8408609089279,
    1721.54606061787,
    1768.7380568355509,
    1721.0437406887975,
    1766.0491780768145,
    1768.6281354243154,
    1688.7279289511919,
    1824.5744708033667,
    1766.7662266159145,
    1711.1679675854532
  ],
  "bhvf_diagnostics": []
}