{
  "env": "HalfCheetah-v4",
  "agent": "Optimal_PPO",
  "seed": 1,
  "config": {
    "hidden_dim": 256,
    "lr": 0.0003,
    "gamma": 0.99,
    "lam": 0.95,
    "eps_clip": 0.2,
    "n_epochs": 10,
    "batch_size": 64,
    "n_steps": 2048,
    "ent_coef": 0.0,
    "vf_coef": 0.5,
    "max_grad_norm": 0.5,
    "use_obs_norm": true,
    "use_adv_norm": true,
    "use_lr_anneal": true,
    "total_timesteps": 1000000,
    "eval_freq": 20480,
    "n_eval_episodes": 10,
    "eval_mode": "deterministic_mean",
    "scr_ema_alpha": null,
    "scr_relax": null,
    "clip_c": null,
    "use_dcppo_s": false,
    "dcppo_w_min": 0.1
  },
  "total_steps": 1001472,
  "elapsed_s": 785.4948160648346,
  "final_reward": 3580.4446929825317,
  "max_reward": 3644.7426642208434,
  "eval_rewards": [
    -1.9948268921362744,
    -12.062877198254764,
    -36.47546709223596,
    105.53570963633975,
    154.9637979433416,
    127.56212960375828,
    218.389511326622,
    442.4928927370808,
    637.3752670988079,
    882.3938589266103,
    1010.5061590519687,
    1154.790964282558,
    1437.5334059834931,
    1639.3115481603782,
    1837.135681704444,
    1916.5139152564593,
    2060.1890268469424,
    2210.5058572616485,
    2239.1415200025817,
    2321.3106405248486,
    2312.1810303379357,
    2379.6710635070895,
    2632.7619954368365,
    2811.753429338011,
    2751.709282572421,
    2670.6911396618148,
    2807.2935194392785,
    2923.44281415612,
    3000.7538682709846,
    3061.197269189978,
    3134.4280240886446,
    3059.3543801786955,
    3210.974527642589,
    3104.949913863621,
    3292.1850259838443,
    3310.6140944091158,
    3282.2983556810714,
    3374.0632752434094,
    3097.226156190839,
    3524.0413905948867,
    3524.5800782180495,
    3507.3729304178473,
    3586.391882457979,
    3605.6719867920424,
    3577.7685344367433,
    3586.762998317089,
    3613.842949382991,
    3644.7426642208434,
    3633.271514986848
  ],
  "eval_steps": [
    2048,
    22528,
    43008,
    63488,
    83968,
    104448,
    124928,
    145408,
    165888,
    186368,
    206848,
    227328,
    247808,
    268288,
    288768,
    309248,
    329728,
    350208,
    370688,
    391168,
    411648,
    432128,
    452608,
    473088,
    493568,
    514048,
    534528,
    555008,
    575488,
    595968,
    616448,
    636928,
    657408,
    677888,
    698368,
    718848,
    739328,
    759808,
    780288,
    800768,
    821248,
    841728,
    862208,
    882688,
    903168,
    923648,
    944128,
    964608,
    985088
  ],
  "episode_rewards": [
    3142.1831774384377,
    2943.3318660633313,
    2938.937722871799,
    3161.326183240178,
    2927.525308877383,
    3178.8666714443316,
    3324.7960155175265,
    2919.0102367677464,
    2966.7057907109665,
    3200.396824750343,
    640.3677942397214,
    2820.7164943623693,
    3256.812785270412,
    2859.8623169035027,
    1653.0915405209719,
    2811.821491632082,
    3153.6145146126864,
    2971.5932914253044,
    3145.437940912002,
    3237.8259578807506,
    3110.259093638083,
    3043.4969104273155,
    3060.062648808433,
    3116.5627642885793,
    3208.2594612598314,
    3032.098243396882,
    3076.4124527213175,
    2201.6439092602272,
    3293.7158627712083,
    3123.9273950764555,
    3167.9236401907497,
    2934.4205264954444,
    3310.274653047107,
    3219.7439760087013,
    3446.3360215429666,
    3018.765618550267,
    2946.2673046141877,
    3159.809868206453,
    3194.2686287596275,
    3306.980339631074,
    3112.7412612598714,
    3196.737942191058,
    3264.9321982994047,
    1801.40121152795,
    3042.7384819199406,
    2981.264795845165,
    2982.083332023261,
    3234.266844764989,
    3088.2413430007523,
    3209.2860842494233,
    3122.30911237204,
    3156.5452702856956,
    2796.309092729154,
    2911.7276915672824,
    2850.0208390180883,
    3212.82889903579,
    3281.0501138988925,
    3141.697898279589,
    3147.9725059462316,
    3286.0231766460356,
    3215.4484475356217,
    3371.093801950847,
    3221.4073034425996,
    3109.8104339977594,
    3147.3952995776854,
    3240.805992616378,
    2882.7123388502823,
    3145.4557893769243,
    2986.4426623181776,
    3331.379010332499,
    3280.398576925093,
    3067.0257707769583,
    3173.2461644369173,
    3030.2225557452257,
    2976.466823604427,
    3389.450835469419,
    3341.6490723212924,
    3228.926506544476,
    3228.4469125367327,
    3119.3151530433774,
    3144.1645132192034,
    3079.945943017103,
    3154.2719255641287,
    3165.495811739927,
    3013.711927666902,
    3040.870125256756,
    3125.6657798509364,
    3258.076317273627,
    3332.2738279434643,
    3277.6734520648965,
    3456.5348570541455,
    3061.4976296214245,
    3276.163461467952,
    3034.0272724019383,
    3207.508207995281,
    3201.379490887327,
    3176.181336365545,
    3409.99545325545,
    3230.116294334517,
    1684.2765276107414,
    3426.745684217718,
    3279.7640201639356,
    1441.093711986896,
    2734.9404327419034,
    3310.87591333237,
    3361.9765842006377,
    3505.580866723321,
    2952.6764284577534,
    3206.285661665158,
    3151.645461732685,
    3511.7377706039547,
    -65.91243158176634,
    3235.9369918217394,
    469.5901426462465,
    3057.7484941584653,
    3279.5837560288132,
    2928.7114536893764,
    3433.0427991480215,
    3435.772827437233,
    3227.331166827916,
    3252.7164492278043,
    3191.947731814616,
    3321.291343071218,
    3176.0575770671385,
    3224.1136923626905,
    3059.439188564501,
    3149.805754341586,
    3362.315687790399,
    3184.7258080629563,
    3296.702188899833,
    3298.345461473073,
    3369.041297473708,
    3278.8609974038686,
    3272.9816011616595,
    3366.2968969823296,
    3396.005338408777,
    3189.816749233009,
    3296.1149808464597,
    2844.422704147261,
    3331.316202406828,
    3228.5555292569766,
    3261.542631092501,
    3258.79188906577,
    3411.9696133959005,
    3269.6690029462607,
    3207.009978068701,
    3329.3086538921,
    3242.353407869789,
    3215.681830652377,
    542.2002659191364,
    3260.701562131976,
    3420.1861086253853,
    3320.4098765848776,
    3423.1944731688427,
    3294.513928384503,
    3288.5056515441765,
    2695.4811730074375,
    3258.6654884276204,
    3273.4536559268467,
    3236.146845926509,
    3256.491492300068,
    3284.2355940519624,
    3288.9425453080808,
    2877.401624658632,
    3303.0184352352094,
    3190.1839951129837,
    3270.8638907003374,
    3338.131179012168,
    3351.715961331705,
    3280.6116318365457,
    3303.9879455924747,
    3365.061121104237,
    3238.727937638539,
    429.10210900835443,
    1217.4673296774426,
    3187.2924518256686,
    3401.4039322137364,
    3370.188424587322,
    3287.174615759797,
    3220.516773210392,
    3149.631672566723,
    3294.3473327178085,
    3218.329224489343,
    3321.838707409849,
    3222.513706712126,
    3381.3462616444212,
    814.9175183089501,
    2164.729445329125,
    3186.4537821335684,
    3232.6357477704337,
    3301.780983635068,
    412.94301783355746,
    3394.3937526265718,
    1408.4034548827813,
    3354.836061764531,
    3100.0865530546102,
    3291.549084463619,
    3379.440962591504,
    3290.122894950096,
    3224.310631283974
  ],
  "bhvf_diagnostics": []
}