{
  "env": "Ant-v4",
  "agent": "Optimal_PPO",
  "seed": 13,
  "config": {
    "hidden_dim": 256,
    "lr": 0.0003,
    "gamma": 0.99,
    "lam": 0.95,
    "eps_clip": 0.2,
    "n_epochs": 10,
    "batch_size": 64,
    "n_steps": 2048,
    "ent_coef": 0.0,
    "vf_coef": 0.5,
    "max_grad_norm": 0.5,
    "use_obs_norm": true,
    "use_adv_norm": true,
    "use_lr_anneal": true,
    "use_vclip": false,
    "device": "cpu",
    "total_timesteps": 1500000,
    "eval_freq": 20480,
    "n_eval_episodes": 10,
    "eval_mode": "deterministic_mean"
  },
  "total_steps": 1501184,
  "elapsed_s": 3085.6521847248077,
  "final_reward": 3451.8592282992277,
  "peak_reward": 3451.8592282992277,
  "max_reward": 3672.8851046144796,
  "eval_rewards": [
    1003.8282295492816,
    831.2168923222292,
    343.0332374201347,
    350.5069019573218,
    216.03805992171675,
    158.7679420830494,
    270.5710005362974,
    184.93503215082106,
    155.69665466325873,
    360.5815583322676,
    309.3720914768823,
    313.86050087547596,
    912.4608677004233,
    932.1175175199429,
    1100.992611301809,
    1009.6160528994893,
    1086.205694896912,
    955.5311255861703,
    1111.9764333920402,
    1349.2515502019542,
    961.1923395390043,
    730.4920724466622,
    764.9785015919733,
    777.7681160907812,
    915.07093972515,
    1162.6243462389539,
    1183.0570028697666,
    966.8452535294273,
    1295.149481761904,
    1594.0347688590405,
    1003.2684150299763,
    1305.5306519776634,
    999.5518063949555,
    928.6483237212208,
    1248.1442397804497,
    1242.15198528409,
    1442.4283319360102,
    1121.1818335556802,
    1453.4197543351042,
    1588.539931588797,
    2056.374982004877,
    1965.6451390515656,
    2336.995136232808,
    1959.042860075336,
    2066.426718239244,
    2447.0526484386082,
    2157.2104016139815,
    2180.625450062684,
    2389.0500508043674,
    2311.564806469335,
    1992.154741257535,
    2837.1227064622667,
    2905.242631635005,
    2749.5059560285,
    3182.6557387198654,
    2892.5154791044415,
    3091.6957345180526,
    2945.5611001463353,
    3051.3541068646146,
    3150.9666201448586,
    3453.2835229949037,
    3175.5251365582617,
    3471.027303668333,
    2852.4513780989646,
    3407.17271980401,
    3294.7113222240646,
    3377.8002430098095,
    3594.7150010952546,
    3494.0089638959535,
    3300.094618323868,
    3386.039364827425,
    3434.5505574740846,
    3672.8851046144796,
    3556.6143877233335
  ],
  "eval_steps": [
    2048,
    22528,
    43008,
    63488,
    83968,
    104448,
    124928,
    145408,
    165888,
    186368,
    206848,
    227328,
    247808,
    268288,
    288768,
    309248,
    329728,
    350208,
    370688,
    391168,
    411648,
    432128,
    452608,
    473088,
    493568,
    514048,
    534528,
    555008,
    575488,
    595968,
    616448,
    636928,
    657408,
    677888,
    698368,
    718848,
    739328,
    759808,
    780288,
    800768,
    821248,
    841728,
    862208,
    882688,
    903168,
    923648,
    944128,
    964608,
    985088,
    1005568,
    1026048,
    1046528,
    1067008,
    1087488,
    1107968,
    1128448,
    1148928,
    1169408,
    1189888,
    1210368,
    1230848,
    1251328,
    1271808,
    1292288,
    1312768,
    1333248,
    1353728,
    1374208,
    1394688,
    1415168,
    1435648,
    1456128,
    1476608,
    1497088
  ],
  "episode_rewards": [
    2260.26982580092,
    1871.5534715384417,
    707.3976997963283,
    901.1224588083238,
    3103.516200039203,
    2187.8565686796765,
    2714.6625593279173,
    3321.6429264170665,
    1178.0600982254505,
    2924.362187975319,
    3002.7440420413436,
    336.51756774042025,
    3037.379904032131,
    3080.079701342157,
    3062.566984381252,
    3025.750944074567,
    2490.071062036164,
    1240.6603174860436,
    2530.448101587968,
    3254.9803821928826,
    2738.3468490153077,
    1706.743177312804,
    3029.5319680100706,
    2816.1176981847484,
    1813.1377828904872,
    3084.887108311853,
    2253.7381753152313,
    2975.4642646635357,
    3018.4919977918994,
    2423.708365702724,
    3147.825268861885,
    2561.3767586309027,
    3098.465230595508,
    3100.364048391788,
    3299.1414788705597,
    2756.4440224980917,
    2687.217408078246,
    2853.803714131432,
    3170.383582282713,
    3262.858954248966,
    3434.596922824645,
    3087.7460344115248,
    3207.8858210691324,
    1802.8867661709469,
    2655.8643780979473,
    3098.6303834605187,
    2514.014433963283,
    3222.032952413781,
    3220.470969037423,
    3210.519080004164,
    3194.734498139336,
    2998.0466753759215,
    3120.6044699961135,
    1264.1001498561536,
    3200.883676101159,
    3182.5404476904896,
    3244.326840785776,
    3273.678364834519,
    2143.865976746265,
    3059.543991048792,
    3297.615034910889,
    433.8538593830662,
    3420.092156306917,
    3516.4082747144353,
    3112.5610060225094,
    3121.13059967389,
    3256.566173362794,
    3253.023702626863,
    3211.3513154012294,
    118.4775929349004,
    338.65267464557314,
    3315.150618330396,
    1486.6346710102705,
    1465.0513696567577,
    3425.8873315473475,
    3325.7993969516156,
    3271.602452192982,
    2413.2699051550967,
    7.707772871454413,
    3086.4328250175713,
    2339.023834510645,
    1069.8084603957134,
    3343.9375730452352,
    3522.229136006304,
    3383.1797572382407,
    3229.348905932374,
    1230.3914531495288,
    3266.6726997783485,
    3111.1397996151345,
    1762.5756789114273,
    2999.434348545348,
    3328.2273009963997,
    3177.1660841507505,
    3304.147826915094,
    3296.3551303103054,
    3409.1687219672926,
    3226.572345735994,
    3348.064916789975,
    3261.2907764351826,
    1036.9917409301702,
    2327.338919771779,
    3217.660793527131,
    3249.9722774074107,
    1681.106496013342,
    1592.7763609768122,
    3448.725998406065,
    3221.9947736455874,
    3324.539654495313,
    3321.5100446759184,
    3388.2886445706617,
    1746.4366758703054,
    3436.800384431741,
    3504.7142190200884,
    1480.8536214352484,
    3325.789617846156,
    3318.4355367215207,
    3470.2331163236227,
    2812.3133221681364,
    485.01054437324564,
    3309.366741374676,
    1484.6742011311183,
    3271.4760501634123,
    3316.302893990406,
    3121.575070921571,
    3368.1123924336653,
    3534.1672713239677,
    3156.5229497070013,
    3508.8548467196892,
    3279.9964078890916,
    3364.3185120512,
    3212.1054212037398,
    3389.2426479843243,
    3333.580948320178,
    3240.2927605951595,
    2235.6123614162557,
    3293.1024749718013,
    2485.671237507045,
    3504.808873751595,
    2906.1477735212175,
    7.880434924818028,
    3258.6163982916682,
    3423.515331281995,
    3516.8739118017866,
    564.1362482123287,
    3315.5990630462384,
    2975.5999120361457,
    701.1465399676471,
    1688.2595633508552,
    3615.7837888190393,
    1901.7168328320697,
    3257.5864683791474,
    1684.3445244656577,
    3482.96173382994,
    2101.955142560698,
    3543.4719341121827,
    3272.5097692778336,
    3197.8912078155413,
    1783.4487447542906,
    1961.3265535511368,
    3102.045669895604,
    3551.7246732516332,
    1008.2982299976081,
    3235.2609791547743,
    1456.5540841380125,
    3582.4600902894317,
    3743.5399949922094,
    3439.9934345696893,
    3517.3635001219895,
    1930.1853857746878,
    3360.629172703462,
    3473.3087007919817,
    462.49642012049173,
    3184.186791117515,
    3136.4881114096315,
    1979.497059213004,
    3166.7398862455466,
    3309.6876702492327,
    3458.705869497731,
    3578.2769346536543,
    2520.374638120319,
    3287.5482209332704,
    3514.736567808414,
    3268.530675829505,
    3399.9950558283535,
    2109.7972865570964,
    1502.6560431149112,
    3272.375370542244,
    2209.083279678688,
    2102.4955052246187,
    2390.708825198702,
    2401.858606911148,
    13.263847743044359,
    2032.5594473890328,
