{
  "env": "Ant-v4",
  "agent": "Optimal_PPO",
  "seed": 4,
  "config": {
    "hidden_dim": 256,
    "lr": 0.0003,
    "gamma": 0.99,
    "lam": 0.95,
    "eps_clip": 0.2,
    "n_epochs": 10,
    "batch_size": 64,
    "n_steps": 2048,
    "ent_coef": 0.0,
    "vf_coef": 0.5,
    "max_grad_norm": 0.5,
    "use_obs_norm": true,
    "use_adv_norm": true,
    "use_lr_anneal": true,
    "use_vclip": false,
    "device": "cpu",
    "total_timesteps": 1500000,
    "eval_freq": 20480,
    "n_eval_episodes": 10,
    "eval_mode": "deterministic_mean"
  },
  "total_steps": 1501184,
  "elapsed_s": 3131.358798980713,
  "final_reward": 2809.8514876892027,
  "peak_reward": 2962.874266883537,
  "max_reward": 3635.979843079228,
  "eval_rewards": [
    985.8344186701355,
    960.5826675505099,
    823.4155463636473,
    651.6987112332693,
    508.2453024146181,
    160.6062961418857,
    304.6217830705841,
    378.44951656536796,
    480.22618690189165,
    556.2774337215212,
    769.5674322733065,
    843.3824495288727,
    994.0529477982794,
    867.3787964314081,
    1011.0321219123273,
    1153.7888366208574,
    1206.0875975040685,
    1383.4468661552942,
    1512.4677115433806,
    838.3214204969166,
    1216.4171515043058,
    898.6903889537123,
    1105.6068212564305,
    805.6664317412517,
    1438.4101199585727,
    1638.7917079829608,
    1809.4387293807292,
    1704.194118557818,
    1757.8633544273616,
    1346.0668124369065,
    1784.6621387697621,
    2130.155349075547,
    2476.850710789814,
    1703.8296553247433,
    2297.4706342767395,
    2300.973441215119,
    2102.016301437165,
    2474.0978758960373,
    2431.5777790121583,
    1972.5727894632105,
    1594.798749806069,
    2167.2504281995716,
    2475.390401520971,
    2977.9934411926574,
    2961.658731722107,
    2662.282975147186,
    2366.0931311284467,
    2321.921376763732,
    2565.018157910884,
    2592.290001096375,
    2582.560305737207,
    2861.0626604349827,
    1471.3113083416767,
    3052.6406549858266,
    2376.9145867602288,
    2010.197151626202,
    2047.4282146741557,
    2805.910113264677,
    2499.406660951547,
    2468.171236986451,
    2528.296866375482,
    3122.1045048973856,
    3203.9686950073014,
    2792.7693637921475,
    2899.490794077697,
    2855.419489195475,
    3635.979843079228,
    3309.5018121657567,
    2947.292538781324,
    2492.944028087439,
    2369.2715997516125,
    2325.681751507074,
    3363.4665990706126,
    1899.4664211758077
  ],
  "eval_steps": [
    2048,
    22528,
    43008,
    63488,
    83968,
    104448,
    124928,
    145408,
    165888,
    186368,
    206848,
    227328,
    247808,
    268288,
    288768,
    309248,
    329728,
    350208,
    370688,
    391168,
    411648,
    432128,
    452608,
    473088,
    493568,
    514048,
    534528,
    555008,
    575488,
    595968,
    616448,
    636928,
    657408,
    677888,
    698368,
    718848,
    739328,
    759808,
    780288,
    800768,
    821248,
    841728,
    862208,
    882688,
    903168,
    923648,
    944128,
    964608,
    985088,
    1005568,
    1026048,
    1046528,
    1067008,
    1087488,
    1107968,
    1128448,
    1148928,
    1169408,
    1189888,
    1210368,
    1230848,
    1251328,
    1271808,
    1292288,
    1312768,
    1333248,
    1353728,
    1374208,
    1394688,
    1415168,
    1435648,
    1456128,
    1476608,
    1497088
  ],
  "episode_rewards": [
    241.6385234408815,
    193.30761850595323,
    3295.513409312611,
    3644.23763539076,
    3494.5289196886374,
    3481.9644069508336,
    336.9550162218318,
    3128.471583960499,
    2811.1685204280325,
    1281.4801309823954,
    1035.7533550051166,
    3323.5487477253064,
    3630.4684968871115,
    375.27793232785507,
    2212.3671401566057,
    3056.7982894624593,
    875.2674220737051,
    706.032595697412,
    2391.4143272227993,
    3553.824549334404,
    3578.242987639831,
    824.7303729870628,
    505.1649418527272,
    2763.240549992031,
    3544.3891009994422,
    3834.805635236028,
    3570.5885675943478,
    681.6568619189345,
    1724.0431914526746,
    899.7482038876915,
    1170.5892987000937,
    1842.2435517267918,
    1489.1472079955047,
    1098.8600600802679,
    871.8099845588649,
    2822.856734835401,
    3517.7031734822735,
    1978.960854648407,
    3567.4363920136134,
    3599.501993915042,
    3019.487999488291,
    899.0045661267714,
    3389.899098128479,
    1019.4490300232394,
    2672.1519499516066,
    3650.17065689063,
    3380.792849596653,
    3743.2342639902567,
    3207.816819531943,
    3328.839852225145,
    3103.846979643491,
    1147.579110778048,
    633.3007269037153,
    87.7495454265717,
    353.5077155474971,
    3589.2101840518008,
    659.8037740093654,
    83.18613911918318,
    3635.5407315441535,
    1867.6527144617194,
    2365.389802104724,
    3734.1800653434843,
    1451.381455465635,
    903.6968449793901,
    3578.6945276481047,
    623.7399514730964,
    88.40344231143989,
    2309.6194692467457,
    459.7178445753302,
    3488.4211234309155,
    1583.107222995391,
    371.9171797297081,
    209.8404622814209,
    2955.2144448927897,
    448.91479539690687,
    3925.861727439054,
    813.7338039913082,
    1382.6328043053522,
    1748.202216854677,
    39.663433278778115,
    1709.1522412063532,
    65.83017631203714,
    3392.239055991794,
    2562.301515739957,
    537.1595318603095,
    3027.6291777856873,
    564.0742954963938,
    1627.1213297664426,
    3345.9442196063274,
    3507.0258062835564,
    3250.1657320522086,
    1404.889595017116,
    527.3927457119339,
    3658.541661860199,
    3534.5029460416154,
    3632.5644128521335,
    3749.2749291155087,
    35.71109546698644,
    3091.593461629019,
    1351.3094322607549,
    3250.5543012354074,
    3588.1153023809247,
    1305.9442944213254,
    1648.3471110290948,
    2033.3103254011394,
    1124.0810638826586,
    2538.8308125604917,
    2223.4916263708155,
    2356.6728985960926,
    2327.0494404739547,
    888.951228090535,
    194.9967798722454,
    3513.9195186482857,
    775.2821560900898,
    3626.9229619160806,
    3590.333685092274,
    776.3613636345008,
    498.5631050018253,
    1121.700147410503,
    3542.3026126663085,
    146.2933238713054,
    3507.48570048074,
    1496.5908398384058,
    3423.296076914653,
    1166.449343476788,
    3512.10148996955,
    1422.0083140470963,
    2867.2375149849945,
    3835.6685993548463,
    3594.356814543287,
    2570.2475268567673,
    3595.7784569295895,
    286.69663885852015,
    3699.410433892921,
    812.8750488295334,
    3304.432987276926,
    537.7780100282505,
    859.3434193726501,
    3557.354224820336,
    2062.535913466364,
    1275.2639775192547,
    3703.7697440028564,
    408.7504736421467,
    3035.5117115623834,
    3579.721889835433,
    2272.4634972807708,
    3313.422339936592,
    890.9350914029543,
    3843.903047298745,
    3509.982943989646,
    3612.6207371304313,
    1900.785228634909,
    1063.7462550178434,
    1274.6720889415478,
    3500.6667550444263,
    3334.7425201893693,
    1765.3231003415985,
    3443.562178239298,
    729.1722022006156,
    1422.1798801250827,
    3123.1716707920436,
    1417.929737765984,
    42.890435071206795,
    989.9999068221146,
    1028.0062735604824,
    3766.350983129071,
    1030.4439428302048,
    2971.6464518695484,
    1715.1213172266187,
    900.104470370208,
    911.1311633209385,
    569.6707048142172,
    3623.7888352304317,
    324.687838824963,
    2876.540413446781,
    3385.317378160482,
    3711.1736991776997,
    655.0436496772587,
    716.7165161613009,
    1402.5070966943188,
    1141.7386567649821,
    3402.8873072029437,
    3367.3960933860876,
    213.32496499904693,
    511.73997579647613,
    2223.590351307045,
    3701.206066618826,
    2512.868980349497,
    1041.0667444846586,
    3652.4258357311055,
    1749.1312926968856,
    3516.3461888973234,
    3554.6653569317205,
    528.9520651613167,
