{
  "env": "Ant-v4",
  "agent": "Optimal_PPO",
  "seed": 8,
  "config": {
    "hidden_dim": 256,
    "lr": 0.0003,
    "gamma": 0.99,
    "lam": 0.95,
    "eps_clip": 0.2,
    "n_epochs": 10,
    "batch_size": 64,
    "n_steps": 2048,
    "ent_coef": 0.0,
    "vf_coef": 0.5,
    "max_grad_norm": 0.5,
    "use_obs_norm": true,
    "use_adv_norm": true,
    "use_lr_anneal": true,
    "use_vclip": false,
    "device": "cpu",
    "total_timesteps": 1500000,
    "eval_freq": 20480,
    "n_eval_episodes": 10,
    "eval_mode": "deterministic_mean"
  },
  "total_steps": 1501184,
  "elapsed_s": 2910.676160097122,
  "final_reward": 2509.8718961102722,
  "peak_reward": 2672.54319736046,
  "max_reward": 2945.583267292378,
  "eval_rewards": [
    1006.828883034102,
    858.7356930046396,
    514.4530430701512,
    119.5144411701283,
    61.841771684260515,
    120.08668644891921,
    6.238216205509751,
    7.063109291905404,
    107.92285897732704,
    252.2209908246598,
    442.1433918528064,
    861.3883231334205,
    723.7565467135121,
    975.5485790982744,
    1015.1490716589911,
    1049.4298525786598,
    901.3176588293405,
    913.3773986983373,
    1224.8531742502023,
    1268.8067846174615,
    1056.313440550484,
    1132.2572182355768,
    1354.715089255641,
    1302.159945245558,
    1604.9211023747669,
    1491.319744891164,
    1845.6258226479931,
    1784.3343006814162,
    1920.3469889561536,
    1565.6220234715595,
    1845.4575657693138,
    1745.0133304149392,
    1543.7090484625653,
    1825.2951017688192,
    1856.0449587450428,
    2000.3405988816587,
    2195.885773382898,
    2306.3344679625097,
    2447.437464296917,
    2294.2809884982107,
    2120.3095774122617,
    2192.20476816268,
    2423.5269000150624,
    2546.820652050477,
    2475.442843195391,
    2525.947851733973,
    2610.8122956049765,
    2253.6774844124543,
    2632.4515714702557,
    2357.037711481308,
    2650.479225247886,
    2614.5795769978436,
    2660.1123336277406,
    2490.509964616861,
    2925.0353145621534,
    2497.940391207284,
    2464.201003944505,
    2755.1366789926674,
    2888.0159673831504,
    2666.8232363006355,
    2945.583267292378,
    2696.055438778884,
    2761.612159383466,
    2537.085164351079,
    2512.9786659705487,
    2737.1280271631153,
    2491.6577665835766,
    2692.9223368717885,
    2450.8300777983577,
    2256.6968245929015,
    2782.447316072931,
    2574.125155341618,
    2392.552839154213,
    2207.379951553669
  ],
  "eval_steps": [
    2048,
    22528,
    43008,
    63488,
    83968,
    104448,
    124928,
    145408,
    165888,
    186368,
    206848,
    227328,
    247808,
    268288,
    288768,
    309248,
    329728,
    350208,
    370688,
    391168,
    411648,
    432128,
    452608,
    473088,
    493568,
    514048,
    534528,
    555008,
    575488,
    595968,
    616448,
    636928,
    657408,
    677888,
    698368,
    718848,
    739328,
    759808,
    780288,
    800768,
    821248,
    841728,
    862208,
    882688,
    903168,
    923648,
    944128,
    964608,
    985088,
    1005568,
    1026048,
    1046528,
    1067008,
    1087488,
    1107968,
    1128448,
    1148928,
    1169408,
    1189888,
    1210368,
    1230848,
    1251328,
    1271808,
    1292288,
    1312768,
    1333248,
    1353728,
    1374208,
    1394688,
    1415168,
    1435648,
    1456128,
    1476608,
    1497088
  ],
  "episode_rewards": [
    958.6660490378047,
    1119.0314045364505,
    491.75663327940754,
    2692.020608731169,
    2808.908115630238,
    2748.201042809444,
    1643.2710839614285,
    2783.3179272694706,
    1411.6216668229563,
    2779.5028683628207,
    2724.3676141889014,
    2677.569046513204,
    2682.0938007627533,
    2716.198062925697,
    1457.3448768289547,
    2642.9458731155505,
    2678.4257645264097,
    1811.384099707733,
    1396.5250294386906,
    2866.0125400626666,
    2797.4428928648117,
    2339.173224414383,
    2795.2542217346204,
    2302.1016602414147,
    2295.6592247603407,
    2904.4589024669754,
    2864.846975375144,
    2870.3629582418944,
    2879.724772541238,
    2705.370769038829,
    2843.160839959281,
    2884.178728187777,
    2829.910894386697,
    2871.0060001497086,
    1912.1461740666318,
    2749.3219186842343,
    2806.5319923077386,
    2846.261852236968,
    1039.4576886398575,
    2004.9073638919247,
    2762.1146281920505,
    2924.9255543931176,
    2862.697614752512,
    3003.925456167637,
    1919.8284194938833,
    36.850326093883325,
    2805.552953751589,
    2834.2996530360306,
    2700.7636015493845,
    2758.8496138541514,
    2925.2427461624343,
    811.4186844288026,
    2911.0213798785453,
    2977.4764943271107,
    2899.0658722910052,
    2834.939512966521,
    2893.762831716173,
    2839.470957491829,
    2781.45962424357,
    1818.90570601234,
    2850.525429724335,
    1569.1130002621935,
    2805.8650440857177,
    2758.0267810139276,
    2801.2396733845535,
    2849.2849880684253,
    2473.6180815284797,
    2687.6951256219213,
    2732.1225125599703,
    1167.8804818179499,
    1835.621683425154,
    2884.2690567310124,
    215.4550907458812,
    50.553561224760415,
    2984.6459367290367,
    1496.6431287721946,
    2847.0400126774816,
    2038.6014100054554,
    2999.531663939068,
    2776.3081334528697,
    2231.581643538317,
    2724.0118515934523,
    2182.5739824808934,
    2641.683931715021,
    2842.7424907706386,
    1137.3202396601048,
    2731.931938816221,
    935.2954268149861,
    2773.8411400958107,
    2956.541960520608,
    1141.856627377376,
    2810.9543288454843,
    2740.7916148073873,
    2881.4421715008966,
    1179.4476978864423,
    2740.7364930460562,
    2835.462821946872,
    2696.004173739261,
    2922.725507792958,
    2268.7137005460704,
    2477.302392021293,
    2864.268885772285,
    628.7946858164552,
    1138.5186378380192,
    2911.0294446560238,
    2881.666980441694,
    2552.6014251156444,
    2835.0899305387215,
    2917.7040226182085,
    2824.2189951714354,
    2339.0901806289053,
    2864.185743401171,
    2545.0667682176336,
    804.2665787632028,
    2685.570543694316,
    2762.6899933253653,
    2960.530321219937,
    2887.625596832045,
    2633.55568033854,
    1619.8145103431546,
    963.1376134473738,
    1007.6220983290084,
    2896.316468113936,
    1829.3477400521383,
    1582.4268736421707,
    2889.737101797744,
    1843.0810694299341,
    2849.566573085546,
    1951.955202450544,
    2675.4085871150774,
    2911.999826438467,
    2839.940510297367,
    2826.3269989166793,
    974.471101931936,
    2038.4952164094357,
    2739.7588227919437,
    2747.1818929630476,
    2589.9521665499783,
    2951.567215722105,
    1807.6874155838063,
    3044.2764930453504,
    2994.667814350737,
    2792.3839646989095,
    2795.8891942093046,
    2796.450409872569,
    2812.3225910680067,
    2776.6204438452287,
    2954.541597818746,
    2920.7727406964195,
    2934.986594290982,
    2782.3735483471364,
    2888.3403561291757,
    2854.908289862564,
    2905.6279039155747,
    2901.9425615870036,
    2702.051698905897,
    2841.3810331131976,
    991.1786334863621,
    2841.118303478562,
    2499.188665013939,
    1541.112305048694,
    2797.7026585461585,
    940.7048916544308,
    2781.710136587745,
    2770.2102703996766,
    2967.0826265551614,
    2872.5983073875527,
    2974.3403163978664,
    2957.1679750073376,
    2984.80204803164,
    2332.514384550087,
    2858.7539057677322,
    2830.1991321390988,
    2915.6856751080386,
    2963.749247463617,
    2861.6758541280933,
    2161.663318304197,
    2917.24973476504,
    2851.6219218404244,
    1258.2986888063913,
    2615.2900286688227,
    2683.8138227553723,
    2750.271834866542,
    2751.6116988882704,
    2813.206390215841,
    1574.9995356597851,
    1656.692316304775,
    112.65633984060203,
    1589.1358647172742,
    933.6634109821844,
    1338.0670598302067,
    2874.4331798369885,
    2822.23464450839,
