{
  "env": "Ant-v4",
  "agent": "Optimal_PPO",
  "seed": 5,
  "config": {
    "hidden_dim": 256,
    "lr": 0.0003,
    "gamma": 0.99,
    "lam": 0.95,
    "eps_clip": 0.2,
    "n_epochs": 10,
    "batch_size": 64,
    "n_steps": 2048,
    "ent_coef": 0.0,
    "vf_coef": 0.5,
    "max_grad_norm": 0.5,
    "use_obs_norm": true,
    "use_adv_norm": true,
    "use_lr_anneal": true,
    "use_vclip": false,
    "device": "cpu",
    "total_timesteps": 1500000,
    "eval_freq": 20480,
    "n_eval_episodes": 10,
    "eval_mode": "deterministic_mean"
  },
  "total_steps": 1501184,
  "elapsed_s": 3216.5816221237183,
  "final_reward": 3363.3463446010037,
  "peak_reward": 3363.3463446010037,
  "max_reward": 4034.595017741939,
  "eval_rewards": [
    996.5966763975994,
    914.7151276954562,
    412.92699521324414,
    221.80866895347103,
    273.28260334820004,
    80.28992871995229,
    255.64443566329584,
    436.59578228465426,
    842.625783658299,
    657.467898236624,
    933.7730553586149,
    916.9918711987226,
    885.431692006712,
    902.1635944287564,
    908.9056602550078,
    867.8390577161565,
    905.5574229191218,
    999.6793856658763,
    1034.1694717700693,
    1082.9195823309547,
    952.419251415298,
    1389.6530839948207,
    1557.3765278196895,
    1368.0587507854439,
    1483.0905389482946,
    1409.476631656996,
    1707.9888203575879,
    1877.180604457112,
    1854.744210193962,
    1834.621546725478,
    1896.982903115319,
    1970.0212164749457,
    1561.7565674474886,
    1817.5634526780973,
    1845.3340718602763,
    1710.0980289399897,
    1758.2665029138043,
    1476.5420759705196,
    1406.043038083485,
    1566.052418178407,
    1115.1120255195026,
    1332.6583119386573,
    1236.0145249397701,
    1652.3217032572943,
    2152.57183535504,
    2124.9118823838644,
    2519.6925650671583,
    2198.676509302302,
    2641.094027097291,
    2819.424509234553,
    2057.7294228840346,
    2454.3975921337583,
    2781.6122568864203,
    2847.546896140709,
    2852.818583436017,
    2878.7977785095572,
    3246.7310458975016,
    2707.3582311372134,
    2995.249528479356,
    3002.9679670102246,
    3089.791172787452,
    3104.979327529028,
    2900.1813330803398,
    3217.5219853083936,
    3198.3410050374882,
    2950.780338714926,
    3148.645137309302,
    3513.199999020709,
    3200.591604154925,
    3816.284196791021,
    3469.2528696831737,
    3072.001717262176,
    3229.7715602943777,
    4034.595017741939
  ],
  "eval_steps": [
    2048,
    22528,
    43008,
    63488,
    83968,
    104448,
    124928,
    145408,
    165888,
    186368,
    206848,
    227328,
    247808,
    268288,
    288768,
    309248,
    329728,
    350208,
    370688,
    391168,
    411648,
    432128,
    452608,
    473088,
    493568,
    514048,
    534528,
    555008,
    575488,
    595968,
    616448,
    636928,
    657408,
    677888,
    698368,
    718848,
    739328,
    759808,
    780288,
    800768,
    821248,
    841728,
    862208,
    882688,
    903168,
    923648,
    944128,
    964608,
    985088,
    1005568,
    1026048,
    1046528,
    1067008,
    1087488,
    1107968,
    1128448,
    1148928,
    1169408,
    1189888,
    1210368,
    1230848,
    1251328,
    1271808,
    1292288,
    1312768,
    1333248,
    1353728,
    1374208,
    1394688,
    1415168,
    1435648,
    1456128,
    1476608,
    1497088
  ],
  "episode_rewards": [
    3135.7024391654936,
    3375.207098646377,
    1106.465647340276,
    3441.7454195554556,
    3125.7221188835356,
    2111.917341561632,
    3444.713999229638,
    3478.4404031144118,
    3183.3047143377858,
    2331.203292631117,
    1181.1388204632844,
    3496.832662137516,
    3037.363278687271,
    3417.302421397422,
    3361.646319578042,
    3343.5184222321277,
    1118.065875370895,
    3215.220472915603,
    3380.704880525234,
    3287.5003186109625,
    1561.344755577157,
    3364.9051196596088,
    1290.8744411383027,
    1545.5109339633227,
    3384.889142446457,
    3317.078279485907,
    2043.2736009806345,
    3421.5543552407617,
    271.03530794896534,
    3083.524097180037,
    2533.480688247543,
    3468.928645737174,
    3434.637474465185,
    3257.298288560396,
    437.12281457989525,
    3166.1445824379534,
    2821.532660068793,
    1826.124546765592,
    3350.7083107598314,
    3323.555369167124,
    1771.042311277585,
    2955.682773574385,
    3317.3435560754174,
    3357.706360618573,
    3219.83731149089,
    3301.7140981621187,
    3337.3042714179333,
    2619.456219702132,
    317.32131077378904,
    3540.4924505706513,
    428.57444055724875,
    3340.1698992640804,
    3204.297033811351,
    3502.6862117159467,
    2073.5182210925996,
    3513.7980414055564,
    3476.6850162031433,
    3380.8906003358716,
    2088.4176731758353,
    1102.3967454407186,
    3299.374382046454,
    3080.601729123405,
    3477.931518710116,
    2226.4024914046336,
    3499.160630290884,
    3502.9893395239906,
    870.0776941946726,
    3214.911631396882,
    3489.705776123253,
    3540.9017319045875,
    621.3289641063127,
    3551.2569309894525,
    3381.5007604365164,
    3432.1304478462107,
    3338.202190011746,
    3404.0358444142435,
    1726.790629627473,
    1198.2359346729238,
    3719.065155469153,
    3516.7835682348887,
    3487.0391830097415,
    3632.4120514587385,
    3557.1145544706296,
    3491.1579861031714,
    3292.8418256674813,
    3274.251485605647,
    579.5706053932671,
    3470.5866701109953,
    1641.5866446178327,
    2149.926523047273,
    840.4525014985865,
    2668.6622682262573,
    3540.087831819538,
    3374.932428571831,
    3311.4657543092126,
    3411.928682546896,
    3556.1718050670615,
    2431.6358203175237,
    3345.662789399426,
    2928.6943041159534,
    813.1839866466153,
    3434.7466199513624,
    1256.0017339790236,
    3514.365904909129,
    3541.348008084785,
    3699.882758662342,
    3082.6261843202674,
    2294.212685830927,
    1797.1289571615584,
    3465.708417829038,
    3703.609124979822,
    763.9374179078301,
    3452.027109126503,
    2438.4728509459997,
    3535.9449766235725,
    670.7493112054754,
    1203.0629181437573,
    2845.1754141316205,
    3311.4272955229508,
    3482.6511132143864,
    3491.977872007098,
    3409.1047765983235,
    852.3423577606216,
    3517.1563013045507,
    3689.656204119814,
    3465.709980404895,
    3721.732628044986,
    3541.2070449550606,
    3530.0637195650024,
    3561.305272660912,
    3398.8696087189815,
    1401.0169926883843,
    3515.4192481484233,
    3107.451869808649,
    3303.68906461609,
    3288.437260570658,
    3760.417116962078,
    3595.919851019364,
    3721.1305457209464,
    3499.331436764972,
    3800.273132195284,
    2914.021370871945,
    3470.868547401101,
    3633.1415178826196,
    3590.4512357681297,
    2224.175902843541,
    3394.0092207595862,
    3528.2649581112646,
    3700.749150591447,
    1874.56404187914,
    3682.0249760767647,
    3565.982602728006,
    3661.5340657324323,
    3682.6292706652744,
    3630.6707247239374,
    784.1621794774338,
    3421.100149011369,
    3433.8086476256767,
    3569.218743638241,
    3183.561287992964,
    3522.858377332614,
    1198.3084929177835,
    1473.769007592084,
    3245.347777699653,
    3570.4715094536796,
    1107.025069884712,
    3560.5414898725808,
    2223.2785832335967,
    3678.546361528447,
    3609.154585979695,
    595.910176435733,
    3490.6071094753324,
    3523.4141421935674,
    3566.5686908581392,
    2789.093597952702,
    3641.582511895437,
    2286.454923314524,
    3641.8181651321834,
    3625.577904679759,
    1866.3568647968264,
    1699.4541015779926,
    3654.449027535083,
    1111.743662682502,
    2212.2962228927954,
    3448.8217880793295,
    3731.367176968252,
    2184.458540164151,
    3696.397715180745,
    3359.0861175399687,
    3789.486084982935,
    3617.492577316537,
    1257.4032444177117,
    2553.0086991837566,
    3742.9503431936555,
