{
  "env": "Ant-v4",
  "agent": "Optimal_PPO",
  "seed": 12,
  "config": {
    "hidden_dim": 256,
    "lr": 0.0003,
    "gamma": 0.99,
    "lam": 0.95,
    "eps_clip": 0.2,
    "n_epochs": 10,
    "batch_size": 64,
    "n_steps": 2048,
    "ent_coef": 0.0,
    "vf_coef": 0.5,
    "max_grad_norm": 0.5,
    "use_obs_norm": true,
    "use_adv_norm": true,
    "use_lr_anneal": true,
    "use_vclip": false,
    "device": "cpu",
    "total_timesteps": 1500000,
    "eval_freq": 20480,
    "n_eval_episodes": 10,
    "eval_mode": "deterministic_mean"
  },
  "total_steps": 1501184,
  "elapsed_s": 2947.0485458374023,
  "final_reward": 4025.0441644738794,
  "peak_reward": 3755.592375684629,
  "max_reward": 4252.203361595166,
  "eval_rewards": [
    992.7662925016919,
    833.9747126550826,
    712.0397304238683,
    220.6299288238112,
    159.65598029226493,
    79.92078996370986,
    179.32902128932318,
    191.42897409828285,
    117.99088110316049,
    490.3218674681073,
    681.8075320072037,
    871.1090688699566,
    970.8406598808217,
    883.7969613320793,
    904.3947721395431,
    661.8098792871275,
    1182.8744558808282,
    835.3750513903121,
    1390.5301649752114,
    995.4418657218177,
    1449.5707333597734,
    1699.6220405252666,
    1803.9462142045436,
    1857.788731015667,
    1946.4653631265815,
    1318.2828597576251,
    1355.0590902546974,
    1507.914713591284,
    1270.3530043028197,
    1401.509763094935,
    1395.617474619921,
    1457.1908436838735,
    2080.3183907488246,
    1417.7337393176626,
    1694.6407607160459,
    1957.786558160536,
    1824.0894242583831,
    2366.3076770789885,
    2091.2507941297768,
    2034.3131259178394,
    1763.2396189478204,
    2213.8204235301055,
    2184.165561744623,
    2617.506805604011,
    2430.917315275168,
    1750.6983570127172,
    1844.9186447527973,
    2335.5225318208104,
    2990.2191936365716,
    2816.2729932535412,
    2492.176867626112,
    2266.3072770606204,
    2746.809085941722,
    2497.265077969549,
    2858.8358323380808,
    3322.10325451645,
    3640.329226335731,
    3419.1975984337996,
    3768.5596783915353,
    3583.179311524699,
    3486.565626251214,
    2946.8097153116087,
    3725.2560210280617,
    3243.807444971289,
    3703.9388233637887,
    4252.203361595166,
    3868.033435378065,
    4009.490421104696,
    4190.404809696925,
    4129.414098145478,
    3860.4241524597956,
    4230.135309968888,
    4208.108821512153,
    3798.2884115138345
  ],
  "eval_steps": [
    2048,
    22528,
    43008,
    63488,
    83968,
    104448,
    124928,
    145408,
    165888,
    186368,
    206848,
    227328,
    247808,
    268288,
    288768,
    309248,
    329728,
    350208,
    370688,
    391168,
    411648,
    432128,
    452608,
    473088,
    493568,
    514048,
    534528,
    555008,
    575488,
    595968,
    616448,
    636928,
    657408,
    677888,
    698368,
    718848,
    739328,
    759808,
    780288,
    800768,
    821248,
    841728,
    862208,
    882688,
    903168,
    923648,
    944128,
    964608,
    985088,
    1005568,
    1026048,
    1046528,
    1067008,
    1087488,
    1107968,
    1128448,
    1148928,
    1169408,
    1189888,
    1210368,
    1230848,
    1251328,
    1271808,
    1292288,
    1312768,
    1333248,
    1353728,
    1374208,
    1394688,
    1415168,
    1435648,
    1456128,
    1476608,
    1497088
  ],
  "episode_rewards": [
    2735.006903578467,
    3700.383806754053,
    3849.789812160799,
    3929.2168144210377,
    4026.8182141756442,
    3668.073212835445,
    3684.3042059015656,
    2523.6553076706623,
    1668.4997177022112,
    1584.9369862016893,
    3742.34272811486,
    2256.3632763391697,
    3388.361539853157,
    3672.1844280947835,
    3766.5318948120366,
    3675.314242954185,
    3641.6428089020424,
    3897.460536054473,
    1736.2702958901784,
    3693.8462321173865,
    713.5392503204012,
    3752.4216213217046,
    3740.2603896166847,
    3238.1353342821617,
    3544.5076049384597,
    1033.2916092227565,
    3779.971055095609,
    3891.9185204966425,
    3723.9730215462737,
    3077.772970674977,
    3503.575940871475,
    3851.212674946547,
    3845.9614307986753,
    3953.7077046142804,
    3799.1946823393946,
    3642.3620203685687,
    3916.128036940184,
    3644.378969675968,
    3558.017875316222,
    3704.697926854869,
    3683.4908818898457,
    3606.0427288600886,
    3875.1137543193945,
    3937.4876294887235,
    3883.8057754270203,
    3882.6169073627725,
    1691.1094865700727,
    3660.194714271257,
    3700.3342662404098,
    3775.9686930177995,
    3835.447049680572,
    3887.977977355732,
    3900.17028040089,
    3880.909896548795,
    3715.5169236413476,
    3497.258889760571,
    3719.4889949601484,
    3220.8212765705102,
    3834.851081916755,
    3712.423474425539,
    3743.087270654116,
    3780.8442944618296,
    3315.5679592084784,
    3954.369150567948,
    3972.7078399037546,
    3868.5417960032755,
    3838.152760234711,
    3824.2833263888215,
    2378.431334382468,
    1502.459065728126,
    3543.1307776697354,
    2136.062271848271,
    3934.675267063642,
    1655.0727372075537,
    3878.991258881521,
    3959.7964564502377,
    3314.483742527778,
    3905.078539209001,
    3897.3975490700373,
    3600.8499487937543,
    3961.661291015104,
    2495.4606435774226,
    1388.4976413773686,
    3873.4901241655834,
    3869.502499982622,
    3935.5271070752638,
    1687.6843460117143,
    3908.9677447962304,
    3804.173978307429,
    2097.9430175615644,
    3607.898307148285,
    1930.9251755221171,
    3985.309588925069,
    4096.604674964602,
    795.2513009646831,
    1707.2480762739865,
    3951.8793552172547,
    3927.530849637412,
    3801.1965842877034,
    3667.662396652049,
    3860.769374713681,
    1884.834881187565,
    403.48178473785515,
    3921.5171482141745,
    1182.0009417992255,
    4044.758834547948,
    3729.4653595159375,
    3371.9056503027427,
    1267.0564070429116,
    4024.455532946422,
    4029.0817845764795,
    980.9183316088764,
    3950.1893474981593,
    3943.0384393128725,
    3881.8908208636003,
    31.561152738091316,
    3895.442309815482,
    249.64833410315043,
    3660.0296495531175,
    81.22162641504515,
    2163.9030557316614,
    3842.6615389722524,
    3759.332091914613,
    3639.07706591221,
    3975.5639481201897,
    3801.6211280075013,
    1787.9857507796132,
    3712.8686518887343,
    3984.0518158624286,
    4010.7961679995037,
    2957.3923805553973,
    3982.050887712791,
    3672.038633712569,
    3791.4322477524524,
    4113.507131163312,
    3954.8446826629206,
    3619.5147259178543,
    2638.916441262166,
    3953.529354664566,
    792.6211479528896,
    3818.420068571864,
    3981.723134588267,
    3938.8492360711207,
    2919.310026897704,
    3951.0849577543704,
    1099.1609752895756,
    3917.5717449458766,
    3887.2312901961354,
    3756.294181364738,
    3886.8831380970487,
    3964.7127900346027,
    3808.873152001148,
    3876.7988632017014,
    1009.9561814405815,
    4108.220501201891,
    3778.114652607098,
    686.6718635123075,
    4064.0432563842114,
    3826.2580029781448,
    3869.93332468657,
    3295.5561921413,
    843.8131644419561,
    3967.3350245430356,
    3955.3299836444753,
    2575.7556690876477,
    3737.6085090000142,
    1066.8268204974167,
    1342.0754787847798,
    2234.1533377081296,
    1675.443089509241,
    1704.162124889967,
    3820.0912473589096,
    3709.535241012593,
    1694.641283931515,
    3465.512040181586,
    3714.65051100698,
    3945.5813080853645,
    3817.5135526483955,
    1770.2629761173132,
    3853.3451089177547,
    796.2692165665501,
    907.4858216933288,
    3930.9248255287844,
    4145.850274831006,
    3988.017961781556,
    4042.279970919869,
    4073.1657779380103,
    126.4008158418304,
    3884.6076518132213,
    1929.2554509910433,
    3859.0992505335807,
    3778.5754430073944,
    4130.449303996896,
