{
  "steps_to_ev09": 69632,
  "steps_to_ev09_stable": 83968,
  "steps_to_ev08": 30720,
  "steps_to_ev07": 26624,
  "steps_to_ev05": 24576,
  "ev_at_50k": 0.8845175661625462,
  "ev_at_80k": 0.8557605840189291,
  "ev_at_100k": 0.9463942654530312,
  "ev_at_150k": 0.9883331891862698,
  "ev_at_200k": 0.9950015939589565,
  "ev_at_300k": 0.9779004520759055,
  "ev_at_500k": 0.9949485077743428,
  "aulc_200k": 0.8352302315381094,
  "aulc_full": 0.9280407335894156,
  "ev_growth_rate": 0.004109371831593788,
  "ev_growth_rate_early": 0.01625249399582952,
  "env": "Hopper-v4",
  "algo": "Optimal_HCGAE_v2_NoGate",
  "seed": 4,
  "elapsed_s": 203.02643585205078,
  "total_steps_trained": 501760,
  "eval_rewards": [
    95.08260387668211,
    201.53561835860205,
    228.18336937890393,
    306.35884170488833,
    364.03019319494666,
    484.3269391748581,
    561.827528992545,
    526.2829712324831,
    547.2269997360635,
    655.7661540187521,
    602.5452962695924,
    648.5861380842124,
    725.7295541660014,
    757.8678286179771,
    760.5819771260124,
    808.169932226002,
    817.3118522892985,
    801.4813846329348,
    822.739484262607,
    928.1805895778182,
    875.9443687451974,
    999.0465994236745,
    1058.2109444204568,
    1255.1043570441334,
    1666.2667371027703,
    1110.4892484235068,
    1605.8183880494985,
    1323.6286501868688,
    1597.146158200393,
    1654.5566655070506,
    1384.2408761972902,
    1471.9508351886743,
    1312.6472189756503,
    1043.4033061304149,
    1536.3822402494334,
    1234.4958407439783,
    1394.6025703221599,
    1319.4421925200525,
    1383.0946782206706,
    1455.6433275536037,
    1531.8244640410132,
    1824.379497392511,
    1778.0914357714942,
    1664.359671991133,
    1347.8014155211426,
    1765.1855577065303,
    1368.7436842335514,
    1589.2509951507575,
    1619.871046118061
  ],
  "eval_steps": [
    10240,
    20480,
    30720,
    40960,
    51200,
    61440,
    71680,
    81920,
    92160,
    102400,
    112640,
    122880,
    133120,
    143360,
    153600,
    163840,
    174080,
    184320,
    194560,
    204800,
    215040,
    225280,
    235520,
    245760,
    256000,
    266240,
    276480,
    286720,
    296960,
    307200,
    317440,
    327680,
    337920,
    348160,
    358400,
    368640,
    378880,
    389120,
    399360,
    409600,
    419840,
    430080,
    440320,
    450560,
    460800,
    471040,
    481280,
    491520,
    501760
  ]
}