{
  "steps_to_ev09": 53248,
  "steps_to_ev09_stable": 63488,
  "steps_to_ev08": 43008,
  "steps_to_ev07": 34816,
  "steps_to_ev05": 22528,
  "ev_at_50k": 0.7310350446038624,
  "ev_at_80k": 0.9561261372350974,
  "ev_at_100k": 0.9446212091006689,
  "ev_at_150k": 0.9245759186955206,
  "ev_at_200k": 0.9921329878124757,
  "ev_at_300k": 0.9949595923758972,
  "ev_at_500k": 0.9728410470803542,
  "aulc_200k": 0.834180122709878,
  "aulc_full": 0.928617243743521,
  "ev_growth_rate": 0.004065881459185651,
  "ev_growth_rate_early": 0.016486081650792874,
  "env": "Hopper-v4",
  "algo": "Optimal_HCGAE_v2_NoBdry",
  "seed": 3,
  "elapsed_s": 225.3616578578949,
  "total_steps_trained": 501760,
  "eval_rewards": [
    121.29562929782139,
    194.08877967923888,
    250.41922794611588,
    311.6562011077921,
    331.1064470838508,
    330.9509154262138,
    361.52408096264014,
    396.02291974277017,
    456.906599584006,
    517.0985004634807,
    630.1997022180616,
    686.904063947747,
    684.2730858897594,
    716.3013735987918,
    823.4867340268414,
    838.7502270106321,
    921.9774289169585,
    884.8021376311287,
    953.4917179241163,
    1041.0168554462796,
    961.2345133931318,
    1146.0558637409904,
    1053.5092063456334,
    1150.6948449581025,
    1344.1163634610234,
    1258.7868420437894,
    1731.966408449861,
    1427.8169522432713,
    1355.6614151334861,
    1366.7450325482305,
    1561.095313545135,
    1299.8711926949784,
    2145.1150268525657,
    1681.0084743686712,
    1670.8585747692337,
    1668.754664728148,
    1863.3004714652227,
    2304.46076487154,
    1688.8506564249353,
    1937.0157301064148,
    2023.023149656968,
    1904.0332000086564,
    2361.3892267882543,
    2464.5067331891796,
    2351.243264505095,
    1917.32116434754,
    2553.453236939841,
    2167.4195566997705,
    2567.0113658704386
  ],
  "eval_steps": [
    10240,
    20480,
    30720,
    40960,
    51200,
    61440,
    71680,
    81920,
    92160,
    102400,
    112640,
    122880,
    133120,
    143360,
    153600,
    163840,
    174080,
    184320,
    194560,
    204800,
    215040,
    225280,
    235520,
    245760,
    256000,
    266240,
    276480,
    286720,
    296960,
    307200,
    317440,
    327680,
    337920,
    348160,
    358400,
    368640,
    378880,
    389120,
    399360,
    409600,
    419840,
    430080,
    440320,
    450560,
    460800,
    471040,
    481280,
    491520,
    501760
  ]
}