{
  "steps_to_ev09": 34816,
  "steps_to_ev09_stable": 34816,
  "steps_to_ev08": 30720,
  "steps_to_ev07": 28672,
  "steps_to_ev05": 24576,
  "ev_at_50k": 0.9039203535293048,
  "ev_at_80k": 0.9489952004533342,
  "ev_at_100k": 0.9829324047326444,
  "ev_at_150k": 0.9921667098486704,
  "ev_at_200k": 0.9255677298441427,
  "ev_at_300k": 0.9972448054535156,
  "ev_at_500k": 0.9964074696255352,
  "aulc_200k": 0.8750648478746964,
  "aulc_full": 0.9467360822181025,
  "ev_growth_rate": 0.004033132872030172,
  "ev_growth_rate_early": 0.016046957242745907,
  "env": "Hopper-v4",
  "algo": "Optimal_HCGAE",
  "seed": 0,
  "elapsed_s": 204.36083102226257,
  "total_steps_trained": 501760,
  "eval_rewards": [
    107.828789076468,
    185.16210189114767,
    213.4837473242989,
    231.09071985911413,
    308.3527704940161,
    357.20424204950916,
    436.0489338739693,
    428.6603081011755,
    606.2673414606671,
    783.3460430475644,
    798.3113338079453,
    726.0475497257154,
    761.7407435134176,
    794.425155063114,
    931.3527070881661,
    953.5387004607564,
    1190.9419631786898,
    864.7671564980517,
    1529.6733416162722,
    1348.0166709313157,
    1862.197975682447,
    1423.8952531636326,
    1442.958133935619,
    1550.6623148519939,
    1853.5001924538647,
    1191.4147037713526,
    1358.1135414667772,
    1392.0851230852468,
    1428.5759882778775,
    1070.095771798885,
    1422.805045115749,
    1169.9900102320935,
    1484.4195096045573,
    1223.2791066207387,
    1460.5640122742138,
    1299.7054563035988,
    1700.007780873569,
    1318.981502557952,
    1560.398068428048,
    1447.1459291843987,
    1691.855874060579,
    1363.424179483014,
    1649.6111698107866,
    1340.5322663172142,
    1583.7471078036574,
    1483.2331232609608,
    1565.4058096811145,
    1569.2549943717436,
    1257.7985526688033
  ],
  "eval_steps": [
    10240,
    20480,
    30720,
    40960,
    51200,
    61440,
    71680,
    81920,
    92160,
    102400,
    112640,
    122880,
    133120,
    143360,
    153600,
    163840,
    174080,
    184320,
    194560,
    204800,
    215040,
    225280,
    235520,
    245760,
    256000,
    266240,
    276480,
    286720,
    296960,
    307200,
    317440,
    327680,
    337920,
    348160,
    358400,
    368640,
    378880,
    389120,
    399360,
    409600,
    419840,
    430080,
    440320,
    450560,
    460800,
    471040,
    481280,
    491520,
    501760
  ]
}