{
  "steps_to_ev09": 53248,
  "steps_to_ev09_stable": 61440,
  "steps_to_ev08": 51200,
  "steps_to_ev07": 47104,
  "steps_to_ev05": 30720,
  "ev_at_50k": 0.8304033904890133,
  "ev_at_80k": 0.9775022726969931,
  "ev_at_100k": 0.9794729696711986,
  "ev_at_150k": 0.9960177030913195,
  "ev_at_200k": 0.9854861145121901,
  "ev_at_300k": 0.9613266818924527,
  "ev_at_500k": 0.8192735734070554,
  "aulc_200k": 0.8387122188514434,
  "aulc_full": 0.8947909723806713,
  "ev_growth_rate": 0.0032675722871281974,
  "ev_growth_rate_early": 0.015882757357344388,
  "env": "Walker2d-v4",
  "algo": "Optimal_HCGAE",
  "seed": 0,
  "elapsed_s": 202.562331199646,
  "total_steps_trained": 501760,
  "eval_rewards": [
    49.78190807535698,
    181.69741351305444,
    201.87121682406092,
    256.2441460825991,
    299.946123852888,
    317.22322083821825,
    298.8737073000426,
    336.9314251398645,
    320.7030266165842,
    367.0312454271354,
    340.71503281608494,
    361.1924103062455,
    386.9388598338379,
    409.5234114416924,
    399.5619382220001,
    401.2829381315394,
    390.2542718028553,
    420.20990124374595,
    435.4751769385851,
    534.488937160538,
    515.2240607528239,
    574.9486832592936,
    590.7452918393805,
    657.3861644665451,
    650.3664277721457,
    688.8661794541462,
    743.2337262795052,
    650.3653431265143,
    736.3411911371844,
    755.5993890837111,
    789.8127900776592,
    927.9208541692366,
    661.2880696646246,
    805.8311092663018,
    1120.888350943095,
    1067.4082605610827,
    1108.1727871982732,
    1133.263862624512,
    1562.6946950106787,
    1624.2488859571483,
    1743.1014821868187,
    1200.8058841303655,
    1618.0308066470418,
    1529.0534364710052,
    1209.1427565430697,
    2073.173832105292,
    1660.5814014999273,
    1766.6864125463126,
    1923.6675732342926
  ],
  "eval_steps": [
    10240,
    20480,
    30720,
    40960,
    51200,
    61440,
    71680,
    81920,
    92160,
    102400,
    112640,
    122880,
    133120,
    143360,
    153600,
    163840,
    174080,
    184320,
    194560,
    204800,
    215040,
    225280,
    235520,
    245760,
    256000,
    266240,
    276480,
    286720,
    296960,
    307200,
    317440,
    327680,
    337920,
    348160,
    358400,
    368640,
    378880,
    389120,
    399360,
    409600,
    419840,
    430080,
    440320,
    450560,
    460800,
    471040,
    481280,
    491520,
    501760
  ]
}