{
  "steps_to_ev09": 51200,
  "steps_to_ev09_stable": 51200,
  "steps_to_ev08": 40960,
  "steps_to_ev07": 32768,
  "steps_to_ev05": 28672,
  "ev_at_50k": 0.9479722870173963,
  "ev_at_80k": 0.9872139678934861,
  "ev_at_100k": 0.9656899993524978,
  "ev_at_150k": 0.9855460991905038,
  "ev_at_200k": 0.9770328246501149,
  "ev_at_300k": 0.9585017333048593,
  "ev_at_500k": 0.9520124319303264,
  "aulc_200k": 0.8560844817441567,
  "aulc_full": 0.9120134969098813,
  "ev_growth_rate": 0.0038260695015927414,
  "ev_growth_rate_early": 0.015927089784401608,
  "env": "Walker2d-v4",
  "algo": "Optimal_HCGAE_v2_NoGate",
  "seed": 4,
  "elapsed_s": 215.4970200061798,
  "total_steps_trained": 501760,
  "eval_rewards": [
    27.829178535620667,
    236.34880966432107,
    226.42001598940055,
    294.4944735079369,
    291.08192259953177,
    290.2755489137512,
    313.75508234546277,
    394.1427050219265,
    323.28952352772393,
    352.39463846257576,
    350.58511770288635,
    404.36838232206816,
    388.072035159326,
    386.03982487572137,
    427.7256380895698,
    391.975845023474,
    450.6151912025002,
    505.453370080718,
    549.75466043737,
    660.6859958605025,
    740.3701234582155,
    1495.2348779545678,
    1008.2035110536195,
    1650.5034441217,
    1409.5711449891987,
    1602.0984517745424,
    1710.2096154253127,
    1734.169198369646,
    1875.1271942213134,
    1814.9660924191896,
    2040.1277490211542,
    1830.24800305602,
    1999.5538686992452,
    2130.8103503011885,
    1939.7128402715182,
    2143.1623440459293,
    2759.1124547712457,
    2936.7418024004323,
    2681.2504697223644,
    2402.276548542611,
    3196.2626271913764,
    3158.1504560966164,
    1923.5627722145575,
    2741.6683362465214,
    2604.4825393828037,
    2859.788800099534,
    2472.897851946971,
    2626.061810769023,
    2929.9912202065702
  ],
  "eval_steps": [
    10240,
    20480,
    30720,
    40960,
    51200,
    61440,
    71680,
    81920,
    92160,
    102400,
    112640,
    122880,
    133120,
    143360,
    153600,
    163840,
    174080,
    184320,
    194560,
    204800,
    215040,
    225280,
    235520,
    245760,
    256000,
    266240,
    276480,
    286720,
    296960,
    307200,
    317440,
    327680,
    337920,
    348160,
    358400,
    368640,
    378880,
    389120,
    399360,
    409600,
    419840,
    430080,
    440320,
    450560,
    460800,
    471040,
    481280,
    491520,
    501760
  ]
}