{
  "steps_to_ev09": 51200,
  "steps_to_ev09_stable": 51200,
  "steps_to_ev08": 43008,
  "steps_to_ev07": 36864,
  "steps_to_ev05": 30720,
  "ev_at_50k": 0.91637815896636,
  "ev_at_80k": 0.9611155704378084,
  "ev_at_100k": 0.9834622290609877,
  "ev_at_150k": 0.986557727707506,
  "ev_at_200k": 0.989952432129893,
  "ev_at_300k": 0.8471826728792067,
  "ev_at_500k": 0.810193029506465,
  "aulc_200k": 0.844184249495635,
  "aulc_full": 0.8772769947699491,
  "ev_growth_rate": 0.0034712611529018568,
  "ev_growth_rate_early": 0.01658937596320721,
  "env": "Walker2d-v4",
  "algo": "Optimal_HCGAE_v2",
  "seed": 2,
  "elapsed_s": 212.15665888786316,
  "total_steps_trained": 501760,
  "eval_rewards": [
    18.692664584588748,
    207.09206242749673,
    229.53233557023242,
    247.24851759513075,
    311.4986779973831,
    339.7583055097423,
    367.0407602852843,
    352.427301958465,
    311.9117913573988,
    359.824032534655,
    336.33483104319265,
    349.1978462197534,
    366.3500844394544,
    377.83186610625904,
    319.28550722656576,
    413.466118827394,
    406.8033028956907,
    405.85844002583565,
    458.7513451946794,
    452.03718585710277,
    443.3299786461178,
    498.6964285311853,
    612.0457561271234,
    739.0154694670766,
    715.737615657977,
    1468.3014468589465,
    1648.350825702689,
    2345.0064108056604,
    1793.031076642635,
    1666.223928423898,
    1310.501552935506,
    1694.9883286770316,
    1759.7934332178852,
    2036.6450915608027,
    1843.0531859093796,
    2134.6129704467285,
    2639.7657416411635,
    2049.9371513919973,
    2079.8984185295017,
    2447.1069447348364,
    2043.9936308650242,
    1967.5543880935045,
    2406.4723051332967,
    1830.2289082670316,
    1735.1401122877887,
    2121.2192612657977,
    1662.136005317207,
    1896.413663190616,
    1517.5016571217716
  ],
  "eval_steps": [
    10240,
    20480,
    30720,
    40960,
    51200,
    61440,
    71680,
    81920,
    92160,
    102400,
    112640,
    122880,
    133120,
    143360,
    153600,
    163840,
    174080,
    184320,
    194560,
    204800,
    215040,
    225280,
    235520,
    245760,
    256000,
    266240,
    276480,
    286720,
    296960,
    307200,
    317440,
    327680,
    337920,
    348160,
    358400,
    368640,
    378880,
    389120,
    399360,
    409600,
    419840,
    430080,
    440320,
    450560,
    460800,
    471040,
    481280,
    491520,
    501760
  ]
}