{
  "steps_to_ev09": 51200,
  "steps_to_ev09_stable": 61440,
  "steps_to_ev08": 36864,
  "steps_to_ev07": 36864,
  "steps_to_ev05": 22528,
  "ev_at_50k": 0.9044723651589845,
  "ev_at_80k": 0.9820876507178584,
  "ev_at_100k": 0.9417908075373222,
  "ev_at_150k": 0.9880262381338479,
  "ev_at_200k": 0.9744196605239084,
  "ev_at_300k": 0.9717683286474317,
  "ev_at_500k": 0.9366507993065015,
  "aulc_200k": 0.8579637905619732,
  "aulc_full": 0.9159311785925539,
  "ev_growth_rate": 0.0037631119908393606,
  "ev_growth_rate_early": 0.015900108995888743,
  "env": "Walker2d-v4",
  "algo": "Optimal_HCGAE_v2",
  "seed": 4,
  "elapsed_s": 207.64750623703003,
  "total_steps_trained": 501760,
  "eval_rewards": [
    73.01864564015983,
    151.8597266709978,
    232.12129932301326,
    277.348031454223,
    299.10265910644756,
    350.35570775645897,
    338.1041778300412,
    349.60277301754076,
    345.0390058094059,
    360.9753630640292,
    354.5582647196462,
    377.4581706200521,
    377.99013118373165,
    434.43719799602286,
    421.61333751097357,
    531.5718871497036,
    608.8442115746906,
    664.9802212474248,
    614.4596776315009,
    628.3714606023367,
    593.3216807567312,
    655.9961543203874,
    886.3776143045898,
    979.8587528058155,
    916.4111155440642,
    993.4600446120357,
    1138.574013511095,
    1172.036154304257,
    962.5835061409368,
    1295.3303086644032,
    928.3594139614172,
    1128.7787298512542,
    1105.0948973468462,
    1630.338214774691,
    1575.5114223464454,
    1155.9703293262812,
    1462.8979315571262,
    1142.5544693240467,
    2043.4245292774256,
    1383.9225510970577,
    1949.5900767723797,
    2366.211142362287,
    2255.3327432408987,
    2444.7937015278712,
    1855.0938546780424,
    2282.362202185687,
    2070.208600237234,
    2153.865838675204,
    2205.806404855889
  ],
  "eval_steps": [
    10240,
    20480,
    30720,
    40960,
    51200,
    61440,
    71680,
    81920,
    92160,
    102400,
    112640,
    122880,
    133120,
    143360,
    153600,
    163840,
    174080,
    184320,
    194560,
    204800,
    215040,
    225280,
    235520,
    245760,
    256000,
    266240,
    276480,
    286720,
    296960,
    307200,
    317440,
    327680,
    337920,
    348160,
    358400,
    368640,
    378880,
    389120,
    399360,
    409600,
    419840,
    430080,
    440320,
    450560,
    460800,
    471040,
    481280,
    491520,
    501760
  ]
}