{
  "steps_to_ev09": 49152,
  "steps_to_ev09_stable": 55296,
  "steps_to_ev08": 38912,
  "steps_to_ev07": 36864,
  "steps_to_ev05": 30720,
  "ev_at_50k": 0.8653280595089574,
  "ev_at_80k": 0.960631361619019,
  "ev_at_100k": 0.9870629051868275,
  "ev_at_150k": 0.9828943499530414,
  "ev_at_200k": 0.9840278894517345,
  "ev_at_300k": 0.9724210884093623,
  "ev_at_500k": 0.9063066448570058,
  "aulc_200k": 0.8519299062195946,
  "aulc_full": 0.9138664589606782,
  "ev_growth_rate": 0.0036242652029066826,
  "ev_growth_rate_early": 0.01585262467579905,
  "env": "Walker2d-v4",
  "algo": "Optimal_HCGAE_v2",
  "seed": 0,
  "elapsed_s": 205.17968797683716,
  "total_steps_trained": 501760,
  "eval_rewards": [
    49.595546818375325,
    196.65532469891698,
    230.42129301233953,
    326.0294518317585,
    308.62887399781755,
    275.723411210915,
    294.4344576283469,
    336.0516080801973,
    363.5616662838671,
    345.86693899721183,
    321.7283321177266,
    308.6170397846464,
    343.33286835094736,
    384.29273529449824,
    353.06657629930936,
    389.4556513223738,
    413.3970003574958,
    403.0451288634028,
    411.21991151233624,
    426.4322490042292,
    500.11338087485353,
    524.4594938834692,
    541.4223494392838,
    600.0848027768524,
    549.4749985142768,
    609.8641536986378,
    718.5310401118483,
    726.667383412562,
    808.5783137548085,
    842.993553742463,
    874.0639232844311,
    832.6630003789303,
    1077.5491730229908,
    1276.6912462235127,
    1379.9214843183117,
    1572.8719943014717,
    1722.2207907281086,
    1520.5255650020997,
    1456.6046333329311,
    1616.6027614785867,
    1395.4060148369467,
    1886.9733661152998,
    1793.356758213618,
    1856.2773908990507,
    2306.2295582716984,
    2146.3792524573832,
    2267.576801657241,
    1362.0603450971914,
    2120.8696830734216
  ],
  "eval_steps": [
    10240,
    20480,
    30720,
    40960,
    51200,
    61440,
    71680,
    81920,
    92160,
    102400,
    112640,
    122880,
    133120,
    143360,
    153600,
    163840,
    174080,
    184320,
    194560,
    204800,
    215040,
    225280,
    235520,
    245760,
    256000,
    266240,
    276480,
    286720,
    296960,
    307200,
    317440,
    327680,
    337920,
    348160,
    358400,
    368640,
    378880,
    389120,
    399360,
    409600,
    419840,
    430080,
    440320,
    450560,
    460800,
    471040,
    481280,
    491520,
    501760
  ]
}