{
  "steps_to_ev09": 57344,
  "steps_to_ev09_stable": 67584,
  "steps_to_ev08": 45056,
  "steps_to_ev07": 45056,
  "steps_to_ev05": 26624,
  "ev_at_50k": 0.68325817214488,
  "ev_at_80k": 0.9622435601117987,
  "ev_at_100k": 0.9667003340958298,
  "ev_at_150k": 0.962992807910126,
  "ev_at_200k": 0.9943447088021745,
  "ev_at_300k": 0.9471020379321206,
  "ev_at_500k": 0.8526039855212325,
  "aulc_200k": 0.8395013083471713,
  "aulc_full": 0.8905861653431695,
  "ev_growth_rate": 0.0034798759824505995,
  "ev_growth_rate_early": 0.016096144285535,
  "env": "Walker2d-v4",
  "algo": "Optimal_HCGAE_v2_NoGate",
  "seed": 3,
  "elapsed_s": 208.85499095916748,
  "total_steps_trained": 501760,
  "eval_rewards": [
    21.50471089220023,
    144.2183320022943,
    255.16781382999739,
    320.70504636760535,
    326.9721392792575,
    371.30639225136315,
    331.0327206966566,
    369.0266901731663,
    331.7632577632398,
    352.05318586708154,
    361.0306342351162,
    381.3709309151641,
    395.01555007490794,
    422.56331839855886,
    398.00814368994804,
    379.84450323972203,
    404.547301634323,
    399.4889176516821,
    442.235631770276,
    446.46502897127283,
    473.3270623948474,
    422.3063399035185,
    498.28932243416966,
    522.0710565612435,
    534.7130595184256,
    702.2924325963739,
    865.8082581816576,
    928.0119923863047,
    1687.6472558877772,
    1496.0232562963301,
    2038.050590417943,
    1638.5408797933026,
    1970.476895211196,
    2241.740474608006,
    2226.3872842111205,
    1674.2666453993902,
    2067.021436899836,
    1864.8677736031048,
    2299.6335622537645,
    2493.373526931029,
    2140.7624799961613,
    2392.0517798510955,
    1807.71265269621,
    2027.3844283138,
    2413.509643991308,
    2550.135185071064,
    1819.8596405915246,
    2834.895873211083,
    1714.3546322674706
  ],
  "eval_steps": [
    10240,
    20480,
    30720,
    40960,
    51200,
    61440,
    71680,
    81920,
    92160,
    102400,
    112640,
    122880,
    133120,
    143360,
    153600,
    163840,
    174080,
    184320,
    194560,
    204800,
    215040,
    225280,
    235520,
    245760,
    256000,
    266240,
    276480,
    286720,
    296960,
    307200,
    317440,
    327680,
    337920,
    348160,
    358400,
    368640,
    378880,
    389120,
    399360,
    409600,
    419840,
    430080,
    440320,
    450560,
    460800,
    471040,
    481280,
    491520,
    501760
  ]
}