{
  "steps_to_ev09": 45056,
  "steps_to_ev09_stable": 49152,
  "steps_to_ev08": 16384,
  "steps_to_ev07": 16384,
  "steps_to_ev05": 10240,
  "ev_at_50k": 0.9117507734533365,
  "ev_at_80k": 0.9695351198233915,
  "ev_at_100k": 0.9706018801144944,
  "ev_at_150k": 0.9594829032645575,
  "ev_at_200k": 0.9696074910617897,
  "ev_at_300k": 0.941200197860972,
  "ev_at_500k": 0.9548941564440371,
  "aulc_200k": 0.8919150502072298,
  "aulc_full": 0.9212821299532975,
  "ev_growth_rate": 0.004412318192591802,
  "ev_growth_rate_early": 0.017888127405777735,
  "env": "Walker2d-v4",
  "algo": "Optimal_PPO",
  "seed": 2,
  "elapsed_s": 204.5785572528839,
  "total_steps_trained": 501760,
  "eval_rewards": [
    21.377854481155975,
    185.13195886183,
    236.3139383814749,
    271.68110283475573,
    270.0366845075247,
    271.3418886281471,
    323.2212085923513,
    339.6304051899096,
    357.58477240396024,
    355.468030509172,
    314.6634594137707,
    346.2981397268234,
    330.88745575287845,
    389.1897571702155,
    344.19414042924245,
    366.73590324636587,
    391.7100462563876,
    406.7777061546929,
    454.0373439277537,
    473.8790358956924,
    609.3196484048667,
    599.6869535283088,
    700.407228246533,
    731.075986613125,
    750.5057934747615,
    780.6754020265164,
    835.4661948141902,
    751.3926113990644,
    735.7581021967604,
    806.2184091228102,
    957.9199540720049,
    1113.2975279669522,
    903.9340109876526,
    1045.3540979949473,
    1204.0846197888263,
    1001.6218281764811,
    876.2191608445894,
    1281.540078390079,
    1429.2932047459158,
    1407.6367128532704,
    1677.1883698326087,
    1622.97398643767,
    1306.5084999834476,
    1771.242965901513,
    1539.0978769809394,
    1627.5161048995456,
    2017.2228536314499,
    1752.7169348679072,
    1707.6806322336975
  ],
  "eval_steps": [
    10240,
    20480,
    30720,
    40960,
    51200,
    61440,
    71680,
    81920,
    92160,
    102400,
    112640,
    122880,
    133120,
    143360,
    153600,
    163840,
    174080,
    184320,
    194560,
    204800,
    215040,
    225280,
    235520,
    245760,
    256000,
    266240,
    276480,
    286720,
    296960,
    307200,
    317440,
    327680,
    337920,
    348160,
    358400,
    368640,
    378880,
    389120,
    399360,
    409600,
    419840,
    430080,
    440320,
    450560,
    460800,
    471040,
    481280,
    491520,
    501760
  ]
}