{
  "steps_to_ev09": 38912,
  "steps_to_ev09_stable": 38912,
  "steps_to_ev08": 22528,
  "steps_to_ev07": 18432,
  "steps_to_ev05": 12288,
  "ev_at_50k": 0.96158126927674,
  "ev_at_80k": 0.9738649161936941,
  "ev_at_100k": 0.9866250641965038,
  "ev_at_150k": 0.9731308786527031,
  "ev_at_200k": 0.9804321612110823,
  "ev_at_300k": 0.9718025393826355,
  "ev_at_500k": 0.959630005528184,
  "aulc_200k": 0.9141093640144075,
  "aulc_full": 0.947323969948663,
  "ev_growth_rate": 0.0037484898911009945,
  "ev_growth_rate_early": 0.015394828230431434,
  "env": "Walker2d-v4",
  "algo": "Optimal_PPO",
  "seed": 0,
  "elapsed_s": 203.4411404132843,
  "total_steps_trained": 501760,
  "eval_rewards": [
    44.48988470301839,
    282.2552641960366,
    256.20794517117673,
    336.52355341970986,
    303.91423122406184,
    372.2069891664656,
    382.80793969318705,
    359.63866917697936,
    314.18028299119317,
    351.6116595472449,
    361.93100012584074,
    394.3623955808491,
    391.98095140316934,
    428.02480110350945,
    445.1617061554176,
    427.01569176213025,
    454.33053412813945,
    480.70937594177684,
    482.61672626447427,
    506.16350544350536,
    556.9565865024314,
    518.0014207174727,
    581.7907028800375,
    627.685305183724,
    668.3676889882541,
    712.6892396650192,
    633.9408375366245,
    729.6741741470946,
    826.5231374223276,
    803.7597364662437,
    741.0957792179458,
    1007.3493176558857,
    858.244237460173,
    818.2327581460844,
    1004.1686207357216,
    937.5827712359276,
    1024.8979816074395,
    1386.0078565875908,
    1237.440330006352,
    1393.9413446481226,
    1403.2069049812526,
    1214.344750521014,
    1420.4416093792279,
    1701.6769300541205,
    1597.8480899101544,
    1327.8274663386405,
    1308.0642729836309,
    912.8965333686165,
    1534.7813685591998
  ],
  "eval_steps": [
    10240,
    20480,
    30720,
    40960,
    51200,
    61440,
    71680,
    81920,
    92160,
    102400,
    112640,
    122880,
    133120,
    143360,
    153600,
    163840,
    174080,
    184320,
    194560,
    204800,
    215040,
    225280,
    235520,
    245760,
    256000,
    266240,
    276480,
    286720,
    296960,
    307200,
    317440,
    327680,
    337920,
    348160,
    358400,
    368640,
    378880,
    389120,
    399360,
    409600,
    419840,
    430080,
    440320,
    450560,
    460800,
    471040,
    481280,
    491520,
    501760
  ]
}