{
  "env": "HalfCheetah-v4",
  "agent": "Standard_PPO",
  "seed": 2,
  "config": {
    "hidden_dim": 256,
    "lr": 0.0003,
    "gamma": 0.99,
    "lam": 0.95,
    "eps_clip": 0.2,
    "n_epochs": 10,
    "batch_size": 64,
    "n_steps": 2048,
    "ent_coef": 0.0,
    "vf_coef": 0.5,
    "max_grad_norm": 0.5,
    "use_obs_norm": false,
    "use_adv_norm": false,
    "use_lr_anneal": false,
    "total_timesteps": 1000000,
    "eval_freq": 20480,
    "n_eval_episodes": 10,
    "eval_mode": "deterministic_mean",
    "scr_ema_alpha": null,
    "scr_relax": null,
    "clip_c": null,
    "use_dcppo_s": false,
    "dcppo_w_min": 0.1
  },
  "total_steps": 1001472,
  "elapsed_s": 759.2665379047394,
  "final_reward": 223.97981754259263,
  "max_reward": 621.9538872959108,
  "eval_rewards": [
    -0.691927425776951,
    303.9577448650752,
    62.455396839118336,
    8.712734624504073,
    3.4714931147087853,
    158.54145687607314,
    192.82441442793206,
    209.1080449464166,
    314.98946475830564,
    345.51868246065476,
    444.28519263456883,
    444.73976511895614,
    490.7171091093049,
    621.9538872959108,
    503.9731928571335,
    449.52210205485164,
    180.8855495601389,
    412.64289786934376,
    243.5542109566692,
    115.88297071050249,
    132.561736064941,
    300.22689839689264,
    231.5721733077541,
    11.15210126604045,
    143.77583561943862,
    152.52039379403578,
    3.1465133616889487,
    125.98579480635847,
    202.00745404883864,
    299.3772597018957,
    359.6287079826202,
    282.2066796922767,
    358.28972248148654,
    322.68090635301303,
    260.82594304300653,
    337.15731117765574,
    349.4251364571234,
    179.84946403634066,
    253.6457453771966,
    203.47132155098637,
    258.8462842092825,
    260.4904527277634,
    241.67612082305126,
    252.666678965748,
    147.49291312237096,
    220.97120142929376,
    213.68961040857775,
    196.20849081078623,
    244.28510137806606
  ],
  "eval_steps": [
    2048,
    22528,
    43008,
    63488,
    83968,
    104448,
    124928,
    145408,
    165888,
    186368,
    206848,
    227328,
    247808,
    268288,
    288768,
    309248,
    329728,
    350208,
    370688,
    391168,
    411648,
    432128,
    452608,
    473088,
    493568,
    514048,
    534528,
    555008,
    575488,
    595968,
    616448,
    636928,
    657408,
    677888,
    698368,
    718848,
    739328,
    759808,
    780288,
    800768,
    821248,
    841728,
    862208,
    882688,
    903168,
    923648,
    944128,
    964608,
    985088
  ],
  "episode_rewards": [
    144.52183569172368,
    126.13299941846296,
    174.89708732911132,
    -716.7192477852827,
    161.5699506839468,
    330.8506839110304,
    264.48826062806233,
    227.00380195992787,
    111.81381281315177,
    307.8652860894278,
    307.46400768065615,
    227.14553485229044,
    312.8166393655133,
    121.93253987293032,
    156.2165937878326,
    192.86104314751313,
    264.061322249564,
    265.76961837993485,
    418.2320547077315,
    237.50964868803808,
    259.4807766036488,
    174.62927737095876,
    370.6845948144117,
    257.92112398979083,
    320.9407827135812,
    156.6292687100504,
    172.6244843421585,
    333.22369248160925,
    243.43528183892053,
    327.1667385914589,
    154.7198653597715,
    460.65089169864063,
    259.39306960097633,
    105.93081700656714,
    211.86578417238007,
    188.2826084593872,
    139.53184910871764,
    163.69424854080634,
    332.5834383311823,
    285.6994470170206,
    318.75059477679895,
    156.21122326869724,
    218.54805170896725,
    178.3649352142339,
    297.94190645550475,
    204.96439557666653,
    206.24983607637276,
    321.4750660657478,
    368.8840984284632,
    242.67738730620812,
    159.10672943206902,
    167.71285589545315,
    443.15017431410473,
    421.0904882483334,
    236.636744243959,
    220.53346877615516,
    169.1474296042429,
    222.25473556508211,
    60.84302058075678,
    316.1508382302186,
    302.1447875021575,
    389.8127871299329,
    183.2384808802924,
    185.3692556072171,
    354.4429954446968,
    230.38804484382948,
    248.35261765558687,
    65.14711605216858,
    219.25402140636336,
    122.37172282376689,
    156.90314807157347,
    229.8792000514008,
    307.04842748264235,
    88.61246101495182,
    119.30193097300065,
    146.67924918402366,
    94.74236967340993,
    -26.49659019192828,
    94.53523234307674,
    166.1929194318562,
    59.476451989679596,
    258.41304184040325,
    144.68769861424542,
    298.54012424495113,
    155.15662064312596,
    110.2485666240351,
    68.36158142538213,
    245.21477189435683,
    -48.79184686992435,
    226.128198992359,
    145.0403454194611,
    174.65952783193987,
    215.01388503042475,
    163.54186389386086,
    23.715844151375514,
    219.87826161149633,
    213.26006301177725,
    263.99865831010436,
    236.07434872172735,
    -444.8851839849697,
    66.77781234128867,
    43.7665481609698,
    187.43979954978906,
    210.17418666684637,
    110.1813344599746,
    56.552242052903544,
    98.75213167078147,
    217.41388484038131,
    -540.674171449364,
    65.96313756038111,
    160.78908161173618,
    203.82478709775808,
    219.85652104555402,
    180.7431380025656,
    313.9607769425818,
    63.08469666923866,
    145.8946816037798,
    266.5060134495239,
    247.13620489110096,
    200.9469130358772,
    0.5151088932897778,
    294.0679681326715,
    102.17997983855263,
    281.0043223540723,
    299.97347693305016,
    84.19115450275099,
    306.1925168223653,
    138.73118904178156,
    198.1876613714385,
    244.43195021872106,
    -3.567646158636925,
    261.548205710737,
    56.75863292001071,
    84.72784802251455,
    124.55832130349269,
    131.3362560915032,
    48.827173262271906,
    50.30804879827482,
    303.54910414751885,
    281.4723517673797,
    7.23333009357919,
    187.6641225339354,
    224.348288941652,
    173.9510204623561,
    194.30150704245864,
    -623.787630699588,
    24.88826209373806,
    97.72940964808686,
    -270.45881281017625,
    -644.4546013173232,
    151.82011642908597,
    24.16587497010616,
    161.78600209061366,
    229.48624650216735,
    229.9806515050212,
    -26.081338862207947,
    163.2947482529769,
    225.1922226321037,
    129.66143668657216,
    -8.99145761538481,
    342.36215576021243,
    234.93468496417398,
    243.70236252196787,
    197.24184303760404,
    230.3464147431019,
    127.00816724118742,
    220.0984331106245,
    274.30226898970363,
    101.51589930480269,
    95.51551681685815,
    166.87408405422622,
    188.9650067457851,
    93.70044515452734,
    13.691821812131236,
    199.98660810343398,
    -28.42179688715926,
    219.16755372889975,
    425.55533686338214,
    127.20374795113143,
    42.56315120035156,
    339.45744259231327,
    385.99973996884114,
    52.108177546837396,
    262.3645738622007,
    113.71720731124994,
    240.9295845199831,
    315.1827877777211,
    212.06515219100496,
    250.47495293167785,
    -54.83080859718817,
    169.14372435173644,
    200.63804204173888,
    281.8126135313019,
    220.99452636257033,
    75.72169915176707,
    184.63087626610417,
    307.94801212599003,
    -86.65438419900323,
    136.2661687290723,
    227.9543437309215
  ],
  "bhvf_diagnostics": []
}