{
  "env": "HalfCheetah-v4",
  "agent": "Standard_PPO",
  "seed": 5,
  "config": {
    "hidden_dim": 256,
    "lr": 0.0003,
    "gamma": 0.99,
    "lam": 0.95,
    "eps_clip": 0.2,
    "n_epochs": 10,
    "batch_size": 64,
    "n_steps": 2048,
    "ent_coef": 0.0,
    "vf_coef": 0.5,
    "max_grad_norm": 0.5,
    "use_obs_norm": false,
    "use_adv_norm": false,
    "use_lr_anneal": false,
    "total_timesteps": 1000000,
    "eval_freq": 20480,
    "n_eval_episodes": 10,
    "eval_mode": "deterministic_mean",
    "scr_ema_alpha": null,
    "clip_c": null,
    "use_dcppo_s": false,
    "dcppo_w_min": 0.1
  },
  "total_steps": 1001472,
  "elapsed_s": 2790.8395340442657,
  "final_reward": 604.5133087933198,
  "max_reward": 752.0862571150138,
  "eval_rewards": [
    -0.6347999033047347,
    -89.64055704059314,
    56.89062192691281,
    142.84847620522277,
    140.3394336463266,
    166.88803664184138,
    326.3503514906217,
    354.01018255309197,
    314.2248774184751,
    480.628060210555,
    637.4670932313929,
    752.0862571150138,
    733.7261630024877,
    732.3463051506981,
    693.6106951503873,
    712.1911187800364,
    650.8747069799527,
    607.3625651374972,
    623.8908598933892,
    479.37987589894675,
    602.0845006060506,
    652.9062050462074,
    646.521536793348,
    617.1958749675681,
    609.7453395468435,
    498.9025307614509,
    608.6471765717791,
    615.9822773942024,
    574.8555059868685,
    593.0526286989805,
    642.9494470833577,
    589.9357009016124,
    539.2211052426769,
    555.0135835810298,
    593.7380925589771,
    619.7218930816131,
    680.8964383971452,
    582.8100499010995,
    633.4694651266509,
    611.2710682478986,
    640.4645095483929,
    622.5516645537091,
    617.2992938776107,
    652.2047810168218,
    571.2247871414207,
    621.9370700309383,
    627.0286733017454,
    512.4138624741162,
    568.7373777405433
  ],
  "eval_steps": [
    2048,
    22528,
    43008,
    63488,
    83968,
    104448,
    124928,
    145408,
    165888,
    186368,
    206848,
    227328,
    247808,
    268288,
    288768,
    309248,
    329728,
    350208,
    370688,
    391168,
    411648,
    432128,
    452608,
    473088,
    493568,
    514048,
    534528,
    555008,
    575488,
    595968,
    616448,
    636928,
    657408,
    677888,
    698368,
    718848,
    739328,
    759808,
    780288,
    800768,
    821248,
    841728,
    862208,
    882688,
    903168,
    923648,
    944128,
    964608,
    985088
  ],
  "episode_rewards": [
    627.0772836459124,
    608.8024576113352,
    622.2195948748575,
    509.1623539263774,
    604.3865979253555,
    563.307334274836,
    660.1165930176595,
    637.9172346681876,
    655.0985300256431,
    655.4576881961196,
    506.10917233427364,
    581.9833120935461,
    597.8980909938961,
    604.1368334293059,
    646.8397808029464,
    142.64844421757408,
    673.1542224661529,
    690.007234978745,
    512.1259274850177,
    498.3202396257318,
    554.6004560814615,
    569.3904608988677,
    616.964787799898,
    556.1737805968888,
    591.3493157657972,
    649.648374244183,
    617.0261963372781,
    602.3461008614855,
    641.2455183178803,
    540.4339405680857,
    598.3763712449414,
    651.6457704198266,
    627.3714539378707,
    574.2915688123653,
    642.8329106965148,
    597.8939082176082,
    530.2339642414526,
    576.5263372318153,
    604.7078190975727,
    551.8607984283938,
    638.0847653554107,
    558.5374897916882,
    523.7761523160056,
    588.0271447296601,
    520.6679595106893,
    651.0506541918878,
    493.98734464256177,
    643.0688027457353,
    648.2127240328069,
    722.073151543537,
    646.044349187303,
    559.1301363677177,
    576.7312405090476,
    242.06965945180642,
    616.8299792355227,
    657.9660400713029,
    623.6832573861402,
    531.796481833124,
    666.8769800198794,
    585.0689357431845,
    524.0521701030513,
    431.04510958544563,
    550.8530709088284,
    669.5968859306931,
    502.38718895082934,
    553.0744542964723,
    611.1579590491875,
    641.8650412362783,
    451.571418134836,
    576.9184108107178,
    618.3041380267135,
    649.5205509468947,
    624.1680114797991,
    461.8488454308965,
    678.7963755715587,
    594.6914474957345,
    439.84270546461954,
    524.6299594353133,
    643.2405913577409,
    606.9083608708745,
    -269.9308326297479,
    587.1226383780258,
    640.4851257239069,
    472.1745914036731,
    564.4243987179035,
    505.7818602138288,
    529.0168816016487,
    563.8519618692196,
    501.57244391510994,
    443.3646765665817,
    199.3780686169654,
    490.1235603575527,
    562.9409689316753,
    618.3846621381898,
    502.14061781598724,
    472.71305283123047,
    557.5743740832927,
    548.8984431466642,
    422.93538849938295,
    512.2189127649306,
    596.3235704984002,
    551.0054948041038,
    620.0000403953399,
    524.5856558687055,
    636.5758924296298,
    532.7218776250344,
    481.5100352709546,
    591.9767502065375,
    525.4530703374453,
    614.5610931267469,
    594.4600294159379,
    552.0979602919309,
    587.4451295878762,
    524.4608285688437,
    652.8979803221492,
    544.3709408046781,
    445.97693996931173,
    539.1071076944021,
    599.8284755696117,
    620.0273303453483,
    621.380148569822,
    614.1047023277091,
    611.2396520866131,
    592.9827024602255,
    650.1018198184813,
    539.7369068875197,
    524.3902188564881,
    639.6487044193415,
    699.4809987099142,
    562.5143748897835,
    696.9229517598968,
    675.09813489167,
    502.78594543923754,
    721.9701686327044,
    592.6282070890232,
    574.167218905662,
    672.3189579548283,
    717.1192341397893,
    485.9122686891983,
    625.092639040842,
    684.9385758801,
    607.0130993677791,
    590.9595223499905,
    481.1352246658102,
    599.7667381812961,
    618.467210893748,
    682.2574868905468,
    625.0314139204598,
    539.0186151088357,
    692.1015796838544,
    520.2344050032963,
    642.9315957978835,
    538.4975108473975,
    617.6029373078741,
    642.406487116206,
    551.290542063433,
    479.13117015685594,
    673.9187271564059,
    580.8819403913974,
    577.7862371785766,
    601.7124074811638,
    526.452208577561,
    706.3260942418019,
    214.40848472719782,
    703.985945192629,
    444.5469756278058,
    433.443275682431,
    644.651077288563,
    560.2979738525767,
    518.3789890614262,
    783.260206578658,
    699.8403520261556,
    679.5743781606919,
    600.0642657021715,
    717.4417423584304,
    662.7444338523164,
    764.9530878659526,
    638.8442412265662,
    635.0262337127692,
    609.7771043880106,
    761.5751208684862,
    651.8324829048693,
    720.4478245477941,
    580.9207823917294,
    645.705875985831,
    579.1881854569388,
    484.98663978081913,
    670.3056364474751,
    575.1463426040305,
    508.98466200902493,
    762.4381358906996,
    668.3791656310801,
    578.535409550613,
    652.9867281703029,
    702.2612463277782,
    625.914156943626,
    628.8848268311737,
    634.2730882646009,
    443.2612312727293,
    671.9185479427151
  ],
  "bhvf_diagnostics": []
}