{
  "env": "HalfCheetah-v4",
  "agent": "Standard_PPO",
  "seed": 4,
  "config": {
    "hidden_dim": 256,
    "lr": 0.0003,
    "gamma": 0.99,
    "lam": 0.95,
    "eps_clip": 0.2,
    "n_epochs": 10,
    "batch_size": 64,
    "n_steps": 2048,
    "ent_coef": 0.0,
    "vf_coef": 0.5,
    "max_grad_norm": 0.5,
    "use_obs_norm": false,
    "use_adv_norm": false,
    "use_lr_anneal": false,
    "total_timesteps": 1000000,
    "eval_freq": 20480,
    "n_eval_episodes": 10,
    "eval_mode": "deterministic_mean",
    "scr_ema_alpha": null,
    "clip_c": null,
    "use_dcppo_s": false,
    "dcppo_w_min": 0.1
  },
  "total_steps": 1001472,
  "elapsed_s": 2619.618721008301,
  "final_reward": 561.0368843643449,
  "max_reward": 748.9623513745096,
  "eval_rewards": [
    -0.02022406893983769,
    -44.58215510169959,
    112.25693946633949,
    381.999737309858,
    444.9036352056877,
    530.1717078520434,
    591.93251178044,
    637.5642601043154,
    675.1104517801189,
    634.8877596424106,
    727.5478182064317,
    715.7724995066995,
    710.9628497109563,
    699.8981686675857,
    682.7865299869472,
    748.9623513745096,
    722.3773693293481,
    732.1370945554422,
    715.7740089098991,
    694.414763695773,
    647.7058919342305,
    623.6186917223548,
    608.9589310428369,
    665.7558560778498,
    605.5626782225538,
    607.6733687777253,
    572.692920496571,
    651.4143758213065,
    627.0800454150909,
    645.5748545278728,
    613.9803622127604,
    624.2410036202439,
    526.4255393512136,
    585.3564855927085,
    557.5891144291235,
    595.1927972240503,
    526.7789875568282,
    573.2096697636305,
    595.6280839977426,
    555.5061731676299,
    547.3575646620264,
    594.9328164575074,
    542.4829877471204,
    573.5931241995012,
    570.3249168323257,
    587.120672629699,
    520.2934389597594,
    535.8868437807047,
    582.8703052071747
  ],
  "eval_steps": [
    2048,
    22528,
    43008,
    63488,
    83968,
    104448,
    124928,
    145408,
    165888,
    186368,
    206848,
    227328,
    247808,
    268288,
    288768,
    309248,
    329728,
    350208,
    370688,
    391168,
    411648,
    432128,
    452608,
    473088,
    493568,
    514048,
    534528,
    555008,
    575488,
    595968,
    616448,
    636928,
    657408,
    677888,
    698368,
    718848,
    739328,
    759808,
    780288,
    800768,
    821248,
    841728,
    862208,
    882688,
    903168,
    923648,
    944128,
    964608,
    985088
  ],
  "episode_rewards": [
    494.7516472380896,
    540.28505143739,
    564.5365606248697,
    488.09694940412305,
    334.6770336378905,
    491.50477170252196,
    530.5831550864056,
    522.8614437330493,
    580.2133918558923,
    399.10857004218104,
    512.1782335548378,
    606.4958844532523,
    362.48934660577726,
    526.4376823035649,
    599.1011564891155,
    546.2324460864902,
    602.764571350263,
    505.14963467895524,
    489.9248791992871,
    508.5893423743273,
    545.8465447056328,
    515.6208808590001,
    581.494128862381,
    429.4451444884489,
    540.8465534111192,
    491.5423997968106,
    507.97845112958987,
    465.68777528055597,
    575.5323175023664,
    556.2831694537631,
    427.33982194858766,
    433.2966565558546,
    535.4900261882887,
    463.7700690636085,
    508.5527292619504,
    624.9506847049175,
    544.0796528396708,
    522.7306837338199,
    135.53322983066596,
    560.0951930746954,
    461.4597643783845,
    464.26042985496713,
    601.8061250772354,
    595.2695182686938,
    437.5683781707048,
    462.1491806708867,
    593.5957219974226,
    556.9144844246549,
    593.0651315607615,
    446.5760951928354,
    551.7877658627808,
    503.22430998960414,
    501.595516518748,
    416.2544640947031,
    510.28144969529126,
    478.00028433497914,
    614.5071241777063,
    472.47941630315756,
    532.7112621263581,
    482.63068813646845,
    574.7143256811087,
    557.0958306613229,
    538.1938492283839,
    515.2201599431161,
    533.5530539153167,
    289.743343311644,
    596.362987854902,
    482.7572010050614,
    561.4854287112295,
    574.80548961494,
    541.4510039850887,
    509.53085578550974,
    551.989622126659,
    638.9217295504576,
    605.89848767489,
    589.3799868374907,
    479.39550760232726,
    610.5428719560044,
    545.1860628323429,
    566.251893645817,
    570.7802655527626,
    565.5958869925751,
    559.5448091608915,
    620.9702438746042,
    588.7613927686124,
    504.03737979176265,
    555.5661528764804,
    660.199041044322,
    654.3260851906333,
    575.0977338099973,
    551.4577034577753,
    629.9309224740064,
    611.0972644329257,
    557.9862004746358,
    396.07463025284085,
    672.6570111936423,
    572.4190699441461,
    581.0798014319404,
    581.7354502632829,
    496.3472959334384,
    561.8489256042359,
    514.739199614732,
    612.9750309077842,
    459.983606136177,
    603.1470111740243,
    512.6121930839555,
    535.6959873605689,
    474.850948102369,
    551.2851531235087,
    541.1019665152211,
    603.3797309930778,
    466.21073456817106,
    625.6765335177614,
    582.0348808839461,
    642.5620153881613,
    622.2830029229984,
    607.5777060170269,
    487.5257077655504,
    654.3332243687164,
    545.6961272072533,
    535.2846495427057,
    561.1814095923872,
    654.141598631856,
    577.1238673125793,
    504.94427396335993,
    566.8117727162484,
    659.0134106886958,
    494.4806245751354,
    693.9655821665125,
    583.0597403948269,
    632.9343715996014,
    583.3444338541893,
    578.0154060554038,
    592.4832291690816,
    591.0017533440433,
    559.3283262732456,
    635.7693027389375,
    655.9616967409706,
    637.7947040073686,
    555.5798581443943,
    553.3529767608666,
    710.9421857947274,
    536.9735637129347,
    509.8772101404983,
    412.7191602937557,
    557.1970195548104,
    399.10386665971,
    435.12231972945006,
    614.4861732464384,
    500.4323653569242,
    580.6888337395831,
    536.7695555426076,
    500.0006305106661,
    541.3449666067861,
    553.0914629934007,
    355.08647753993205,
    578.9756145293352,
    556.5453865310621,
    557.6216834074264,
    512.7322683153486,
    495.3650836763386,
    540.9095825307513,
    505.3319456430289,
    514.0378237726056,
    515.8019174751154,
    525.7533063981866,
    566.4253589577415,
    520.5970686029823,
    450.1824348196421,
    576.2307867543409,
    568.6155466616963,
    521.7130501495236,
    444.19468485344123,
    590.5689347361907,
    604.009506069258,
    519.2334943125846,
    404.15301985953903,
    562.9643961039268,
    489.47366890491946,
    498.71197473678177,
    522.8292171752106,
    534.8673960923263,
    507.0089243185431,
    507.1656919848953,
    575.1902302975842,
    514.1280533486868,
    480.02636745032606,
    557.2791886181757,
    493.8735925100788,
    542.0163099843643,
    484.6048816872026,
    602.4030028935429,
    544.5601237599493,
    447.57717888646624,
    586.1076352187645,
    575.6947480809254,
    491.32559144831623,
    551.3317943181818,
    645.5146342075413,
    477.2995472069342
  ],
  "bhvf_diagnostics": []
}