{
  "env": "HalfCheetah-v4",
  "agent": "HCGAE_Standard_GRPO",
  "seed": 9,
  "config": {
    "hidden_dim": 256,
    "lr": 0.0003,
    "gamma": 0.99,
    "lam": 0.95,
    "eps_clip": 0.2,
    "n_epochs": 10,
    "batch_size": 64,
    "n_steps": 2048,
    "ent_coef": 0.0,
    "vf_coef": 0.5,
    "max_grad_norm": 0.5,
    "use_obs_norm": true,
    "use_adv_norm": true,
    "use_lr_anneal": true,
    "use_vclip": false,
    "device": "cpu",
    "total_timesteps": 1500000,
    "eval_freq": 20480,
    "n_eval_episodes": 10,
    "eval_mode": "deterministic_mean"
  },
  "total_steps": 1501184,
  "elapsed_s": 1443.2678289413452,
  "final_reward": -7472.079117305695,
  "peak_reward": 686.2083262254779,
  "max_reward": 1033.7355661616373,
  "eval_rewards": [
    -0.7723102357439349,
    -102.0275086689472,
    57.286476364940185,
    -31.773695701907364,
    -108.78937339438122,
    -20.107312424327585,
    -26.24426250049682,
    330.44286960249457,
    531.4955988640015,
    750.1789933247796,
    883.4451581461906,
    900.3814367732368,
    924.0738346681601,
    787.9009106119512,
    995.2191034414391,
    1028.771555473609,
    866.7536074508165,
    809.767806496239,
    1033.7355661616373,
    693.305379980338,
    830.2609201212712,
    -148.35934942350588,
    -35.27223805901649,
    91.12987433302291,
    262.3476311865125,
    211.28893898234637,
    262.0760283757935,
    -2475.3837192118563,
    -1824.6352968768774,
    -1365.3847311194504,
    -955.8925772352013,
    -696.7754108492695,
    -494.5301033532722,
    -374.79896472770895,
    -1344.7300151505033,
    -1832.197861180157,
    -2058.2248967172222,
    -1792.1457744577317,
    -1559.6941971699994,
    -1629.4522989463073,
    -1401.8680898612388,
    -1136.1698523180828,
    -887.0808940636255,
    -528.4204253899235,
    -1077.5077702687913,
    -1500.5584035793534,
    -2665.717490656452,
    -2465.127709496354,
    -2990.2915604899563,
    -2692.1601177479893,
    -3417.2288898254687,
    -2570.1549011935604,
    -2382.727383320473,
    -2549.515109596971,
    -2827.1551744519884,
    -2716.7535075714322,
    -2988.7842886557846,
    -2769.025575571091,
    -2871.4358939816934,
    -2928.377707233451,
    -2934.889658351309,
    -2913.5113849836926,
    -3516.3439551959505,
    -3543.52647557475,
    -10726.521837070828,
    -10924.889658707398,
    -7726.920839826193,
    -6527.84420890107,
    -6024.642233573492,
    -5924.979588498122,
    -7930.403153603979,
    -6732.290797376086,
    -6254.699007749844,
    -5947.599847749929
  ],
  "eval_steps": [
    2048,
    22528,
    43008,
    63488,
    83968,
    104448,
    124928,
    145408,
    165888,
    186368,
    206848,
    227328,
    247808,
    268288,
    288768,
    309248,
    329728,
    350208,
    370688,
    391168,
    411648,
    432128,
    452608,
    473088,
    493568,
    514048,
    534528,
    555008,
    575488,
    595968,
    616448,
    636928,
    657408,
    677888,
    698368,
    718848,
    739328,
    759808,
    780288,
    800768,
    821248,
    841728,
    862208,
    882688,
    903168,
    923648,
    944128,
    964608,
    985088,
    1005568,
    1026048,
    1046528,
    1067008,
    1087488,
    1107968,
    1128448,
    1148928,
    1169408,
    1189888,
    1210368,
    1230848,
    1251328,
    1271808,
    1292288,
    1312768,
    1333248,
    1353728,
    1374208,
    1394688,
    1415168,
    1435648,
    1456128,
    1476608,
    1497088
  ],
  "episode_rewards": [
    -3118.8184886341455,
    -3364.9279284384206,
    -3298.9336689891065,
    -3451.273297698826,
    -3472.3463333979794,
    -3198.5499522983523,
    -3537.111557247081,
    -4910.794302076537,
    -7855.138198789503,
    -9285.955658789233,
    -12809.392467559885,
    -11838.160059937964,
    -10343.71493996229,
    -10592.544509517693,
    -11101.071157789762,
    -10754.043459396684,
    -15870.184082918215,
    -16080.346169264829,
    -17062.75280643065,
    -17240.897383587686,
    -16630.72952170564,
    -16465.490628138545,
    -17186.42000569833,
    -16712.475993488388,
    -12218.050672956504,
    -12616.050831115423,
    -12631.997540975563,
    -11999.375881158756,
    -11249.709451770284,
    -12687.56100858394,
    -12057.835433848133,
    -10800.054055558145,
    -9829.945152384676,
    -9379.523388721378,
    -10660.638764025374,
    -12018.397866304449,
    -11867.046953990834,
    -11298.035270727994,
    -9818.863533334772,
    -7879.03018192247,
    -10724.630385985049,
    -9694.389657536654,
    -11811.511582361558,
    -10720.391978648264,
    -9456.494549542285,
    -8260.789718573253,
    -8286.067099026784,
    -7981.485059340467,
    -7109.775007581022,
    -8236.683153794813,
    -7575.468175374236,
    -7983.533400459269,
    -7664.174580689967,
    -7988.725986623789,
    -7882.616950112077,
    -7147.648547275248,
    -6439.513849745862,
    -6756.377002990841,
    -7009.236377408953,
    -6654.295496669492,
    -7354.972076116729,
    -6629.112354705493,
    -7435.901667271374,
    -6935.545236006306,
    -6476.824833660283,
    -6760.678852328002,
    -7442.0267163673025,
    -7599.717658912211,
    -7781.620254282056,
    -6333.489221460075,
    -6889.009143763678,
    -6395.359712805905,
    -6392.065495549966,
    -7010.495257664467,
    -6300.0341311305065,
    -6331.88894260497,
    -6053.164758627533,
    -6823.8571629474245,
    -6451.008552367064,
    -6249.276247894528,
    -6196.409576345899,
    -5940.871493883462,
    -5862.417662466697,
    -5852.528516957856,
    -5981.511266911016,
    -5937.317780675902,
    -5817.394965144145,
    -6599.9368393703035,
    -6382.234046309555,
    -5900.401909265461,
    -5918.951209339447,
    -5793.071490973081,
    -5795.175889186078,
    -5876.658635494708,
    -6550.05844292276,
    -6481.649424510644,
    -6316.083627970856,
    -6026.690543069155,
    -5766.884521038621,
    -6094.085471227439,
    -6048.094710316111,
    -6068.101583355266,
    -6652.068548170177,
    -6009.147616593415,
    -5793.128400445982,
    -6750.30353064437,
    -6265.785730292331,
    -5866.313856625342,
    -5857.124959614481,
    -6238.2501145163,
    -5909.860358049244,
    -6372.0834999325325,
    -5904.087048578831,
    -6555.522673918664,
    -7094.570238425755,
    -6137.826533494476,
    -5663.786841021548,
    -5699.999107011034,
    -6179.911883178035,
    -6452.712234392476,
    -7160.910961526454,
    -6144.099810478665,
    -7290.248155593811,
    -7627.256242034836,
    -9007.072775418808,
    -9949.874145940375,
    -8376.20712762945,
    -7421.216743079021,
    -8066.6317805119415,
    -7800.1832347151885,
    -7969.995524960822,
    -8124.623919256149,
    -8195.09865525233,
    -7761.268620292326,
    -7907.366431633171,
    -8169.801122285434,
    -8469.124697049208,
    -8293.538849860153,
    -8027.193995778306,
    -8055.013331859434,
    -8074.381855471127,
    -7763.353877008504,
    -8085.527024078595,
    -7740.478897061849,
    -7753.182262922566,
    -7259.737741002057,
    -7184.606679574536,
    -7477.586101982139,
    -7464.111896615118,
    -7451.639858253883,
    -7637.016261905243,
    -13074.075009834334,
    -12530.293256444727,
    -15863.341470214844,
    -16257.586884467657,
    -7539.259340954984,
    -6682.677008025058,
    -6121.559072660684,
    -6875.397249542452,
    -6475.859935621539,
    -6115.685485823101,
    -5977.826715243265,
    -6030.24082259869,
    -6246.172578774007,
    -6585.162420875205,
    -6309.646788406698,
    -6447.70902901048,
    -6293.517133681905,
    -5942.376949928056,
    -6479.208760439482,
    -6456.417507639084,
    -6509.316220559752,
    -6502.232084451164,
    -6563.86011389504,
    -6373.513795913825,
    -6541.5276043035865,
    -5902.048177743702,
    -5951.515600523141,
    -5907.7413675767875,
    -6575.223219767613,
    -6126.384395924031,
    -6469.053339644225,
    -6718.019054337517,
    -6579.0526702422085,
    -6462.217869343777,
    -5886.9999344728385,
