{
  "env": "HalfCheetah-v4",
  "agent": "HCGAE_Standard_GRPO",
  "seed": 10,
  "config": {
    "hidden_dim": 256,
    "lr": 0.0003,
    "gamma": 0.99,
    "lam": 0.95,
    "eps_clip": 0.2,
    "n_epochs": 10,
    "batch_size": 64,
    "n_steps": 2048,
    "ent_coef": 0.0,
    "vf_coef": 0.5,
    "max_grad_norm": 0.5,
    "use_obs_norm": true,
    "use_adv_norm": true,
    "use_lr_anneal": true,
    "use_vclip": false,
    "device": "cpu",
    "total_timesteps": 1500000,
    "eval_freq": 20480,
    "n_eval_episodes": 10,
    "eval_mode": "deterministic_mean"
  },
  "total_steps": 1501184,
  "elapsed_s": 1419.8666009902954,
  "final_reward": -1494.2502264045654,
  "peak_reward": 338.5431484336381,
  "max_reward": 915.0488275498316,
  "eval_rewards": [
    -0.26365123951014996,
    -364.4141147098973,
    -92.81820611400562,
    23.71294871012586,
    -19.740943615820633,
    191.8012614471059,
    117.30381427302447,
    414.0695861343661,
    577.8812230163473,
    654.9468973370756,
    754.7213612711364,
    526.1215650092328,
    761.2867445237491,
    711.2415792193482,
    870.8430426389571,
    742.9376189497846,
    813.3718332194888,
    668.2853969920031,
    911.602809611797,
    727.2142544307492,
    620.9964578939657,
    735.7163475983585,
    700.2207589541038,
    723.8020852004349,
    706.5167992804412,
    915.0488275498316,
    -396.59009796836136,
    -291.1382990587457,
    -220.29313429573182,
    -108.84826081791527,
    74.73968332880206,
    -1289.158479474425,
    -1182.2884204583263,
    -1006.2247774594849,
    -917.3136829997359,
    -1146.8452176341355,
    -1163.2649501853093,
    -886.7909591501564,
    -905.6451476358309,
    -830.4222840966895,
    -896.9030507106866,
    -758.0186658764387,
    -668.0763099849598,
    -480.0554608134359,
    -566.4310391980637,
    -469.5495618737117,
    -311.9431119820247,
    -482.42355063751984,
    -312.6102146965028,
    -161.9465926560312,
    -1632.9292325450754,
    -1489.6699966303881,
    -1353.9114286901063,
    -1171.343721493155,
    -1103.3307050365881,
    -2100.9631127395032,
    -1921.8832242659914,
    -1779.5565545876857,
    -3831.914748301614,
    -2139.7294261516063,
    -2038.1828395051984,
    -1930.8038959262806,
    -1714.7195740764419,
    -1635.3334571764249,
    -1547.014619853949,
    -1646.9999506447348,
    -1572.6786137317781,
    -1663.9707629142474,
    -1833.0860553710604,
    -1511.7359002435473,
    -1508.4199091841833,
    -1447.0498179111787,
    -1133.483519169685,
    -1078.0631150212898
  ],
  "eval_steps": [
    2048,
    22528,
    43008,
    63488,
    83968,
    104448,
    124928,
    145408,
    165888,
    186368,
    206848,
    227328,
    247808,
    268288,
    288768,
    309248,
    329728,
    350208,
    370688,
    391168,
    411648,
    432128,
    452608,
    473088,
    493568,
    514048,
    534528,
    555008,
    575488,
    595968,
    616448,
    636928,
    657408,
    677888,
    698368,
    718848,
    739328,
    759808,
    780288,
    800768,
    821248,
    841728,
    862208,
    882688,
    903168,
    923648,
    944128,
    964608,
    985088,
    1005568,
    1026048,
    1046528,
    1067008,
    1087488,
    1107968,
    1128448,
    1148928,
    1169408,
    1189888,
    1210368,
    1230848,
    1251328,
    1271808,
    1292288,
    1312768,
    1333248,
    1353728,
    1374208,
    1394688,
    1415168,
    1435648,
    1456128,
    1476608,
    1497088
  ],
  "episode_rewards": [
    -1655.1705308881521,
    -1673.8693572872173,
    -1563.3661620096693,
    -1575.4854121064755,
    -1798.1437224060433,
    -1513.2916492530894,
    -1509.1861881171783,
    -1591.9821951648146,
    -1690.9171650161559,
    -1563.8623713532616,
    -1567.5368312271205,
    -1624.128675449104,
    -1541.0589551537569,
    -1676.5077419861636,
    -1640.894754145221,
    -1732.2715712399415,
    -1794.2859464588096,
    -2185.925213890268,
    -1656.3961991843005,
    -1622.1208345507632,
    -1701.800740955417,
    -1760.3180033942044,
    -1799.8442746010587,
    -1821.1145934673584,
    -1688.4370700196027,
    -1709.8171120930306,
    -2037.2198309756332,
    -1624.279129354808,
    -1746.187726982907,
    -1624.0280441618297,
    -1695.1616418742742,
    -1701.1046389741002,
    -1743.5367739766377,
    -1682.6098841701832,
    -1832.4037151811624,
    -1853.5810000964516,
    -1658.6716099970904,
    -1645.2928900810812,
    -1716.9840810948883,
    -1603.509696961756,
    -1654.0489559527157,
    -1652.2306206544752,
    -1613.3677326953368,
    -1589.7104021312082,
    -1722.179542251573,
    -1690.415222821387,
    -1531.8849897769662,
    -1566.6821602229527,
    -1695.6005096467225,
    -1610.5423894578098,
    -1561.014177179984,
    -1640.469367901782,
    -1582.2700320319586,
    -1611.1222747429665,
    -1531.294738698343,
    -1770.2737956562244,
    -1513.6445357265957,
    -1620.6760135231486,
    -1488.464758306475,
    -1678.1988182030075,
    -1704.931384176459,
    -1640.9706566811894,
    -1597.7521831283589,
    -1697.5817730492076,
    -1711.719144572076,
    -1813.6817782224846,
    -1770.7631423958117,
    -1668.9392374546737,
    -1712.8069426707655,
    -1706.0627950908458,
    -1615.6313915351086,
    -1657.2744550823122,
    -1666.357364573996,
    -1674.321513782501,
    -1626.9138937851878,
    -1718.8308355001925,
    -1856.4458399274454,
    -1684.9660386544404,
    -1760.8661434707103,
    -1748.1923561089134,
    -1810.7184266612264,
    -1640.6670474579066,
    -1744.3578613752193,
    -1777.967860107786,
    -1673.6457820043186,
    -1703.2147641851448,
    -2561.1807386512646,
    -1709.407306208507,
    -1757.0871095370674,
    -1686.4306789554419,
    -1593.7307897837993,
    -1670.0347042792437,
    -1681.9676596222794,
    -1626.401318591986,
    -1685.693679961827,
    -1597.1477554321787,
    -1683.1028609839404,
    -1737.3746724111015,
    -1592.0800477929597,
    -1507.6282848618187,
    -1650.327295569215,
    -1583.5021109653937,
    -1648.6957930966817,
    -1673.1152702420031,
    -1622.7325033218258,
    -1639.1975681362273,
    -1503.3388690109232,
    -1581.5987809504181,
    -1523.8522829734409,
    -1465.7709549433207,
    -1512.5686730006548,
    -1493.7738659105148,
    -1548.3424787075055,
    -1447.9987398767,
    -1667.6987408534467,
    -1583.8792279364504,
    -1435.073886226458,
    -1795.263520509868,
    -1410.574426714858,
    -1588.7108100573046,
    -1532.7259618509847,
    -1493.6492682821483,
    -1617.9057912574012,
    -1602.4886437820164,
    -1494.2944207646772,
    -1538.2248018869784,
    -1508.643890920337,
    -1614.408741277607,
    -1460.3265533415245,
    -1518.6535497388265,
    -1486.1121529908576,
    -1464.7988305794163,
    -1466.532453690079,
    -1483.6506441782144,
    -1506.2994220081891,
    -1510.1160814686757,
    -1530.6230144026656,
    -1576.5142209100825,
    -1616.5503284892784,
    -1557.6890619835576,
    -1653.5280228427723,
    -1539.2393847208036,
    -1500.4716530924443,
    -1638.6994609805736,
    -1569.8176883598321,
    -1424.1864743508452,
    -1469.6110722284463,
    -1547.5649553085307,
    -1491.487612300382,
    -1358.248887715558,
    -1474.080308456337,
    -1456.7323513671345,
    -1361.8732096858716,
    -1368.9129925909847,
    -1447.4339042356953,
    -1431.2652872282551,
    -1280.7043516518795,
    -1395.853979358545,
    -1451.198223786119,
    -1425.9543194689793,
    -1439.9152716460555,
    -1358.6528166270286,
    -1316.7692270308335,
    -1283.8111680535317,
    -1308.9299924575962,
    -1312.5344299761432,
    -1336.4359136934297,
    -1378.395134597923,
    -1372.056070471742,
    -1289.3646558635464,
    -1274.803317186093,
    -1309.2407399683784,
    -1342.6053305854264,
    -1262.0731910550537,
    -1163.2022646093449,
    -1173.1093695650693,
    -1181.6133034175798,
    -1187.3987923758555,
    -1185.5866416480578,
    -1174.963900353205,
    -1201.83789673942,
