{
  "env": "HalfCheetah-v4",
  "agent": "HCGAE_Standard_GRPO",
  "seed": 13,
  "config": {
    "hidden_dim": 256,
    "lr": 0.0003,
    "gamma": 0.99,
    "lam": 0.95,
    "eps_clip": 0.2,
    "n_epochs": 10,
    "batch_size": 64,
    "n_steps": 2048,
    "ent_coef": 0.0,
    "vf_coef": 0.5,
    "max_grad_norm": 0.5,
    "use_obs_norm": true,
    "use_adv_norm": true,
    "use_lr_anneal": true,
    "use_vclip": false,
    "device": "cpu",
    "total_timesteps": 1500000,
    "eval_freq": 20480,
    "n_eval_episodes": 10,
    "eval_mode": "deterministic_mean"
  },
  "total_steps": 1501184,
  "elapsed_s": 1403.355511188507,
  "final_reward": -819.8024807022848,
  "peak_reward": 509.58132769704855,
  "max_reward": 678.7919147378159,
  "eval_rewards": [
    -0.17324153841742423,
    -99.7451566524658,
    81.06894692593943,
    -86.04107262409757,
    -10.614017310172912,
    61.384124658121166,
    251.53415281079089,
    231.52534983719457,
    218.49086475021448,
    295.38393883129464,
    372.00172600893575,
    403.4838930460095,
    538.3876627614657,
    597.9586421752892,
    675.1241327390511,
    632.3858649589685,
    678.7919147378159,
    575.6332416846408,
    40.430802683130096,
    455.73106412968644,
    497.8860580544289,
    -933.6533656456729,
    -895.9389103301667,
    -375.04855909786073,
    -405.8224693938318,
    -319.6677115293593,
    -31.204796894185723,
    -607.8775117669686,
    -1441.8800391420361,
    -1232.893319546985,
    -1176.9192233955828,
    -1476.5462761875517,
    -1542.4267207016348,
    -1375.0661731027008,
    -1159.307599145589,
    -986.0515426263579,
    -941.9497169891116,
    -808.7685967086193,
    -742.6053411110152,
    -726.5760930883984,
    -873.0127191729687,
    -893.3302787407607,
    -858.1327038876609,
    -850.7510429544525,
    -734.3153476265704,
    -825.42243396379,
    -848.5414348260532,
    -723.8927798462803,
    -826.4213503691033,
    -890.5803939686912,
    -827.9327366836242,
    -772.7379352288709,
    -786.0369057564178,
    -719.4231737701522,
    -608.1699778009795,
    -716.4460241937786,
    -684.2343361461442,
    -689.1743615867532,
    -563.3818860073928,
    -591.2964257955231,
    -632.3745712232381,
    -594.8010786987268,
    -580.5394726570086,
    -590.4723802722867,
    -592.3211393084673,
    -723.111179418039,
    -694.4407778988867,
    -637.9756182847011,
    -883.4271661348472,
    -787.4759531354711,
    -753.6693860718468,
    -1106.4591513914306,
    -1014.7983328397486,
    -1004.3461025394096
  ],
  "eval_steps": [
    2048,
    22528,
    43008,
    63488,
    83968,
    104448,
    124928,
    145408,
    165888,
    186368,
    206848,
    227328,
    247808,
    268288,
    288768,
    309248,
    329728,
    350208,
    370688,
    391168,
    411648,
    432128,
    452608,
    473088,
    493568,
    514048,
    534528,
    555008,
    575488,
    595968,
    616448,
    636928,
    657408,
    677888,
    698368,
    718848,
    739328,
    759808,
    780288,
    800768,
    821248,
    841728,
    862208,
    882688,
    903168,
    923648,
    944128,
    964608,
    985088,
    1005568,
    1026048,
    1046528,
    1067008,
    1087488,
    1107968,
    1128448,
    1148928,
    1169408,
    1189888,
    1210368,
    1230848,
    1251328,
    1271808,
    1292288,
    1312768,
    1333248,
    1353728,
    1374208,
    1394688,
    1415168,
    1435648,
    1456128,
    1476608,
    1497088
  ],
  "episode_rewards": [
    -678.8695409967092,
    -717.3180633038912,
    -765.3150482151297,
    -614.683449735794,
    -709.9905988565978,
    -664.5142955336438,
    -702.2933260264493,
    -682.8819741416137,
    -687.3824939140186,
    -635.6686026822221,
    -746.4516494726412,
    -754.5475450225459,
    -672.2780174453253,
    -631.4954967031654,
    -817.47447604977,
    -403.04342274065846,
    -295.77632664813535,
    -498.46238053239875,
    -686.3642631924879,
    -675.9110637195582,
    -664.6433444016978,
    -725.8701292707204,
    -727.6539701818606,
    -815.890991056582,
    -701.0502032826142,
    -789.3877827851026,
    -812.9589234585019,
    -671.6638852479316,
    -841.0259883751559,
    -755.8360609518818,
    -744.7767794234106,
    -728.9358785133144,
    -790.4637227626168,
    -771.1137242577878,
    -732.6328429081922,
    -627.8828307320562,
    -905.2373324008375,
    -814.4372641784007,
    -756.1651387446781,
    -805.1262824711395,
    -825.174085253417,
    -695.0855242314465,
    -697.8497293589011,
    -624.901397202335,
    -700.1246103560644,
    -697.3093229386086,
    -825.181589595323,
    -773.8862017572892,
    -806.93136802382,
    -778.509944925689,
    -788.5463256433353,
    -611.5406494798245,
    -734.8783047202328,
    -843.4100619270052,
    -850.7266387596025,
    -718.3560258245304,
    -1124.2736614382063,
    -725.2906983913501,
    -766.6260411098949,
    -669.302243817704,
    -734.1466049342255,
    -767.6080299613792,
    -756.7019518512784,
    -592.8978447493781,
    -719.852460364549,
    -573.0267547888964,
    -818.8708633245603,
    -722.7064658958988,
    -633.0276112052179,
    -792.856123685782,
    -703.4835367020473,
    -567.9384611995625,
    -625.8621562502651,
    -628.8190356947179,
    -673.1381554618556,
    -590.1326031565566,
    -662.0649791320525,
    -677.1661826374229,
    -720.5711600404876,
    -821.7778581474477,
    -870.5316277835996,
    -867.9586184251094,
    -828.9835244805972,
    -909.7006962611168,
    -1076.385374675397,
    -939.786838889191,
    -720.4331150722514,
    -867.2309571011905,
    -837.362611463444,
    -856.2190453225854,
    -780.7923618255047,
    -969.7193601400539,
    -918.7306954549373,
    -976.7967001805027,
    -760.2212473016174,
    -925.5641379042543,
    -1067.1620384053972,
    -984.5686001998065,
    -947.6305151658675,
    -910.5054066823744,
    -877.421281495241,
    -1247.795771024593,
    -856.663757761685,
    -839.2088713736636,
    -837.3762338846531,
    -897.7888724708099,
    -866.615608818087,
    -886.3954370660148,
    -863.6927227382246,
    -790.1604853296169,
    -745.258780516124,
    -872.5734572796126,
    -801.8451327233845,
    -858.9201514285186,
    -859.2358504567964,
    -786.2661417319332,
    -847.7859292038861,
    -848.3385638385389,
    -790.8443370673338,
    -939.0739794915767,
    -893.2805434944313,
    -763.2061113999971,
    -781.4978351655839,
    -818.8790179781818,
    -812.7005394300617,
    -953.1910024727665,
    -690.2710302269504,
    -801.0099226163705,
    -825.8998707442689,
    -801.6492751835237,
    -906.2480663062744,
    -907.322396750721,
    -824.3334637483052,
    -771.6521116747409,
    -785.4294173615147,
    -861.853693303774,
    -709.7156944266585,
    -735.687626925804,
    -649.1822805224269,
    -755.5457137301332,
    -796.1714731061907,
    -721.1212672741277,
    -759.2987965263513,
    -838.3944223365667,
    -736.6618392774059,
    -604.0562810444367,
    -740.2996502022337,
    -663.7390618141552,
    -701.6474099854368,
    -867.8656344278721,
    -955.552474940796,
    -1081.737083093633,
    -1157.2709429553418,
    -1137.4117475827093,
    -1138.7535025412824,
    -1164.1979265855048,
    -1161.5463931017882,
    -1081.004702826838,
    -1133.477757233349,
    -1015.2449667101234,
    -1034.0556369275444,
    -1125.7774782040158,
    -1093.189259387654,
    -1042.3959260895526,
    -1321.657033837757,
    -1027.161351002608,
    -1195.6384835259728,
    -1123.3497528352286,
    -1073.35938324352,
    -1020.1143542897901,
    -1136.6437228678026,
    -1074.9081693615321,
    -1197.113413141458,
    -1052.8812763720018,
    -1161.2883848820632,
    -1067.5013030658101,
    -1035.1422173601193,
    -1043.8493084249876,
    -932.3846774549027,
    -1013.2379808197267,
    -1056.1803411160038,
    -1121.643226526565,
    -1251.1808862023686,
    -1023.1009672972401,
    -1000.8878067533884,
    -1068.1368415431002,
    -1050.7371284169492,
