{
  "env": "HalfCheetah-v4",
  "agent": "HCGAE_Standard_GRPO",
  "seed": 2,
  "config": {
    "hidden_dim": 256,
    "lr": 0.0003,
    "gamma": 0.99,
    "lam": 0.95,
    "eps_clip": 0.2,
    "n_epochs": 10,
    "batch_size": 64,
    "n_steps": 2048,
    "ent_coef": 0.0,
    "vf_coef": 0.5,
    "max_grad_norm": 0.5,
    "use_obs_norm": true,
    "use_adv_norm": true,
    "use_lr_anneal": true,
    "use_vclip": false,
    "device": "cpu",
    "total_timesteps": 1500000,
    "eval_freq": 20480,
    "n_eval_episodes": 10,
    "eval_mode": "deterministic_mean"
  },
  "total_steps": 1501184,
  "elapsed_s": 8352.404226064682,
  "final_reward": -4299.472973567921,
  "peak_reward": 634.4712446643792,
  "max_reward": 777.8845435956393,
  "eval_rewards": [
    -0.5733156835532781,
    -9.09576835254201,
    165.50165113268787,
    54.29593864528768,
    44.484636321278444,
    0.328093021031669,
    131.16765277862712,
    95.11009397625841,
    276.021477336665,
    327.34132452056184,
    375.5707661356039,
    494.6365879854149,
    535.2499012132955,
    560.7265044983156,
    458.1777567300629,
    486.99531044143816,
    590.0309655831155,
    682.0976480015024,
    722.7140322130432,
    777.8845435956393,
    711.7511741104547,
    504.79298530892976,
    665.4772152831008,
    744.790815376506,
    438.60034751047795,
    420.46038305441664,
    507.04691168058196,
    636.3799673137241,
    578.7594976910983,
    -125.78383033805449,
    -217.04224979078086,
    -524.5563494834245,
    -1914.3302692298407,
    -2022.5746702959427,
    -1968.3220371019565,
    -1820.0148937154088,
    -1617.0561830120034,
    -2227.195394796385,
    -1930.4369539342806,
    -1597.9774423843558,
    -1361.625682487144,
    -1190.8505622749785,
    -1042.7460454017419,
    -1824.133291984761,
    -1735.9163629151674,
    -1503.149901276536,
    -1608.4609490770422,
    -1524.760028764204,
    -1368.488754478047,
    -4328.0931802885625,
    -5738.5684301000565,
    -5174.910708992489,
    -7134.296420300362,
    -6331.204301999748,
    -4926.509388515655,
    -6967.455280747936,
    -6633.300132015123,
    -4373.377901760583,
    -4127.14002148823,
    -4192.535316003678,
    -3926.849315757384,
    -4272.684072333783,
    -3864.085207356492,
    -4068.8775065039217,
    -4354.524435499916,
    -4680.68340087568,
    -3597.6247022139933,
    -3934.517769765773,
    -4373.2088296583,
    -3904.7774627230574,
    -4269.761479959022,
    -4164.247220525594,
    -4480.212195855331,
    -5235.17223860255
  ],
  "eval_steps": [
    2048,
    22528,
    43008,
    63488,
    83968,
    104448,
    124928,
    145408,
    165888,
    186368,
    206848,
    227328,
    247808,
    268288,
    288768,
    309248,
    329728,
    350208,
    370688,
    391168,
    411648,
    432128,
    452608,
    473088,
    493568,
    514048,
    534528,
    555008,
    575488,
    595968,
    616448,
    636928,
    657408,
    677888,
    698368,
    718848,
    739328,
    759808,
    780288,
    800768,
    821248,
    841728,
    862208,
    882688,
    903168,
    923648,
    944128,
    964608,
    985088,
    1005568,
    1026048,
    1046528,
    1067008,
    1087488,
    1107968,
    1128448,
    1148928,
    1169408,
    1189888,
    1210368,
    1230848,
    1251328,
    1271808,
    1292288,
    1312768,
    1333248,
    1353728,
    1374208,
    1394688,
    1415168,
    1435648,
    1456128,
    1476608,
    1497088
  ],
  "episode_rewards": [
    -4206.031746937359,
    -4693.552986107404,
    -4603.205531850443,
    -4508.949430280759,
    -4606.667625265416,
    -4810.101953472792,
    -3714.1059516494306,
    -3931.083863711599,
    -4443.5509643621,
    -4356.952716746239,
    -4645.988974579663,
    -4185.1833007437435,
    -4598.522201605324,
    -4426.346499191263,
    -4466.981459429286,
    -4433.17643103365,
    -4580.252146132645,
    -3642.977090490815,
    -4613.887432701802,
    -4363.565790076108,
    -4351.3173178904235,
    -4321.299433140938,
    -4112.477897103258,
    -4080.418441128611,
    -4450.367712936781,
    -4526.32943734072,
    -3908.472538511313,
    -4512.698706102709,
    -4975.282905326101,
    -5191.713779576537,
    -5331.401340752472,
    -4443.848600475219,
    -4390.223606977543,
    -4905.870804057888,
    -4201.368658899403,
    -5159.499168732145,
    -4792.266943845653,
    -4386.519393457416,
    -5464.1195135592325,
    -5079.723509049479,
    -4706.171321019893,
    -4035.725994769253,
    -3730.722358915617,
    -3848.6233858009987,
    -4078.4160162807916,
    -4365.045313227771,
    -4307.017906838882,
    -3652.9109835509653,
    -2642.552596007097,
    -3379.623309369017,
    -3978.325958837311,
    -3548.9085831390025,
    -3723.977849745409,
    -3720.0563581687934,
    -3317.2606996827726,
    -3988.501528782552,
    -3720.0739646782426,
    -3617.8195188857135,
    -4006.160332725703,
    -4182.292665814148,
    -3738.7132492701817,
    -3375.429577419321,
    -4131.073986175679,
    -4015.070444351915,
    -4033.7326237642546,
    -3947.7848931038047,
    -4044.935596503396,
    -4004.8401357656066,
    -3582.522665239135,
    -4029.4979308228917,
    -3385.0212575337346,
    -3497.892023052381,
    -4173.308676023811,
    -3964.5747468798704,
    -3681.3471802004997,
    -4406.176420019183,
    -3953.62183705138,
    -4310.3433233368505,
    -4721.5856857698545,
    -4309.858817684609,
    -4964.672646237333,
    -4889.273240365677,
    -4641.524036825737,
    -4773.723648362646,
    -4380.407830455266,
    -4642.275060772422,
    -4604.785216967279,
    -4444.738757529721,
    -4160.107253782906,
    -4531.751838334247,
    -4288.764146568987,
    -4859.41706239101,
    -4109.58055499865,
    -4124.829406288614,
    -4183.98213889869,
    -4139.103043487945,
    -3817.610399875584,
    -4573.016631333409,
    -4450.02307648452,
    -4300.055927345121,
    -4137.821670647867,
    -4154.602169331117,
    -4232.58747221811,
    -4257.859195303276,
    -3843.9788297783,
    -4282.200814988078,
    -4013.369411307796,
    -3945.908143397949,
    -4190.940314405944,
    -3859.7774839114477,
    -4133.962262180871,
    -3921.108030599345,
    -3717.726913327923,
    -3607.045328390514,
    -4024.7790611272017,
    -4082.9063437042605,
    -3622.2488618901352,
    -3758.924776320994,
    -3704.4973034679965,
    -3890.1484702618964,
    -3447.496200408372,
    -3843.9427941903423,
    -3951.7748784026794,
    -3602.300831003288,
    -4366.593092448904,
    -4788.41787332098,
    -4457.725801831136,
    -4197.526982484439,
    -3960.788895877341,
    -4401.515964095319,
    -4714.336428574386,
    -3843.2930891457177,
    -3868.1586579526634,
    -3934.220770074393,
    -3892.124899720096,
    -3997.803102112353,
    -4266.39613287338,
    -3795.9616829824563,
    -4268.229875814306,
    -3871.817585399924,
    -4333.7161852796025,
    -4058.886771178872,
    -4521.958253581053,
    -4654.777037295529,
    -4073.20386873017,
    -4526.462147698256,
    -4339.439726520838,
    -4277.195464681365,
    -4320.6577540268145,
    -4130.551087501342,
    -3753.18616304068,
    -4030.822746941597,
    -4309.7401928246,
    -3933.1187403381946,
    -4573.296310413521,
    -4399.926300455068,
    -4334.293488808397,
    -4429.866791246016,
    -4475.383077691591,
    -4999.001115284776,
    -5101.748239938953,
    -4127.858111664388,
    -4433.421753458622,
    -4567.236922661985,
    -4760.278042897784,
    -4612.913473045063,
    -4921.15443512994,
    -4238.784741682113,
    -4773.486710639789,
    -4480.808802241283,
    -4673.149125705098,
    -4734.471274801482,
    -4142.136221953355,
    -4853.688255320256,
    -4324.100380064034,
    -4530.058026665896,
    -4793.559748852281,
    -4832.146977711061,
    -5010.595988791034,
    -5184.703387651268,
    -4745.773397043973,
    -4903.801377869066,
    -4253.476009136956,
    -4868.6247662236165,
    -4520.4202753223535,
    -4731.598444888556,
    -5091.621240412874,
