{
  "env": "HalfCheetah-v4",
  "agent": "HCGAE_Standard_GRPO",
  "seed": 3,
  "config": {
    "hidden_dim": 256,
    "lr": 0.0003,
    "gamma": 0.99,
    "lam": 0.95,
    "eps_clip": 0.2,
    "n_epochs": 10,
    "batch_size": 64,
    "n_steps": 2048,
    "ent_coef": 0.0,
    "vf_coef": 0.5,
    "max_grad_norm": 0.5,
    "use_obs_norm": true,
    "use_adv_norm": true,
    "use_lr_anneal": true,
    "use_vclip": false,
    "device": "cpu",
    "total_timesteps": 1500000,
    "eval_freq": 20480,
    "n_eval_episodes": 10,
    "eval_mode": "deterministic_mean"
  },
  "total_steps": 1501184,
  "elapsed_s": 8356.282371759415,
  "final_reward": -6092.129377264289,
  "peak_reward": 651.245487863853,
  "max_reward": 1540.8298914245597,
  "eval_rewards": [
    -0.6698969139502045,
    268.24714736174093,
    103.72440641862734,
    154.92163350269826,
    60.778527955989645,
    82.39541378967594,
    140.90504733802405,
    237.11451588854038,
    357.1693776398573,
    766.9501209830612,
    867.0710308520942,
    747.817121467114,
    930.5413385228454,
    1031.962632770283,
    1142.4893462581126,
    1229.4495002100664,
    1528.268805122799,
    1540.8298914245597,
    -354.47293965272956,
    216.05306594622124,
    -373.45653562666644,
    -379.21022633696026,
    -230.69866517217378,
    -324.73931091454205,
    -43.94990957352114,
    -47.46975121481991,
    -85.58886022322807,
    -99.99474991197926,
    -162.92265974260613,
    -311.20098829810286,
    -975.7439669691787,
    -677.2750716830167,
    -711.08229133249,
    -725.2013527820669,
    -7603.019098899412,
    -16114.344054697818,
    -15544.951971388815,
    -13301.144098192226,
    -7782.5210235162285,
    -7332.465183545576,
    -6476.898137875602,
    -5755.153769821491,
    -5179.291794862935,
    -4962.463473827722,
    -4647.153046618207,
    -3799.316591964757,
    -3592.076169978392,
    -3628.5595035252277,
    -3465.8363491269824,
    -3523.565229617823,
    -4194.238155634675,
    -4192.930887806522,
    -3955.6676457644207,
    -4038.165983563048,
    -5990.512182785236,
    -5295.159233204666,
    -3933.350672187692,
    -5170.414863645506,
    -5022.949306311914,
    -5911.244781554575,
    -6393.112480432892,
    -5942.685024714392,
    -8153.045311806645,
    -5732.245295791473,
    -8085.491869164699,
    -6916.103956516685,
    -7456.069870031444,
    -6950.743689412731,
    -6069.7612727624,
    -5554.888522991956,
    -5167.429868577361,
    -5092.178094436844,
    -4905.478962646719,
    -4723.147666102059
  ],
  "eval_steps": [
    2048,
    22528,
    43008,
    63488,
    83968,
    104448,
    124928,
    145408,
    165888,
    186368,
    206848,
    227328,
    247808,
    268288,
    288768,
    309248,
    329728,
    350208,
    370688,
    391168,
    411648,
    432128,
    452608,
    473088,
    493568,
    514048,
    534528,
    555008,
    575488,
    595968,
    616448,
    636928,
    657408,
    677888,
    698368,
    718848,
    739328,
    759808,
    780288,
    800768,
    821248,
    841728,
    862208,
    882688,
    903168,
    923648,
    944128,
    964608,
    985088,
    1005568,
    1026048,
    1046528,
    1067008,
    1087488,
    1107968,
    1128448,
    1148928,
    1169408,
    1189888,
    1210368,
    1230848,
    1251328,
    1271808,
    1292288,
    1312768,
    1333248,
    1353728,
    1374208,
    1394688,
    1415168,
    1435648,
    1456128,
    1476608,
    1497088
  ],
  "episode_rewards": [
    -5114.727415512484,
    -6495.286972782945,
    -5096.130141934744,
    -6510.014274885297,
    -7017.496526947098,
    -5072.057108319914,
    -6420.310540300073,
    -6410.257645808378,
    -7191.4323108588305,
    -7812.7600338185985,
    -7296.636242820833,
    -6985.6316713447295,
    -11593.430166998616,
    -8948.405243694224,
    -9255.951309000196,
    -9439.717738663683,
    -6549.5424562419685,
    -7951.802689731455,
    -8072.608591593158,
    -6584.557792271828,
    -7558.1935630917515,
    -7961.570643969874,
    -7247.2405046749745,
    -7650.475964595198,
    -7639.552485574942,
    -6756.768283900637,
    -6925.76973323906,
    -7116.161449292413,
    -7817.213953489318,
    -6604.013742912002,
    -8314.984183607417,
    -8037.361174329148,
    -7111.8591534728475,
    -7711.829560164625,
    -6278.528865926613,
    -7406.9452286258065,
    -7339.691941620547,
    -7324.642614614627,
    -6867.8403990119405,
    -7148.0499164151815,
    -7606.602605109411,
    -7360.114476081374,
    -6451.375909649934,
    -5588.527566302161,
    -7548.631303466354,
    -7430.229402240033,
    -7387.570643772089,
    -7312.041898224257,
    -7093.752614743419,
    -7435.001602994056,
    -7235.293163461435,
    -7117.017638327152,
    -7276.751818342059,
    -7310.056324780062,
    -7275.265160920862,
    -6872.016406853579,
    -7061.347653826943,
    -7108.650485155176,
    -6811.697173201382,
    -6848.169197760189,
    -6682.867849639294,
    -7368.3138084419725,
    -6715.7815210747,
    -6717.780420216827,
    -6575.283186666696,
    -6681.172923041997,
    -6634.392232073536,
    -7598.184692661905,
    -7832.123611432443,
    -6870.409774749609,
    -7081.9201173642505,
    -6909.406693939067,
    -7050.189699868827,
    -7010.929177166975,
    -7108.677283918486,
    -6606.343001098963,
    -6803.153719104262,
    -6762.886473998795,
    -6508.870412741527,
    -6603.277692371443,
    -6371.836024977974,
    -6471.1660277086075,
    -6556.387598774373,
    -6333.975945353184,
    -6324.108858786824,
    -6351.262822011548,
    -6293.28772751993,
    -6062.009354395661,
    -6279.983177201724,
    -6330.610136665548,
    -6083.882311173905,
    -6180.819329915011,
    -6181.844985600946,
    -5927.625979435419,
    -6084.552090991255,
    -6040.297245179653,
    -5932.807950175152,
    -5952.101425088616,
    -5854.323422445722,
    -5997.896948027675,
    -5854.501731193568,
    -6180.0249374861005,
    -5914.6843036919645,
    -5973.955022307883,
    -6087.128548339133,
    -5753.471146819364,
    -6125.1195100877985,
    -5894.944692183456,
    -5420.902310021784,
    -5768.481495342407,
    -5445.957023367271,
    -5495.111687456183,
    -5672.851166656189,
    -5271.20062514585,
    -4931.543800102753,
    -5466.524229687669,
    -5523.031730648843,
    -5709.196186472803,
    -5528.360423193037,
    -5403.939581643577,
    -5376.719990681271,
    -5520.3137471275395,
    -5169.421826354557,
    -5100.758164355733,
    -5101.597957349409,
    -5432.557094645741,
    -5360.802646170909,
    -5505.729268437839,
    -5391.191606203018,
    -5225.2503322443645,
    -5095.064716584224,
    -5196.721805139564,
    -5154.600049996804,
    -5440.2116573768,
    -5088.158713159812,
    -5207.263873543593,
    -5194.478167941147,
    -5236.85155659852,
    -5192.614537436667,
    -4977.390573167832,
    -5192.2281863294775,
    -5393.123077600167,
    -5183.469898514473,
    -5214.193117689164,
    -5275.701963606622,
    -4547.110166125939,
    -4442.027012479232,
    -4425.3214537937565,
    -4651.751899141119,
    -4570.041495409358,
    -4727.831572515883,
    -5050.939525059187,
    -4751.387971288355,
    -4585.99121135519,
    -4778.32320741406,
    -5103.734252270518,
    -5075.304836361469,
    -4818.341982467107,
    -4847.251001030972,
    -4838.909170440887,
    -5399.359160472191,
    -4740.702789239776,
    -5061.26720228015,
    -4836.554022260475,
    -4603.640553630318,
    -4668.468829168474,
    -4654.906369405492,
    -4507.566005755963,
    -4386.044913754729,
    -4508.613015098868,
    -4785.80703170215,
    -4241.214738431464,
    -4285.661099443548,
    -4810.737901270562,
    -5299.8064041575035,
    -5034.298420079384,
    -5112.526314927188,
    -4868.01899067938,
    -4928.925620691803,
    -5107.877379538506,
    -4846.418643382415,
    -4712.147698149117,
    -4676.270830352893,
    -5839.153749451621,
    -4600.50962619188,
    -4690.045823085745,
    -4968.954412899865,
