{
  "env": "Hopper-v4",
  "agent": "GAE_Lambda1",
  "seed": 42,
  "final_reward": 2192.3134819366437,
  "best_reward": 2633.844587823145,
  "mean_reward": 1000.1657218245086,
  "all_eval_rewards": [
    243.05736668348376,
    298.6761081733961,
    314.29625219578924,
    364.1761562998765,
    389.39345494002106,
    385.3473769567139,
    371.7194197478793,
    377.0267481318185,
    379.3862678446782,
    402.0181844667045,
    414.77774676482386,
    426.8106830004801,
    334.6868247948513,
    335.0978860158439,
    373.3511794826264,
    576.8420957069154,
    474.8924879492226,
    1840.6889221377132,
    2187.41790146744,
    2266.22820277559,
    1114.1929624653678,
    700.0879673530995,
    991.405218249283,
    2633.844587823145,
    2154.9883037560735,
    2077.455181917982,
    1962.6998228453328,
    2409.6603197079653,
    2204.580303256633
  ],
  "eval_steps": [
    10240,
    20480,
    30720,
    40960,
    51200,
    61440,
    71680,
    81920,
    92160,
    102400,
    112640,
    122880,
    133120,
    143360,
    153600,
    163840,
    174080,
    184320,
    194560,
    204800,
    215040,
    225280,
    235520,
    245760,
    256000,
    266240,
    276480,
    286720,
    296960
  ],
  "elapsed_s": 134.9
}