{
  "env": "Hopper-v4",
  "agent": "HCGAE_Base",
  "seed": 1234,
  "final_reward": 2387.2946822768045,
  "best_reward": 2962.1288759636113,
  "mean_reward": 1813.7004113996006,
  "all_eval_rewards": [
    230.16812867434004,
    333.12483465745015,
    398.5442296142747,
    426.8858947719658,
    690.6457081204327,
    1275.8114903901474,
    995.6742883104323,
    2271.8771963425916,
    2239.0494197938874,
    1481.5030633832641,
    1283.184335128142,
    1161.3968812322344,
    1453.2153889112235,
    1740.5013364008041,
    2642.6748463418094,
    2918.741118889329,
    2799.0489437325537,
    2776.026684873376,
    2864.0366698884404,
    2760.308623159229,
    2825.6736321522044,
    1945.5777703728977,
    2111.54566978971,
    1641.4676630485233,
    1748.5947915951328,
    2420.1492741836055,
    2032.0574246846882,
    2962.1288759636113,
    2167.697746182114
  ],
  "eval_steps": [
    10240,
    20480,
    30720,
    40960,
    51200,
    61440,
    71680,
    81920,
    92160,
    102400,
    112640,
    122880,
    133120,
    143360,
    153600,
    163840,
    174080,
    184320,
    194560,
    204800,
    215040,
    225280,
    235520,
    245760,
    256000,
    266240,
    276480,
    286720,
    296960
  ],
  "elapsed_s": 147.4
}