{
  "env": "Hopper-v4",
  "agent": "Standard_PPO",
  "seed": 123,
  "final_reward": 367.06732055187257,
  "best_reward": 372.15753846959916,
  "mean_reward": 344.389361651311,
  "all_eval_rewards": [
    58.56988811152763,
    277.1934764093622,
    280.41120696903613,
    292.0998043512153,
    300.2308095675163,
    328.2492656009649,
    362.7595810542022,
    361.40339937445344,
    359.8393407017478,
    365.1972262645918,
    367.6609003233813,
    367.8823731221365,
    367.24927005522443,
    367.4359007077331,
    369.5483012907246,
    372.15753846959916,
    368.46754317640045,
    370.1363698113778,
    371.29603065087065,
    370.17957663829173,
    367.6652357338806,
    368.7132912970637,
    366.5832396158617,
    366.51428843588906,
    369.64458556735144,
    369.00108293199634,
    366.71986597105405,
    365.38298025225674,
    369.0991154323068
  ],
  "eval_steps": [
    10240,
    20480,
    30720,
    40960,
    51200,
    61440,
    71680,
    81920,
    92160,
    102400,
    112640,
    122880,
    133120,
    143360,
    153600,
    163840,
    174080,
    184320,
    194560,
    204800,
    215040,
    225280,
    235520,
    245760,
    256000,
    266240,
    276480,
    286720,
    296960
  ],
  "elapsed_s": 94.5
}