{
  "env": "Hopper-v4",
  "agent": "Standard_PPO",
  "seed": 789,
  "final_reward": 450.35984416727905,
  "best_reward": 462.25221048117817,
  "mean_reward": 369.45853716782983,
  "all_eval_rewards": [
    212.8574108567443,
    218.16614060332176,
    289.4989190959105,
    341.1383026677246,
    372.761390351733,
    386.5154582406443,
    370.77494000982085,
    365.24815390797096,
    370.11125208568114,
    385.6256235593711,
    377.707427086806,
    387.0042056267552,
    379.9349709270164,
    383.91804285375986,
    382.90745279722466,
    386.99692285095784,
    371.52432247432023,
    373.46971515498956,
    366.02140470503474,
    365.20492064784946,
    363.2427521694004,
    367.6351072579133,
    369.9481966826284,
    370.7508071551691,
    378.52001082084644,
    425.7341947756337,
    434.2882273940926,
    454.53909462656645,
    462.25221048117817
  ],
  "eval_steps": [
    10240,
    20480,
    30720,
    40960,
    51200,
    61440,
    71680,
    81920,
    92160,
    102400,
    112640,
    122880,
    133120,
    143360,
    153600,
    163840,
    174080,
    184320,
    194560,
    204800,
    215040,
    225280,
    235520,
    245760,
    256000,
    266240,
    276480,
    286720,
    296960
  ],
  "elapsed_s": 109.7
}