{
  "env": "Walker2d-v4",
  "agent": "Optimal_HCGAE_v4",
  "seed": 6,
  "config": {
    "hidden_dim": 256,
    "use_obs_norm": true,
    "use_adv_norm": true,
    "use_lr_anneal": true,
    "eval_mode": "deterministic_mean",
    "scr_ema_alpha": 0.1,
    "scr_relax": 0.05
  },
  "total_steps": 1001472,
  "final_reward": 2757.8531061519693,
  "top10_reward": 3818.1654622737196,
  "eval_rewards": [
    308.39797061454044,
    306.1500203778678,
    377.42347837724975,
    468.563281857056,
    383.2230160601075,
    479.3930861093219,
    590.398744675309,
    794.5533686102824,
    729.2501979599449,
    792.8007124765932,
    1316.9720222667631,
    3353.565655596006,
    3397.480638096612,
    2243.810063605909,
    3683.33128930918,
    2851.7185275567945,
    2650.5491312541226,
    3630.4480791013693,
    3096.6302813960224,
    2455.9496541936905,
    2314.506725886851,
    2305.9783459133587,
    3399.33205541679,
    3470.804963147785,
    3315.156233595762,
    3699.0292416544107,
    3050.659953047856,
    3391.96010050459,
    3831.3338913803245,
    3683.335355707021,
    4005.1014226938496,
    3817.1568854050442,
    2732.0479003956707,
    4113.790057735049,
    3723.1736560400327,
    3994.9547437109104,
    3496.8292812919753,
    3347.1268193515198,
    3061.1273490258377,
    3592.698886122171,
    3046.6381973838184,
    2183.040863943372,
    3254.5121471021657,
    1966.4308850496611,
    2220.437329842422,
    3038.896769566516,
    2062.9813314450716,
    3039.101068863089,
    3173.793582201408
  ],
  "eval_steps": [
    20480,
    40960,
    61440,
    81920,
    102400,
    122880,
    143360,
    163840,
    184320,
    204800,
    225280,
    245760,
    266240,
    286720,
    307200,
    327680,
    348160,
    368640,
    389120,
    409600,
    430080,
    450560,
    471040,
    491520,
    512000,
    532480,
    552960,
    573440,
    593920,
    614400,
    634880,
    655360,
    675840,
    696320,
    716800,
    737280,
    757760,
    778240,
    798720,
    819200,
    839680,
    860160,
    880640,
    901120,
    921600,
    942080,
    962560,
    983040,
    1001472
  ],
  "diag_log": [
    {
      "step": 901120,
      "scr_ema": 0.13,
      "alpha_cap": 0.0666,
      "ev_ema": 0.7253
    },
    {
      "step": 903168,
      "scr_ema": 0.1234,
      "alpha_cap": 0.065,
      "ev_ema": 0.7281
    },
    {
      "step": 905216,
      "scr_ema": 0.1127,
      "alpha_cap": 0.0626,
      "ev_ema": 0.7303
    },
    {
      "step": 907264,
      "scr_ema": 0.1117,
      "alpha_cap": 0.0623,
      "ev_ema": 0.729
    },
    {
      "step": 909312,
      "scr_ema": 0.1042,
      "alpha_cap": 0.0607,
      "ev_ema": 0.7285
    },
    {
      "step": 911360,
      "scr_ema": 0.0974,
      "alpha_cap": 0.0594,
      "ev_ema": 0.7317
    },
    {
      "step": 913408,
      "scr_ema": 0.0894,
      "alpha_cap": 0.0579,
      "ev_ema": 0.7349
    },
    {
      "step": 915456,
      "scr_ema": 0.0954,
      "alpha_cap": 0.059,
      "ev_ema": 0.7301
    },
    {
      "step": 917504,
      "scr_ema": 0.0982,
      "alpha_cap": 0.0596,
      "ev_ema": 0.7323
    },
    {
      "step": 919552,
      "scr_ema": 0.0975,
      "alpha_cap": 0.0594,
      "ev_ema": 0.7335
    },
    {
      "step": 921600,
      "scr_ema": 0.0915,
      "alpha_cap": 0.0583,
      "ev_ema": 0.7326
    },
    {
      "step": 923648,
      "scr_ema": 0.0994,
      "alpha_cap": 0.0598,
      "ev_ema": 0.7283
    },
    {
      "step": 925696,
      "scr_ema": 0.1273,
      "alpha_cap": 0.066,
      "ev_ema": 0.7249
    },
    {
      "step": 927744,
      "scr_ema": 0.1311,
      "alpha_cap": 0.0669,
      "ev_ema": 0.7227
    },
    {
      "step": 929792,
      "scr_ema": 0.1318,
      "alpha_cap": 0.0671,
      "ev_ema": 0.7292
    },
    {
      "step": 931840,
      "scr_ema": 0.1249,
      "alpha_cap": 0.0654,
      "ev_ema": 0.7338
    },
    {
      "step": 933888,
      "scr_ema": 0.1306,
      "alpha_cap": 0.0668,
      "ev_ema": 0.7297
    },
    {
      "step": 935936,
      "scr_ema": 0.1265,
      "alpha_cap": 0.0657,
      "ev_ema": 0.7315
    },
    {
      "step": 937984,
      "scr_ema": 0.117,
      "alpha_cap": 0.0635,
      "ev_ema": 0.7353
    },
    {
      "step": 940032,
      "scr_ema": 0.1145,
      "alpha_cap": 0.0629,
      "ev_ema": 0.7398
    },
    {
      "step": 942080,
      "scr_ema": 0.121,
      "alpha_cap": 0.0644,
      "ev_ema": 0.7357
    },
    {
      "step": 944128,
      "scr_ema": 0.1166,
      "alpha_cap": 0.0634,
      "ev_ema": 0.7398
    },
    {
      "step": 946176,
      "scr_ema": 0.1129,
      "alpha_cap": 0.0626,
      "ev_ema": 0.7346
    },
    {
      "step": 948224,
      "scr_ema": 0.1033,
      "alpha_cap": 0.0606,
      "ev_ema": 0.7329
    },
    {
      "step": 950272,
      "scr_ema": 0.106,
      "alpha_cap": 0.0611,
      "ev_ema": 0.7348
    },
    {
      "step": 952320,
      "scr_ema": 0.1088,
      "alpha_cap": 0.0617,
      "ev_ema": 0.741
    },
    {
      "step": 954368,
      "scr_ema": 0.1307,
      "alpha_cap": 0.0668,
      "ev_ema": 0.7395
    },
    {
      "step": 956416,
      "scr_ema": 0.118,
      "alpha_cap": 0.0637,
      "ev_ema": 0.7349
    },
    {
      "step": 958464,
      "scr_ema": 0.1153,
      "alpha_cap": 0.0631,
      "ev_ema": 0.7381
    },
    {
      "step": 960512,
      "scr_ema": 0.1089,
      "alpha_cap": 0.0617,
      "ev_ema": 0.7386
    },
    {
      "step": 962560,
      "scr_ema": 0.1156,
      "alpha_cap": 0.0632,
      "ev_ema": 0.7343
    },
    {
      "step": 964608,
      "scr_ema": 0.1221,
      "alpha_cap": 0.0647,
      "ev_ema": 0.7398
    },
    {
      "step": 966656,
      "scr_ema": 0.1137,
      "alpha_cap": 0.0628,
      "ev_ema": 0.7366
    },
    {
      "step": 968704,
      "scr_ema": 0.1058,
      "alpha_cap": 0.0611,
      "ev_ema": 0.7383
    },
    {
      "step": 970752,
      "scr_ema": 0.1078,
      "alpha_cap": 0.0615,
      "ev_ema": 0.7357
    },
    {
      "step": 972800,
      "scr_ema": 0.0975,
      "alpha_cap": 0.0594,
      "ev_ema": 0.7385
    },
    {
      "step": 974848,
      "scr_ema": 0.0998,
      "alpha_cap": 0.0599,
      "ev_ema": 0.7444
    },
    {
      "step": 976896,
      "scr_ema": 0.0934,
      "alpha_cap": 0.0587,
      "ev_ema": 0.7399
    },
    {
      "step": 978944,
      "scr_ema": 0.0923,
      "alpha_cap": 0.0584,
      "ev_ema": 0.7434
    },
    {
      "step": 980992,
      "scr_ema": 0.0951,
      "alpha_cap": 0.059,
      "ev_ema": 0.7419
    },
    {
      "step": 983040,
      "scr_ema": 0.0881,
      "alpha_cap": 0.0577,
      "ev_ema": 0.7379
    },
    {
      "step": 985088,
      "scr_ema": 0.082,
      "alpha_cap": 0.0567,
      "ev_ema": 0.7338
    },
    {
      "step": 987136,
      "scr_ema": 0.0853,
      "alpha_cap": 0.0572,
      "ev_ema": 0.7393
    },
    {
      "step": 989184,
      "scr_ema": 0.0991,
      "alpha_cap": 0.0597,
      "ev_ema": 0.7336
    },
    {
      "step": 991232,
      "scr_ema": 0.0907,
      "alpha_cap": 0.0582,
      "ev_ema": 0.728
    },
    {
      "step": 993280,
      "scr_ema": 0.0909,
      "alpha_cap": 0.0582,
      "ev_ema": 0.7303
    },
    {
      "step": 995328,
      "scr_ema": 0.0885,
      "alpha_cap": 0.0578,
      "ev_ema": 0.727
    },
    {
      "step": 997376,
      "scr_ema": 0.0855,
      "alpha_cap": 0.0573,
      "ev_ema": 0.7265
    },
    {
      "step": 999424,
      "scr_ema": 0.093,
      "alpha_cap": 0.0586,
      "ev_ema": 0.725
    },
    {
      "step": 1001472,
      "scr_ema": 0.0897,
      "alpha_cap": 0.058,
      "ev_ema": 0.7184
    }
  ],
  "elapsed_s": 986.3
}