{
  "env": "Walker2d-v4",
  "agent": "Optimal_HCGAE_v4",
  "seed": 8,
  "config": {
    "hidden_dim": 256,
    "use_obs_norm": true,
    "use_adv_norm": true,
    "use_lr_anneal": true,
    "eval_mode": "deterministic_mean",
    "scr_ema_alpha": 0.1,
    "scr_relax": 0.05
  },
  "total_steps": 1001472,
  "final_reward": 3467.232753372681,
  "top10_reward": 3915.461192766571,
  "eval_rewards": [
    319.3529127232834,
    335.15901591565773,
    391.4567389852954,
    430.78350258938497,
    623.8434358756168,
    777.234758968347,
    775.4492160781767,
    794.605051975617,
    863.2706732609056,
    1071.6792961213064,
    1606.664948256907,
    1778.850964969537,
    2488.110109281521,
    1936.4659434293048,
    1776.937056057015,
    2464.1181117195083,
    1436.5177554825882,
    1509.5650218721453,
    3600.928558408775,
    3071.8924126539996,
    3642.0087031171524,
    2865.468408965522,
    2774.2167058483574,
    3789.24473277297,
    2956.049045212657,
    3528.582929609062,
    3718.2465132468324,
    3162.211911381118,
    2815.005429944305,
    2867.067497763868,
    3892.086844891698,
    3737.2169789396735,
    2872.1094111819084,
    4000.1482738936284,
    3958.0883313205786,
    3965.1050987897615,
    3967.263482595036,
    3207.1820649060983,
    3937.793281492206,
    2937.4881822167736,
    3271.854322172591,
    4155.07375340906,
    3616.8957019679247,
    2886.590007004901,
    3451.9333926515255,
    3649.880624951807,
    3752.5911495610985,
    3328.2503997145795,
    3621.7700000765517
  ],
  "eval_steps": [
    20480,
    40960,
    61440,
    81920,
    102400,
    122880,
    143360,
    163840,
    184320,
    204800,
    225280,
    245760,
    266240,
    286720,
    307200,
    327680,
    348160,
    368640,
    389120,
    409600,
    430080,
    450560,
    471040,
    491520,
    512000,
    532480,
    552960,
    573440,
    593920,
    614400,
    634880,
    655360,
    675840,
    696320,
    716800,
    737280,
    757760,
    778240,
    798720,
    819200,
    839680,
    860160,
    880640,
    901120,
    921600,
    942080,
    962560,
    983040,
    1001472
  ],
  "diag_log": [
    {
      "step": 901120,
      "scr_ema": 0.1199,
      "alpha_cap": 0.0642,
      "ev_ema": 0.5822
    },
    {
      "step": 903168,
      "scr_ema": 0.1097,
      "alpha_cap": 0.0619,
      "ev_ema": 0.5878
    },
    {
      "step": 905216,
      "scr_ema": 0.107,
      "alpha_cap": 0.0613,
      "ev_ema": 0.5979
    },
    {
      "step": 907264,
      "scr_ema": 0.1017,
      "alpha_cap": 0.0602,
      "ev_ema": 0.6021
    },
    {
      "step": 909312,
      "scr_ema": 0.1024,
      "alpha_cap": 0.0604,
      "ev_ema": 0.6087
    },
    {
      "step": 911360,
      "scr_ema": 0.1131,
      "alpha_cap": 0.0626,
      "ev_ema": 0.5931
    },
    {
      "step": 913408,
      "scr_ema": 0.1217,
      "alpha_cap": 0.0646,
      "ev_ema": 0.5901
    },
    {
      "step": 915456,
      "scr_ema": 0.1168,
      "alpha_cap": 0.0635,
      "ev_ema": 0.5701
    },
    {
      "step": 917504,
      "scr_ema": 0.1103,
      "alpha_cap": 0.062,
      "ev_ema": 0.5757
    },
    {
      "step": 919552,
      "scr_ema": 0.1111,
      "alpha_cap": 0.0622,
      "ev_ema": 0.5863
    },
    {
      "step": 921600,
      "scr_ema": 0.1012,
      "alpha_cap": 0.0601,
      "ev_ema": 0.5652
    },
    {
      "step": 923648,
      "scr_ema": 0.095,
      "alpha_cap": 0.0589,
      "ev_ema": 0.5725
    },
    {
      "step": 925696,
      "scr_ema": 0.0856,
      "alpha_cap": 0.0573,
      "ev_ema": 0.5789
    },
    {
      "step": 927744,
      "scr_ema": 0.0823,
      "alpha_cap": 0.0567,
      "ev_ema": 0.588
    },
    {
      "step": 929792,
      "scr_ema": 0.0894,
      "alpha_cap": 0.0579,
      "ev_ema": 0.5964
    },
    {
      "step": 931840,
      "scr_ema": 0.0816,
      "alpha_cap": 0.0566,
      "ev_ema": 0.5969
    },
    {
      "step": 933888,
      "scr_ema": 0.0803,
      "alpha_cap": 0.0564,
      "ev_ema": 0.6055
    },
    {
      "step": 935936,
      "scr_ema": 0.0794,
      "alpha_cap": 0.0563,
      "ev_ema": 0.6105
    },
    {
      "step": 937984,
      "scr_ema": 0.0858,
      "alpha_cap": 0.0573,
      "ev_ema": 0.597
    },
    {
      "step": 940032,
      "scr_ema": 0.084,
      "alpha_cap": 0.057,
      "ev_ema": 0.5989
    },
    {
      "step": 942080,
      "scr_ema": 0.0893,
      "alpha_cap": 0.0579,
      "ev_ema": 0.5998
    },
    {
      "step": 944128,
      "scr_ema": 0.0835,
      "alpha_cap": 0.0569,
      "ev_ema": 0.6072
    },
    {
      "step": 946176,
      "scr_ema": 0.0759,
      "alpha_cap": 0.0557,
      "ev_ema": 0.6
    },
    {
      "step": 948224,
      "scr_ema": 0.0863,
      "alpha_cap": 0.0574,
      "ev_ema": 0.589
    },
    {
      "step": 950272,
      "scr_ema": 0.0886,
      "alpha_cap": 0.0578,
      "ev_ema": 0.588
    },
    {
      "step": 952320,
      "scr_ema": 0.0955,
      "alpha_cap": 0.059,
      "ev_ema": 0.5686
    },
    {
      "step": 954368,
      "scr_ema": 0.105,
      "alpha_cap": 0.0609,
      "ev_ema": 0.5703
    },
    {
      "step": 956416,
      "scr_ema": 0.1043,
      "alpha_cap": 0.0608,
      "ev_ema": 0.5864
    },
    {
      "step": 958464,
      "scr_ema": 0.1094,
      "alpha_cap": 0.0618,
      "ev_ema": 0.5894
    },
    {
      "step": 960512,
      "scr_ema": 0.116,
      "alpha_cap": 0.0633,
      "ev_ema": 0.5912
    },
    {
      "step": 962560,
      "scr_ema": 0.1172,
      "alpha_cap": 0.0635,
      "ev_ema": 0.5883
    },
    {
      "step": 964608,
      "scr_ema": 0.1111,
      "alpha_cap": 0.0622,
      "ev_ema": 0.5887
    },
    {
      "step": 966656,
      "scr_ema": 0.1125,
      "alpha_cap": 0.0625,
      "ev_ema": 0.5953
    },
    {
      "step": 968704,
      "scr_ema": 0.1054,
      "alpha_cap": 0.061,
      "ev_ema": 0.5788
    },
    {
      "step": 970752,
      "scr_ema": 0.0988,
      "alpha_cap": 0.0597,
      "ev_ema": 0.5675
    },
    {
      "step": 972800,
      "scr_ema": 0.1008,
      "alpha_cap": 0.0601,
      "ev_ema": 0.567
    },
    {
      "step": 974848,
      "scr_ema": 0.0964,
      "alpha_cap": 0.0592,
      "ev_ema": 0.5789
    },
    {
      "step": 976896,
      "scr_ema": 0.0875,
      "alpha_cap": 0.0576,
      "ev_ema": 0.5802
    },
    {
      "step": 978944,
      "scr_ema": 0.0951,
      "alpha_cap": 0.059,
      "ev_ema": 0.5703
    },
    {
      "step": 980992,
      "scr_ema": 0.095,
      "alpha_cap": 0.0589,
      "ev_ema": 0.5794
    },
    {
      "step": 983040,
      "scr_ema": 0.0867,
      "alpha_cap": 0.0575,
      "ev_ema": 0.574
    },
    {
      "step": 985088,
      "scr_ema": 0.0884,
      "alpha_cap": 0.0578,
      "ev_ema": 0.5758
    },
    {
      "step": 987136,
      "scr_ema": 0.0895,
      "alpha_cap": 0.0579,
      "ev_ema": 0.5875
    },
    {
      "step": 989184,
      "scr_ema": 0.0933,
      "alpha_cap": 0.0586,
      "ev_ema": 0.598
    },
    {
      "step": 991232,
      "scr_ema": 0.103,
      "alpha_cap": 0.0605,
      "ev_ema": 0.6
    },
    {
      "step": 993280,
      "scr_ema": 0.1016,
      "alpha_cap": 0.0602,
      "ev_ema": 0.6038
    },
    {
      "step": 995328,
      "scr_ema": 0.1012,
      "alpha_cap": 0.0601,
      "ev_ema": 0.601
    },
    {
      "step": 997376,
      "scr_ema": 0.1008,
      "alpha_cap": 0.0601,
      "ev_ema": 0.6017
    },
    {
      "step": 999424,
      "scr_ema": 0.1093,
      "alpha_cap": 0.0618,
      "ev_ema": 0.5951
    },
    {
      "step": 1001472,
      "scr_ema": 0.1051,
      "alpha_cap": 0.0609,
      "ev_ema": 0.5981
    }
  ],
  "elapsed_s": 796.6
}