{
  "env": "Walker2d-v4",
  "agent": "Optimal_HCGAE_v4",
  "seed": 10,
  "config": {
    "hidden_dim": 256,
    "use_obs_norm": true,
    "use_adv_norm": true,
    "use_lr_anneal": true,
    "eval_mode": "deterministic_mean",
    "scr_ema_alpha": 0.1,
    "scr_relax": 0.05
  },
  "total_steps": 1001472,
  "final_reward": 4044.420332118213,
  "top10_reward": 4109.244307050946,
  "eval_rewards": [
    280.1919495639926,
    371.79567789221727,
    491.49466205818965,
    464.6951095619991,
    539.6109602910352,
    584.7098927272598,
    561.2527414068176,
    992.8467785422065,
    1445.6773300198734,
    1408.243621973435,
    2085.4323265523876,
    1002.9957901930895,
    1082.7158883275254,
    1723.2439215297059,
    898.2912452609584,
    1032.4411738817025,
    3439.661442710134,
    1429.95279034225,
    1677.2057682536386,
    3523.4636827689646,
    3128.0001428808782,
    2678.673148161752,
    3868.6323919111856,
    1157.1690300819157,
    2828.911422902856,
    3713.818878487846,
    4068.682395030469,
    4036.005263555001,
    4034.8289604788356,
    3930.935569889299,
    4063.696456761815,
    4070.4274485887495,
    4075.332998891433,
    3824.2530117641472,
    3394.404609314281,
    3495.068348479919,
    4010.8220149543863,
    4103.334379661965,
    4130.919166754449,
    4015.1458620138874,
    4099.651157069907,
    3999.1897024561854,
    4019.0297950622867,
    4099.283683342605,
    4127.160993572825,
    4154.925078449474,
    4085.1326040715276,
    3698.4088850369035,
    4146.275560106529
  ],
  "eval_steps": [
    20480,
    40960,
    61440,
    81920,
    102400,
    122880,
    143360,
    163840,
    184320,
    204800,
    225280,
    245760,
    266240,
    286720,
    307200,
    327680,
    348160,
    368640,
    389120,
    409600,
    430080,
    450560,
    471040,
    491520,
    512000,
    532480,
    552960,
    573440,
    593920,
    614400,
    634880,
    655360,
    675840,
    696320,
    716800,
    737280,
    757760,
    778240,
    798720,
    819200,
    839680,
    860160,
    880640,
    901120,
    921600,
    942080,
    962560,
    983040,
    1001472
  ],
  "diag_log": [
    {
      "step": 901120,
      "scr_ema": 0.1175,
      "alpha_cap": 0.0636,
      "ev_ema": 0.5809
    },
    {
      "step": 903168,
      "scr_ema": 0.118,
      "alpha_cap": 0.0637,
      "ev_ema": 0.5891
    },
    {
      "step": 905216,
      "scr_ema": 0.1067,
      "alpha_cap": 0.0613,
      "ev_ema": 0.5842
    },
    {
      "step": 907264,
      "scr_ema": 0.1022,
      "alpha_cap": 0.0603,
      "ev_ema": 0.5872
    },
    {
      "step": 909312,
      "scr_ema": 0.1031,
      "alpha_cap": 0.0605,
      "ev_ema": 0.5859
    },
    {
      "step": 911360,
      "scr_ema": 0.0942,
      "alpha_cap": 0.0588,
      "ev_ema": 0.5813
    },
    {
      "step": 913408,
      "scr_ema": 0.1198,
      "alpha_cap": 0.0642,
      "ev_ema": 0.5844
    },
    {
      "step": 915456,
      "scr_ema": 0.1088,
      "alpha_cap": 0.0617,
      "ev_ema": 0.599
    },
    {
      "step": 917504,
      "scr_ema": 0.1022,
      "alpha_cap": 0.0603,
      "ev_ema": 0.6069
    },
    {
      "step": 919552,
      "scr_ema": 0.108,
      "alpha_cap": 0.0615,
      "ev_ema": 0.6111
    },
    {
      "step": 921600,
      "scr_ema": 0.103,
      "alpha_cap": 0.0605,
      "ev_ema": 0.5915
    },
    {
      "step": 923648,
      "scr_ema": 0.1087,
      "alpha_cap": 0.0617,
      "ev_ema": 0.578
    },
    {
      "step": 925696,
      "scr_ema": 0.0986,
      "alpha_cap": 0.0596,
      "ev_ema": 0.5836
    },
    {
      "step": 927744,
      "scr_ema": 0.0899,
      "alpha_cap": 0.058,
      "ev_ema": 0.5806
    },
    {
      "step": 929792,
      "scr_ema": 0.0865,
      "alpha_cap": 0.0574,
      "ev_ema": 0.5596
    },
    {
      "step": 931840,
      "scr_ema": 0.0939,
      "alpha_cap": 0.0587,
      "ev_ema": 0.569
    },
    {
      "step": 933888,
      "scr_ema": 0.1017,
      "alpha_cap": 0.0602,
      "ev_ema": 0.5658
    },
    {
      "step": 935936,
      "scr_ema": 0.1048,
      "alpha_cap": 0.0609,
      "ev_ema": 0.571
    },
    {
      "step": 937984,
      "scr_ema": 0.1186,
      "alpha_cap": 0.0639,
      "ev_ema": 0.5837
    },
    {
      "step": 940032,
      "scr_ema": 0.1167,
      "alpha_cap": 0.0634,
      "ev_ema": 0.5836
    },
    {
      "step": 942080,
      "scr_ema": 0.1254,
      "alpha_cap": 0.0655,
      "ev_ema": 0.5842
    },
    {
      "step": 944128,
      "scr_ema": 0.1174,
      "alpha_cap": 0.0636,
      "ev_ema": 0.5919
    },
    {
      "step": 946176,
      "scr_ema": 0.1149,
      "alpha_cap": 0.063,
      "ev_ema": 0.5925
    },
    {
      "step": 948224,
      "scr_ema": 0.1082,
      "alpha_cap": 0.0616,
      "ev_ema": 0.6017
    },
    {
      "step": 950272,
      "scr_ema": 0.1018,
      "alpha_cap": 0.0603,
      "ev_ema": 0.6119
    },
    {
      "step": 952320,
      "scr_ema": 0.0961,
      "alpha_cap": 0.0592,
      "ev_ema": 0.5782
    },
    {
      "step": 954368,
      "scr_ema": 0.0884,
      "alpha_cap": 0.0578,
      "ev_ema": 0.5664
    },
    {
      "step": 956416,
      "scr_ema": 0.0873,
      "alpha_cap": 0.0576,
      "ev_ema": 0.5681
    },
    {
      "step": 958464,
      "scr_ema": 0.0794,
      "alpha_cap": 0.0563,
      "ev_ema": 0.579
    },
    {
      "step": 960512,
      "scr_ema": 0.0857,
      "alpha_cap": 0.0573,
      "ev_ema": 0.5735
    },
    {
      "step": 962560,
      "scr_ema": 0.0935,
      "alpha_cap": 0.0587,
      "ev_ema": 0.5704
    },
    {
      "step": 964608,
      "scr_ema": 0.1026,
      "alpha_cap": 0.0604,
      "ev_ema": 0.5832
    },
    {
      "step": 966656,
      "scr_ema": 0.1119,
      "alpha_cap": 0.0624,
      "ev_ema": 0.5781
    },
    {
      "step": 968704,
      "scr_ema": 0.1181,
      "alpha_cap": 0.0638,
      "ev_ema": 0.5759
    },
    {
      "step": 970752,
      "scr_ema": 0.1107,
      "alpha_cap": 0.0621,
      "ev_ema": 0.5822
    },
    {
      "step": 972800,
      "scr_ema": 0.112,
      "alpha_cap": 0.0624,
      "ev_ema": 0.5911
    },
    {
      "step": 974848,
      "scr_ema": 0.1087,
      "alpha_cap": 0.0617,
      "ev_ema": 0.5858
    },
    {
      "step": 976896,
      "scr_ema": 0.1061,
      "alpha_cap": 0.0611,
      "ev_ema": 0.5622
    },
    {
      "step": 978944,
      "scr_ema": 0.0986,
      "alpha_cap": 0.0596,
      "ev_ema": 0.5744
    },
    {
      "step": 980992,
      "scr_ema": 0.0952,
      "alpha_cap": 0.059,
      "ev_ema": 0.5704
    },
    {
      "step": 983040,
      "scr_ema": 0.0935,
      "alpha_cap": 0.0587,
      "ev_ema": 0.5705
    },
    {
      "step": 985088,
      "scr_ema": 0.0893,
      "alpha_cap": 0.0579,
      "ev_ema": 0.5762
    },
    {
      "step": 987136,
      "scr_ema": 0.0835,
      "alpha_cap": 0.0569,
      "ev_ema": 0.5728
    },
    {
      "step": 989184,
      "scr_ema": 0.0809,
      "alpha_cap": 0.0565,
      "ev_ema": 0.5672
    },
    {
      "step": 991232,
      "scr_ema": 0.0919,
      "alpha_cap": 0.0584,
      "ev_ema": 0.5668
    },
    {
      "step": 993280,
      "scr_ema": 0.089,
      "alpha_cap": 0.0579,
      "ev_ema": 0.5411
    },
    {
      "step": 995328,
      "scr_ema": 0.0816,
      "alpha_cap": 0.0566,
      "ev_ema": 0.5365
    },
    {
      "step": 997376,
      "scr_ema": 0.0791,
      "alpha_cap": 0.0562,
      "ev_ema": 0.5099
    },
    {
      "step": 999424,
      "scr_ema": 0.0759,
      "alpha_cap": 0.0557,
      "ev_ema": 0.5046
    },
    {
      "step": 1001472,
      "scr_ema": 0.0711,
      "alpha_cap": 0.055,
      "ev_ema": 0.5092
    }
  ],
  "elapsed_s": 690.8
}