{
  "eval_rewards": [
    90.79031564960945,
    447.4446033684726,
    282.52283853444374,
    323.2335205007177,
    476.9282980833412,
    707.3854237130602,
    744.7916583384556,
    884.8028592095346,
    1129.1944612546022,
    1563.3031337173481,
    931.8032515550424,
    3016.344681194165,
    2738.4973139784615,
    843.2252446605387,
    2994.121163322155,
    3132.289302048563,
    3194.1568800480213,
    3130.53282193531,
    2703.183974764145,
    3315.0442934630933,
    3285.652986569507,
    3285.5348805703993,
    2812.9208022902867,
    3198.8855735274665,
    3283.06987230921,
    3337.8731850409545,
    3347.9530505390476,
    3357.744641213803,
    3328.4520854671414,
    3309.878689524708,
    3259.9908732000176,
    2374.18905740199,
    3292.741645924042,
    3321.2332779272465,
    3372.234595375982,
    3426.656827494723,
    3309.956890800423,
    3321.2292533487316,
    3388.430883838938,
    3421.808281057719,
    3410.175630980836,
    3397.2724240871903,
    3387.8140319573095,
    3433.904543132359,
    3427.7765010619246,
    3427.334349862219,
    3414.403664860133,
    3355.0866421905184,
    3418.7930817056704,
    3415.5628970268067,
    3408.810204272937,
    3412.132288116694,
    3427.409762079392,
    3398.4605074747546,
    3426.7497140471824,
    3420.1663140307346,
    3399.194075769085,
    3462.380904564178,
    3410.546936108721,
    3424.1422525314892,
    3468.9068005747495,
    3436.2715411486397,
    3474.9525400330845,
    3425.4988654137182,
    3479.4734723603847,
    3472.887673634278,
    3471.4646145877546,
    3474.415978593508,
    3464.708794154699,
    3499.4519694319847,
    3477.271802322324,
    3462.930439315419,
    3440.108183907617,
    3442.6596146745883,
    3444.8894645393784,
    3432.0801530700965,
    3437.0779950187016,
    3492.4163041105458,
    3486.5559545469414,
    3475.0804133276797,
    3441.729119160243,
    3489.2343185402533,
    3491.983330505168,
    2451.990607379841,
    3491.159884000617,
    2079.131342853718,
    3480.031768178362,
    3462.4892045752704,
    3437.8979784010944,
    3459.728536720544,
    3453.791467597695,
    3019.443719235237,
    3440.5546492177427,
    3427.2001046601167,
    3408.8945384611216,
    3482.980337605196,
    3414.288781307713
  ],
  "eval_steps": [
    10240,
    20480,
    30720,
    40960,
    51200,
    61440,
    71680,
    81920,
    92160,
    102400,
    112640,
    122880,
    133120,
    143360,
    153600,
    163840,
    174080,
    184320,
    194560,
    204800,
    215040,
    225280,
    235520,
    245760,
    256000,
    266240,
    276480,
    286720,
    296960,
    307200,
    317440,
    327680,
    337920,
    348160,
    358400,
    368640,
    378880,
    389120,
    399360,
    409600,
    419840,
    430080,
    440320,
    450560,
    460800,
    471040,
    481280,
    491520,
    501760,
    512000,
    522240,
    532480,
    542720,
    552960,
    563200,
    573440,
    583680,
    593920,
    604160,
    614400,
    624640,
    634880,
    645120,
    655360,
    665600,
    675840,
    686080,
    696320,
    706560,
    716800,
    727040,
    737280,
    747520,
    757760,
    768000,
    778240,
    788480,
    798720,
    808960,
    819200,
    829440,
    839680,
    849920,
    860160,
    870400,
    880640,
    890880,
    901120,
    911360,
    921600,
    931840,
    942080,
    952320,
    962560,
    972800,
    983040,
    993280
  ],
  "final_reward": 3068.3686559339994,
  "last5_mean": 3434.7836822503787
}