{
  "eval_rewards": [
    132.67744497124266,
    284.6222587646856,
    351.761806725339,
    273.60557943697484,
    395.7057232560229,
    497.6131207311646,
    487.3966661750704,
    662.7840185626026,
    357.55043863140264,
    764.2066414881443,
    589.9280074788601,
    684.9893826398477,
    724.2897400309228,
    747.1586508784804,
    951.6112907573508,
    930.1750697921301,
    2119.425750058224,
    2907.252657517645,
    2409.2216178062836,
    2622.5891493063764,
    1897.5321570397875,
    3044.8300450622387,
    3111.6991818464476,
    2414.4703020527095,
    1602.192145549594,
    1034.5349083827175,
    1625.080287145516,
    3120.294430778432,
    1377.8953543373932,
    2048.9213632864594,
    1791.1746231148632,
    1657.890961095279,
    2139.8463231498417,
    2604.076783491616,
    3014.6575609768006,
    3116.550960646711,
    2927.1539456358423,
    1863.6896045984636,
    1921.583488118291,
    2196.949712110649,
    3130.6510870043276,
    1061.1687727800113,
    2448.677648051901,
    3113.2408136653057,
    2730.086710621821,
    1178.0064915043913,
    2000.6220238481972,
    3116.4683131284273,
    2645.9786800217803,
    1918.4714335482593,
    3123.384801513204,
    1850.24606817887,
    3125.286236251387,
    3120.104632450463,
    2654.1239817856863,
    3079.7561619908824,
    2269.204420325786,
    1639.8264336960324,
    1183.3678042758968,
    1353.8902522180842,
    1253.3360789307255,
    3149.5479082761126,
    1583.1657364108455,
    3050.3015559607243,
    2301.6627413266133,
    2192.6737736296927,
    2256.926620626159,
    2168.8344622787813,
    1220.8817237740582,
    1880.7363819257425,
    2670.0805028845525,
    2993.907055310023,
    2227.593797906877,
    1516.234508728486,
    2760.1018504637036,
    1799.1760107273458,
    2446.504876568375,
    2242.807236104782,
    1393.1304535624208,
    2204.3817273008945,
    1537.0146402257494,
    1789.0938621536352,
    3098.026074323544,
    1030.13215903602,
    2074.868711068228,
    1340.6130623858342,
    1576.473311944015,
    2300.3556724539058,
    2614.6586868007057,
    1237.6906760602747,
    2459.0128402177206,
    3175.4443260019107,
    2276.697687707532,
    2987.6786279508747,
    2928.404889777365,
    2164.092557833827,
    3185.144889641845
  ],
  "eval_steps": [
    10240,
    20480,
    30720,
    40960,
    51200,
    61440,
    71680,
    81920,
    92160,
    102400,
    112640,
    122880,
    133120,
    143360,
    153600,
    163840,
    174080,
    184320,
    194560,
    204800,
    215040,
    225280,
    235520,
    245760,
    256000,
    266240,
    276480,
    286720,
    296960,
    307200,
    317440,
    327680,
    337920,
    348160,
    358400,
    368640,
    378880,
    389120,
    399360,
    409600,
    419840,
    430080,
    440320,
    450560,
    460800,
    471040,
    481280,
    491520,
    501760,
    512000,
    522240,
    532480,
    542720,
    552960,
    563200,
    573440,
    583680,
    593920,
    604160,
    614400,
    624640,
    634880,
    645120,
    655360,
    665600,
    675840,
    686080,
    696320,
    706560,
    716800,
    727040,
    737280,
    747520,
    757760,
    768000,
    778240,
    788480,
    798720,
    808960,
    819200,
    829440,
    839680,
    849920,
    860160,
    870400,
    880640,
    890880,
    901120,
    911360,
    921600,
    931840,
    942080,
    952320,
    962560,
    972800,
    983040,
    993280
  ],
  "final_reward": 2093.731716997704,
  "last5_mean": 2708.4037305822885
}