{
  "eval_rewards": [
    142.0866106478932,
    208.49040986134614,
    238.31677448092387,
    433.2892978350189,
    259.1402229822246,
    369.204381081125,
    307.73519483279523,
    644.6557942800849,
    649.2554499271612,
    541.4011023352398,
    898.6887002405205,
    1639.0658156096663,
    1715.686032190232,
    886.9705793076682,
    984.7131011597743,
    1193.7412617001426,
    2956.4867025217327,
    3194.188645773863,
    3199.554779152986,
    3011.1474031339467,
    3248.216691917787,
    2001.3676372434759,
    2115.646511478174,
    3222.257459874789,
    2959.3654871987346,
    2874.0642214600075,
    3283.9583075302,
    3260.772833857924,
    3292.7334553684764,
    3020.6775145916035,
    3214.885498126778,
    3252.48557579225,
    2954.2627706045023,
    3225.60226565868,
    3089.8673372104877,
    3138.0097510118007,
    3225.1772980794535,
    3168.6849399069592,
    3214.4499052383962,
    2507.205405416839,
    1189.4483420948638,
    3110.223814700336,
    2227.531772112657,
    3304.0449425531087,
    3209.74456295017,
    3275.9416682712117,
    3248.886340056697,
    3332.4929750249867,
    3324.048484640508,
    3326.1117266836,
    3372.898487508116,
    3359.343920787477,
    3333.4607736700154,
    3358.163745515805,
    3342.4951012170955,
    3199.7985823461004,
    3380.990805347488,
    1526.573755256862,
    3342.516005151432,
    3354.4358169202956,
    2331.8528227630686,
    3339.1351770889696,
    3369.043306597284,
    3327.6029220006812,
    3326.157137921483,
    3321.9746249797113,
    3327.8781150721234,
    3377.71888566948,
    3328.498158796751,
    3331.905054764518,
    3324.5459422014524,
    1289.8579466687402,
    2480.1045112782085,
    3360.763328075591,
    1563.462231207996,
    3339.736474421598,
    3363.8206714665635,
    2520.0282608790108,
    1686.9809440345257,
    3352.20415727238,
    3361.994531350449,
    3166.612597729492,
    3348.5812223748953,
    3321.336668925088,
    3367.0503920098795,
    3364.938751495596,
    3363.1822013403553,
    3360.8816489504957,
    3364.6409152933966,
    3363.156077041832,
    3348.335951340289,
    3319.4084466716267,
    3362.766632701546,
    3400.0912986039175,
    3384.214732870517,
    3381.2433163775677,
    3322.667353828447
  ],
  "eval_steps": [
    10240,
    20480,
    30720,
    40960,
    51200,
    61440,
    71680,
    81920,
    92160,
    102400,
    112640,
    122880,
    133120,
    143360,
    153600,
    163840,
    174080,
    184320,
    194560,
    204800,
    215040,
    225280,
    235520,
    245760,
    256000,
    266240,
    276480,
    286720,
    296960,
    307200,
    317440,
    327680,
    337920,
    348160,
    358400,
    368640,
    378880,
    389120,
    399360,
    409600,
    419840,
    430080,
    440320,
    450560,
    460800,
    471040,
    481280,
    491520,
    501760,
    512000,
    522240,
    532480,
    542720,
    552960,
    563200,
    573440,
    583680,
    593920,
    604160,
    614400,
    624640,
    634880,
    645120,
    655360,
    665600,
    675840,
    686080,
    696320,
    706560,
    716800,
    727040,
    737280,
    747520,
    757760,
    768000,
    778240,
    788480,
    798720,
    808960,
    819200,
    829440,
    839680,
    849920,
    860160,
    870400,
    880640,
    890880,
    901120,
    911360,
    921600,
    931840,
    942080,
    952320,
    962560,
    972800,
    983040,
    993280
  ],
  "final_reward": 3423.4182073856878,
  "last5_mean": 3370.196666876399
}