{
  "env": "Ant-v4",
  "agent": "Optimal_PPO",
  "seed": 8,
  "config": {
    "hidden_dim": 256,
    "obs_norm": true,
    "adv_norm": true,
    "lr_anneal": true,
    "eval_mode": "deterministic_mean",
    "n_seeds": 12,
    "total_timesteps": 1000000
  },
  "total_steps": 1001472,
  "final_reward": 3916.0053829126787,
  "max_reward": 4621.37222587868,
  "best10_mean": 3970.0681462750385,
  "eval_rewards": [
    673.3121382830211,
    255.0613191254708,
    244.3955086692079,
    423.3288914900012,
    371.4429213093947,
    608.9479762584398,
    527.3776052014446,
    709.4508626595301,
    800.2032006048224,
    875.3766676810743,
    1032.3085336013087,
    1027.1710482457092,
    1252.912159589299,
    1151.3868136229091,
    1355.7839365165094,
    1281.735044285423,
    1247.1314310003586,
    1249.7227154328943,
    1395.2061811412168,
    959.2313439339066,
    836.0731944050033,
    1492.8437710944286,
    1387.9182306476166,
    1106.2735970506053,
    828.4435078947711,
    914.1354025852463,
    1025.329864620794,
    1454.1025003327954,
    1846.0950261337293,
    2571.5421732586733,
    2451.510811087436,
    2453.001430589944,
    2972.223955827732,
    2657.548637519945,
    3148.2687658163745,
    3283.3617305404828,
    3700.187452653607,
    2654.7202976615467,
    3159.559819030014,
    3333.3891309661876,
    3792.356921777001,
    3845.808835294214,
    3901.420840793682,
    4303.183926263882,
    3926.456982787484,
    4063.0964749732143,
    4213.40867136243,
    4621.37222587868
  ],
  "eval_steps": [
    20480,
    40960,
    61440,
    81920,
    102400,
    122880,
    143360,
    163840,
    184320,
    204800,
    225280,
    245760,
    266240,
    286720,
    307200,
    327680,
    348160,
    368640,
    389120,
    409600,
    430080,
    450560,
    471040,
    491520,
    512000,
    532480,
    552960,
    573440,
    593920,
    614400,
    634880,
    655360,
    675840,
    696320,
    716800,
    737280,
    757760,
    778240,
    798720,
    819200,
    839680,
    860160,
    880640,
    901120,
    921600,
    942080,
    962560,
    983040
  ],
  "episode_rewards": [
    789.0525438107193,
    3627.6331552824004,
    3098.249231188889,
    935.9921396976185,
    3515.7632931709186,
    3391.7212222502026,
    2415.6893328850197,
    50.5854550762069,
    3137.855661699791,
    3417.1585151235495,
    3235.2333270551094,
    3437.8461966912582,
    3358.0504619992125,
    3454.5166707538356,
    1136.6140034990767,
    3162.5221361940385,
    3364.854929214641,
    3577.5448912510087,
    3322.5333299402755,
    1685.982872150335,
    2842.47348091815,
    2876.425361267142,
    2147.237995733977,
    1638.5662969862256,
    3720.6524154394792,
    3546.419210802331,
    9.267168699193018,
    3434.871869882648,
    3272.726928528579,
    1582.3256417230484,
    1703.9422189848228,
    3412.5735228943713,
    3055.1602318331707,
    103.21509488906955,
    3354.7812773205287,
    3292.270144200137,
    63.992551457184675,
    3428.5681514361395,
    518.9631752519484,
    3207.829466370314,
    3779.4970529100674,
    3447.809815600366,
    3847.3239040918525,
    1614.098057480311,
    3515.9856567333372,
    3426.1461426139213,
    3517.4882979879603,
    3413.461484330308,
    1514.4444564797743,
    3431.2617006269775,
    3472.7613363007067,
    3489.0713645401574,
    3921.6519777841113,
    2576.558730326489,
    3434.5741155622236,
    3247.024920785144,
    3504.339495906066,
    2384.972786894548,
    3551.4417613343003,
    3648.9983604584936,
    1489.4967360125665,
    3683.361685199634,
    2470.5769730651186,
    3183.6808251346592,
    426.07704010616715,
    3428.969642125243,
    1613.967030631812,
    3427.9307907034527,
    2270.213355993599,
    3171.704962137843,
    3377.9308395310086,
    3375.010173124956,
    3514.138868230393,
    3332.873746112834,
    3401.690082048677,
    2713.8653887895907,
    2478.5361979884897,
    2615.6398792008195,
    3375.980123487454,
    130.91932040229878,
    3524.5263539800535,
    3595.900869621179,
    3654.061905120014,
    3823.076113442649,
    3600.992614299518,
    3717.1769259351167,
    3562.100286058845,
    609.294873426907,
    1524.19180608284,
    3471.907169040111,
    2980.0365356346756,
    3489.9650411911753,
    2238.259013219241,
    3573.3794295948665,
    3480.2851345231925,
    3598.470685948747,
    3391.115524130668,
    2419.649494076848,
    3626.3722625698747,
    3610.0186982459563,
    986.6710343481847,
    3411.2612623268406,
    3749.8418691229604,
    1304.608232403376,
    1374.5049248980536,
    723.9926984428917,
    3796.642104962545,
    3626.1236547606104,
    3721.590324533248,
    3295.4836192339026,
    3745.2178691532818,
    3708.795668371775,
    3694.8496686494404,
    3533.6500308223203,
    3933.403458083711,
    3152.1771228276175,
    3493.3104971119255,
    3542.853207898027,
    2525.0822600828633,
    3088.353712773581,
    1701.4019645206274,
    3583.2376383715973,
    3881.15462173345,
    1243.2752627976972,
    3576.990437384795,
    3421.860409757264,
    3366.3338869576974,
    1372.8100303949,
    1005.7797824705724,
    3794.0071140196014,
    3675.6037572953205,
    2129.011145224501,
    1574.347705404925,
    3840.692706983328,
    3770.370432102961,
    3873.933787278474,
    3816.581995403632,
    3639.993858397075,
    1964.199450600251,
    3323.778025619613,
    3714.6567428436992,
    3834.394142262816,
    3639.0814661615705,
    3608.461778600663,
    34.0993256574004,
    3869.9171094939434,
    2972.6696942316976,
    3501.68632913952,
    649.977726050357,
    3673.810808342305,
    1486.4327782845264,
    119.6947521036385,
    3486.004369634807,
    3841.550323004448,
    3844.576982363546,
    3924.9060553647364,
    3825.4345365193335,
    3505.451048657823,
    2568.3478388442245,
    3592.7801873036938,
    3560.547924002664,
    3667.5549902787466,
    3806.1531894877903,
    3793.9358387983248,
    347.3880114553378,
    3561.988200925058,
    3768.7617526457434,
    4150.076089351925,
    3783.715392585274,
    3836.233623583089,
    4101.71234908887,
    3965.8753802273022,
    3864.5897025050563,
    120.60717276743614,
    3694.8455686648713,
    3861.1555514021297,
    1464.919110966273,
    1377.284038365098,
    3916.7735085978284,
    3741.7855548458265,
    1260.8731678431755,
    1161.094853253244,
    3761.434075130328,
    877.9820189226923,
    3818.746477149035,
    4024.2721566875543,
    3587.300438790077,
    3544.199589011055,
    3737.4179302999055,
    3158.9224203348176,
    3755.000966240899,
    508.0778608827013,
    185.36968775530556,
    4185.646770512189,
    3707.2163557971694,
    1179.0976789723943,
    3614.7044103691856,
    2016.0599836772326,
    3817.880009355936,
    3827.9569834362323
  ],
  "elapsed_s": 798.6409242153168
}