{
  "env": "Ant-v4",
  "agent": "Optimal_PPO",
  "seed": 6,
  "config": {
    "hidden_dim": 256,
    "obs_norm": true,
    "adv_norm": true,
    "lr_anneal": true,
    "eval_mode": "deterministic_mean",
    "n_seeds": 12,
    "total_timesteps": 1000000
  },
  "total_steps": 1001472,
  "final_reward": 2383.1415399726293,
  "max_reward": 2786.059061947856,
  "best10_mean": 2431.056464544633,
  "eval_rewards": [
    935.6030347726353,
    762.7767642756306,
    186.1737376050088,
    74.81647642195028,
    269.2376113865613,
    14.856154619534854,
    109.99163994906314,
    355.25120900655696,
    127.33826062819075,
    498.508058824482,
    729.7661710507797,
    902.1137433300676,
    892.3820220698797,
    895.0520678132895,
    919.4958733342735,
    861.6054706907029,
    881.6756487217999,
    968.4026299176769,
    1247.0786258438757,
    1015.4351472142365,
    1214.3752985814199,
    1209.1378443126016,
    1201.1855799726684,
    1161.786093261228,
    1194.0861829021555,
    1047.0542500018787,
    1505.0510426392211,
    787.539730828714,
    1446.3179565753906,
    1585.4940246887875,
    1482.7956945608082,
    2040.9277935723665,
    2033.2549158031602,
    2224.228293250395,
    2257.3527833324433,
    2132.6072304282566,
    2142.8593659805565,
    1989.3175932189192,
    1921.189163909684,
    2391.126133457302,
    2081.242666953119,
    2428.932386143482,
    2216.260117113756,
    2488.330657221217,
    2704.5068292372516,
    2786.059061947856,
    2293.1534698688984,
    2520.6149138737246
  ],
  "eval_steps": [
    20480,
    40960,
    61440,
    81920,
    102400,
    122880,
    143360,
    163840,
    184320,
    204800,
    225280,
    245760,
    266240,
    286720,
    307200,
    327680,
    348160,
    368640,
    389120,
    409600,
    430080,
    450560,
    471040,
    491520,
    512000,
    532480,
    552960,
    573440,
    593920,
    614400,
    634880,
    655360,
    675840,
    696320,
    716800,
    737280,
    757760,
    778240,
    798720,
    819200,
    839680,
    860160,
    880640,
    901120,
    921600,
    942080,
    962560,
    983040
  ],
  "episode_rewards": [
    2174.3192479172226,
    1772.1742547927015,
    835.9265690363388,
    2009.3061775928845,
    260.1621330704237,
    2208.490154051857,
    326.2122223208153,
    138.66627733223106,
    1094.2731419529955,
    2230.962834392846,
    303.85915647679957,
    2201.280810114614,
    2071.331556464447,
    1197.3293071606747,
    2257.036845204921,
    2258.1217560133177,
    591.0881236691512,
    2109.8186923861845,
    2109.18534578176,
    2148.7525428685785,
    1985.9067821704432,
    2158.932980817919,
    2182.4113016549763,
    924.7571492285063,
    1209.1400154324183,
    2250.887587473135,
    2018.480021607514,
    1384.0592668609765,
    882.5851166458086,
    1452.3889016387236,
    2319.8411778438544,
    263.6273622853888,
    32.12142753654251,
    1126.644209824258,
    2221.2102498020527,
    2316.306947033421,
    970.3152014488536,
    2095.39237489397,
    1204.5695576066285,
    905.1824597443756,
    758.320650552555,
    2247.449700462137,
    464.0651401222429,
    2100.142499494268,
    2071.786204568087,
    1040.2015333893612,
    2073.130897827539,
    330.5604813388427,
    2173.405674813915,
    1526.8973633982016,
    1129.4531607312663,
    2099.894455435078,
    620.0478937364339,
    751.5340723469317,
    78.8721419136728,
    1343.6157221128333,
    1138.4275961349304,
    2246.094184044417,
    2089.6037394636232,
    461.21998244430205,
    1931.292880095309,
    1178.403305354061,
    1158.607246101762,
    2246.5320522764805,
    1653.4639706815292,
    900.6565130778738,
    239.08915710348865,
    770.3125737695123,
    2187.068273667808,
    982.6341617115081,
    1319.6050783466364,
    2135.2042552889593,
    1777.201529978772,
    13.100464018111435,
    2423.969347168079,
    1103.8805706094295,
    2239.9881505011035,
    935.3235202576218,
    2172.2873883947245,
    2414.303575346433,
    1046.5262034032785,
    310.8637551761231,
    926.2527076647406,
    2122.859357385953,
    2103.4962359881833,
    2263.3408443084068,
    1518.285200804794,
    116.770225167104,
    919.8147341684321,
    845.6972939250863,
    2276.570104332238,
    953.507197893108,
    1316.0082245405247,
    2111.1160722109057,
    499.343627394535,
    1160.2112750672397,
    2385.4754644359905,
    2016.4375591664664,
    2224.498113225031,
    146.29593398327438,
    1238.9757908646766,
    2292.273642595372,
    2410.611124598348,
    2274.010955578969,
    2270.0662120659254,
    2448.5384321830097,
    2297.942196952375,
    2489.9136921663935,
    2419.7052789146182,
    2418.5700441724425,
    2068.0727510293573,
    1719.6821713913432,
    2177.303469291235,
    2459.98166682766,
    165.30315131375403,
    2407.6948600342234,
    820.768505114881,
    1006.8248643097204,
    231.865656046371,
    1436.859181695555,
    1907.3472573825532,
    942.079912462102,
    2253.7092983523344,
    848.4080714979945,
    260.9110647591945,
    2450.859275138531,
    743.8279243433848,
    2333.149207358033,
    1961.547519311408,
    999.0188048653954,
    972.6573624561552,
    2391.7676120333363,
    1146.635611711361,
    1742.0743698752403,
    2338.860538186121,
    1800.7841874948726,
    2419.620776512318,
    1066.2358733030742,
    2134.86348891005,
    698.8939920990549,
    1778.8170811507482,
    2343.582000788132,
    1152.2443648774756,
    1103.156016335644,
    2035.2555765929246,
    2109.374548774787,
    2437.4578984068535,
    507.5792577660476,
    508.691257106481,
    455.229370365491,
    2356.0871223012564,
    2070.401017418932,
    1307.758338894971,
    2222.508784924013,
    1498.5758555957811,
    1571.6692424595242,
    2536.47047326904,
    2286.430726718633,
    2517.509011414952,
    763.4273673340819,
    337.8844709143111,
    348.55504704680334,
    1596.3886816555191,
    684.1878072781548,
    2000.7176032370937,
    2453.1893365989117,
    874.3719481497815,
    488.3085733367256,
    2441.965991331777,
    1869.2997372998657,
    1080.7732392740998,
    2369.069161703841,
    2192.7832019832667,
    1176.6288218492944,
    2564.038644392077,
    1234.6189087908847,
    150.27813929804657,
    2352.403952239055,
    2438.887447389329,
    2182.3712428417825,
    400.18474000374533,
    493.73556451118026,
    2409.554557365997,
    2541.6933460915184,
    2007.641550521967,
    1072.884139339463,
    2489.523183301363,
    1649.522269334226,
    313.39578058187607,
    823.0617370754394,
    1966.1856946420405,
    2308.5455122107514,
    2411.9164086159,
    2437.0184799147296,
    2368.889780086617,
    2356.279706491708,
    2156.244517247417,
    2204.8652618878396,
    1474.3409445191705,
    1610.4427300728248
  ],
  "elapsed_s": 787.4876410961151
}