{
  "env": "Ant-v4",
  "agent": "Optimal_PPO",
  "seed": 1,
  "config": {
    "hidden_dim": 256,
    "obs_norm": true,
    "adv_norm": true,
    "lr_anneal": true,
    "eval_mode": "deterministic_mean",
    "n_seeds": 12,
    "total_timesteps": 1000000
  },
  "total_steps": 1001472,
  "final_reward": 2048.4658706138007,
  "max_reward": 2527.444197955768,
  "best10_mean": 2197.628919882018,
  "eval_rewards": [
    795.5089304697864,
    839.6194830138893,
    247.66052121511325,
    606.800609566769,
    393.95306349996605,
    327.70261386982276,
    454.58594461579617,
    362.88638702455387,
    711.602377035166,
    617.9287270901546,
    611.6066940252874,
    742.155730876241,
    875.1066371310386,
    930.6488134782576,
    883.2651103074907,
    958.076245505911,
    1059.182238267108,
    885.9324405371042,
    1171.583167338061,
    1038.4611578152985,
    1262.1374470567669,
    1554.139603418554,
    1465.7666077077968,
    1466.8131640484548,
    1660.1832733851072,
    1500.728395877675,
    1157.334285901376,
    1457.2999850432907,
    1624.3934949472555,
    2008.803383883988,
    1927.9303559046675,
    2065.228149539027,
    1860.0708244091172,
    2010.956337989488,
    2018.7807443988265,
    1902.6075585784452,
    2171.459799782208,
    1956.3598805676854,
    2090.367833062139,
    1754.1791471197091,
    2423.9494677708067,
    1706.8303436670656,
    1711.917668010074,
    1634.5786929648339,
    1976.0920711496808,
    2366.9832582207787,
    2527.444197955768,
    2292.316026217153
  ],
  "eval_steps": [
    20480,
    40960,
    61440,
    81920,
    102400,
    122880,
    143360,
    163840,
    184320,
    204800,
    225280,
    245760,
    266240,
    286720,
    307200,
    327680,
    348160,
    368640,
    389120,
    409600,
    430080,
    450560,
    471040,
    491520,
    512000,
    532480,
    552960,
    573440,
    593920,
    614400,
    634880,
    655360,
    675840,
    696320,
    716800,
    737280,
    757760,
    778240,
    798720,
    819200,
    839680,
    860160,
    880640,
    901120,
    921600,
    942080,
    962560,
    983040
  ],
  "episode_rewards": [
    2147.8574872420436,
    126.77869964883874,
    998.5299298249715,
    237.9254198036578,
    1001.8409800507507,
    1068.79257708883,
    848.7671670097259,
    347.21657187081564,
    1304.1701656606801,
    700.2008014789836,
    1287.177753485708,
    1244.7745933455465,
    1695.4872348431957,
    1147.7078397267574,
    749.3472475953429,
    1123.2570770882319,
    1875.7454430738762,
    261.00834890912665,
    1233.3281265049197,
    725.9972037259544,
    287.3927598475946,
    1658.2599310594087,
    841.6828070124003,
    934.9823367575854,
    505.7433213704761,
    1099.4551449595303,
    916.6770579475317,
    448.2927562246833,
    1831.3382605332054,
    1561.1513289224217,
    962.5624556006067,
    2445.19343924217,
    617.0307991789061,
    1997.9004638372353,
    726.5866439344178,
    2358.8392098615395,
    1988.6439584651607,
    1816.9675473611994,
    908.8761120800831,
    1208.0532021568008,
    535.5836071614435,
    1575.52930230268,
    253.11134925583048,
    474.6616139809221,
    820.1266218176395,
    837.7042325357316,
    542.2004363465638,
    2342.2533369360854,
    849.4109148063933,
    756.3242101925351,
    290.564228066536,
    987.3582497813261,
    1335.1408903332851,
    1165.1266381757453,
    1545.7529423914816,
    30.678291158733245,
    1810.4329287014416,
    1120.7082471624974,
    972.0233450534054,
    1496.039539608027,
    2345.7795773898006,
    1336.9466388070948,
    2461.491806732598,
    910.349510528092,
    740.2291491219033,
    1368.8632045212307,
    344.8506251531516,
    1087.657877729829,
    1787.0847334599296,
    2211.3428891539165,
    2566.131940932887,
    297.7946359949717,
    1067.3161798856918,
    2354.0968726952647,
    215.20451883009355,
    1834.9390842798193,
    1218.216623401067,
    2411.3766630838877,
    2301.2316878566967,
    801.7560076593178,
    253.93413477183176,
    1380.862340384689,
    1157.5103653895594,
    941.0610413995935,
    2514.6565495597447,
    492.5890834832005,
    1881.1289367592108,
    775.104196100822,
    754.4289752138105,
    368.99957128630643,
    702.3545699484885,
    1293.1055673028054,
    65.88814640788281,
    124.93523226834047,
    1006.8575642061579,
    1670.3669277278782,
    288.427370560205,
    2370.7080202268226,
    372.1511527914972,
    1678.8175371113912,
    1011.7425689401571,
    1131.5678920931607,
    2428.317722301288,
    374.96005697461317,
    2426.2472628264127,
    1145.9739676763008,
    2321.0329273978027,
    1945.750717095388,
    139.09667855807822,
    311.00589730141724,
    788.9036003627705,
    804.053893559843,
    2090.9501022832965,
    748.9295135162382,
    2280.1355725940516,
    2041.7070539502415,
    1462.707491865767,
    1484.9191927287798,
    827.5827951049263,
    2326.7840764224175,
    139.05451211867222,
    813.6712152379481,
    101.57738112865889,
    2277.384319742536,
    938.1931768611792,
    2581.850252108736,
    843.1320487320763,
    2252.4885733357564,
    2314.7874674749046,
    896.723371359331,
    931.7296420268708,
    1244.6824635172102,
    755.2017976129712,
    1025.2516080851824,
    345.8127169297859,
    161.88488126795826,
    2234.702485662692,
    2491.0782101399113,
    1275.8888337088192,
    2522.1333443317053,
    1036.8545096767857,
    2408.310906912587,
    2445.5544418320223,
    1061.2367349021627,
    2348.1977501747006,
    2160.9241136324504,
    1087.364738444739,
    1832.0229882318592,
    2369.650383356815,
    2169.521264838126,
    298.7672775288446,
    1424.6786966649106,
    2314.1846064750603,
    1342.5142805991554,
    1327.3280601148615,
    941.8639397239458,
    899.6213393777138,
    1336.5685701899915,
    1667.6802800439173,
    1626.4551495726262,
    711.7517200585175,
    1150.4929344164814,
    2345.4140372143743,
    2477.7498969903495,
    1012.5843059577841,
    1440.191139712868,
    431.98135173776654,
    295.0699187509734,
    1234.69030055178,
    189.1228554615363,
    1919.419343089473,
    611.3446554972638,
    1574.6054987766463,
    1436.1408026043523,
    1371.0109720646938,
    2492.043039532092,
    2132.055365844613,
    214.0358028322079,
    1331.084088211144,
    2342.255458241526,
    2518.046568431901,
    1213.665110690169,
    588.1988619660494,
    155.80733681976693,
    719.0581134091178,
    1926.384737186028,
    1902.6579755725188,
    2312.92087932823,
    1134.4559349537803,
    2561.2250172714143,
    2337.7153396732833,
    2493.520702152108,
    2428.110484820818,
    2147.1604771060347,
    2637.72784297195,
    242.8876875717247,
    1826.4247001031306,
    1652.552568621972,
    2596.194975561531,
    1179.1744556169904
  ],
  "elapsed_s": 781.6214039325714
}