{
  "env": "HalfCheetah-v4",
  "agent": "Optimal_HCGAE_v4",
  "seed": 6,
  "config": {
    "hidden_dim": 256,
    "use_obs_norm": true,
    "use_adv_norm": true,
    "use_lr_anneal": true,
    "eval_mode": "deterministic_mean",
    "scr_ema_alpha": 0.1,
    "scr_relax": 0.05
  },
  "total_steps": 1001472,
  "final_reward": 3357.75149010632,
  "top10_reward": 3465.0636219734597,
  "eval_rewards": [
    -5.019048013521819,
    -8.768608632521946,
    -35.09086591611354,
    -57.19692917578453,
    54.100802034992704,
    536.0466945763552,
    812.8626155772697,
    1112.6535188395133,
    1370.8785610160546,
    1745.3225030716735,
    1889.8106347834782,
    1954.5137367585244,
    1594.1820268180074,
    2067.8260203303407,
    2319.3959934228787,
    2382.7724817346125,
    2396.9796259785903,
    2681.7349005921096,
    2820.183912698158,
    2899.555978044836,
    2859.3060787385048,
    2980.1236570506194,
    3018.680824247478,
    3003.111120811927,
    3125.0894374918294,
    2984.2585079153864,
    3087.762848574252,
    2851.225756297936,
    2656.3217161616235,
    2657.2187574272843,
    2649.193835471823,
    3050.7888805975354,
    3047.861326529569,
    3182.254897123029,
    3243.3606342259427,
    2956.385537891674,
    3281.4617888736466,
    3265.5173016962644,
    3377.9821015200223,
    3196.4112824274443,
    3186.3472520385412,
    3297.703192461875,
    2469.0813389525565,
    3527.172664910914,
    3602.8860050044627,
    3536.418372031211,
    3637.7266073035016,
    3575.5815573274567,
    3548.186628605238
  ],
  "eval_steps": [
    20480,
    40960,
    61440,
    81920,
    102400,
    122880,
    143360,
    163840,
    184320,
    204800,
    225280,
    245760,
    266240,
    286720,
    307200,
    327680,
    348160,
    368640,
    389120,
    409600,
    430080,
    450560,
    471040,
    491520,
    512000,
    532480,
    552960,
    573440,
    593920,
    614400,
    634880,
    655360,
    675840,
    696320,
    716800,
    737280,
    757760,
    778240,
    798720,
    819200,
    839680,
    860160,
    880640,
    901120,
    921600,
    942080,
    962560,
    983040,
    1001472
  ],
  "diag_log": [
    {
      "step": 901120,
      "scr_ema": 0.1938,
      "alpha_cap": 0.0862,
      "ev_ema": 0.4946
    },
    {
      "step": 903168,
      "scr_ema": 0.1748,
      "alpha_cap": 0.0796,
      "ev_ema": 0.4721
    },
    {
      "step": 905216,
      "scr_ema": 0.1872,
      "alpha_cap": 0.0839,
      "ev_ema": 0.4528
    },
    {
      "step": 907264,
      "scr_ema": 0.194,
      "alpha_cap": 0.0863,
      "ev_ema": 0.4698
    },
    {
      "step": 909312,
      "scr_ema": 0.1941,
      "alpha_cap": 0.0863,
      "ev_ema": 0.4753
    },
    {
      "step": 911360,
      "scr_ema": 0.1796,
      "alpha_cap": 0.0813,
      "ev_ema": 0.4908
    },
    {
      "step": 913408,
      "scr_ema": 0.2276,
      "alpha_cap": 0.0992,
      "ev_ema": 0.467
    },
    {
      "step": 915456,
      "scr_ema": 0.2113,
      "alpha_cap": 0.0927,
      "ev_ema": 0.4435
    },
    {
      "step": 917504,
      "scr_ema": 0.2532,
      "alpha_cap": 0.1103,
      "ev_ema": 0.4286
    },
    {
      "step": 919552,
      "scr_ema": 0.2347,
      "alpha_cap": 0.1022,
      "ev_ema": 0.4445
    },
    {
      "step": 921600,
      "scr_ema": 0.2326,
      "alpha_cap": 0.1013,
      "ev_ema": 0.4635
    },
    {
      "step": 923648,
      "scr_ema": 0.2134,
      "alpha_cap": 0.0936,
      "ev_ema": 0.4654
    },
    {
      "step": 925696,
      "scr_ema": 0.2102,
      "alpha_cap": 0.0923,
      "ev_ema": 0.4815
    },
    {
      "step": 927744,
      "scr_ema": 0.2136,
      "alpha_cap": 0.0936,
      "ev_ema": 0.4996
    },
    {
      "step": 929792,
      "scr_ema": 0.1977,
      "alpha_cap": 0.0876,
      "ev_ema": 0.5117
    },
    {
      "step": 931840,
      "scr_ema": 0.2095,
      "alpha_cap": 0.0921,
      "ev_ema": 0.5244
    },
    {
      "step": 933888,
      "scr_ema": 0.1998,
      "alpha_cap": 0.0884,
      "ev_ema": 0.519
    },
    {
      "step": 935936,
      "scr_ema": 0.1883,
      "alpha_cap": 0.0842,
      "ev_ema": 0.5225
    },
    {
      "step": 937984,
      "scr_ema": 0.2614,
      "alpha_cap": 0.114,
      "ev_ema": 0.5063
    },
    {
      "step": 940032,
      "scr_ema": 0.2495,
      "alpha_cap": 0.1086,
      "ev_ema": 0.4891
    },
    {
      "step": 942080,
      "scr_ema": 0.2904,
      "alpha_cap": 0.1278,
      "ev_ema": 0.475
    },
    {
      "step": 944128,
      "scr_ema": 0.2617,
      "alpha_cap": 0.1141,
      "ev_ema": 0.4891
    },
    {
      "step": 946176,
      "scr_ema": 0.2605,
      "alpha_cap": 0.1135,
      "ev_ema": 0.4704
    },
    {
      "step": 948224,
      "scr_ema": 0.2376,
      "alpha_cap": 0.1035,
      "ev_ema": 0.4719
    },
    {
      "step": 950272,
      "scr_ema": 0.2377,
      "alpha_cap": 0.1035,
      "ev_ema": 0.4485
    },
    {
      "step": 952320,
      "scr_ema": 0.239,
      "alpha_cap": 0.104,
      "ev_ema": 0.4373
    },
    {
      "step": 954368,
      "scr_ema": 0.2338,
      "alpha_cap": 0.1018,
      "ev_ema": 0.4467
    },
    {
      "step": 956416,
      "scr_ema": 0.2179,
      "alpha_cap": 0.0953,
      "ev_ema": 0.4586
    },
    {
      "step": 958464,
      "scr_ema": 0.2036,
      "alpha_cap": 0.0898,
      "ev_ema": 0.4569
    },
    {
      "step": 960512,
      "scr_ema": 0.2371,
      "alpha_cap": 0.1032,
      "ev_ema": 0.4373
    },
    {
      "step": 962560,
      "scr_ema": 0.2714,
      "alpha_cap": 0.1186,
      "ev_ema": 0.4244
    },
    {
      "step": 964608,
      "scr_ema": 0.2623,
      "alpha_cap": 0.1144,
      "ev_ema": 0.4087
    },
    {
      "step": 966656,
      "scr_ema": 0.249,
      "alpha_cap": 0.1084,
      "ev_ema": 0.4193
    },
    {
      "step": 968704,
      "scr_ema": 0.2243,
      "alpha_cap": 0.0979,
      "ev_ema": 0.431
    },
    {
      "step": 970752,
      "scr_ema": 0.2269,
      "alpha_cap": 0.099,
      "ev_ema": 0.4214
    },
    {
      "step": 972800,
      "scr_ema": 0.2085,
      "alpha_cap": 0.0917,
      "ev_ema": 0.4045
    },
    {
      "step": 974848,
      "scr_ema": 0.2244,
      "alpha_cap": 0.0979,
      "ev_ema": 0.3927
    },
    {
      "step": 976896,
      "scr_ema": 0.2394,
      "alpha_cap": 0.1042,
      "ev_ema": 0.3846
    },
    {
      "step": 978944,
      "scr_ema": 0.2257,
      "alpha_cap": 0.0985,
      "ev_ema": 0.379
    },
    {
      "step": 980992,
      "scr_ema": 0.2335,
      "alpha_cap": 0.1017,
      "ev_ema": 0.4024
    },
    {
      "step": 983040,
      "scr_ema": 0.2107,
      "alpha_cap": 0.0925,
      "ev_ema": 0.3883
    },
    {
      "step": 985088,
      "scr_ema": 0.1955,
      "alpha_cap": 0.0868,
      "ev_ema": 0.3834
    },
    {
      "step": 987136,
      "scr_ema": 0.2023,
      "alpha_cap": 0.0893,
      "ev_ema": 0.4049
    },
    {
      "step": 989184,
      "scr_ema": 0.1866,
      "alpha_cap": 0.0836,
      "ev_ema": 0.4301
    },
    {
      "step": 991232,
      "scr_ema": 0.1784,
      "alpha_cap": 0.0808,
      "ev_ema": 0.4128
    },
    {
      "step": 993280,
      "scr_ema": 0.1825,
      "alpha_cap": 0.0822,
      "ev_ema": 0.3985
    },
    {
      "step": 995328,
      "scr_ema": 0.1797,
      "alpha_cap": 0.0813,
      "ev_ema": 0.3408
    },
    {
      "step": 997376,
      "scr_ema": 0.1792,
      "alpha_cap": 0.0811,
      "ev_ema": 0.3614
    },
    {
      "step": 999424,
      "scr_ema": 0.223,
      "alpha_cap": 0.0974,
      "ev_ema": 0.3524
    },
    {
      "step": 1001472,
      "scr_ema": 0.2101,
      "alpha_cap": 0.0923,
      "ev_ema": 0.338
    }
  ],
  "elapsed_s": 922.7
}