{
  "env": "HalfCheetah-v4",
  "agent": "Optimal_HCGAE_v4",
  "seed": 7,
  "config": {
    "hidden_dim": 256,
    "use_obs_norm": true,
    "use_adv_norm": true,
    "use_lr_anneal": true,
    "eval_mode": "deterministic_mean",
    "scr_ema_alpha": 0.1,
    "scr_relax": 0.05
  },
  "total_steps": 1001472,
  "final_reward": 4971.535381389565,
  "top10_reward": 4971.535381389565,
  "eval_rewards": [
    -4.789183817583053,
    4.933028813658259,
    -9.906809270082,
    24.91048210742739,
    369.963098851565,
    692.6406219160611,
    812.0767251804056,
    991.067671517167,
    1133.4133889740474,
    890.9548408671526,
    819.3314789684084,
    812.6875826974601,
    1638.1182147729921,
    1741.4906431595355,
    1438.6980871674693,
    1632.0531879136965,
    1916.6118953785797,
    1946.395959725342,
    1874.5152215635183,
    2268.0399415069014,
    2292.7857027431974,
    2574.5812237706878,
    2703.3698444979627,
    2693.3792096115058,
    2803.7786704619753,
    3056.30494545434,
    3613.3749735838674,
    3623.730803380714,
    3889.0107275144646,
    4088.2675405925065,
    4236.663031126339,
    4389.809824493122,
    4517.505493262314,
    4453.895088268905,
    4575.36941013367,
    4462.079280823504,
    4574.202549854657,
    4668.443587225555,
    4640.6044960614245,
    4836.73411212243,
    4780.572096266702,
    4894.876038571127,
    4974.7308428410115,
    4997.750923504341,
    4686.091652471551,
    5102.950336209238,
    5117.342911704544,
    5168.009692820359,
    5156.295207384346
  ],
  "eval_steps": [
    20480,
    40960,
    61440,
    81920,
    102400,
    122880,
    143360,
    163840,
    184320,
    204800,
    225280,
    245760,
    266240,
    286720,
    307200,
    327680,
    348160,
    368640,
    389120,
    409600,
    430080,
    450560,
    471040,
    491520,
    512000,
    532480,
    552960,
    573440,
    593920,
    614400,
    634880,
    655360,
    675840,
    696320,
    716800,
    737280,
    757760,
    778240,
    798720,
    819200,
    839680,
    860160,
    880640,
    901120,
    921600,
    942080,
    962560,
    983040,
    1001472
  ],
  "diag_log": [
    {
      "step": 901120,
      "scr_ema": 0.1488,
      "alpha_cap": 0.0716,
      "ev_ema": 0.2419
    },
    {
      "step": 903168,
      "scr_ema": 0.1486,
      "alpha_cap": 0.0716,
      "ev_ema": 0.2437
    },
    {
      "step": 905216,
      "scr_ema": 0.1443,
      "alpha_cap": 0.0704,
      "ev_ema": 0.2429
    },
    {
      "step": 907264,
      "scr_ema": 0.1427,
      "alpha_cap": 0.07,
      "ev_ema": 0.2333
    },
    {
      "step": 909312,
      "scr_ema": 0.1671,
      "alpha_cap": 0.0772,
      "ev_ema": 0.2333
    },
    {
      "step": 911360,
      "scr_ema": 0.1807,
      "alpha_cap": 0.0816,
      "ev_ema": 0.2319
    },
    {
      "step": 913408,
      "scr_ema": 0.1685,
      "alpha_cap": 0.0776,
      "ev_ema": 0.2335
    },
    {
      "step": 915456,
      "scr_ema": 0.1526,
      "alpha_cap": 0.0728,
      "ev_ema": 0.2405
    },
    {
      "step": 917504,
      "scr_ema": 0.1428,
      "alpha_cap": 0.07,
      "ev_ema": 0.2443
    },
    {
      "step": 919552,
      "scr_ema": 0.1545,
      "alpha_cap": 0.0733,
      "ev_ema": 0.252
    },
    {
      "step": 921600,
      "scr_ema": 0.2092,
      "alpha_cap": 0.0919,
      "ev_ema": 0.249
    },
    {
      "step": 923648,
      "scr_ema": 0.1939,
      "alpha_cap": 0.0863,
      "ev_ema": 0.2569
    },
    {
      "step": 925696,
      "scr_ema": 0.21,
      "alpha_cap": 0.0922,
      "ev_ema": 0.2426
    },
    {
      "step": 927744,
      "scr_ema": 0.1939,
      "alpha_cap": 0.0862,
      "ev_ema": 0.2479
    },
    {
      "step": 929792,
      "scr_ema": 0.1827,
      "alpha_cap": 0.0823,
      "ev_ema": 0.2777
    },
    {
      "step": 931840,
      "scr_ema": 0.1807,
      "alpha_cap": 0.0816,
      "ev_ema": 0.3075
    },
    {
      "step": 933888,
      "scr_ema": 0.2116,
      "alpha_cap": 0.0928,
      "ev_ema": 0.3178
    },
    {
      "step": 935936,
      "scr_ema": 0.2122,
      "alpha_cap": 0.0931,
      "ev_ema": 0.3172
    },
    {
      "step": 937984,
      "scr_ema": 0.2363,
      "alpha_cap": 0.1029,
      "ev_ema": 0.3086
    },
    {
      "step": 940032,
      "scr_ema": 0.241,
      "alpha_cap": 0.1049,
      "ev_ema": 0.3031
    },
    {
      "step": 942080,
      "scr_ema": 0.2215,
      "alpha_cap": 0.0968,
      "ev_ema": 0.2951
    },
    {
      "step": 944128,
      "scr_ema": 0.2103,
      "alpha_cap": 0.0923,
      "ev_ema": 0.3029
    },
    {
      "step": 946176,
      "scr_ema": 0.2085,
      "alpha_cap": 0.0917,
      "ev_ema": 0.2999
    },
    {
      "step": 948224,
      "scr_ema": 0.2087,
      "alpha_cap": 0.0917,
      "ev_ema": 0.2913
    },
    {
      "step": 950272,
      "scr_ema": 0.1981,
      "alpha_cap": 0.0877,
      "ev_ema": 0.319
    },
    {
      "step": 952320,
      "scr_ema": 0.2028,
      "alpha_cap": 0.0895,
      "ev_ema": 0.3102
    },
    {
      "step": 954368,
      "scr_ema": 0.1996,
      "alpha_cap": 0.0883,
      "ev_ema": 0.3106
    },
    {
      "step": 956416,
      "scr_ema": 0.1835,
      "alpha_cap": 0.0826,
      "ev_ema": 0.3357
    },
    {
      "step": 958464,
      "scr_ema": 0.1844,
      "alpha_cap": 0.0829,
      "ev_ema": 0.3584
    },
    {
      "step": 960512,
      "scr_ema": 0.1661,
      "alpha_cap": 0.0768,
      "ev_ema": 0.3794
    },
    {
      "step": 962560,
      "scr_ema": 0.1639,
      "alpha_cap": 0.0762,
      "ev_ema": 0.3739
    },
    {
      "step": 964608,
      "scr_ema": 0.1495,
      "alpha_cap": 0.0719,
      "ev_ema": 0.3563
    },
    {
      "step": 966656,
      "scr_ema": 0.2348,
      "alpha_cap": 0.1023,
      "ev_ema": 0.338
    },
    {
      "step": 968704,
      "scr_ema": 0.2118,
      "alpha_cap": 0.0929,
      "ev_ema": 0.3394
    },
    {
      "step": 970752,
      "scr_ema": 0.2235,
      "alpha_cap": 0.0976,
      "ev_ema": 0.3602
    },
    {
      "step": 972800,
      "scr_ema": 0.2027,
      "alpha_cap": 0.0895,
      "ev_ema": 0.3829
    },
    {
      "step": 974848,
      "scr_ema": 0.192,
      "alpha_cap": 0.0856,
      "ev_ema": 0.3825
    },
    {
      "step": 976896,
      "scr_ema": 0.1784,
      "alpha_cap": 0.0808,
      "ev_ema": 0.382
    },
    {
      "step": 978944,
      "scr_ema": 0.232,
      "alpha_cap": 0.1011,
      "ev_ema": 0.3675
    },
    {
      "step": 980992,
      "scr_ema": 0.242,
      "alpha_cap": 0.1053,
      "ev_ema": 0.36
    },
    {
      "step": 983040,
      "scr_ema": 0.2349,
      "alpha_cap": 0.1023,
      "ev_ema": 0.354
    },
    {
      "step": 985088,
      "scr_ema": 0.2255,
      "alpha_cap": 0.0984,
      "ev_ema": 0.3498
    },
    {
      "step": 987136,
      "scr_ema": 0.2133,
      "alpha_cap": 0.0935,
      "ev_ema": 0.3478
    },
    {
      "step": 989184,
      "scr_ema": 0.1932,
      "alpha_cap": 0.086,
      "ev_ema": 0.3455
    },
    {
      "step": 991232,
      "scr_ema": 0.1769,
      "alpha_cap": 0.0804,
      "ev_ema": 0.3401
    },
    {
      "step": 993280,
      "scr_ema": 0.1762,
      "alpha_cap": 0.0801,
      "ev_ema": 0.3229
    },
    {
      "step": 995328,
      "scr_ema": 0.166,
      "alpha_cap": 0.0768,
      "ev_ema": 0.3231
    },
    {
      "step": 997376,
      "scr_ema": 0.1694,
      "alpha_cap": 0.0779,
      "ev_ema": 0.3085
    },
    {
      "step": 999424,
      "scr_ema": 0.1604,
      "alpha_cap": 0.0751,
      "ev_ema": 0.2935
    },
    {
      "step": 1001472,
      "scr_ema": 0.1667,
      "alpha_cap": 0.077,
      "ev_ema": 0.3145
    }
  ],
  "elapsed_s": 801.5
}