{
  "Standard_PPO": {
    "mean": 831.1264400181001,
    "std": 195.34833058249845,
    "n": 5,
    "rewards": [
      747.9339993348592,
      863.1098346878549,
      1026.5299071983384,
      539.801686924465,
      978.2567719449826
    ]
  },
  "HCGAE_Imp12": {
    "mean": 760.6440828302233,
    "std": 267.57318171577214,
    "n": 5,
    "rewards": [
      1124.8320627629164,
      408.8654528913181,
      874.0557803368016,
      765.6410695501249,
      629.8260486099555
    ]
  },
  "PPO_Full_Baseline": {
    "mean": 538.7252114206439,
    "std": 278.6756244745105,
    "n": 5,
    "rewards": [
      423.69640266366,
      240.22187316425328,
      901.2734099822698,
      758.5926819553744,
      369.8416893376619
    ]
  },
  "mann_whitney": {
    "p_value": 0.8412698412698413,
    "cohens_d": -0.3008711422610401,
    "statistic": 11.0
  }
}