{
  "HCGAE_amax0.3_metrics": 3069.833007140366,
  "HCGAE_amax0.5_metrics": 2535.1754471735976,
  "HCGAE_amax0.7_metrics": 3179.4175075240137,
  "HCGAE_amax0.9_metrics": 1723.1473926722003,
  "HCGAE_beta1_metrics": 3208.586860644297,
  "HCGAE_beta2_metrics": 1819.3801509029952,
  "HCGAE_beta3_metrics": 3179.4175075240137,
  "HCGAE_beta4_metrics": 1176.8676926976214,
  "HCGAE_beta5_metrics": 2771.581956779826,
  "DCPPO_S_snr0p10_metrics": 2518.8172008414685,
  "DCPPO_S_snr0p20_metrics": 2518.8172008414685,
  "DCPPO_S_snr0p30_metrics": 2353.0945932866334,
  "DCPPO_S_snr0p50_metrics": 3119.8863790783134,
  "DCPPO_S_snr0p70_metrics": 2169.159427984013
}