{
  "HCGAE_Imp12": {
    "mean": 2508.954154741765,
    "std": 484.092514090136,
    "n": 5
  },
  "Standard_PPO": {
    "mean": 2696.641982440568,
    "std": 231.98176226966694,
    "n": 5
  }
}