{
  "eval_rewards": [
    -471.5224937067054,
    -335.0311090197148,
    458.4479853239589,
    941.8073435832833,
    1216.4385661072179,
    2532.5308271739923,
    3145.7695417749574,
    3475.9762772163094,
    3697.571909084806,
    3992.0838863256286,
    4401.833106977246,
    4665.869914585857,
    4798.69474114384,
    4987.749120209375,
    4375.2971101923,
    5157.548753179117,
    5237.720025783163,
    5749.362904052413,
    5723.455832005785,
    5701.493574269809,
    6085.23816231264,
    6103.51284528123,
    6021.3554224134405,
    6138.550237643229,
    6469.839865875501,
    6600.942824041905,
    6621.9209628450935,
    6475.964173870961,
    6545.3356922221,
    7019.794354726191,
    7165.910033663359,
    7190.500975687244,
    7484.843231536639,
    7291.36067749897,
    7531.475818731335,
    7593.754802741509,
    7574.505138958372,
    7670.0408601246,
    7907.072507775098,
    7859.997878019177,
    7794.940799704059,
    7482.17647955565,
    7751.864746612281,
    7885.553990990093,
    7979.802417790837,
    8061.740327754427,
    8097.582562109426,
    8335.966519002057,
    8117.506346623978,
    7730.232612594302,
    8289.474166830685,
    8242.707975986166,
    8438.71368199221,
    8336.810745945748,
    8494.181131878604,
    8453.404234205218,
    8685.217765146506,
    8647.4969061087,
    8448.038968876774,
    8560.605559286123,
    8681.866448016488,
    8466.187551224786,
    8693.79581921727,
    8665.902218602516,
    8703.123617917085,
    8777.807745435766,
    8698.477866635169,
    8851.479197409655,
    8740.68939227583,
    8841.850060431203,
    8927.256822043666,
    8773.455087973929,
    8895.70385293059,
    8954.630200108191,
    8999.432870334047,
    8888.738757813915,
    8999.824950055783,
    9037.085852643952,
    9051.103597989462,
    9033.442082553207,
    9043.874394549657,
    9093.253692551727,
    9132.254267348926,
    9209.820593283022,
    9126.916591199984,
    9207.53999744008,
    9194.312941849052,
    9296.322140746513,
    9053.74966692035,
    9269.786803789557,
    9373.498700125221,
    9349.395664272535,
    9401.064749270854,
    9449.00279559706,
    9211.382524667086,
    9304.797903611612,
    9483.719733291211
  ],
  "eval_steps": [
    10240,
    20480,
    30720,
    40960,
    51200,
    61440,
    71680,
    81920,
    92160,
    102400,
    112640,
    122880,
    133120,
    143360,
    153600,
    163840,
    174080,
    184320,
    194560,
    204800,
    215040,
    225280,
    235520,
    245760,
    256000,
    266240,
    276480,
    286720,
    296960,
    307200,
    317440,
    327680,
    337920,
    348160,
    358400,
    368640,
    378880,
    389120,
    399360,
    409600,
    419840,
    430080,
    440320,
    450560,
    460800,
    471040,
    481280,
    491520,
    501760,
    512000,
    522240,
    532480,
    542720,
    552960,
    563200,
    573440,
    583680,
    593920,
    604160,
    614400,
    624640,
    634880,
    645120,
    655360,
    665600,
    675840,
    686080,
    696320,
    706560,
    716800,
    727040,
    737280,
    747520,
    757760,
    768000,
    778240,
    788480,
    798720,
    808960,
    819200,
    829440,
    839680,
    849920,
    860160,
    870400,
    880640,
    890880,
    901120,
    911360,
    921600,
    931840,
    942080,
    952320,
    962560,
    972800,
    983040,
    993280
  ],
  "final_reward": 9527.660760883884,
  "last5_mean": 9369.993541287566
}