{
  "eval_rewards": [
    -572.9316711014525,
    -201.03627929518214,
    439.286553337697,
    988.5103576573192,
    2302.8809506052703,
    2376.713465663454,
    3381.0684784617915,
    3691.136068813935,
    3811.4709341365533,
    4043.6203119339707,
    4253.829344402055,
    4400.94302092854,
    4758.639450785902,
    4822.275296721937,
    5201.906680610776,
    5184.287244440717,
    5531.013270387333,
    5962.60777019532,
    6019.354883851989,
    6306.550746312124,
    5960.571752128046,
    6508.318282894684,
    6728.059202518503,
    6754.199198985087,
    6941.287052102188,
    7077.1390101556635,
    7131.830523041144,
    6095.4684521401905,
    7093.065981452333,
    7212.858815814201,
    7393.473335704337,
    7531.525480911977,
    7650.763265626015,
    7404.8436597321515,
    7788.2440868450485,
    7820.524708860416,
    7947.411841401535,
    8049.372412485192,
    7950.322304338476,
    7576.86383275303,
    8527.775659172767,
    8353.061094341409,
    8544.372760399656,
    8781.404048719045,
    8804.081863608884,
    8872.279125569683,
    9033.428845921118,
    9057.957103083814,
    9011.333428635106,
    9108.916182853543,
    9341.622748442824,
    9281.124850501466,
    9365.718276266443,
    9261.076753762889,
    9455.545644039235,
    9583.388591079422,
    9498.195807442862,
    9632.129868918097,
    9664.440974454323,
    9698.420003968014,
    9618.09046426656,
    9547.412311021479,
    8893.300329654276,
    9645.649476126213,
    9848.124003349618,
    9683.4992814971,
    9894.816947962667,
    9538.963817974529,
    9776.867542002841,
    9523.6031664557,
    9747.039868727266,
    9763.501138299247,
    8624.062097366526,
    10174.157148172055,
    9815.95614980497,
    9352.240558936468,
    9931.27579726134,
    9801.875170130968,
    10119.778601166774,
    10250.351937403002,
    10084.170771409092,
    10245.583571958496,
    9984.724110235444,
    10298.48179474896,
    10111.648738531749,
    10272.8980607214,
    10233.621657974956,
    10284.26280773248,
    10136.467693337967,
    9827.326909011199,
    10337.572830559093,
    10262.632440621555,
    9828.327293746175,
    10329.41416202111,
    10601.514151607738,
    9125.53212906343,
    10347.89762539015
  ],
  "eval_steps": [
    10240,
    20480,
    30720,
    40960,
    51200,
    61440,
    71680,
    81920,
    92160,
    102400,
    112640,
    122880,
    133120,
    143360,
    153600,
    163840,
    174080,
    184320,
    194560,
    204800,
    215040,
    225280,
    235520,
    245760,
    256000,
    266240,
    276480,
    286720,
    296960,
    307200,
    317440,
    327680,
    337920,
    348160,
    358400,
    368640,
    378880,
    389120,
    399360,
    409600,
    419840,
    430080,
    440320,
    450560,
    460800,
    471040,
    481280,
    491520,
    501760,
    512000,
    522240,
    532480,
    542720,
    552960,
    563200,
    573440,
    583680,
    593920,
    604160,
    614400,
    624640,
    634880,
    645120,
    655360,
    665600,
    675840,
    686080,
    696320,
    706560,
    716800,
    727040,
    737280,
    747520,
    757760,
    768000,
    778240,
    788480,
    798720,
    808960,
    819200,
    829440,
    839680,
    849920,
    860160,
    870400,
    880640,
    890880,
    901120,
    911360,
    921600,
    931840,
    942080,
    952320,
    962560,
    972800,
    983040,
    993280
  ],
  "final_reward": 10496.540004250957,
  "last5_mean": 10046.537072365722
}