{
  "env": "Hopper-v4",
  "agent": "DCPPO_S",
  "seed": 789,
  "final_reward": 3440.4370351377147,
  "best_reward": 3492.574987835325,
  "all_eval_rewards": [
    130.95457009791272,
    240.18820818008058,
    314.7870156561988,
    326.87204250571773,
    341.340570156304,
    472.4031996337006,
    630.9939460014332,
    741.3052892875203,
    2742.376323674788,
    1931.7588138748135,
    2621.4328097566945,
    2690.8194618620064,
    2795.777372259937,
    2739.6331853800853,
    1069.1373663662723,
    2967.819585319123,
    2339.72304083829,
    1198.6518342806305,
    2863.1355562840004,
    860.3184796716596,
    3427.5733235386347,
    3418.918116670799,
    3396.1473281218678,
    3485.458332362419,
    3459.6380921260875,
    3434.5983967388397,
    3477.5728128869437,
    3492.574987835325,
    3337.800886101377
  ],
  "eval_steps": [
    10240,
    20480,
    30720,
    40960,
    51200,
    61440,
    71680,
    81920,
    92160,
    102400,
    112640,
    122880,
    133120,
    143360,
    153600,
    163840,
    174080,
    184320,
    194560,
    204800,
    215040,
    225280,
    235520,
    245760,
    256000,
    266240,
    276480,
    286720,
    296960
  ],
  "elapsed_s": 117.4
}