{
  "env": "Hopper-v4",
  "agent": "DCPPO_S",
  "seed": 456,
  "final_reward": 2414.666496695456,
  "best_reward": 3422.6536568465244,
  "all_eval_rewards": [
    219.00535498258176,
    336.9879287181009,
    349.2279664672725,
    626.7896597802464,
    1313.4135790910864,
    2236.237608078778,
    1060.2512620752968,
    1253.3208627057008,
    2162.691759773109,
    2061.4329216449687,
    1298.160842088778,
    2677.7963272767947,
    2695.8497937432853,
    2629.7376035763,
    2778.7539111050855,
    2034.7139058987025,
    3410.6570324138106,
    3219.054462116063,
    3239.673380799193,
    3212.1346665646647,
    3199.1501578648927,
    3296.0455243469282,
    3279.463115517408,
    3309.324846017248,
    1133.1702508322737,
    3422.6536568465244,
    1177.2013681173398,
    3422.426610714732,
    2917.88059696641
  ],
  "eval_steps": [
    10240,
    20480,
    30720,
    40960,
    51200,
    61440,
    71680,
    81920,
    92160,
    102400,
    112640,
    122880,
    133120,
    143360,
    153600,
    163840,
    174080,
    184320,
    194560,
    204800,
    215040,
    225280,
    235520,
    245760,
    256000,
    266240,
    276480,
    286720,
    296960
  ],
  "elapsed_s": 117.4
}