{
  "env": "Hopper-v4",
  "agent": "DCPPO_S",
  "seed": 123,
  "final_reward": 1187.1228495826658,
  "best_reward": 2377.2683047252463,
  "all_eval_rewards": [
    215.63667830079316,
    249.0041785227732,
    302.58935064822737,
    327.26238123627695,
    378.2036621351328,
    466.33052596987227,
    703.7478275825754,
    1905.001740824492,
    2377.2683047252463,
    2069.716497804987,
    809.7708033841709,
    1177.7866406384046,
    1082.0005414991945,
    1407.1454035352995,
    1227.3173804090748,
    881.4988701730332,
    983.354251224353,
    1604.1268229570808,
    1317.4102635279437,
    1488.4956835636538,
    1009.9182257823988,
    1240.1326018287896,
    1086.1133192401023,
    995.4221911522196,
    1050.1727516081914,
    1282.711355807132,
    1484.246441097901,
    1106.3842198029306,
    1012.0994795971744
  ],
  "eval_steps": [
    10240,
    20480,
    30720,
    40960,
    51200,
    61440,
    71680,
    81920,
    92160,
    102400,
    112640,
    122880,
    133120,
    143360,
    153600,
    163840,
    174080,
    184320,
    194560,
    204800,
    215040,
    225280,
    235520,
    245760,
    256000,
    266240,
    276480,
    286720,
    296960
  ],
  "elapsed_s": 115.0
}