{
  "env": "Hopper-v4",
  "agent": "Standard_PPO",
  "seed": 123,
  "final_reward": 367.9421025680141,
  "best_reward": 370.3224785093487,
  "all_eval_rewards": [
    77.12448174176221,
    277.6569226449461,
    280.9142674147591,
    291.7202483142588,
    299.87905259143514,
    326.4166199179454,
    361.8835489024745,
    361.11933203822275,
    360.055667015891,
    366.8283825793534,
    367.0910787834902,
    369.69560404262813,
    367.388214845482,
    367.7973541837331,
    368.85659087721285,
    369.6494059981877,
    367.8987090949366,
    369.28115706927775,
    370.17173303566585,
    370.3224785093487,
    367.47245317202646,
    368.5016204889309,
    368.8498968760549,
    365.8121775937762,
    369.086582885085,
    368.5768403900634,
    366.93604769969386,
    366.30912395156486,
    368.80191791366303
  ],
  "eval_steps": [
    10240,
    20480,
    30720,
    40960,
    51200,
    61440,
    71680,
    81920,
    92160,
    102400,
    112640,
    122880,
    133120,
    143360,
    153600,
    163840,
    174080,
    184320,
    194560,
    204800,
    215040,
    225280,
    235520,
    245760,
    256000,
    266240,
    276480,
    286720,
    296960
  ],
  "elapsed_s": 108.2
}