{
  "env": "Hopper-v4",
  "agent": "Standard_PPO",
  "seed": 42,
  "final_reward": 372.73791244024045,
  "best_reward": 391.20611355381396,
  "all_eval_rewards": [
    167.12887135570722,
    222.72306590824715,
    241.06451683784962,
    331.4497642051885,
    370.70175017427727,
    349.9389667652753,
    362.75163802805105,
    378.4109815704029,
    382.37553916753444,
    372.2070273069884,
    366.1879717033119,
    373.3421226460372,
    371.0443663341307,
    369.92708070952847,
    391.20611355381396,
    366.4627067812037,
    384.9921687021307,
    366.9153047732674,
    369.36491926418614,
    367.7957285530129,
    366.0275006794427,
    367.56625363101637,
    362.23368375784514,
    369.73802583005124,
    371.1537955365197,
    372.9297902637849,
    371.76459916107757,
    374.00653737877013,
    373.83483986104983
  ],
  "eval_steps": [
    10240,
    20480,
    30720,
    40960,
    51200,
    61440,
    71680,
    81920,
    92160,
    102400,
    112640,
    122880,
    133120,
    143360,
    153600,
    163840,
    174080,
    184320,
    194560,
    204800,
    215040,
    225280,
    235520,
    245760,
    256000,
    266240,
    276480,
    286720,
    296960
  ],
  "elapsed_s": 102.1
}