{
  "env": "Hopper-v4",
  "agent": "Standard_PPO",
  "seed": 1234,
  "final_reward": 451.55087566888085,
  "best_reward": 478.53794850555175,
  "all_eval_rewards": [
    148.52025960773318,
    236.11885391234688,
    274.9675142185295,
    318.3048169430508,
    307.4200951470066,
    338.30144520587544,
    346.73995838088905,
    366.1873098710016,
    369.12802453631224,
    363.7676125481083,
    363.78396254604274,
    354.10785904115767,
    367.42780636906053,
    365.24187923848814,
    363.99032735511423,
    368.1914838811192,
    365.10390331690206,
    364.41448576042706,
    368.02355355415693,
    370.3218341054976,
    371.56215616828,
    370.7586273692119,
    369.6903943020845,
    386.87631699655225,
    457.9754007009045,
    432.6976465304183,
    441.1104825898037,
    447.43290001772596,
    478.53794850555175
  ],
  "eval_steps": [
    10240,
    20480,
    30720,
    40960,
    51200,
    61440,
    71680,
    81920,
    92160,
    102400,
    112640,
    122880,
    133120,
    143360,
    153600,
    163840,
    174080,
    184320,
    194560,
    204800,
    215040,
    225280,
    235520,
    245760,
    256000,
    266240,
    276480,
    286720,
    296960
  ],
  "elapsed_s": 101.8
}