{
  "env": "HalfCheetah-v4",
  "agent": "Optimal_HCGAE_v4",
  "seed": 6,
  "config": {
    "hidden_dim": 256,
    "obs_norm": true,
    "adv_norm": true,
    "lr_anneal": true,
    "eval_mode": "deterministic_mean",
    "n_seeds": 12,
    "total_timesteps": 1000000
  },
  "total_steps": 1001472,
  "final_reward": 1665.1976098389532,
  "max_reward": 1695.8999479399463,
  "best10_mean": 1667.2373906169098,
  "eval_rewards": [
    -10.069212900295181,
    -23.90309996677714,
    -21.44026083554794,
    -62.2676805447589,
    890.8450151442127,
    882.5710743242955,
    1027.9803531283676,
    1138.9305239396658,
    1207.3977459325786,
    1224.3800595191178,
    1289.540671780577,
    1275.4050053982944,
    1329.9598569030927,
    1347.214625776604,
    1380.0786599425296,
    1414.6636415728556,
    1415.4358180220738,
    1428.2463381037305,
    1440.1475860402393,
    1462.9673149461137,
    1478.1752443033229,
    1500.0348969074907,
    1518.4506784066502,
    1503.6304605732453,
    1509.2411429327108,
    1527.7631054058081,
    1514.6676153484636,
    1541.636127813333,
    1566.0104687264602,
    1559.0334588984858,
    1578.7165552881672,
    1567.2340161538152,
    1588.6048165920545,
    1589.3390780427694,
    1598.033195517483,
    1604.4510377797535,
    1627.5400536409152,
    1646.3522945192994,
    1625.9544867397344,
    1634.4717370048388,
    1657.3761615517171,
    1661.4642718380176,
    1684.773414859367,
    1655.9931038612644,
    1662.1391765538604,
    1684.8473524207482,
    1689.0564456200373,
    1695.8999479399463
  ],
  "eval_steps": [
    20480,
    40960,
    61440,
    81920,
    102400,
    122880,
    143360,
    163840,
    184320,
    204800,
    225280,
    245760,
    266240,
    286720,
    307200,
    327680,
    348160,
    368640,
    389120,
    409600,
    430080,
    450560,
    471040,
    491520,
    512000,
    532480,
    552960,
    573440,
    593920,
    614400,
    634880,
    655360,
    675840,
    696320,
    716800,
    737280,
    757760,
    778240,
    798720,
    819200,
    839680,
    860160,
    880640,
    901120,
    921600,
    942080,
    962560,
    983040
  ],
  "episode_rewards": [
    1528.5545577529972,
    1557.9938339439204,
    1467.8253078496691,
    1450.936369132632,
    1485.4439711764524,
    1551.1495934310794,
    1492.9610036218846,
    1516.3801167980719,
    1509.5814129895446,
    1495.9008431343336,
    1478.69212260779,
    1501.7729797648594,
    1530.309815401483,
    1477.4200453371054,
    1535.8047438033075,
    1414.287719439116,
    1513.4405332587362,
    1507.674929141145,
    1567.9667124062914,
    1470.4436453375777,
    1562.8745109393963,
    1501.786211629863,
    1526.4346789610001,
    1498.1635507381707,
    1533.0724728418163,
    1530.434232863464,
    1543.0139295660115,
    1544.773665892626,
    1546.5878575272425,
    1488.5326069588584,
    1565.6349492282682,
    1522.9694559632924,
    1532.7064887734487,
    1489.1244815662133,
    1566.5959200312882,
    1559.7983428655082,
    1474.960563507871,
    1587.6100535168828,
    1501.4346490693797,
    1542.6982638566049,
    1526.25258043521,
    1574.6297881384517,
    1540.432816699971,
    1558.6064102560213,
    1594.2711249048712,
    1544.8847270370406,
    1561.3112993593143,
    1510.6851424146855,
    1468.0692792587488,
    1514.3071365171859,
    1527.7118827900565,
    1485.4495727796907,
    1589.3949207495377,
    1508.0652460469842,
    1587.523203986898,
    1514.0581496205496,
    1561.4872694881726,
    1551.4115119571834,
    1534.338289741484,
    1570.7937330340317,
    1582.277446807164,
    1545.3200905323754,
    1542.2153421580417,
    1566.264968787521,
    1583.4540929307932,
    1560.284777337497,
    1587.5526559899356,
    1586.456985685564,
    1542.6832487819904,
    1542.700537521091,
    1554.0248147584832,
    1562.8803942449802,
    1535.4190349054156,
    1560.3280749957235,
    1568.514151848469,
    1558.717761275077,
    1556.4709906198325,
    1558.1279898362218,
    1587.690621018173,
    1587.8583113738553,
    1558.386131180813,
    1515.9501541306722,
    1607.1432348623275,
    1531.8153888367997,
    1547.1674673200007,
    1556.6253538107296,
    1528.3300854810982,
    1603.2769279229576,
    1562.1909415805185,
    1571.1223726731153,
    1541.3613766978187,
    1615.1987278911522,
    1536.392785795199,
    1542.1266150314477,
    1613.2136937554208,
    1538.0705931275465,
    1568.0966657262657,
    1551.1563730710134,
    1560.2772235006016,
    1569.5318496480802,
    1548.7829118310221,
    1568.4683675039596,
    1562.3306469412355,
    1594.8433390530042,
    1561.761461722492,
    1585.7498735281954,
    1611.000521240658,
    1585.1916715056645,
    1620.3032555148418,
    1575.9845960969255,
    1583.8520783009808,
    1588.2763815287387,
    1532.1692542007115,
    1579.3783309956998,
    1576.4190119419309,
    1589.2432806477568,
    1522.0356378944282,
    1561.7016413844312,
    1547.6420020100031,
    1573.474377637351,
    1492.4266763475332,
    1596.545852927229,
    1606.2426468413382,
    1596.4838379112941,
    1593.2051415116262,
    1603.6392152177152,
    1573.8929619463486,
    1557.891064330609,
    1561.7090647439195,
    1570.3366304245296,
    1548.1277407147197,
    1527.869540997877,
    1592.9779325886304,
    1549.4918567841587,
    1608.568228496743,
    1597.2012876645258,
    1570.9062029236359,
    1524.4470756246442,
    1648.3231127503016,
    1603.0199911729117,
    1541.6750947836192,
    1628.4385680784512,
    1625.590111509545,
    1584.8833963193601,
    1587.4861339763813,
    1581.7869815471652,
    1568.3451970184528,
    1552.9589134277276,
    1591.8205511979904,
    1632.5339483765838,
    1595.2188070406708,
    1584.0993241742233,
    1585.9600255612372,
    1595.3816272305996,
    1531.2942823542955,
    1589.0531916975908,
    1591.1017399468094,
    1588.250519638442,
    1587.6094011730622,
    1545.762697783064,
    1617.8403398646935,
    1611.0235325167512,
    1585.6633720655057,
    1539.2976502439572,
    1656.4395379180555,
    1559.3815403595959,
    1592.2144350778185,
    1628.0286838775407,
    1587.3693143907701,
    1592.5167173796924,
    1641.4488664131534,
    1610.9804339808277,
    1575.1803059074934,
    1571.0921409881846,
    1549.5938820685792,
    1596.0873419293696,
    1609.2741854572241,
    1586.5157485103766,
    1618.8936732296097,
    1582.1658739432594,
    1578.31671456519,
    1605.7124284060255,
    1615.128583100529,
    1574.9764751405905,
    1549.731704232616,
    1601.2086322269556,
    1630.1728603964004,
    1611.895842827445,
    1543.609744672307,
    1570.124707859367,
    1609.0676761153757,
    1592.157093708242,
    1619.1199273011828,
    1551.0261963171072,
    1557.1338789442004,
    1567.2307689396564,
    1603.3573738321713,
    1561.9718136176157,
    1559.2452570669793,
    1564.8978924595554
  ],
  "elapsed_s": 558.2234699726105
}