{
  "env": "HalfCheetah-v4",
  "agent": "Optimal_HCGAE_v4",
  "seed": 2,
  "config": {
    "hidden_dim": 256,
    "obs_norm": true,
    "adv_norm": true,
    "lr_anneal": true,
    "eval_mode": "deterministic_mean",
    "n_seeds": 12,
    "total_timesteps": 1000000
  },
  "total_steps": 1001472,
  "final_reward": 4667.4161265458115,
  "max_reward": 4840.004442568278,
  "best10_mean": 4667.4161265458115,
  "eval_rewards": [
    -4.114605626641277,
    -41.50384551501857,
    -53.53185143285974,
    -21.13473526774508,
    -28.879940422577647,
    608.9378936990464,
    981.4145793006016,
    1304.904313176756,
    1744.5879855277385,
    1788.0104061273632,
    2315.0972186462086,
    2554.6872922283933,
    2601.4042875645487,
    2794.3773371289685,
    2835.7253165095726,
    2859.4210938909164,
    3016.7293332128997,
    3008.8249231228183,
    3175.417944653401,
    3307.973488858532,
    3457.57466990424,
    3186.4898586144677,
    3543.204687058455,
    3512.5782515314713,
    3488.436539087876,
    3801.4703131746255,
    3852.4787990269133,
    4040.3622032479407,
    3914.7680868232565,
    3920.6184459696065,
    3898.5037177259633,
    4196.720486568507,
    4209.4062470549125,
    4169.472935171787,
    3766.831657391801,
    4247.592346357145,
    4301.140343393289,
    4324.218610205452,
    4427.243748662285,
    4505.079546617499,
    4529.302263763904,
    4579.633198286756,
    4696.715753451224,
    4727.626994660324,
    4754.030391412929,
    4794.07488927547,
    4820.450036759444,
    4840.004442568278
  ],
  "eval_steps": [
    20480,
    40960,
    61440,
    81920,
    102400,
    122880,
    143360,
    163840,
    184320,
    204800,
    225280,
    245760,
    266240,
    286720,
    307200,
    327680,
    348160,
    368640,
    389120,
    409600,
    430080,
    450560,
    471040,
    491520,
    512000,
    532480,
    552960,
    573440,
    593920,
    614400,
    634880,
    655360,
    675840,
    696320,
    716800,
    737280,
    757760,
    778240,
    798720,
    819200,
    839680,
    860160,
    880640,
    901120,
    921600,
    942080,
    962560,
    983040
  ],
  "episode_rewards": [
    4046.1622600898204,
    3014.571738553025,
    3972.943144311453,
    1933.8807060317486,
    462.6417853801106,
    3618.2489257600864,
    3859.0943992033854,
    3756.456192552302,
    3533.3559179381086,
    4084.4665795645515,
    3946.6632700261002,
    3815.3569861109327,
    3848.778652821058,
    3756.2061669796763,
    3615.73265135548,
    3929.0327184133353,
    3731.6304857802093,
    3032.689064175214,
    3827.2087429691073,
    3930.2551431635643,
    4053.330488627133,
    4021.5642953205365,
    4019.8587709449357,
    3772.4859646199347,
    4090.5460074981625,
    4022.925832349474,
    3913.5157141636323,
    3989.405249719247,
    3635.904642037892,
    3877.8422224548763,
    3997.0362037168534,
    3451.1761218318893,
    4047.814767017917,
    3883.460273679821,
    4.727030117929799,
    2957.434250031231,
    4064.1074590427174,
    4219.338979086166,
    4072.952703079298,
    3915.166202188452,
    3875.5052225803906,
    3903.55648303103,
    3766.8988773681813,
    3934.824365941578,
    3831.864934201655,
    4039.3144115826167,
    3725.0509862298723,
    4129.449043574684,
    4051.2482752200267,
    4044.8370467221257,
    4111.364045804292,
    4093.358159660368,
    4090.26068065201,
    4047.5149097853755,
    3965.3344595749886,
    3960.4556530070577,
    4035.9581552138866,
    3901.8395026002054,
    4138.441066975416,
    4007.1976057618035,
    4010.8935253636423,
    3881.559645147912,
    3936.9576300184954,
    3901.431183019342,
    4007.9283283170826,
    3765.7713752526142,
    4008.4925006974827,
    3907.6585432230954,
    4013.0146082344104,
    3945.388436277627,
    3953.332162029503,
    3801.4762980085716,
    4004.1673904514,
    3947.96998414279,
    4186.865248762928,
    3967.427914612581,
    4143.956460019671,
    3837.615269231693,
    4057.255465834737,
    3967.598323344001,
    1352.3478092214436,
    4002.5606706655904,
    3940.3541689686413,
    4275.682644541404,
    4253.530275271084,
    4277.218640093879,
    3912.592708555126,
    4110.5812315245685,
    2107.4447198877237,
    4271.700213646105,
    3926.5857129247056,
    4203.789842770053,
    2715.7022010378073,
    4008.133775770151,
    3755.3881451085513,
    4107.77483962034,
    3991.3510269452313,
    4061.8666525498975,
    4166.354349567851,
    3883.86284118289,
    -93.33803943907591,
    3908.7718492681524,
    3235.5071678646286,
    3951.921940081331,
    4204.4475507825255,
    4102.1141382544365,
    4125.420318459702,
    4068.0205894950805,
    1645.944069892142,
    3688.601629913674,
    4048.068018439704,
    4009.9719677399567,
    4084.491651547631,
    4309.102691378499,
    4312.173055314349,
    4244.829829456931,
    4335.857410761355,
    4062.2069143182944,
    4201.472382789362,
    3829.662888981796,
    4095.5093577955604,
    4286.988302109308,
    4383.099075154288,
    4149.403118534196,
    4022.190526079242,
    4171.43109370609,
    3816.5500656428703,
    4048.135499633339,
    4061.5234248477,
    4157.91082437644,
    3983.1882571941455,
    4255.383039195798,
    4253.587650460102,
    4329.462375905195,
    4337.136412921205,
    4081.415011843734,
    1566.5692391250345,
    4150.992616119522,
    4274.306240441339,
    4249.670885957831,
    4077.595039280159,
    4286.391449019707,
    4161.991982344669,
    4186.910528851658,
    4119.026347923243,
    4126.187646903613,
    4348.883529568511,
    4131.418873505508,
    4224.032633551077,
    1707.7791541927882,
    2382.6878785671956,
    3950.2784171982407,
    3809.2942953671973,
    4245.942768592681,
    3862.5837989652664,
    4157.906073734576,
    4132.164158272503,
    4087.5288976595125,
    4105.8551057389095,
    4274.131532563312,
    3959.044593708363,
    4153.88684495451,
    4131.686512431336,
    4109.770757502833,
    3953.7696853177385,
    3998.335001157575,
    4076.668112323135,
    4206.798779189456,
    4185.428788132291,
    4034.662406754114,
    4332.927841922254,
    4172.068522980279,
    3998.214937614287,
    4231.215592177606,
    4092.4998752797087,
    4203.396279714678,
    2532.03773476959,
    4328.222078011078,
    4223.062434750703,
    3873.4666361438544,
    4134.515271659135,
    4244.675267438506,
    4030.3189927840976,
    4291.306807807154,
    4302.5877894772275,
    4111.339624335311,
    4052.6642499925338,
    4120.465184855014,
    4161.421125515792,
    4190.822331874248,
    3209.514346255834,
    3989.4843173398026,
    3322.6713177025294,
    4356.8772191508615,
    4164.860469456225,
    3952.491604407026,
    4026.449903304925,
    4017.11198680077,
    2087.747234362634,
    233.7186909453415
  ],
  "elapsed_s": 583.2748489379883
}