{
  "env": "HalfCheetah-v4",
  "agent": "Optimal_HCGAE_v4",
  "seed": 8,
  "config": {
    "hidden_dim": 256,
    "obs_norm": true,
    "adv_norm": true,
    "lr_anneal": true,
    "eval_mode": "deterministic_mean",
    "n_seeds": 12,
    "total_timesteps": 1000000
  },
  "total_steps": 1001472,
  "final_reward": 1760.8801770453724,
  "max_reward": 1874.5706508560615,
  "best10_mean": 1829.2710560652008,
  "eval_rewards": [
    -4.821977370439397,
    -35.286934727686905,
    339.84113841376984,
    810.5344460306353,
    809.4272717953343,
    1152.361598225129,
    1285.6704460768917,
    1370.0248740659167,
    1449.7688036868415,
    1230.7295052189484,
    1486.7969091159061,
    1510.7862327593268,
    1542.8754056195924,
    1573.9022885202062,
    1558.2157198797172,
    1591.7164322069598,
    1574.3116834264104,
    1636.7770423991592,
    1684.3917508042796,
    1673.1137226096548,
    1673.0180912977194,
    1676.9935724123084,
    1733.9498829809381,
    1694.344985641455,
    1692.2204827998198,
    1702.5820031028732,
    1733.9574237104275,
    1782.1292088598584,
    1549.485229585621,
    1758.0840678934105,
    733.06867913054,
    1376.0844914144245,
    1793.4225889738439,
    1607.8203637461174,
    1793.9019003643025,
    1821.1934065043163,
    1803.5011481517226,
    1782.0642605266135,
    1627.0118980643788,
    1820.900756581558,
    1826.0821737762478,
    1615.3057552478444,
    1857.3596973050837,
    1621.046843049135,
    1830.3239440392651,
    1874.5706508560615,
    1664.7457574345426,
    1871.454294099607
  ],
  "eval_steps": [
    20480,
    40960,
    61440,
    81920,
    102400,
    122880,
    143360,
    163840,
    184320,
    204800,
    225280,
    245760,
    266240,
    286720,
    307200,
    327680,
    348160,
    368640,
    389120,
    409600,
    430080,
    450560,
    471040,
    491520,
    512000,
    532480,
    552960,
    573440,
    593920,
    614400,
    634880,
    655360,
    675840,
    696320,
    716800,
    737280,
    757760,
    778240,
    798720,
    819200,
    839680,
    860160,
    880640,
    901120,
    921600,
    942080,
    962560,
    983040
  ],
  "episode_rewards": [
    1637.972124057241,
    1676.9493970932238,
    1632.5038913885849,
    1698.5430001229893,
    1723.124983413399,
    1651.2087919819026,
    1698.304003602286,
    1688.6842041526618,
    1654.2653870239926,
    1680.3140894435526,
    1651.9910863748792,
    1658.200515082052,
    1648.3889793978642,
    1690.660437583414,
    1697.4944026698936,
    1667.5535391090334,
    1619.970363497249,
    1672.7593933628625,
    1679.890239143925,
    1634.2550331084926,
    1676.1821497894496,
    1690.5991394724492,
    1701.741669550463,
    1718.924041622127,
    1448.0475535581033,
    1747.7863961927596,
    1702.7406377712189,
    1712.8600585115257,
    1727.7113217826848,
    1684.8645250969473,
    1671.3444627147626,
    1179.222228940233,
    1645.6087780850662,
    1710.2934580900023,
    1668.124248968721,
    1756.9676079899302,
    1665.058267539938,
    1644.629574401903,
    1667.3659058274377,
    1709.114705719048,
    1709.3554309042138,
    1623.2296108922153,
    1662.9762627212199,
    1692.8310242909474,
    1693.705145666467,
    1688.1461855103073,
    1681.0459368816626,
    1703.0127631786677,
    1648.925093826205,
    1691.55237375012,
    1744.468843027354,
    1727.300612131693,
    1711.9115185212581,
    1692.4855299241456,
    -389.76299816821495,
    1742.1291835903594,
    1678.2795715903444,
    1703.703390585525,
    1659.9916831376343,
    1694.2984297530875,
    1664.488509820768,
    -382.8144531434682,
    1735.7705158890412,
    1694.9671226718606,
    1666.496140948317,
    775.7714582346904,
    1643.4276989706848,
    -396.74703078662264,
    1659.0579644432667,
    1699.166954128371,
    1667.0386043783417,
    1679.9163747804466,
    1669.5781394856829,
    1709.5127490594612,
    1655.2966159492682,
    1663.1522819027132,
    -338.7486944570836,
    -356.5998872560088,
    1723.0721681520677,
    1726.5762350080604,
    1741.6882448718084,
    1689.3277597919462,
    1709.599643276219,
    1733.707957633152,
    1596.8877015901803,
    1641.5550733667217,
    1667.5665100361027,
    1671.7847754465395,
    1715.6699705563742,
    1588.4685031591546,
    1716.5698928411862,
    1646.5119395633008,
    1693.45936174081,
    1706.4754792912747,
    1805.4280403058724,
    1687.1655951317664,
    1648.7975867773637,
    1739.9658720874174,
    1643.0508299577762,
    1716.127403453527,
    1669.8623512575464,
    1657.2934057646996,
    1679.2256874285565,
    1694.6451364230502,
    1735.2358136130067,
    1752.6685201004277,
    1686.8415454775252,
    1681.3507249745942,
    1710.142505902427,
    1685.3369027550505,
    1698.977346422325,
    1693.473391453744,
    1731.848949294979,
    1695.2583728836873,
    1702.1821401183668,
    1533.6786527860988,
    1700.1145289208353,
    1687.374863484115,
    1672.143560895724,
    1673.5212032311026,
    1682.627385038151,
    1697.1234167709513,
    1679.9362024473228,
    1695.2395910546838,
    1747.342167730688,
    -367.61274523698523,
    1656.7862456472533,
    1716.0094424969254,
    1701.4835815941983,
    1723.456905119767,
    1645.2524658958862,
    1675.6848677971195,
    1661.9434388802017,
    1761.9226178224767,
    1612.9097327186116,
    1687.4448154962179,
    1698.0960118483558,
    1693.615554820734,
    1719.1744210015563,
    1662.0791794176344,
    1679.3202284687575,
    1748.1903041210176,
    1731.9428734620365,
    1787.128301430662,
    1610.5949114067073,
    1723.1820202627384,
    1669.2773516642471,
    1693.8567262716933,
    1715.5084971272472,
    1692.7322406599762,
    1683.7915103775592,
    1683.0637050816836,
    1724.8652211223246,
    1744.4624321510548,
    1768.1110423305831,
    1724.8421066729406,
    1715.4287199413236,
    1755.647099111259,
    1750.2854267600621,
    -341.81981346301245,
    1706.105694833896,
    1647.2280760482597,
    1696.3350382341969,
    1734.5814792901097,
    1751.723074761675,
    1666.0710453496486,
    1602.6123146993168,
    1653.8552018298158,
    1770.0591123277209,
    1777.671661966592,
    1647.8897411438045,
    1727.5672972910108,
    1684.0101481655486,
    -345.67057334256157,
    1829.7008671885344,
    1706.927588390157,
    1673.8930699007476,
    1737.2618282012022,
    1741.2726213575747,
    1695.7582475104696,
    1709.1740637317341,
    1653.569276181994,
    1736.9774908339202,
    -335.5287916526485,
    -353.68299419998385,
    1715.3173118109844,
    1702.9605644558937,
    1644.9551788287563,
    1740.4574325712479,
    1781.2591385207584,
    1715.8364053919508,
    1771.330475285882,
    1670.4879230322083,
    1695.3953458069798,
    1769.6740581283661,
    1810.9823603393875,
    1691.7453911572784,
    1737.4901143925733,
    1735.0347870323285,
    1703.0895355042578
  ],
  "elapsed_s": 591.3864750862122
}