{
  "standard_base": {
    "Hopper-v4": {
      "Standard_PPO_Optimal": {
        "mean": 1500.121378661841,
        "std": 43.301832156577234,
        "sem": 30.619019155717464,
        "n": 2,
        "seeds": [
          1543.4232108184183,
          1456.8195465052638
        ]
      },
      "Standard_HCGAE_v2": {
        "mean": 1614.5044079427696,
        "std": 253.23716666860565,
        "sem": 113.25110382008923,
        "n": 5,
        "seeds": [
          1586.0397903664016,
          1536.1926265574966,
          1917.0042950354655,
          1835.266517158839,
          1198.0188105956456
        ]
      }
    },
    "Walker2d-v4": {
      "Standard_PPO_Optimal": {
        "mean": 1374.8437250071743,
        "std": 670.1909738008768,
        "sem": 299.7185150651082,
        "n": 5,
        "seeds": [
          2388.281755804111,
          1923.9609658335892,
          745.8612125336525,
          1115.174789255363,
          700.9399016091559
        ]
      },
      "Standard_HCGAE_v2": {
        "mean": 1366.6018861410007,
        "std": 452.97380988970417,
        "sem": 202.576046188089,
        "n": 5,
        "seeds": [
          1261.2050163288368,
          2131.8022000212595,
          712.1649227380163,
          1386.1020075446318,
          1341.735284072259
        ]
      }
    },
    "HalfCheetah-v4": {
      "Standard_PPO_Optimal": {
        "mean": 1273.2463635284537,
        "std": 343.9331449052312,
        "sem": 153.81157834467646,
        "n": 5,
        "seeds": [
          1095.4598755214747,
          1755.411804154146,
          1614.3971161320083,
          986.6779002831402,
          914.285121551499
        ]
      },
      "Standard_HCGAE_v2": {
        "mean": 870.7720850683736,
        "std": 119.28992595002724,
        "sem": 53.348076691035416,
        "n": 5,
        "seeds": [
          730.3828625390654,
          1086.5173785543407,
          815.9060123309516,
          831.586968898306,
          889.4672030192039
        ]
      }
    }
  },
  "optimal_base_ref": {
    "Hopper-v4": {
      "Optimal_PPO": {
        "mean": 1598.0567954064322,
        "std": 133.24866305729626,
        "n": 5
      },
      "Optimal_HCGAE_v2": {
        "mean": 1760.1490205255661,
        "std": 339.594319609819,
        "n": 5
      }
    },
    "Walker2d-v4": {
      "Optimal_PPO": {
        "mean": 1596.386605761271,
        "std": 373.4188015157871,
        "n": 5
      },
      "Optimal_HCGAE_v2": {
        "mean": 1998.4662506602629,
        "std": 702.0960611071972,
        "n": 5
      }
    },
    "HalfCheetah-v4": {
      "Optimal_PPO": {
        "mean": 1486.8203708443161,
        "std": 54.76307911817561,
        "n": 5
      },
      "Optimal_HCGAE_v2": {
        "mean": 1550.135848501226,
        "std": 348.21021218011293,
        "n": 5
      }
    }
  }
}