{
  "env": "Walker2d-v4",
  "agent": "Optimal_HCGAE_v2",
  "seed": 2,
  "config": {
    "hidden_dim": 256,
    "use_obs_norm": true,
    "use_adv_norm": true,
    "use_lr_anneal": true,
    "eval_mode": "deterministic_mean_post_update"
  },
  "total_steps": 500000,
  "final_reward": 3512.5233821078277,
  "eval_rewards": [
    298.8957372228009,
    318.7177493326762,
    309.5493174192323,
    322.09495239542036,
    367.61359005165673,
    377.6754398668614,
    368.03104590607427,
    393.1810623400822,
    401.92932856966524,
    408.25347080597624,
    433.4602755265478,
    470.36083755599066,
    616.1157268361767,
    584.4437022877727,
    671.9287770764807,
    717.9141623473081,
    722.014357089951,
    783.6652350870726,
    860.3108514804111,
    1072.6753258088763,
    1795.061320202873,
    1673.0972367189042,
    1932.8135949973337,
    1022.7966480047651,
    804.9237613076127,
    1326.4566631237922,
    1827.530446849883,
    2282.3320803158513,
    1217.9894949127427,
    2356.4421891749325,
    3291.0645479776153,
    3693.504665125157,
    668.5677510359426,
    2762.718879361426,
    3305.0698500307963,
    3554.0183082037015,
    3779.5455332039405,
    3976.5575357584685,
    3977.0161135587077,
    3119.0908921754512,
    3275.1015960645213,
    4060.3182110604466,
    3730.510663332424,
    3987.9271968776775,
    4153.271182893541,
    3827.5445609167537,
    2931.3381410071197,
    3168.2367009307372,
    3482.226324790988
  ],
  "eval_steps": [
    10240,
    20480,
    30720,
    40960,
    51200,
    61440,
    71680,
    81920,
    92160,
    102400,
    112640,
    122880,
    133120,
    143360,
    153600,
    163840,
    174080,
    184320,
    194560,
    204800,
    215040,
    225280,
    235520,
    245760,
    256000,
    266240,
    276480,
    286720,
    296960,
    307200,
    317440,
    327680,
    337920,
    348160,
    358400,
    368640,
    378880,
    389120,
    399360,
    409600,
    419840,
    430080,
    440320,
    450560,
    460800,
    471040,
    481280,
    491520,
    500000
  ],
  "elapsed_s": 377.1
}