{
  "env": "Walker2d-v4",
  "agent": "Optimal_HCGAE_v2",
  "seed": 3,
  "config": {
    "hidden_dim": 256,
    "use_obs_norm": true,
    "use_adv_norm": true,
    "use_lr_anneal": true,
    "eval_mode": "deterministic_mean_post_update"
  },
  "total_steps": 500000,
  "final_reward": 3632.5846665503677,
  "eval_rewards": [
    280.7873674358393,
    291.2289556393998,
    318.37252899044796,
    374.46428619367185,
    390.7480324882689,
    374.8189637162203,
    338.7534053351538,
    314.6255105956126,
    327.2041371132475,
    316.7276165314218,
    358.4134069306729,
    429.3260558709053,
    328.91375591061285,
    570.0970174201469,
    451.74681024609083,
    526.8236914098907,
    949.4002012228799,
    792.3975910638412,
    1394.0937768942845,
    2412.4055782241903,
    2812.7723663700426,
    2870.4903549750425,
    2984.776367059039,
    3517.641464976379,
    2504.7091702206617,
    2740.6782360791267,
    3236.9518844524227,
    2675.5783813482526,
    3608.8430101630947,
    3773.832848204226,
    3855.39669809058,
    4095.0312211695637,
    3963.6006030394556,
    4195.74147371634,
    4211.784376258294,
    4273.642546676916,
    4307.120572179239,
    4258.449572613512,
    4221.656885689828,
    4256.315358100212,
    4298.3883887391885,
    4360.635654532578,
    4329.4763799688135,
    3373.423511578863,
    3870.4203309009404,
    3720.008290414039,
    2923.8725956120707,
    3995.968656348488,
    3652.6534594762984
  ],
  "eval_steps": [
    10240,
    20480,
    30720,
    40960,
    51200,
    61440,
    71680,
    81920,
    92160,
    102400,
    112640,
    122880,
    133120,
    143360,
    153600,
    163840,
    174080,
    184320,
    194560,
    204800,
    215040,
    225280,
    235520,
    245760,
    256000,
    266240,
    276480,
    286720,
    296960,
    307200,
    317440,
    327680,
    337920,
    348160,
    358400,
    368640,
    378880,
    389120,
    399360,
    409600,
    419840,
    430080,
    440320,
    450560,
    460800,
    471040,
    481280,
    491520,
    500000
  ],
  "elapsed_s": 384.6
}