{
  "Hopper-v4": {
    "SAC": {
      "seeds": [
        3413.6992368634174,
        2682.952939802091,
        3122.247292735821,
        3534.571703362265,
        3265.820087332178
      ],
      "mean": 3203.858252019155,
      "std": 295.0412133333724
    },
    "TD3": {
      "seeds": [
        3365.725753813446,
        3527.093762584141,
        1934.2701310220825,
        3348.7500779811007,
        3174.673812718106
      ],
      "mean": 3070.1027076237747,
      "std": 578.7795650935839
    }
  },
  "Walker2d-v4": {
    "SAC": {
      "seeds": [
        3869.7164078021406,
        3564.3533694157813,
        4410.258467586342,
        4345.902736862971,
        4031.9521357823805
      ],
      "mean": 4044.436623489923,
      "std": 311.727568936749
    },
    "TD3": {
      "seeds": [
        3577.0758238847493,
        2821.764270881005,
        872.0513952689437,
        4360.999373586433
      ],
      "mean": 2907.9727159052827,
      "std": 1295.3178139799277
    }
  }
}