{
  "env": "Hopper-v4",
  "agent": "Optimal_HCGAE_v4",
  "seed": 1,
  "config": {
    "hidden_dim": 256,
    "use_obs_norm": true,
    "use_adv_norm": true,
    "use_lr_anneal": true,
    "eval_mode": "deterministic_mean",
    "scr_ema_alpha": 0.1,
    "scr_relax": 0.05
  },
  "total_steps": 1001472,
  "final_reward": 3559.749161463043,
  "top10_reward": 3562.421281833145,
  "eval_rewards": [
    218.9862331710696,
    423.05263448798695,
    700.4761274277915,
    858.2883687104547,
    897.66126209365,
    971.3394473993878,
    1074.6675773879954,
    1262.8149634242131,
    3207.1813074486313,
    3218.587936468536,
    3223.9083641574553,
    2522.7223417809105,
    2350.497878200811,
    1513.378799359845,
    3286.5776410452404,
    1510.7637541636457,
    3259.7348047190894,
    3310.18918990273,
    3301.910163796925,
    3310.412551807065,
    3318.166999644406,
    3320.838660674065,
    3335.9894042809656,
    3342.92655219849,
    3368.691433002065,
    3377.5808948852564,
    3416.0910947046805,
    3429.659337108295,
    3432.3384289953115,
    3446.1489951569615,
    3432.5958963124153,
    3475.256894552755,
    3492.556987983034,
    3501.365227808342,
    3508.5956414424204,
    3519.512468058675,
    3536.305653078946,
    3539.76926919486,
    3564.5334043011344,
    3546.4275580684493,
    3537.8122006001176,
    3549.9103235010252,
    3558.0713891053542,
    3555.328053397422,
    3561.785569065835,
    3563.0258198894144,
    3573.7395109534664,
    3575.768219066695,
    3575.622970982651
  ],
  "eval_steps": [
    20480,
    40960,
    61440,
    81920,
    102400,
    122880,
    143360,
    163840,
    184320,
    204800,
    225280,
    245760,
    266240,
    286720,
    307200,
    327680,
    348160,
    368640,
    389120,
    409600,
    430080,
    450560,
    471040,
    491520,
    512000,
    532480,
    552960,
    573440,
    593920,
    614400,
    634880,
    655360,
    675840,
    696320,
    716800,
    737280,
    757760,
    778240,
    798720,
    819200,
    839680,
    860160,
    880640,
    901120,
    921600,
    942080,
    962560,
    983040,
    1001472
  ],
  "diag_log": [
    {
      "step": 901120,
      "scr_ema": 0.0492,
      "alpha_cap": 0.0524,
      "ev_ema": 0.7215
    },
    {
      "step": 903168,
      "scr_ema": 0.0485,
      "alpha_cap": 0.0523,
      "ev_ema": 0.7242
    },
    {
      "step": 905216,
      "scr_ema": 0.0596,
      "alpha_cap": 0.0535,
      "ev_ema": 0.7299
    },
    {
      "step": 907264,
      "scr_ema": 0.0665,
      "alpha_cap": 0.0544,
      "ev_ema": 0.7358
    },
    {
      "step": 909312,
      "scr_ema": 0.08,
      "alpha_cap": 0.0564,
      "ev_ema": 0.7071
    },
    {
      "step": 911360,
      "scr_ema": 0.0789,
      "alpha_cap": 0.0562,
      "ev_ema": 0.7173
    },
    {
      "step": 913408,
      "scr_ema": 0.0759,
      "alpha_cap": 0.0557,
      "ev_ema": 0.7289
    },
    {
      "step": 915456,
      "scr_ema": 0.0739,
      "alpha_cap": 0.0554,
      "ev_ema": 0.7028
    },
    {
      "step": 917504,
      "scr_ema": 0.0684,
      "alpha_cap": 0.0547,
      "ev_ema": 0.7037
    },
    {
      "step": 919552,
      "scr_ema": 0.0654,
      "alpha_cap": 0.0543,
      "ev_ema": 0.7156
    },
    {
      "step": 921600,
      "scr_ema": 0.0704,
      "alpha_cap": 0.0549,
      "ev_ema": 0.723
    },
    {
      "step": 923648,
      "scr_ema": 0.0753,
      "alpha_cap": 0.0556,
      "ev_ema": 0.6943
    },
    {
      "step": 925696,
      "scr_ema": 0.0707,
      "alpha_cap": 0.055,
      "ev_ema": 0.6981
    },
    {
      "step": 927744,
      "scr_ema": 0.0654,
      "alpha_cap": 0.0543,
      "ev_ema": 0.7074
    },
    {
      "step": 929792,
      "scr_ema": 0.0613,
      "alpha_cap": 0.0537,
      "ev_ema": 0.7196
    },
    {
      "step": 931840,
      "scr_ema": 0.0671,
      "alpha_cap": 0.0545,
      "ev_ema": 0.6927
    },
    {
      "step": 933888,
      "scr_ema": 0.0951,
      "alpha_cap": 0.059,
      "ev_ema": 0.6689
    },
    {
      "step": 935936,
      "scr_ema": 0.0958,
      "alpha_cap": 0.0591,
      "ev_ema": 0.6835
    },
    {
      "step": 937984,
      "scr_ema": 0.0925,
      "alpha_cap": 0.0585,
      "ev_ema": 0.6951
    },
    {
      "step": 940032,
      "scr_ema": 0.088,
      "alpha_cap": 0.0577,
      "ev_ema": 0.7049
    },
    {
      "step": 942080,
      "scr_ema": 0.082,
      "alpha_cap": 0.0567,
      "ev_ema": 0.7156
    },
    {
      "step": 944128,
      "scr_ema": 0.086,
      "alpha_cap": 0.0573,
      "ev_ema": 0.7288
    },
    {
      "step": 946176,
      "scr_ema": 0.0961,
      "alpha_cap": 0.0592,
      "ev_ema": 0.7043
    },
    {
      "step": 948224,
      "scr_ema": 0.0915,
      "alpha_cap": 0.0583,
      "ev_ema": 0.7141
    },
    {
      "step": 950272,
      "scr_ema": 0.0824,
      "alpha_cap": 0.0567,
      "ev_ema": 0.7242
    },
    {
      "step": 952320,
      "scr_ema": 0.0884,
      "alpha_cap": 0.0577,
      "ev_ema": 0.708
    },
    {
      "step": 954368,
      "scr_ema": 0.1016,
      "alpha_cap": 0.0602,
      "ev_ema": 0.6854
    },
    {
      "step": 956416,
      "scr_ema": 0.0949,
      "alpha_cap": 0.0589,
      "ev_ema": 0.6653
    },
    {
      "step": 958464,
      "scr_ema": 0.0979,
      "alpha_cap": 0.0595,
      "ev_ema": 0.6805
    },
    {
      "step": 960512,
      "scr_ema": 0.0941,
      "alpha_cap": 0.0588,
      "ev_ema": 0.6874
    },
    {
      "step": 962560,
      "scr_ema": 0.0969,
      "alpha_cap": 0.0593,
      "ev_ema": 0.6781
    },
    {
      "step": 964608,
      "scr_ema": 0.0881,
      "alpha_cap": 0.0577,
      "ev_ema": 0.684
    },
    {
      "step": 966656,
      "scr_ema": 0.0839,
      "alpha_cap": 0.057,
      "ev_ema": 0.6949
    },
    {
      "step": 968704,
      "scr_ema": 0.0799,
      "alpha_cap": 0.0563,
      "ev_ema": 0.705
    },
    {
      "step": 970752,
      "scr_ema": 0.08,
      "alpha_cap": 0.0564,
      "ev_ema": 0.7106
    },
    {
      "step": 972800,
      "scr_ema": 0.0727,
      "alpha_cap": 0.0553,
      "ev_ema": 0.7174
    },
    {
      "step": 974848,
      "scr_ema": 0.0691,
      "alpha_cap": 0.0548,
      "ev_ema": 0.7278
    },
    {
      "step": 976896,
      "scr_ema": 0.0702,
      "alpha_cap": 0.0549,
      "ev_ema": 0.7356
    },
    {
      "step": 978944,
      "scr_ema": 0.0667,
      "alpha_cap": 0.0544,
      "ev_ema": 0.7122
    },
    {
      "step": 980992,
      "scr_ema": 0.0681,
      "alpha_cap": 0.0546,
      "ev_ema": 0.7193
    },
    {
      "step": 983040,
      "scr_ema": 0.0617,
      "alpha_cap": 0.0538,
      "ev_ema": 0.7123
    },
    {
      "step": 985088,
      "scr_ema": 0.0581,
      "alpha_cap": 0.0534,
      "ev_ema": 0.7251
    },
    {
      "step": 987136,
      "scr_ema": 0.0545,
      "alpha_cap": 0.053,
      "ev_ema": 0.7317
    },
    {
      "step": 989184,
      "scr_ema": 0.0526,
      "alpha_cap": 0.0528,
      "ev_ema": 0.7376
    },
    {
      "step": 991232,
      "scr_ema": 0.0608,
      "alpha_cap": 0.0537,
      "ev_ema": 0.7486
    },
    {
      "step": 993280,
      "scr_ema": 0.0638,
      "alpha_cap": 0.0541,
      "ev_ema": 0.7497
    },
    {
      "step": 995328,
      "scr_ema": 0.0662,
      "alpha_cap": 0.0544,
      "ev_ema": 0.7496
    },
    {
      "step": 997376,
      "scr_ema": 0.0613,
      "alpha_cap": 0.0537,
      "ev_ema": 0.7587
    },
    {
      "step": 999424,
      "scr_ema": 0.0585,
      "alpha_cap": 0.0534,
      "ev_ema": 0.7623
    },
    {
      "step": 1001472,
      "scr_ema": 0.0546,
      "alpha_cap": 0.053,
      "ev_ema": 0.7727
    }
  ],
  "elapsed_s": 983.2
}