{
  "env": "Hopper-v4",
  "agent": "Optimal_HCGAE_v4",
  "seed": 0,
  "config": {
    "hidden_dim": 256,
    "use_obs_norm": true,
    "use_adv_norm": true,
    "use_lr_anneal": true,
    "eval_mode": "deterministic_mean",
    "scr_ema_alpha": 0.1,
    "scr_relax": 0.05
  },
  "total_steps": 1001472,
  "final_reward": 1615.9565278635032,
  "top10_reward": 2549.2153792435124,
  "eval_rewards": [
    216.63384418945185,
    402.82004682528077,
    705.376463416378,
    725.482926261439,
    679.5568693562813,
    808.3346419158014,
    920.5368903227942,
    1052.1849106493887,
    1254.0012893429696,
    1485.3082350513084,
    3252.6413183285467,
    1548.48084043247,
    3130.353281709933,
    1083.9230970878389,
    2456.130222459301,
    3273.4871514736747,
    1537.4269675794544,
    1738.8135103503853,
    3271.5774849443005,
    1559.101316980798,
    1516.1997751045487,
    1602.1099550198492,
    1357.8497617720918,
    1512.095100202043,
    1533.091531492066,
    2596.9316954292262,
    1773.545457174759,
    1646.3573062178195,
    1482.40918675389,
    1546.4574965743966,
    1681.047058100338,
    1477.1744345704678,
    1569.4532277075461,
    1432.9306069615761,
    1463.6219431289571,
    1682.1959930415487,
    1469.1390020339236,
    1796.8850534296864,
    1836.343567008574,
    1608.6739531589851,
    1672.9268352807444,
    2092.924713851321,
    1784.8793038005629,
    1568.0535747615252,
    1499.9293870705794,
    1506.1719866108456,
    1566.53363351814,
    1496.0125351289576,
    1363.4593554533715
  ],
  "eval_steps": [
    20480,
    40960,
    61440,
    81920,
    102400,
    122880,
    143360,
    163840,
    184320,
    204800,
    225280,
    245760,
    266240,
    286720,
    307200,
    327680,
    348160,
    368640,
    389120,
    409600,
    430080,
    450560,
    471040,
    491520,
    512000,
    532480,
    552960,
    573440,
    593920,
    614400,
    634880,
    655360,
    675840,
    696320,
    716800,
    737280,
    757760,
    778240,
    798720,
    819200,
    839680,
    860160,
    880640,
    901120,
    921600,
    942080,
    962560,
    983040,
    1001472
  ],
  "diag_log": [
    {
      "step": 901120,
      "scr_ema": 0.071,
      "alpha_cap": 0.055,
      "ev_ema": 0.8537
    },
    {
      "step": 903168,
      "scr_ema": 0.0666,
      "alpha_cap": 0.0544,
      "ev_ema": 0.8578
    },
    {
      "step": 905216,
      "scr_ema": 0.0671,
      "alpha_cap": 0.0545,
      "ev_ema": 0.8613
    },
    {
      "step": 907264,
      "scr_ema": 0.0674,
      "alpha_cap": 0.0545,
      "ev_ema": 0.8627
    },
    {
      "step": 909312,
      "scr_ema": 0.0664,
      "alpha_cap": 0.0544,
      "ev_ema": 0.8686
    },
    {
      "step": 911360,
      "scr_ema": 0.0711,
      "alpha_cap": 0.055,
      "ev_ema": 0.8649
    },
    {
      "step": 913408,
      "scr_ema": 0.0709,
      "alpha_cap": 0.055,
      "ev_ema": 0.868
    },
    {
      "step": 915456,
      "scr_ema": 0.075,
      "alpha_cap": 0.0556,
      "ev_ema": 0.8662
    },
    {
      "step": 917504,
      "scr_ema": 0.0737,
      "alpha_cap": 0.0554,
      "ev_ema": 0.863
    },
    {
      "step": 919552,
      "scr_ema": 0.0712,
      "alpha_cap": 0.055,
      "ev_ema": 0.8665
    },
    {
      "step": 921600,
      "scr_ema": 0.0682,
      "alpha_cap": 0.0546,
      "ev_ema": 0.866
    },
    {
      "step": 923648,
      "scr_ema": 0.078,
      "alpha_cap": 0.056,
      "ev_ema": 0.8639
    },
    {
      "step": 925696,
      "scr_ema": 0.0715,
      "alpha_cap": 0.0551,
      "ev_ema": 0.864
    },
    {
      "step": 927744,
      "scr_ema": 0.0648,
      "alpha_cap": 0.0542,
      "ev_ema": 0.8675
    },
    {
      "step": 929792,
      "scr_ema": 0.0596,
      "alpha_cap": 0.0535,
      "ev_ema": 0.8727
    },
    {
      "step": 931840,
      "scr_ema": 0.0622,
      "alpha_cap": 0.0538,
      "ev_ema": 0.8687
    },
    {
      "step": 933888,
      "scr_ema": 0.0604,
      "alpha_cap": 0.0536,
      "ev_ema": 0.8667
    },
    {
      "step": 935936,
      "scr_ema": 0.0556,
      "alpha_cap": 0.0531,
      "ev_ema": 0.8636
    },
    {
      "step": 937984,
      "scr_ema": 0.0514,
      "alpha_cap": 0.0526,
      "ev_ema": 0.8622
    },
    {
      "step": 940032,
      "scr_ema": 0.0544,
      "alpha_cap": 0.0529,
      "ev_ema": 0.8662
    },
    {
      "step": 942080,
      "scr_ema": 0.0534,
      "alpha_cap": 0.0528,
      "ev_ema": 0.8661
    },
    {
      "step": 944128,
      "scr_ema": 0.0565,
      "alpha_cap": 0.0532,
      "ev_ema": 0.8704
    },
    {
      "step": 946176,
      "scr_ema": 0.0584,
      "alpha_cap": 0.0534,
      "ev_ema": 0.8755
    },
    {
      "step": 948224,
      "scr_ema": 0.0543,
      "alpha_cap": 0.0529,
      "ev_ema": 0.88
    },
    {
      "step": 950272,
      "scr_ema": 0.0551,
      "alpha_cap": 0.053,
      "ev_ema": 0.8812
    },
    {
      "step": 952320,
      "scr_ema": 0.0509,
      "alpha_cap": 0.0526,
      "ev_ema": 0.8856
    },
    {
      "step": 954368,
      "scr_ema": 0.0494,
      "alpha_cap": 0.0524,
      "ev_ema": 0.8897
    },
    {
      "step": 956416,
      "scr_ema": 0.0451,
      "alpha_cap": 0.052,
      "ev_ema": 0.8938
    },
    {
      "step": 958464,
      "scr_ema": 0.0425,
      "alpha_cap": 0.0518,
      "ev_ema": 0.8951
    },
    {
      "step": 960512,
      "scr_ema": 0.0423,
      "alpha_cap": 0.0518,
      "ev_ema": 0.8977
    },
    {
      "step": 962560,
      "scr_ema": 0.0399,
      "alpha_cap": 0.0516,
      "ev_ema": 0.9003
    },
    {
      "step": 964608,
      "scr_ema": 0.0446,
      "alpha_cap": 0.052,
      "ev_ema": 0.904
    },
    {
      "step": 966656,
      "scr_ema": 0.0421,
      "alpha_cap": 0.0518,
      "ev_ema": 0.9017
    },
    {
      "step": 968704,
      "scr_ema": 0.0402,
      "alpha_cap": 0.0516,
      "ev_ema": 0.9014
    },
    {
      "step": 970752,
      "scr_ema": 0.0429,
      "alpha_cap": 0.0518,
      "ev_ema": 0.8977
    },
    {
      "step": 972800,
      "scr_ema": 0.0424,
      "alpha_cap": 0.0518,
      "ev_ema": 0.8951
    },
    {
      "step": 974848,
      "scr_ema": 0.0397,
      "alpha_cap": 0.0516,
      "ev_ema": 0.8991
    },
    {
      "step": 976896,
      "scr_ema": 0.0405,
      "alpha_cap": 0.0516,
      "ev_ema": 0.9015
    },
    {
      "step": 978944,
      "scr_ema": 0.0385,
      "alpha_cap": 0.0515,
      "ev_ema": 0.8977
    },
    {
      "step": 980992,
      "scr_ema": 0.0442,
      "alpha_cap": 0.0519,
      "ev_ema": 0.8962
    },
    {
      "step": 983040,
      "scr_ema": 0.0415,
      "alpha_cap": 0.0517,
      "ev_ema": 0.8959
    },
    {
      "step": 985088,
      "scr_ema": 0.0441,
      "alpha_cap": 0.0519,
      "ev_ema": 0.8943
    },
    {
      "step": 987136,
      "scr_ema": 0.0431,
      "alpha_cap": 0.0519,
      "ev_ema": 0.8968
    },
    {
      "step": 989184,
      "scr_ema": 0.0399,
      "alpha_cap": 0.0516,
      "ev_ema": 0.8926
    },
    {
      "step": 991232,
      "scr_ema": 0.0388,
      "alpha_cap": 0.0515,
      "ev_ema": 0.8891
    },
    {
      "step": 993280,
      "scr_ema": 0.0476,
      "alpha_cap": 0.0523,
      "ev_ema": 0.8779
    },
    {
      "step": 995328,
      "scr_ema": 0.05,
      "alpha_cap": 0.0525,
      "ev_ema": 0.8758
    },
    {
      "step": 997376,
      "scr_ema": 0.0541,
      "alpha_cap": 0.0529,
      "ev_ema": 0.8797
    },
    {
      "step": 999424,
      "scr_ema": 0.0627,
      "alpha_cap": 0.0539,
      "ev_ema": 0.8838
    },
    {
      "step": 1001472,
      "scr_ema": 0.0582,
      "alpha_cap": 0.0534,
      "ev_ema": 0.8877
    }
  ],
  "elapsed_s": 897.5
}