{
  "env": "Hopper-v4",
  "agent": "Optimal_HCGAE_v4",
  "seed": 5,
  "config": {
    "hidden_dim": 256,
    "use_obs_norm": true,
    "use_adv_norm": true,
    "use_lr_anneal": true,
    "eval_mode": "deterministic_mean",
    "scr_ema_alpha": 0.1,
    "scr_relax": 0.05
  },
  "total_steps": 1001472,
  "final_reward": 3630.244586147567,
  "top10_reward": 3630.575567070942,
  "eval_rewards": [
    310.72636111341166,
    625.4280814230606,
    714.5173590103509,
    679.5576704829886,
    894.1314786524712,
    1036.4703916017443,
    1212.401316045057,
    3131.30291701277,
    2105.5094664723247,
    2605.493377475974,
    2997.5532168837863,
    3225.0379859179993,
    3233.199995517248,
    3251.273458936029,
    3260.8133009482194,
    3230.571206598067,
    3250.4488600947166,
    3282.7063734326957,
    3227.6991091051514,
    3268.4048169290804,
    3285.982501374022,
    1827.5099890002778,
    3395.263962899936,
    3468.036271198943,
    3472.1522626652463,
    3494.4567015437,
    3534.2598451111917,
    3558.066441494643,
    3527.794598198493,
    3555.2946423005533,
    2828.360481100616,
    3600.3101098984926,
    3613.91176751632,
    3619.0546805714575,
    3624.1239892143267,
    3607.073855458585,
    3620.4081551735508,
    3612.667198404949,
    3618.7685358867448,
    3620.8141799805826,
    3621.637623536282,
    3625.4886238170934,
    3638.0701737651566,
    3632.406429145363,
    3637.2225794364226,
    3638.1614011968218,
    3630.1186982406603,
    3628.960273701283,
    3629.5658786560098
  ],
  "eval_steps": [
    20480,
    40960,
    61440,
    81920,
    102400,
    122880,
    143360,
    163840,
    184320,
    204800,
    225280,
    245760,
    266240,
    286720,
    307200,
    327680,
    348160,
    368640,
    389120,
    409600,
    430080,
    450560,
    471040,
    491520,
    512000,
    532480,
    552960,
    573440,
    593920,
    614400,
    634880,
    655360,
    675840,
    696320,
    716800,
    737280,
    757760,
    778240,
    798720,
    819200,
    839680,
    860160,
    880640,
    901120,
    921600,
    942080,
    962560,
    983040,
    1001472
  ],
  "diag_log": [
    {
      "step": 901120,
      "scr_ema": 0.0862,
      "alpha_cap": 0.0574,
      "ev_ema": 0.8366
    },
    {
      "step": 903168,
      "scr_ema": 0.0786,
      "alpha_cap": 0.0561,
      "ev_ema": 0.8354
    },
    {
      "step": 905216,
      "scr_ema": 0.0714,
      "alpha_cap": 0.0551,
      "ev_ema": 0.8347
    },
    {
      "step": 907264,
      "scr_ema": 0.0647,
      "alpha_cap": 0.0542,
      "ev_ema": 0.8382
    },
    {
      "step": 909312,
      "scr_ema": 0.0696,
      "alpha_cap": 0.0548,
      "ev_ema": 0.8306
    },
    {
      "step": 911360,
      "scr_ema": 0.0668,
      "alpha_cap": 0.0544,
      "ev_ema": 0.8251
    },
    {
      "step": 913408,
      "scr_ema": 0.0619,
      "alpha_cap": 0.0538,
      "ev_ema": 0.8303
    },
    {
      "step": 915456,
      "scr_ema": 0.0831,
      "alpha_cap": 0.0569,
      "ev_ema": 0.7981
    },
    {
      "step": 917504,
      "scr_ema": 0.0761,
      "alpha_cap": 0.0558,
      "ev_ema": 0.8063
    },
    {
      "step": 919552,
      "scr_ema": 0.083,
      "alpha_cap": 0.0568,
      "ev_ema": 0.8087
    },
    {
      "step": 921600,
      "scr_ema": 0.0759,
      "alpha_cap": 0.0557,
      "ev_ema": 0.8119
    },
    {
      "step": 923648,
      "scr_ema": 0.0724,
      "alpha_cap": 0.0552,
      "ev_ema": 0.8099
    },
    {
      "step": 925696,
      "scr_ema": 0.0748,
      "alpha_cap": 0.0556,
      "ev_ema": 0.8087
    },
    {
      "step": 927744,
      "scr_ema": 0.0717,
      "alpha_cap": 0.0551,
      "ev_ema": 0.8102
    },
    {
      "step": 929792,
      "scr_ema": 0.0934,
      "alpha_cap": 0.0586,
      "ev_ema": 0.742
    },
    {
      "step": 931840,
      "scr_ema": 0.0843,
      "alpha_cap": 0.0571,
      "ev_ema": 0.7534
    },
    {
      "step": 933888,
      "scr_ema": 0.1021,
      "alpha_cap": 0.0603,
      "ev_ema": 0.7419
    },
    {
      "step": 935936,
      "scr_ema": 0.112,
      "alpha_cap": 0.0624,
      "ev_ema": 0.748
    },
    {
      "step": 937984,
      "scr_ema": 0.1145,
      "alpha_cap": 0.0629,
      "ev_ema": 0.7534
    },
    {
      "step": 940032,
      "scr_ema": 0.1144,
      "alpha_cap": 0.0629,
      "ev_ema": 0.7516
    },
    {
      "step": 942080,
      "scr_ema": 0.1119,
      "alpha_cap": 0.0624,
      "ev_ema": 0.7149
    },
    {
      "step": 944128,
      "scr_ema": 0.109,
      "alpha_cap": 0.0617,
      "ev_ema": 0.7155
    },
    {
      "step": 946176,
      "scr_ema": 0.1141,
      "alpha_cap": 0.0628,
      "ev_ema": 0.7182
    },
    {
      "step": 948224,
      "scr_ema": 0.1165,
      "alpha_cap": 0.0634,
      "ev_ema": 0.7163
    },
    {
      "step": 950272,
      "scr_ema": 0.151,
      "alpha_cap": 0.0723,
      "ev_ema": 0.6823
    },
    {
      "step": 952320,
      "scr_ema": 0.1375,
      "alpha_cap": 0.0685,
      "ev_ema": 0.6877
    },
    {
      "step": 954368,
      "scr_ema": 0.1334,
      "alpha_cap": 0.0675,
      "ev_ema": 0.6996
    },
    {
      "step": 956416,
      "scr_ema": 0.1394,
      "alpha_cap": 0.0691,
      "ev_ema": 0.6919
    },
    {
      "step": 958464,
      "scr_ema": 0.1342,
      "alpha_cap": 0.0677,
      "ev_ema": 0.7029
    },
    {
      "step": 960512,
      "scr_ema": 0.1224,
      "alpha_cap": 0.0648,
      "ev_ema": 0.7155
    },
    {
      "step": 962560,
      "scr_ema": 0.1129,
      "alpha_cap": 0.0626,
      "ev_ema": 0.7281
    },
    {
      "step": 964608,
      "scr_ema": 0.1025,
      "alpha_cap": 0.0604,
      "ev_ema": 0.7385
    },
    {
      "step": 966656,
      "scr_ema": 0.0992,
      "alpha_cap": 0.0597,
      "ev_ema": 0.7512
    },
    {
      "step": 968704,
      "scr_ema": 0.0918,
      "alpha_cap": 0.0584,
      "ev_ema": 0.7622
    },
    {
      "step": 970752,
      "scr_ema": 0.0833,
      "alpha_cap": 0.0569,
      "ev_ema": 0.7733
    },
    {
      "step": 972800,
      "scr_ema": 0.0812,
      "alpha_cap": 0.0565,
      "ev_ema": 0.7798
    },
    {
      "step": 974848,
      "scr_ema": 0.0746,
      "alpha_cap": 0.0555,
      "ev_ema": 0.786
    },
    {
      "step": 976896,
      "scr_ema": 0.0815,
      "alpha_cap": 0.0566,
      "ev_ema": 0.7633
    },
    {
      "step": 978944,
      "scr_ema": 0.0828,
      "alpha_cap": 0.0568,
      "ev_ema": 0.7688
    },
    {
      "step": 980992,
      "scr_ema": 0.0839,
      "alpha_cap": 0.057,
      "ev_ema": 0.7757
    },
    {
      "step": 983040,
      "scr_ema": 0.0777,
      "alpha_cap": 0.056,
      "ev_ema": 0.7822
    },
    {
      "step": 985088,
      "scr_ema": 0.0824,
      "alpha_cap": 0.0567,
      "ev_ema": 0.7871
    },
    {
      "step": 987136,
      "scr_ema": 0.0759,
      "alpha_cap": 0.0557,
      "ev_ema": 0.7924
    },
    {
      "step": 989184,
      "scr_ema": 0.0695,
      "alpha_cap": 0.0548,
      "ev_ema": 0.7987
    },
    {
      "step": 991232,
      "scr_ema": 0.0657,
      "alpha_cap": 0.0543,
      "ev_ema": 0.8069
    },
    {
      "step": 993280,
      "scr_ema": 0.061,
      "alpha_cap": 0.0537,
      "ev_ema": 0.816
    },
    {
      "step": 995328,
      "scr_ema": 0.0603,
      "alpha_cap": 0.0536,
      "ev_ema": 0.8194
    },
    {
      "step": 997376,
      "scr_ema": 0.0629,
      "alpha_cap": 0.0539,
      "ev_ema": 0.8138
    },
    {
      "step": 999424,
      "scr_ema": 0.057,
      "alpha_cap": 0.0532,
      "ev_ema": 0.82
    },
    {
      "step": 1001472,
      "scr_ema": 0.0536,
      "alpha_cap": 0.0529,
      "ev_ema": 0.8258
    }
  ],
  "elapsed_s": 1023.1
}