{
  "env": "Hopper-v4",
  "agent": "Optimal_HCGAE_v4",
  "seed": 4,
  "config": {
    "hidden_dim": 256,
    "use_obs_norm": true,
    "use_adv_norm": true,
    "use_lr_anneal": true,
    "eval_mode": "deterministic_mean",
    "scr_ema_alpha": 0.1,
    "scr_relax": 0.05
  },
  "total_steps": 1001472,
  "final_reward": 3360.8145164079274,
  "top10_reward": 3618.559518447984,
  "eval_rewards": [
    307.1381371230991,
    411.9717212215393,
    656.9628999242711,
    707.7628555493972,
    873.2706292190002,
    883.7645739858768,
    926.326576209337,
    926.7771786414589,
    935.3818864218159,
    1066.8872571879983,
    1231.2087848939714,
    3288.9367423002973,
    3327.8766991095786,
    3263.752181582649,
    3278.3402703348925,
    3335.5823194838167,
    3409.093105222797,
    3410.725354564329,
    3388.9120469421987,
    3453.56491578017,
    3479.2744601556246,
    1985.6093925898826,
    2817.188155596927,
    2821.7533373044457,
    3178.7545681629485,
    3520.8827319204306,
    3532.888195532043,
    3550.287947193484,
    3332.2258069583936,
    1795.1300254049347,
    3567.8483442808633,
    3496.627510921272,
    3594.6873484494618,
    1500.863638333928,
    3611.018472810174,
    3302.73733911085,
    3602.6248558946327,
    3607.0547980195406,
    3641.380900568706,
    2818.07161266674,
    3614.4023206415636,
    3443.4288984177047,
    2712.482477822206,
    3427.7150610246144,
    3599.7949588683987,
    3077.618305410683,
    3653.9122252757197,
    3612.2079861970656,
    3648.511317754578
  ],
  "eval_steps": [
    20480,
    40960,
    61440,
    81920,
    102400,
    122880,
    143360,
    163840,
    184320,
    204800,
    225280,
    245760,
    266240,
    286720,
    307200,
    327680,
    348160,
    368640,
    389120,
    409600,
    430080,
    450560,
    471040,
    491520,
    512000,
    532480,
    552960,
    573440,
    593920,
    614400,
    634880,
    655360,
    675840,
    696320,
    716800,
    737280,
    757760,
    778240,
    798720,
    819200,
    839680,
    860160,
    880640,
    901120,
    921600,
    942080,
    962560,
    983040,
    1001472
  ],
  "diag_log": [
    {
      "step": 901120,
      "scr_ema": 0.0597,
      "alpha_cap": 0.0535,
      "ev_ema": 0.8749
    },
    {
      "step": 903168,
      "scr_ema": 0.06,
      "alpha_cap": 0.0536,
      "ev_ema": 0.8794
    },
    {
      "step": 905216,
      "scr_ema": 0.0582,
      "alpha_cap": 0.0534,
      "ev_ema": 0.8811
    },
    {
      "step": 907264,
      "scr_ema": 0.0627,
      "alpha_cap": 0.0539,
      "ev_ema": 0.881
    },
    {
      "step": 909312,
      "scr_ema": 0.0574,
      "alpha_cap": 0.0533,
      "ev_ema": 0.8835
    },
    {
      "step": 911360,
      "scr_ema": 0.0572,
      "alpha_cap": 0.0533,
      "ev_ema": 0.8807
    },
    {
      "step": 913408,
      "scr_ema": 0.0521,
      "alpha_cap": 0.0527,
      "ev_ema": 0.8833
    },
    {
      "step": 915456,
      "scr_ema": 0.0529,
      "alpha_cap": 0.0528,
      "ev_ema": 0.8836
    },
    {
      "step": 917504,
      "scr_ema": 0.0504,
      "alpha_cap": 0.0525,
      "ev_ema": 0.8813
    },
    {
      "step": 919552,
      "scr_ema": 0.0466,
      "alpha_cap": 0.0522,
      "ev_ema": 0.8838
    },
    {
      "step": 921600,
      "scr_ema": 0.0653,
      "alpha_cap": 0.0542,
      "ev_ema": 0.8751
    },
    {
      "step": 923648,
      "scr_ema": 0.0634,
      "alpha_cap": 0.054,
      "ev_ema": 0.8195
    },
    {
      "step": 925696,
      "scr_ema": 0.0636,
      "alpha_cap": 0.054,
      "ev_ema": 0.824
    },
    {
      "step": 927744,
      "scr_ema": 0.0655,
      "alpha_cap": 0.0543,
      "ev_ema": 0.825
    },
    {
      "step": 929792,
      "scr_ema": 0.0681,
      "alpha_cap": 0.0546,
      "ev_ema": 0.8235
    },
    {
      "step": 931840,
      "scr_ema": 0.0663,
      "alpha_cap": 0.0544,
      "ev_ema": 0.8274
    },
    {
      "step": 933888,
      "scr_ema": 0.072,
      "alpha_cap": 0.0552,
      "ev_ema": 0.8235
    },
    {
      "step": 935936,
      "scr_ema": 0.0681,
      "alpha_cap": 0.0546,
      "ev_ema": 0.8278
    },
    {
      "step": 937984,
      "scr_ema": 0.0668,
      "alpha_cap": 0.0544,
      "ev_ema": 0.8348
    },
    {
      "step": 940032,
      "scr_ema": 0.0637,
      "alpha_cap": 0.054,
      "ev_ema": 0.8413
    },
    {
      "step": 942080,
      "scr_ema": 0.0576,
      "alpha_cap": 0.0533,
      "ev_ema": 0.8471
    },
    {
      "step": 944128,
      "scr_ema": 0.0537,
      "alpha_cap": 0.0529,
      "ev_ema": 0.8509
    },
    {
      "step": 946176,
      "scr_ema": 0.0534,
      "alpha_cap": 0.0528,
      "ev_ema": 0.8575
    },
    {
      "step": 948224,
      "scr_ema": 0.0508,
      "alpha_cap": 0.0526,
      "ev_ema": 0.8598
    },
    {
      "step": 950272,
      "scr_ema": 0.0458,
      "alpha_cap": 0.0521,
      "ev_ema": 0.864
    },
    {
      "step": 952320,
      "scr_ema": 0.0472,
      "alpha_cap": 0.0522,
      "ev_ema": 0.8627
    },
    {
      "step": 954368,
      "scr_ema": 0.0435,
      "alpha_cap": 0.0519,
      "ev_ema": 0.8638
    },
    {
      "step": 956416,
      "scr_ema": 0.0465,
      "alpha_cap": 0.0522,
      "ev_ema": 0.8643
    },
    {
      "step": 958464,
      "scr_ema": 0.0455,
      "alpha_cap": 0.0521,
      "ev_ema": 0.8674
    },
    {
      "step": 960512,
      "scr_ema": 0.0576,
      "alpha_cap": 0.0533,
      "ev_ema": 0.8712
    },
    {
      "step": 962560,
      "scr_ema": 0.0532,
      "alpha_cap": 0.0528,
      "ev_ema": 0.8761
    },
    {
      "step": 964608,
      "scr_ema": 0.0589,
      "alpha_cap": 0.0535,
      "ev_ema": 0.8716
    },
    {
      "step": 966656,
      "scr_ema": 0.0542,
      "alpha_cap": 0.0529,
      "ev_ema": 0.8717
    },
    {
      "step": 968704,
      "scr_ema": 0.0613,
      "alpha_cap": 0.0537,
      "ev_ema": 0.8724
    },
    {
      "step": 970752,
      "scr_ema": 0.0626,
      "alpha_cap": 0.0539,
      "ev_ema": 0.8684
    },
    {
      "step": 972800,
      "scr_ema": 0.0627,
      "alpha_cap": 0.0539,
      "ev_ema": 0.8693
    },
    {
      "step": 974848,
      "scr_ema": 0.0569,
      "alpha_cap": 0.0532,
      "ev_ema": 0.8692
    },
    {
      "step": 976896,
      "scr_ema": 0.0612,
      "alpha_cap": 0.0537,
      "ev_ema": 0.8633
    },
    {
      "step": 978944,
      "scr_ema": 0.0558,
      "alpha_cap": 0.0531,
      "ev_ema": 0.8679
    },
    {
      "step": 980992,
      "scr_ema": 0.0529,
      "alpha_cap": 0.0528,
      "ev_ema": 0.8721
    },
    {
      "step": 983040,
      "scr_ema": 0.051,
      "alpha_cap": 0.0526,
      "ev_ema": 0.8732
    },
    {
      "step": 985088,
      "scr_ema": 0.0493,
      "alpha_cap": 0.0524,
      "ev_ema": 0.8724
    },
    {
      "step": 987136,
      "scr_ema": 0.0466,
      "alpha_cap": 0.0522,
      "ev_ema": 0.873
    },
    {
      "step": 989184,
      "scr_ema": 0.053,
      "alpha_cap": 0.0528,
      "ev_ema": 0.8683
    },
    {
      "step": 991232,
      "scr_ema": 0.0556,
      "alpha_cap": 0.0531,
      "ev_ema": 0.8651
    },
    {
      "step": 993280,
      "scr_ema": 0.0536,
      "alpha_cap": 0.0529,
      "ev_ema": 0.8679
    },
    {
      "step": 995328,
      "scr_ema": 0.0515,
      "alpha_cap": 0.0526,
      "ev_ema": 0.8592
    },
    {
      "step": 997376,
      "scr_ema": 0.0596,
      "alpha_cap": 0.0535,
      "ev_ema": 0.8624
    },
    {
      "step": 999424,
      "scr_ema": 0.0567,
      "alpha_cap": 0.0532,
      "ev_ema": 0.8642
    },
    {
      "step": 1001472,
      "scr_ema": 0.0614,
      "alpha_cap": 0.0538,
      "ev_ema": 0.8688
    }
  ],
  "elapsed_s": 1005.5
}