{
  "env": "Hopper-v4",
  "agent": "Optimal_HCGAE_v4",
  "seed": 6,
  "config": {
    "hidden_dim": 256,
    "use_obs_norm": true,
    "use_adv_norm": true,
    "use_lr_anneal": true,
    "eval_mode": "deterministic_mean",
    "scr_ema_alpha": 0.1,
    "scr_relax": 0.05
  },
  "total_steps": 1001472,
  "final_reward": 3550.0242667002703,
  "top10_reward": 3597.865429251615,
  "eval_rewards": [
    317.7037009657242,
    596.1267412787809,
    746.215663222438,
    640.1179932134835,
    969.7638848763615,
    987.2488571259562,
    1249.747047597699,
    1791.1441289628565,
    1078.4081430892893,
    2994.808797254469,
    1049.2381947306772,
    2731.7697551797237,
    3359.7841268621937,
    3333.8550131016746,
    3387.1226711817008,
    3352.038541474645,
    3421.159516582657,
    3462.2663313798644,
    3452.4761455097264,
    2976.782343336689,
    3531.747104692518,
    3220.1139976045556,
    3088.6315702431066,
    3546.4193482493915,
    3537.049228967656,
    3446.7717306857608,
    2088.9684514599917,
    3493.751713861402,
    3543.7419345833596,
    3561.4730347589975,
    3565.9986019968214,
    2015.900705420913,
    3140.2219677629864,
    3467.28046635403,
    3566.0767259029403,
    3577.2354928711707,
    3576.4684210280416,
    3590.8621687494756,
    3590.9476144500586,
    3586.6477611900727,
    3583.969946024145,
    3599.661660744097,
    3603.51546549688,
    3611.4896282158525,
    3618.5730255791436,
    3615.7515291952527,
    3380.8676650965417,
    3486.9846001033716,
    3412.781385357349
  ],
  "eval_steps": [
    20480,
    40960,
    61440,
    81920,
    102400,
    122880,
    143360,
    163840,
    184320,
    204800,
    225280,
    245760,
    266240,
    286720,
    307200,
    327680,
    348160,
    368640,
    389120,
    409600,
    430080,
    450560,
    471040,
    491520,
    512000,
    532480,
    552960,
    573440,
    593920,
    614400,
    634880,
    655360,
    675840,
    696320,
    716800,
    737280,
    757760,
    778240,
    798720,
    819200,
    839680,
    860160,
    880640,
    901120,
    921600,
    942080,
    962560,
    983040,
    1001472
  ],
  "diag_log": [
    {
      "step": 901120,
      "scr_ema": 0.0666,
      "alpha_cap": 0.0544,
      "ev_ema": 0.9027
    },
    {
      "step": 903168,
      "scr_ema": 0.0629,
      "alpha_cap": 0.0539,
      "ev_ema": 0.9048
    },
    {
      "step": 905216,
      "scr_ema": 0.0573,
      "alpha_cap": 0.0533,
      "ev_ema": 0.9069
    },
    {
      "step": 907264,
      "scr_ema": 0.0622,
      "alpha_cap": 0.0538,
      "ev_ema": 0.9067
    },
    {
      "step": 909312,
      "scr_ema": 0.0595,
      "alpha_cap": 0.0535,
      "ev_ema": 0.9093
    },
    {
      "step": 911360,
      "scr_ema": 0.0554,
      "alpha_cap": 0.0531,
      "ev_ema": 0.9098
    },
    {
      "step": 913408,
      "scr_ema": 0.0566,
      "alpha_cap": 0.0532,
      "ev_ema": 0.909
    },
    {
      "step": 915456,
      "scr_ema": 0.0573,
      "alpha_cap": 0.0533,
      "ev_ema": 0.9118
    },
    {
      "step": 917504,
      "scr_ema": 0.0531,
      "alpha_cap": 0.0528,
      "ev_ema": 0.911
    },
    {
      "step": 919552,
      "scr_ema": 0.0526,
      "alpha_cap": 0.0528,
      "ev_ema": 0.9107
    },
    {
      "step": 921600,
      "scr_ema": 0.0496,
      "alpha_cap": 0.0524,
      "ev_ema": 0.9132
    },
    {
      "step": 923648,
      "scr_ema": 0.0517,
      "alpha_cap": 0.0527,
      "ev_ema": 0.9132
    },
    {
      "step": 925696,
      "scr_ema": 0.0468,
      "alpha_cap": 0.0522,
      "ev_ema": 0.9148
    },
    {
      "step": 927744,
      "scr_ema": 0.0455,
      "alpha_cap": 0.0521,
      "ev_ema": 0.9177
    },
    {
      "step": 929792,
      "scr_ema": 0.0458,
      "alpha_cap": 0.0521,
      "ev_ema": 0.9191
    },
    {
      "step": 931840,
      "scr_ema": 0.0538,
      "alpha_cap": 0.0529,
      "ev_ema": 0.9151
    },
    {
      "step": 933888,
      "scr_ema": 0.0525,
      "alpha_cap": 0.0527,
      "ev_ema": 0.9176
    },
    {
      "step": 935936,
      "scr_ema": 0.0475,
      "alpha_cap": 0.0523,
      "ev_ema": 0.9191
    },
    {
      "step": 937984,
      "scr_ema": 0.0531,
      "alpha_cap": 0.0528,
      "ev_ema": 0.917
    },
    {
      "step": 940032,
      "scr_ema": 0.0592,
      "alpha_cap": 0.0535,
      "ev_ema": 0.9136
    },
    {
      "step": 942080,
      "scr_ema": 0.0594,
      "alpha_cap": 0.0535,
      "ev_ema": 0.9045
    },
    {
      "step": 944128,
      "scr_ema": 0.0536,
      "alpha_cap": 0.0529,
      "ev_ema": 0.9049
    },
    {
      "step": 946176,
      "scr_ema": 0.0526,
      "alpha_cap": 0.0528,
      "ev_ema": 0.9056
    },
    {
      "step": 948224,
      "scr_ema": 0.0586,
      "alpha_cap": 0.0534,
      "ev_ema": 0.9
    },
    {
      "step": 950272,
      "scr_ema": 0.054,
      "alpha_cap": 0.0529,
      "ev_ema": 0.9
    },
    {
      "step": 952320,
      "scr_ema": 0.0557,
      "alpha_cap": 0.0531,
      "ev_ema": 0.9046
    },
    {
      "step": 954368,
      "scr_ema": 0.0526,
      "alpha_cap": 0.0528,
      "ev_ema": 0.9088
    },
    {
      "step": 956416,
      "scr_ema": 0.0479,
      "alpha_cap": 0.0523,
      "ev_ema": 0.9085
    },
    {
      "step": 958464,
      "scr_ema": 0.0459,
      "alpha_cap": 0.0521,
      "ev_ema": 0.9097
    },
    {
      "step": 960512,
      "scr_ema": 0.0451,
      "alpha_cap": 0.052,
      "ev_ema": 0.9137
    },
    {
      "step": 962560,
      "scr_ema": 0.0438,
      "alpha_cap": 0.0519,
      "ev_ema": 0.9171
    },
    {
      "step": 964608,
      "scr_ema": 0.0467,
      "alpha_cap": 0.0522,
      "ev_ema": 0.9148
    },
    {
      "step": 966656,
      "scr_ema": 0.0462,
      "alpha_cap": 0.0521,
      "ev_ema": 0.9122
    },
    {
      "step": 968704,
      "scr_ema": 0.0434,
      "alpha_cap": 0.0519,
      "ev_ema": 0.915
    },
    {
      "step": 970752,
      "scr_ema": 0.0478,
      "alpha_cap": 0.0523,
      "ev_ema": 0.9132
    },
    {
      "step": 972800,
      "scr_ema": 0.0435,
      "alpha_cap": 0.0519,
      "ev_ema": 0.9104
    },
    {
      "step": 974848,
      "scr_ema": 0.0451,
      "alpha_cap": 0.052,
      "ev_ema": 0.9141
    },
    {
      "step": 976896,
      "scr_ema": 0.0509,
      "alpha_cap": 0.0526,
      "ev_ema": 0.9081
    },
    {
      "step": 978944,
      "scr_ema": 0.0699,
      "alpha_cap": 0.0549,
      "ev_ema": 0.8806
    },
    {
      "step": 980992,
      "scr_ema": 0.0705,
      "alpha_cap": 0.055,
      "ev_ema": 0.8838
    },
    {
      "step": 983040,
      "scr_ema": 0.0736,
      "alpha_cap": 0.0554,
      "ev_ema": 0.8845
    },
    {
      "step": 985088,
      "scr_ema": 0.0681,
      "alpha_cap": 0.0546,
      "ev_ema": 0.8855
    },
    {
      "step": 987136,
      "scr_ema": 0.0662,
      "alpha_cap": 0.0544,
      "ev_ema": 0.8883
    },
    {
      "step": 989184,
      "scr_ema": 0.0714,
      "alpha_cap": 0.0551,
      "ev_ema": 0.8699
    },
    {
      "step": 991232,
      "scr_ema": 0.076,
      "alpha_cap": 0.0557,
      "ev_ema": 0.8717
    },
    {
      "step": 993280,
      "scr_ema": 0.0684,
      "alpha_cap": 0.0547,
      "ev_ema": 0.875
    },
    {
      "step": 995328,
      "scr_ema": 0.0805,
      "alpha_cap": 0.0564,
      "ev_ema": 0.8665
    },
    {
      "step": 997376,
      "scr_ema": 0.0753,
      "alpha_cap": 0.0556,
      "ev_ema": 0.8686
    },
    {
      "step": 999424,
      "scr_ema": 0.0717,
      "alpha_cap": 0.0551,
      "ev_ema": 0.869
    },
    {
      "step": 1001472,
      "scr_ema": 0.0723,
      "alpha_cap": 0.0552,
      "ev_ema": 0.87
    }
  ],
  "elapsed_s": 1009.6
}