{
  "env": "HalfCheetah-v4",
  "agent": "Optimal_PPO",
  "seed": 3,
  "total_steps": 501760,
  "final_reward": 1489.799529277711,
  "eval_rewards": [
    -552.9329832752474,
    -445.76050941676294,
    -369.33051503361514,
    -303.56956080347265,
    -241.72106288100477,
    -200.12951453964996,
    -105.07469359007784,
    10.866417506195827,
    140.60527156510727,
    247.91837748511563,
    348.54471029868,
    497.0110109720872,
    621.1134736328843,
    712.7280416024338,
    800.3219471501643,
    857.7989334564421,
    919.5541850099105,
    975.6772581516537,
    1042.5911226436897,
    1032.4826648209705,
    1107.1164648765327,
    1125.2193001900048,
    1199.564405513977,
    1227.2708605785851,
    1252.2646455308825,
    1250.4863167479919,
    1264.8686332264085,
    1278.9839382043847,
    1314.2662394226882,
    1172.1979783999814,
    1072.329280148328,
    1374.379365984872,
    1349.4378308809742,
    1395.1205262719063,
    1362.6047118971587,
    1441.7435132537382,
    1091.775071031346,
    1450.8804271742376,
    1434.9950543782575,
    1456.848437101628,
    1443.9293910425965,
    1460.0947431654865,
    1470.8349610482876,
    1499.3255542389888,
    1474.526854601199,
    1466.5864963471472,
    1492.0954638352816,
    1509.7551251036828,
    1506.0337065012445
  ],
  "eval_steps": [
    10240,
    20480,
    30720,
    40960,
    51200,
    61440,
    71680,
    81920,
    92160,
    102400,
    112640,
    122880,
    133120,
    143360,
    153600,
    163840,
    174080,
    184320,
    194560,
    204800,
    215040,
    225280,
    235520,
    245760,
    256000,
    266240,
    276480,
    286720,
    296960,
    307200,
    317440,
    327680,
    337920,
    348160,
    358400,
    368640,
    378880,
    389120,
    399360,
    409600,
    419840,
    430080,
    440320,
    450560,
    460800,
    471040,
    481280,
    491520,
    501760
  ],
  "episode_rewards": [
    -646.8135306524504,
    -630.3672604564296,
    -615.4584653246868,
    -587.8993302194892,
    -570.7206158739319,
    -573.4996217567558,
    -583.2229789664765,
    -564.5472964557297,
    -595.4877138907995,
    -512.1442453573953,
    -521.8378998258149,
    -559.6997870090977,
    -562.6351169854024,
    -506.84042327902336,
    -515.5653755785941,
    -509.6982633092207,
    -454.9910553600902,
    -556.7470558664202,
    -529.7852950411178,
    -406.0719878932505,
    -485.22019120998897,
    -430.92415413438516,
    -453.2575769368987,
    -431.36084269879785,
    -372.6070727052859,
    -401.2007042022244,
    -332.25138501121023,
    -343.6294717184711,
    -387.44834976865866,
    -341.9580595892938,
    -322.14165624721426,
    -266.5383826957957,
    -321.1055243714438,
    -367.5052096724393,
    -344.7901542715717,
    -409.0159741928609,
    -328.83200577191616,
    -361.42697227543334,
    -271.34000677450996,
    -293.14729545100266,
    -305.88498463043237,
    -282.58295542044976,
    -262.1660723756534,
    -276.0440449963905,
    -321.94088005306196,
    -248.15599264704673,
    -235.36613528984313,
    -338.7724439291235,
    -249.28816651069772,
    -263.1707493731779,
    -266.42587554032434,
    -189.03389633922674,
    -201.50347612445762,
    -300.3169720126325,
    -229.9088054641866,
    -172.84403396418452,
    -138.67061343348598,
    -141.51627021995466,
    -221.63111922724943,
    -227.0050740583757,
    -213.52911934009003,
    -138.5550689161925,
    -163.5124794978255,
    -185.41988182799375,
    -123.81562375725284,
    -228.79963384993772,
    -82.8032356705358,
    -131.45479899839495,
    -184.12296931802447,
    -154.35627398905694,
    -171.99481890677038,
    -12.52223105104275,
    -49.06790774830456,
    -35.297182290591984,
    -10.65306199780536,
    -47.918425131250146,
    -54.424078782035174,
    -102.62951243758052,
    20.432684547113507,
    -12.618521292062363,
    44.55500177239631,
    48.880637307444744,
    -46.8066688250683,
    39.28893475478489,
    63.68951953702343,
    144.88443535028952,
    139.6260544643095,
    2.607198151835095,
    93.8366015148338,
    165.68231356129397,
    131.24873901375184,
    167.0656376022595,
    171.29198997257208,
    174.31893323379322,
    138.27996745501866,
    202.50382448385483,
    249.26170520774906,
    210.08773831743602,
    200.9412337531081,
    270.15267961052047,
    320.0385894610776,
    295.7868129351592,
    337.863905881683,
    251.57514368202567,
    321.4127217054331,
    394.2266679909733,
    424.0553494442708,
    172.78418692230937,
    428.80696587213737,
    442.7247628140271,
    378.7515308294805,
    452.2503808064157,
    341.32660362468243,
    451.6012169434312,
    529.3707859278708,
    493.2082654664309,
    380.0026082208696,
    570.7525806568173,
    385.0086971108573,
    505.93132594264466,
    193.67966022395905,
    487.09001651603256,
    534.766027371299,
    580.6713851944538,
    598.6187447002479,
    675.1670499617467,
    571.5400369477899,
    468.074007266093,
    12.369578400091978,
    540.9438132513668,
    618.4260729905363,
    618.6912940150662,
    622.7528762121265,
    693.2312590651594,
    680.520506313063,
    602.8559149840813,
    580.9537640464584,
    661.6278617978246,
    665.894619255085,
    697.8055929273136,
    705.8020664184202,
    681.4713868064904,
    716.4128840159854,
    674.9639736605329,
    800.1807771916335,
    749.5814494708173,
    766.6360140394912,
    750.4915049998853,
    757.0777670412798,
    781.471953431041,
    775.9964773242325,
    806.522336160376,
    755.260756964923,
    845.445213640106,
    820.6889727756471,
    847.3737803533431,
    867.7850958567752,
    824.8706914913362,
    874.6696991958473,
    837.8161845940418,
    854.5288462840125,
    856.5067719147588,
    841.7546888022123,
    926.9830714753026,
    828.2393476920143,
    811.1695345258956,
    878.9301077214974,
    839.0187470513052,
    943.6982784156246,
    954.4448247844696,
    878.6965232542133,
    862.3029059530339,
    936.8812992234714,
    951.0966074707381,
    959.3981440603102,
    819.8792653566616,
    971.8377203390869,
    951.1968206162027,
    978.7306044729272,
    937.0773084872276,
    970.4615263539524,
    921.8000256605789,
    938.862407163849,
    1004.160185638676,
    991.6924106106889,
    1011.5510246596823,
    1034.6081067928224,
    982.7623146725374,
    1055.2252190699005,
    1054.2160132974889,
    1089.0808427064933,
    988.4151839385663,
    993.4584010394898,
    968.3291883878264,
    1025.8567907532038,
    1057.1789574138352,
    1001.9107752667204,
    1100.016490112483,
    915.769461704848,
    987.6045794382271,
    1115.8952587836825,
    1036.2571261196567,
    1036.90785154877,
    1027.5742072697794,
    1113.199311315665,
    1066.3807708861,
    1093.1862920402,
    1061.3847549460388,
    1153.435460245277,
    1078.6103289333519,
    1132.8421392563214,
    1077.296492960557,
    1110.9429282007106,
    1090.4481542254582,
    1134.5942121602095,
    1147.555675201447,
    1152.6938490846119,
    1129.858366041637,
    1110.4602848681243,
    1112.4989958514643,
    1113.4446449635984,
    1154.1091723034353,
    1137.8870023601626,
    1117.8528814737124,
    1071.922310735565,
    1170.0521076838738,
    1209.6952180280284,
    1158.8682479195575,
    1222.263682183312,
    1194.3877115407868,
    1222.4205867190185,
    1178.627427718294,
    1167.4022279010283,
    1224.8429951020933,
    1229.944200541049,
    1190.0961278589657,
    1182.1637372262605,
    1261.0026486700406,
    1150.7549188403916,
    1178.556294331473,
    1215.5553533892478,
    1211.4457729418243,
    1220.2874067204257,
    1259.2001928242344,
    1217.822232724477,
    1233.5345466457932,
    1262.0985254985048,
    1263.485639552097,
    1236.340835121172,
    1256.983542683166,
    1208.129809310494,
    1229.9689060007954,
    1244.069531907788,
    1207.8302716406886,
    1217.8426388923585,
    1221.161918794086,
