{
  "env": "Hopper-v4",
  "agent": "Optimal_HCGAE_v4",
  "seed": 0,
  "config": {
    "hidden_dim": 256,
    "use_obs_norm": true,
    "use_adv_norm": true,
    "use_lr_anneal": true,
    "eval_mode": "deterministic_mean"
  },
  "total_steps": 200000,
  "final_reward": 1272.9411151629708,
  "eval_rewards": [
    123.2667059697798,
    219.74765975633963,
    347.36599311839217,
    657.9462545578101,
    632.9353255659087,
    1201.5259285097245,
    1052.517934415583,
    1200.222982301708,
    814.8968608758831,
    1081.00570231464,
    1043.377392579963,
    825.7931613405477,
    816.9911043461591,
    1139.6326099793828,
    886.1129587736987,
    1070.7845005648062,
    1088.272585399316,
    1303.8505839264155,
    1455.8241382243984,
    1445.9737676999189
  ],
  "eval_steps": [
    10240,
    20480,
    30720,
    40960,
    51200,
    61440,
    71680,
    81920,
    92160,
    102400,
    112640,
    122880,
    133120,
    143360,
    153600,
    163840,
    174080,
    184320,
    194560,
    200000
  ],
  "elapsed_s": 148.3
}