{
  "env": "Hopper-v4",
  "variant": "ADVANCE_Full",
  "seed": 456,
  "final_reward": 2083.7735447865552,
  "best_reward": 2686.802896341124,
  "mean_reward": 1253.7420073616702,
  "all_eval_rewards": [
    70.32165070217194,
    235.0397802190295,
    316.21741952816257,
    325.2667446315806,
    535.7970894384289,
    553.3666706613793,
    519.4754346729457,
    609.1554003767126,
    590.6252322859359,
    552.4786040940085,
    716.9912545186864,
    2180.2560353748795,
    715.8036496648975,
    828.2642649735901,
    867.501624553058,
    725.8098300291152,
    934.4062097257296,
    1026.5330475356707,
    2365.953957358715,
    2060.4329733588065,
    1853.0524219458955,
    2293.995895261901,
    2429.981878733058,
    1975.116003712615,
    2138.5516094306768,
    2686.802896341124,
    2382.937696447353,
    1538.8215249681043,
    2329.5614129442083
  ],
  "eval_steps": [
    10240,
    20480,
    30720,
    40960,
    51200,
    61440,
    71680,
    81920,
    92160,
    102400,
    112640,
    122880,
    133120,
    143360,
    153600,
    163840,
    174080,
    184320,
    194560,
    204800,
    215040,
    225280,
    235520,
    245760,
    256000,
    266240,
    276480,
    286720,
    296960
  ],
  "elapsed_s": 129.6
}