{
  "env": "Hopper-v4",
  "variant": "ADVANCE_Full",
  "seed": 123,
  "final_reward": 3345.2863802607885,
  "best_reward": 3399.2480447590597,
  "mean_reward": 1423.810868371759,
  "all_eval_rewards": [
    67.22882664882624,
    276.1776823070546,
    322.7415026827805,
    324.66399762991284,
    301.829203792436,
    419.8535110075668,
    425.40582311771686,
    429.88276638539054,
    484.5728427190849,
    627.4647006249932,
    668.3614964538586,
    629.421078522604,
    670.0932223628606,
    603.9076534745037,
    684.9758152189443,
    1664.7249782103227,
    1120.1313204681019,
    744.908637330213,
    1268.6439469400168,
    3228.8528218020583,
    3365.4089276666846,
    2948.8118780395303,
    3156.1797079567714,
    1183.4221538604584,
    3253.033999834666,
    2383.957546941294,
    3351.682829672967,
    3284.928266350339,
    3399.2480447590597
  ],
  "eval_steps": [
    10240,
    20480,
    30720,
    40960,
    51200,
    61440,
    71680,
    81920,
    92160,
    102400,
    112640,
    122880,
    133120,
    143360,
    153600,
    163840,
    174080,
    184320,
    194560,
    204800,
    215040,
    225280,
    235520,
    245760,
    256000,
    266240,
    276480,
    286720,
    296960
  ],
  "elapsed_s": 133.7
}