{
  "env": "Hopper-v4",
  "variant": "ADVANCE_ImpB",
  "seed": 42,
  "final_reward": 1828.630909698295,
  "best_reward": 3023.4126238300128,
  "mean_reward": 1198.1212040234634,
  "all_eval_rewards": [
    93.82799527502092,
    262.73767274774696,
    372.75298700536734,
    345.79141098834265,
    697.32800624343,
    441.14347872392636,
    486.67634666596507,
    716.3630731343321,
    685.155783911703,
    2168.2729537559326,
    2371.1610792329498,
    1335.112883369509,
    1115.2702672729592,
    1075.0187473491656,
    1042.4853365151428,
    1843.1880430985082,
    1208.1893656916377,
    1399.7816152847904,
    1601.6063001641587,
    1998.741110092485,
    1140.5970199554463,
    2003.0069842955127,
    1531.3502436334252,
    1037.1958559962525,
    1477.042488637742,
    809.8251385441007,
    792.9814479827135,
    1669.498657282158,
    3023.4126238300128
  ],
  "eval_steps": [
    10240,
    20480,
    30720,
    40960,
    51200,
    61440,
    71680,
    81920,
    92160,
    102400,
    112640,
    122880,
    133120,
    143360,
    153600,
    163840,
    174080,
    184320,
    194560,
    204800,
    215040,
    225280,
    235520,
    245760,
    256000,
    266240,
    276480,
    286720,
    296960
  ],
  "elapsed_s": 116.1
}