{
  "env": "Hopper-v4",
  "variant": "ADVANCE_ImpBC",
  "seed": 42,
  "final_reward": 2679.881896668392,
  "best_reward": 3312.757077786052,
  "mean_reward": 1711.5655319147534,
  "all_eval_rewards": [
    77.68093043003441,
    231.35400607750444,
    277.33121140665304,
    331.01833978542106,
    423.44413895101314,
    411.0766802022298,
    523.9776597353546,
    1170.4514590373221,
    2033.9982284591224,
    2053.1455560713885,
    1434.0706386754186,
    2312.7669031357173,
    1004.7758690663144,
    1401.3636763238533,
    2833.9592003954963,
    1917.1098890509322,
    1501.8425354694396,
    1356.500867477579,
    2822.301876626464,
    1176.182987137208,
    1235.6547174351037,
    2840.1578869634386,
    2929.89384874721,
    3049.791031507874,
    3066.82153016099,
    3179.0830671935946,
    1988.9825182562581,
    3312.757077786052,
    2737.9060939628657
  ],
  "eval_steps": [
    10240,
    20480,
    30720,
    40960,
    51200,
    61440,
    71680,
    81920,
    92160,
    102400,
    112640,
    122880,
    133120,
    143360,
    153600,
    163840,
    174080,
    184320,
    194560,
    204800,
    215040,
    225280,
    235520,
    245760,
    256000,
    266240,
    276480,
    286720,
    296960
  ],
  "elapsed_s": 169.0
}