{
  "ADVANCE_Base": {
    "mean": 3295.658684863698,
    "std": 167.47853120183626,
    "min": 3077.5656119065193,
    "max": 3484.7061355018,
    "seeds": [
      3484.7061355018,
      3077.5656119065193,
      3324.704307182775
    ]
  },
  "ADVANCE_ImpA": {
    "mean": 2498.119202199395,
    "std": 382.4524206546468,
    "min": 2010.18304294407,
    "max": 2944.1850538713575,
    "seeds": [
      2539.9895097827593,
      2944.1850538713575,
      2010.18304294407
    ]
  },
  "ADVANCE_ImpB": {
    "mean": 2272.097665719611,
    "std": 568.662798193811,
    "min": 1828.630909698295,
    "max": 3074.837923467825,
    "seeds": [
      1828.630909698295,
      1912.824163992714,
      3074.837923467825
    ]
  },
  "ADVANCE_ImpC": {
    "mean": 2684.219927711401,
    "std": 475.1329449994585,
    "min": 2039.601747067278,
    "max": 3170.777378826146,
    "seeds": [
      2039.601747067278,
      3170.777378826146,
      2842.2806572407776
    ]
  },
  "ADVANCE_ImpAB": {
    "mean": 2269.187291583749,
    "std": 674.2322476142649,
    "min": 1372.2499469704635,
    "max": 2997.854528239009,
    "seeds": [
      2437.4573995417745,
      1372.2499469704635,
      2997.854528239009
    ]
  },
  "ADVANCE_ImpAC": {
    "mean": 3171.352007049703,
    "std": 218.6935831429853,
    "min": 2866.779617377249,
    "max": 3370.189996145496,
    "seeds": [
      3277.086407626363,
      3370.189996145496,
      2866.779617377249
    ]
  },
  "ADVANCE_ImpBC": {
    "mean": 2313.208137054502,
    "std": 447.41261771425275,
    "min": 1683.2955735803407,
    "max": 2679.881896668392,
    "seeds": [
      2679.881896668392,
      2576.4469409147728,
      1683.2955735803407
    ]
  },
  "ADVANCE_Full": {
    "mean": 2310.0679994128254,
    "std": 769.6848261147757,
    "min": 1501.1440731911327,
    "max": 3345.2863802607885,
    "seeds": [
      1501.1440731911327,
      3345.2863802607885,
      2083.7735447865552
    ]
  }
}