{
  "env": "Ant-v4",
  "agent": "Optimal_PPO",
  "seed": 12,
  "config": {
    "hidden_dim": 256,
    "lr": 0.0003,
    "gamma": 0.99,
    "lam": 0.95,
    "eps_clip": 0.2,
    "n_epochs": 10,
    "batch_size": 64,
    "n_steps": 2048,
    "ent_coef": 0.0,
    "vf_coef": 0.5,
    "max_grad_norm": 0.5,
    "use_obs_norm": true,
    "use_adv_norm": true,
    "use_lr_anneal": true,
    "use_vclip": false,
    "device": "cpu",
    "total_timesteps": 1000000,
    "eval_freq": 20480,
    "n_eval_episodes": 10,
    "eval_mode": "deterministic_mean"
  },
  "total_steps": 1001472,
  "elapsed_s": 1748.0577149391174,
  "final_reward": 3057.173806169624,
  "peak_reward": 3057.173806169624,
  "max_reward": 3372.1186646304936,
  "eval_rewards": [
    991.2850395899671,
    901.0476438892167,
    249.0782281845076,
    4.893812116524226,
    12.680323821149928,
    7.937078898229672,
    4.706511503459124,
    6.70459921780584,
    27.236039101145053,
    16.276799756284458,
    290.0234467699612,
    610.7595003250997,
    453.5652708185964,
    755.4447687300242,
    829.2709990353949,
    925.3367944030164,
    937.4418295241406,
    1012.5753609200868,
    1289.415629253243,
    1289.9418670041066,
    1242.565644099423,
    1485.7055738229715,
    1401.746129669418,
    1180.198383204198,
    1516.240691209953,
    2145.6368610915024,
    2019.8735770389383,
    2094.6185432745983,
    2297.2143632103366,
    2430.1228283137516,
    2659.6219620807465,
    2746.8618981896884,
    2637.770200923368,
    2709.311561705916,
    2591.719660929425,
    2901.856063765891,
    2884.4304986369693,
    2625.3097861155393,
    3062.5077211872203,
    3144.0545324048826,
    2590.897938790897,
    2756.6319692801703,
    3191.8606332542086,
    3218.2556304862765,
    3285.4742740907386,
    2895.5246016183537,
    3047.4865555712404,
    3372.1186646304936,
    3069.4332615689764
  ],
  "eval_steps": [
    2048,
    22528,
    43008,
    63488,
    83968,
    104448,
    124928,
    145408,
    165888,
    186368,
    206848,
    227328,
    247808,
    268288,
    288768,
    309248,
    329728,
    350208,
    370688,
    391168,
    411648,
    432128,
    452608,
    473088,
    493568,
    514048,
    534528,
    555008,
    575488,
    595968,
    616448,
    636928,
    657408,
    677888,
    698368,
    718848,
    739328,
    759808,
    780288,
    800768,
    821248,
    841728,
    862208,
    882688,
    903168,
    923648,
    944128,
    964608,
    985088
  ],
  "episode_rewards": [
    581.0210203040655,
    1521.9488587716755,
    2542.6349060115112,
    2342.8408990013427,
    615.6009032123602,
    395.5240033851371,
    2562.1199040795673,
    2496.050520511681,
    1537.67530895437,
    2574.530947787314,
    2527.332707813634,
    2750.2705739057824,
    427.56309802296414,
    551.9688865994727,
    1996.1277814708358,
    2704.3339173211803,
    2595.94754558821,
    2560.6187095877112,
    2579.3336289856097,
    2714.6025906014797,
    2636.1024007160495,
    2628.5503353032045,
    780.5224248049101,
    383.08283883494414,
    2696.431617881847,
    2596.7751052995764,
    408.0631517950919,
    614.4300687418457,
    2788.435668854925,
    2754.3953391630494,
    2771.000396172816,
    227.1595297996293,
    2730.5361109164405,
    1353.3859553643156,
    1774.3247244701165,
    2352.423402355834,
    2814.6137982039586,
    2100.8394020950836,
    1226.388324354724,
    292.9959738142785,
    1527.120428359279,
    2804.4082679408566,
    2809.9566476086998,
    2910.9338720796145,
    1040.2805856169496,
    2498.178993493389,
    1443.612471219701,
    500.35047615820537,
    2612.1624973458597,
    2692.539917639374,
    318.9754089230497,
    71.58069048818099,
    2408.618366557043,
    1081.3875886617632,
    344.0655849101148,
    2726.501495558049,
    3083.15344961323,
    2683.765447924373,
    106.33188697902018,
    1978.8555407234176,
    2698.526218704119,
    1300.3892281983663,
    2481.024435163896,
    2858.793289323427,
    1172.2849844469956,
    2773.8458211582188,
    2672.9806616607825,
    2692.6323916753868,
    1796.7060665434517,
    2686.389121447152,
    2600.9143846663483,
    2449.248633781979,
    2627.0899299512257,
    2689.7879136155548,
    2765.7451814463766,
    2630.3932239347023,
    1987.5563093317037,
    1508.770611264767,
    2847.9213898918147,
    592.31205470114,
    2761.0701391864754,
    186.57953888415304,
    2764.6391586302657,
    2231.450791746411,
    2795.7793547842703,
    2791.4136027902487,
    2810.506317700192,
    184.8046622878432,
    2661.87503062275,
    2912.934243615549,
    2831.9571749144056,
    2815.2248501941604,
    97.40991658475149,
    514.3493627815727,
    2537.9263840047324,
    2812.8770330804505,
    2898.3370026458283,
    1019.3550007530729,
    2651.4648296866,
    2906.034472861432,
    2831.0524781180793,
    2815.9447111170525,
    2036.416352120816,
    2870.8198420174554,
    2241.813636651847,
    659.4347671725134,
    2736.4808528716662,
    1271.2425004010643,
    9.28172083573647,
    1172.5245888930435,
    2920.566357401426,
    434.2554286788893,
    2855.9381281526994,
    269.524981466459,
    2790.5195203120156,
    2739.167517369162,
    2832.602378847937,
    2906.198360845271,
    1122.68330872932,
    2980.477896264509,
    2429.552624353838,
    735.4125001385697,
    2915.8455131734704,
    2885.0368005370583,
    1674.5635129754369,
    1677.031534656241,
    2815.6493744060326,
    1658.23954504815,
    14.169161684444651,
    415.0360999187169,
    1370.9615174454857,
    2945.9503659821794,
    1929.527191240933,
    2985.31314013995,
    2980.1339554288134,
    2894.150283052173,
    162.50885089678397,
    1414.7425755251697,
    156.86559548983047,
    2630.542029018092,
    2959.2598542113437,
    2898.739948036664,
    2793.191712970181,
    2772.7781333397256,
    875.8409524532419,
    3.351373274653124,
    1790.8417497737737,
    2837.920425301801,
    2637.25591399442,
    2956.8646844553996,
    2811.289271253647,
    2962.6691230115216,
    2915.5658284321858,
    2893.5636494041573,
    1638.8107039608917,
    2647.73177634594,
    3013.3236150906228,
    2890.6039134753346,
    478.9553143160964,
    2679.2854137463355,
    998.4025366992357,
    2836.074586897797,
    1790.5406183813038,
    1629.7339672596586,
    2583.2648978237353,
    2827.310168095235,
    444.6172525296887,
    2823.860331140061,
    2970.2803334962746,
    276.6230667530625,
    2731.81315092772,
    2462.7924954637097,
    3002.3668988572363,
    2708.0504286774444,
    2904.873670766839,
    122.59147793926195,
    400.9324570451091,
    2852.3739572898407,
    2645.3618222766286,
    913.0413318127341,
    2834.0804449733905,
    2391.225432187008,
    2759.213230798762,
    1199.2701221461718,
    2765.641667348165,
    2933.799306583474,
    1653.7403049387208,
    675.3196731577104,
    1437.8817298384163,
    2935.697943810402,
    2742.227368854057,
    2859.845937031633,
    3051.0657153091092,
    2863.7691408774513,
    2809.1398066240736,
    2884.876155269192,
    2939.0342145976765,
    2940.80529626099,
    3050.696147322686,
    2853.2517752608715
  ],