{
  "env": "Ant-v4",
  "agent": "Optimal_PPO",
  "seed": 0,
  "config": {
    "hidden_dim": 256,
    "lr": 0.0003,
    "gamma": 0.99,
    "lam": 0.95,
    "eps_clip": 0.2,
    "n_epochs": 10,
    "batch_size": 64,
    "n_steps": 2048,
    "ent_coef": 0.0,
    "vf_coef": 0.5,
    "max_grad_norm": 0.5,
    "use_obs_norm": true,
    "use_adv_norm": true,
    "use_lr_anneal": true,
    "use_vclip": false,
    "device": "cpu",
    "total_timesteps": 1000000,
    "eval_freq": 20480,
    "n_eval_episodes": 10,
    "eval_mode": "deterministic_mean"
  },
  "total_steps": 1001472,
  "elapsed_s": 1878.6973209381104,
  "final_reward": 2662.8790628779884,
  "peak_reward": 2662.8790628779884,
  "max_reward": 2989.5124447357475,
  "eval_rewards": [
    986.9267155293188,
    825.3535520724238,
    696.3919873663557,
    389.48852336052727,
    145.59927191202175,
    589.5963226188076,
    556.0587575557408,
    404.22042686742225,
    624.9536051351198,
    728.7980417796663,
    659.9934261174936,
    809.890406807496,
    994.507070207801,
    832.4265121859713,
    1223.6391311661869,
    1031.466985011953,
    956.8561605122657,
    1101.6841086843501,
    1345.6010181326064,
    910.7839511688138,
    1167.310508321812,
    1097.1046644960988,
    1070.3780859871797,
    1438.6304206061295,
    1212.469914026381,
    1479.181883145908,
    1599.791896443478,
    1723.0308840537286,
    1869.4489078305444,
    1645.0712046286499,
    2065.3491590444364,
    1585.2380032007572,
    1713.5736857663953,
    2002.5972805042795,
    2123.9202768457562,
    2346.1364279413865,
    2285.859349368798,
    2277.011348498829,
    2506.9365331034473,
    2287.6453919607775,
    2694.186577896324,
    2183.548420307895,
    2264.699787971489,
    2748.705403310082,
    2917.3849483428075,
    2983.5385833458186,
    2989.5124447357475,
    2941.564707895183,
    2618.0043630137557
  ],
  "eval_steps": [
    2048,
    22528,
    43008,
    63488,
    83968,
    104448,
    124928,
    145408,
    165888,
    186368,
    206848,
    227328,
    247808,
    268288,
    288768,
    309248,
    329728,
    350208,
    370688,
    391168,
    411648,
    432128,
    452608,
    473088,
    493568,
    514048,
    534528,
    555008,
    575488,
    595968,
    616448,
    636928,
    657408,
    677888,
    698368,
    718848,
    739328,
    759808,
    780288,
    800768,
    821248,
    841728,
    862208,
    882688,
    903168,
    923648,
    944128,
    964608,
    985088
  ],
  "episode_rewards": [
    2005.8183986171366,
    2342.0424329285693,
    2215.0798064825785,
    2215.5486203102337,
    2322.650146706463,
    1784.6293367783444,
    1142.7678115028098,
    1523.6576951421882,
    2338.6955934515317,
    2490.0343524810187,
    1636.87618146804,
    1320.5077345541195,
    1999.477223823949,
    159.69043714890978,
    42.64328364756078,
    2142.5707217623362,
    559.1621976218837,
    2420.952990873756,
    1688.228068215448,
    2121.5206713772195,
    2309.7906163657854,
    2223.841685269544,
    1565.2570432959105,
    2424.7318750547156,
    2433.806550138226,
    943.8841075656422,
    2266.675072488736,
    1351.3711007413497,
    2320.0981847580915,
    2351.3031702451217,
    459.44430217055424,
    2168.4010814904145,
    1703.6923543694663,
    2110.4531299755836,
    1591.980281600803,
    2347.0507469044846,
    1379.9347639415316,
    532.4295460506046,
    2583.7756294455908,
    2328.7385696072133,
    2302.3100143511747,
    987.1813585376805,
    1882.0254916084332,
    2429.947242547445,
    1396.5781052518523,
    1529.8088724826384,
    1519.1211511076626,
    2098.143149107181,
    2344.4730376017346,
    798.247342786023,
    2214.00329285754,
    2437.887630103179,
    1739.2940795419986,
    2579.6935028947146,
    263.6214016488593,
    559.043717946945,
    1597.5144664730908,
    2358.5385729838817,
    2327.947878209191,
    2309.923184288544,
    2224.3858883314656,
    492.29215331809604,
    2402.6074877406336,
    2404.951722358058,
    2488.324941829989,
    764.1584072116232,
    2363.793271978188,
    129.5728346680347,
    1594.765683198833,
    2391.9911913083106,
    2323.007050774607,
    2045.7150378486099,
    2416.2977329697537,
    2619.428946319376,
    2455.370169100407,
    1678.4331583949227,
    2496.8408261470886,
    2495.345933792218,
    2466.631844414614,
    991.0770180158656,
    2557.517527322581,
    500.1879666495462,
    2360.7510964471317,
    2390.026092146066,
    2492.1397325904522,
    817.8312827795588,
    2569.698787057709,
    980.6805677795656,
    262.27348807690333,
    1844.4974617950948,
    345.6340515810994,
    634.5427147470175,
    2423.870298345024,
    1421.9274029466585,
    2557.6286778349704,
    1943.5445459873276,
    1514.2124639672063,
    1762.9159762691131,
    1140.0020892209484,
    2423.177508500905,
    1474.698630976883,
    1199.1686980636314,
    2482.691864914797,
    254.03108918268657,
    2463.031849520277,
    2449.5276338411786,
    2530.4087083347954,
    89.02853509185297,
    1787.3525198848197,
    897.2166372122895,
    306.9066771272875,
    2276.4894005615392,
    2453.508596365339,
    1049.3365757649208,
    1939.7059724233345,
    2440.9302979369495,
    149.30440084306784,
    1113.997413575208,
    2536.8650589840463,
    1586.5362092581358,
    1561.5782989104068,
    2304.972633709913,
    2432.2458489943037,
    2503.799115899759,
    789.5059911471837,
    2497.5793317425114,
    2531.5964897655385,
    2631.61731341349,
    2536.7301324146815,
    2123.4821697150364,
    276.70343675345623,
    2494.8662976116602,
    1305.9282239635188,
    2674.710534425325,
    2612.244440226158,
    2541.7912477285536,
    2490.8973834738117,
    2189.5821242589877,
    2632.203406264208,
    2634.431894645909,
    2340.338063536988,
    2477.6782565673016,
    2377.819936225933,
    1670.5138734541822,
    730.4093886822002,
    2549.139226134499,
    1460.2782221401326,
    1665.212132197115,
    1962.7359353731863,
    612.4555550563718,
    2636.711474723205,
    2588.9287936541077,
    1780.5717926960374,
    2626.0770545677324,
    1069.5858454962183,
    496.8719229970997,
    2516.348940483719,
    2577.1923126190645,
    2495.658767592001,
    2498.5789961935197,
    2515.909239656117,
    2453.8184342651502,
    2196.8911023804544,
    2555.5612867547816,
    1144.7138459633659,
    2797.3309398552997,
    1990.6086546759652,
    800.970287363178,
    983.5825733663361,
    985.0904810302299,
    1561.562236854523,
    1586.7671121815415,
    2519.4859034939855,
    2603.443352833506,
    2678.57942509282,
    1984.910228225511,
    2762.6877425241396,
    2361.718929032549,
    2604.805691837309,
    2485.8077872675985,
    2610.7712087390555,
    1049.1482889001597,
    2383.6113269544317,
    2281.772794507004,
    215.8290940969083,
    1010.145994803674,
    2709.055239993389,
    328.46203621983256,
    2555.567255658393,
    2376.932953281104,
    1106.1062320568242,
    2546.888313905411,
    2639.9614519664237,
    921.4308657288851,
    2602.2009879470215,
    1463.0100363452236,
    2621.2502671821726,
    2147.1351809105113,
    1472.1687469320034,
    2669.921804071563
  ],