{
  "env": "Ant-v4",
  "agent": "Optimal_PPO",
  "seed": 5,
  "config": {
    "hidden_dim": 256,
    "lr": 0.0003,
    "gamma": 0.99,
    "lam": 0.95,
    "eps_clip": 0.2,
    "n_epochs": 10,
    "batch_size": 64,
    "n_steps": 2048,
    "ent_coef": 0.0,
    "vf_coef": 0.5,
    "max_grad_norm": 0.5,
    "use_obs_norm": true,
    "use_adv_norm": true,
    "use_lr_anneal": true,
    "use_vclip": false,
    "device": "cpu",
    "total_timesteps": 1000000,
    "eval_freq": 20480,
    "n_eval_episodes": 10,
    "eval_mode": "deterministic_mean"
  },
  "total_steps": 1001472,
  "elapsed_s": 1692.98006606102,
  "final_reward": 2619.9116925716307,
  "peak_reward": 2619.9116925716307,
  "max_reward": 3120.3804277298996,
  "eval_rewards": [
    996.6681065584314,
    973.4866697181418,
    525.1411682935316,
    511.7697515580459,
    592.3430622299232,
    162.69737158564823,
    291.428927872522,
    190.16750653602446,
    45.83752324879562,
    398.18203698046375,
    497.7693021002057,
    646.1278012325955,
    718.4950073698483,
    829.3553833240979,
    980.5049835606517,
    1116.4377650420176,
    1322.8937354125349,
    1579.8441193804188,
    1496.8752319252917,
    1459.0622733651392,
    1622.0130092188642,
    1845.074881822948,
    1938.4203083516927,
    2080.9258199075202,
    1621.5327187063187,
    1267.5454075558096,
    1787.1606975816471,
    1906.0979655747171,
    2150.9874158198636,
    2504.1119039254568,
    2619.112138917898,
    2683.670715404412,
    2574.560752530674,
    2549.1707017290164,
    2593.8846937161393,
    2387.0334011853042,
    2821.358915350513,
    2285.065653141926,
    2553.0554709410712,
    2615.846337179196,
    2663.5420903884506,
    2381.882324362398,
    1902.8772210586953,
    2589.7136603407375,
    2242.884950494302,
    2783.036289634886,
    3120.3804277298996,
    3009.482928289298,
    2889.470696238449
  ],
  "eval_steps": [
    2048,
    22528,
    43008,
    63488,
    83968,
    104448,
    124928,
    145408,
    165888,
    186368,
    206848,
    227328,
    247808,
    268288,
    288768,
    309248,
    329728,
    350208,
    370688,
    391168,
    411648,
    432128,
    452608,
    473088,
    493568,
    514048,
    534528,
    555008,
    575488,
    595968,
    616448,
    636928,
    657408,
    677888,
    698368,
    718848,
    739328,
    759808,
    780288,
    800768,
    821248,
    841728,
    862208,
    882688,
    903168,
    923648,
    944128,
    964608,
    985088
  ],
  "episode_rewards": [
    2520.8126254546014,
    957.2376462250076,
    2175.1932032958384,
    2339.3043464538787,
    850.6448677454935,
    135.55002572980854,
    2608.831504379351,
    2574.542319651944,
    162.0114543866052,
    676.0318510994073,
    2646.174189420622,
    2559.745596226959,
    923.4873246965797,
    2561.9129927262834,
    2056.671894390184,
    616.0066442173145,
    675.765606208511,
    2588.6124162846045,
    1625.9529301652271,
    1851.309764476965,
    1736.784622016935,
    811.6135783157811,
    2503.192516019212,
    1560.2989357125725,
    1697.4739528587224,
    2754.2788447891867,
    1954.5921252413236,
    855.9757490276136,
    1091.1254760358754,
    2731.7836052092202,
    914.3844355615497,
    1722.9749868770596,
    2265.603278217936,
    2030.1792233115202,
    2425.399623448443,
    2190.1587503648684,
    2584.3642062597833,
    2708.157398825811,
    1377.0739541518244,
    707.8833546213222,
    2490.9069828069028,
    2472.3461884681697,
    258.3679636551725,
    2180.163554447608,
    1219.7318780592714,
    2628.6464774335263,
    1541.9932965501084,
    2327.8992868381247,
    2618.366546230631,
    2710.4983341509624,
    1180.2856374126736,
    2394.6907112150493,
    513.944805259324,
    2288.1115915699297,
    957.4943767854711,
    2532.6874952598087,
    288.87673048735303,
    2334.412284859439,
    2663.4909121399423,
    2512.0654438002935,
    2626.9559932644656,
    1252.537261828758,
    1960.2909190403436,
    2282.501652230657,
    2282.040807354377,
    2574.775978166671,
    633.6453957639693,
    2651.4550866238933,
    2567.7902870193375,
    893.4357324661352,
    1925.7863063527925,
    1680.5217162488077,
    2660.4113821767087,
    2524.9477590763713,
    1406.8163733484816,
    2243.1641121355256,
    2497.837843291018,
    2771.9478052245686,
    2633.6818715090094,
    1759.0793893473347,
    2632.8385090904735,
    2597.643543642595,
    1436.639118000991,
    2750.804003553208,
    2727.732540869428,
    688.0553510175101,
    1682.806328579531,
    2619.0637153832104,
    1186.5751872855617,
    2637.1018230001573,
    2469.937350546766,
    751.1187629853694,
    2213.4733383319654,
    1739.7140386960107,
    1145.5262882306124,
    2591.9207487618337,
    2518.5413776551404,
    1522.38448979235,
    574.7975199882468,
    2661.8635854500385,
    609.6588525591803,
    906.7178540438211,
    2528.0598975756593,
    2698.3007185524975,
    1033.4270713493327,
    379.52869011372445,
    2681.0248793093074,
    2617.1195872151525,
    368.79796749450435,
    674.8982278250437,
    1150.9210193983251,
    2722.572643881919,
    2662.374558025378,
    2664.912132820431,
    1155.289963021608,
    1087.7579533925177,
    2618.726280255724,
    2621.7436304441117,
    2491.155182174089,
    2624.8084474644747,
    1822.3315575126312,
    2861.7520833413805,
    1455.769863090904,
    2543.689320781694,
    2684.390654833078,
    1984.2548433295378,
    2703.4254306599482,
    2233.883278413442,
    2662.483159882869,
    2341.1220417672894,
    2834.473966424271,
    2497.4331338907105,
    2792.9180235010194,
    2723.1802622084992,
    1184.2312422065206,
    2815.130877683685,
    2587.7988371762976,
    483.073926573573,
    2643.820145763747,
    2651.5103291827836,
    1432.5056320999302,
    245.2627009042647,
    2063.3569994871223,
    670.2614168634394,
    1256.47575365968,
    2588.628869190628,
    1436.0631368642007,
    2627.5744202036917,
    1046.6375846467934,
    1988.0639949924607,
    2681.588638712135,
    1029.5968378174766,
    2730.7478691214706,
    1375.1252283940444,
    820.7762431065844,
    1352.9760949906906,
    1990.9249408550506,
    2502.1188545139803,
    2033.7073590211912,
    1480.3405467752077,
    2419.618154062625,
    1558.64369247168,
    2764.4798648201872,
    1504.5920575412615,
    2105.524470194057,
    2635.0406628607593,
    2703.923236260463,
    2666.4881836884897,
    2137.9854995995856,
    1010.8128724369924,
    655.0044530422836,
    130.5163069054285,
    2269.0248858172995,
    2823.612204185712,
    2724.190626958352,
    2638.3354600887483,
    2568.141698099185,
    2224.6298857559154,
    2683.1218283335234,
    2611.5922365879524,
    2712.42602073456,
    2665.10496906886,
    2634.484307690906,
    2799.4260466114606,
    2508.6057211208163,
    2614.1749016892104,
    2645.429376028138,
    1098.7477044024104,
    2487.4043358601984,
    2705.9261694459965,
    1758.3414968382233,
    2138.1001661171117,
    1060.1382673947505,
    153.38028169769882,
    2623.541063300335,
    1802.3644061472353,
    2786.4413842285935,
    1952.8061110268156,
    2384.0963581899514,
    2508.859534503528
  ],