{
  "env": "Ant-v4",
  "agent": "Optimal_PPO",
  "seed": 15,
  "config": {
    "hidden_dim": 256,
    "lr": 0.0003,
    "gamma": 0.99,
    "lam": 0.95,
    "eps_clip": 0.2,
    "n_epochs": 10,
    "batch_size": 64,
    "n_steps": 2048,
    "ent_coef": 0.0,
    "vf_coef": 0.5,
    "max_grad_norm": 0.5,
    "use_obs_norm": true,
    "use_adv_norm": true,
    "use_lr_anneal": true,
    "use_vclip": false,
    "device": "cpu",
    "total_timesteps": 1000000,
    "eval_freq": 20480,
    "n_eval_episodes": 10,
    "eval_mode": "deterministic_mean"
  },
  "total_steps": 1001472,
  "elapsed_s": 1635.482854127884,
  "final_reward": 2806.708321631952,
  "peak_reward": 2806.708321631952,
  "max_reward": 3245.7343677817585,
  "eval_rewards": [
    991.9222276806291,
    784.8416611151262,
    398.3028517382324,
    464.7038019812332,
    8.864069322791442,
    17.143420543445366,
    25.818931299961786,
    12.04819889715434,
    66.05906956001533,
    240.33461869469343,
    342.2074965833595,
    773.608306873841,
    858.2838040775638,
    993.1591135222461,
    933.7790737769286,
    943.6449804149739,
    985.9900365082743,
    1062.993901225936,
    1255.241700997989,
    1417.0169508833064,
    1685.487242839187,
    1804.279700841213,
    1891.58365806156,
    1911.3612239520367,
    1560.420368495205,
    1891.5397353763688,
    2312.0435565560656,
    2323.8399568866744,
    2452.398993801452,
    1979.9204041222852,
    2538.4806564854325,
    2330.0331377709053,
    2475.323696850339,
    2397.0692644692126,
    2316.730149980134,
    2433.2055311410754,
    2697.8736317600474,
    2683.025848729453,
    2872.676079593345,
    2913.7276377715343,
    2952.134069472683,
    2884.529789218343,
    3050.3247483141463,
    2010.5639166109813,
    2007.0950428932351,
    2732.7320358733878,
    3036.6039520391237,
    3245.7343677817585,
    3233.6376563443255
  ],
  "eval_steps": [
    2048,
    22528,
    43008,
    63488,
    83968,
    104448,
    124928,
    145408,
    165888,
    186368,
    206848,
    227328,
    247808,
    268288,
    288768,
    309248,
    329728,
    350208,
    370688,
    391168,
    411648,
    432128,
    452608,
    473088,
    493568,
    514048,
    534528,
    555008,
    575488,
    595968,
    616448,
    636928,
    657408,
    677888,
    698368,
    718848,
    739328,
    759808,
    780288,
    800768,
    821248,
    841728,
    862208,
    882688,
    903168,
    923648,
    944128,
    964608,
    985088
  ],
  "episode_rewards": [
    2566.1428123484425,
    1547.220817291758,
    2480.922921407919,
    2531.63473113758,
    2499.1540088464835,
    2558.4519864772847,
    2654.6792034175214,
    2481.2630001849425,
    2642.116557331128,
    2078.260915613113,
    2622.2718937432146,
    1376.1671612146497,
    2412.8490642570137,
    1783.3933047226242,
    610.4294452623259,
    2387.410187520133,
    2578.3191076964185,
    2554.3452492112347,
    2597.9496103707943,
    2585.8400808211427,
    2509.507642385251,
    1107.7339096423584,
    2560.8247640276313,
    2640.0944876051753,
    2587.511795076262,
    2496.416700192417,
    553.5573285142234,
    636.0471499577656,
    2649.242002921238,
    2540.043422033247,
    2687.407559415509,
    2621.6248183333228,
    287.4176838847396,
    2624.855412359798,
    2500.80470686598,
    2703.47204004188,
    2682.2712650258304,
    2684.767039462552,
    2630.8138968254248,
    2642.568743201187,
    1737.8283972872796,
    1489.2568333147424,
    2612.7857124962648,
    2014.0433963365685,
    2737.8012389627406,
    2849.903495653158,
    2710.774016724568,
    2576.289927364395,
    442.5897206376363,
    1440.397589376845,
    2542.2387210685333,
    1504.367913311711,
    2533.2440598565554,
    2727.9724735255,
    2742.2268297482105,
    2755.605813729142,
    414.59432413542794,
    460.45855815465507,
    2579.7727589424867,
    2688.745817715162,
    2588.438862204173,
    2725.197545986691,
    2806.4076109516727,
    2611.2727702955253,
    2676.498252057527,
    2575.502210168695,
    2776.6158795801416,
    2809.241780861061,
    2831.940583943866,
    779.6119446315486,
    2710.2944986907128,
    2682.314628393902,
    2696.3854261192055,
    2805.897200317101,
    55.107348996547174,
    2560.1602405060803,
    2814.7577538705505,
    711.699563869906,
    2648.9475558022536,
    224.75393951279335,
    2587.250989200404,
    2662.050813747709,
    2021.867629142314,
    502.12828443623755,
    2607.5421232969184,
    2435.39515120334,
    2760.490770911052,
    1941.2863031602028,
    130.79725563616577,
    2768.942871763202,
    2683.6812885697154,
    2676.535013226318,
    2412.7376301975437,
    2684.295505525138,
    1571.6373336641095,
    2140.295280747112,
    2584.4192758450536,
    2124.8685944812546,
    2769.3246763407064,
    62.329510305601275,
    2613.5155824726685,
    2598.397142299882,
    2598.8175909692395,
    2658.982926263532,
    2750.8103618236287,
    2572.5865400299444,
    2810.165385818525,
    1258.5468518924088,
    2584.8714504773225,
    2646.4946522108517,
    1887.29339177399,
    2563.4781417469226,
    2790.801616267361,
    2735.6620964254707,
    2603.2850933946074,
    2603.388013757085,
    2680.072309111724,
    2614.1506553584472,
    268.178510300339,
    1554.3351711005853,
    2717.603515648655,
    709.4234045824181,
    124.34953737987574,
    2719.4479726345876,
    2397.9014463963804,
    1821.5535228009157,
    1934.426069074054,
    1240.8177642942908,
    2676.1872621387092,
    2794.0052168490874,
    2650.9123554350185,
    2135.9430397512233,
    526.3924059110416,
    2805.113767893311,
    2790.6286155014004,
    1362.7573069404878,
    2660.945004004635,
    233.33542477030898,
    2822.0330062300122,
    2320.402737513931,
    447.880231313849,
    2715.6190448892644,
    2650.3288578521424,
    560.9529453805244,
    2743.9635125071554,
    2594.723703381563,
    2747.446988513122,
    2627.513602260201,
    2904.166181498433,
    435.76542194943244,
    2714.807224821093,
    2336.5307731295065,
    2789.4828457274753,
    2791.8449839604677,
    639.3500058450013,
    1753.5540640401862,
    2747.925171592079,
    2742.8486720909723,
    2609.8021497238237,
    2653.512913295229,
    2617.9501905694656,
    2771.6412372136106,
    2692.4292847211664,
    2194.244506068004,
    2683.4979437312386,
    687.4547387125664,
    2421.5747060213744,
    2773.8523259772587,
    2826.1808761380207,
    2775.7289399086685,
    2659.0351027660763,
    2691.2310513383923,
    1674.0432834779103,
    2618.316679928913,
    2825.5177094468563,
    2606.9501502177714,
    450.4744271550471,
    2867.845708904836,
    2139.359903153334,
    2692.8190549448173,
    1997.2103297523088,
    2642.828117641299,
    2658.5918496561394,
    2668.613419676629,
    2882.911165640364,
    2811.43554358799,
    2818.5007190040938,
    2695.6695230809605,
    2903.3545097012757,
    2842.8632883461587,
    2892.3751266285544,
    2741.6452679762124,
    1682.756889031567,
    651.513016653033,
    2813.7164790087404,
    1178.5100473276827,
    2617.3171933221242,
    814.2119175198701,
    2736.822853316813,
    2869.385374722848
  ],