{
  "env": "Ant-v4",
  "agent": "Optimal_PPO",
  "seed": 13,
  "config": {
    "hidden_dim": 256,
    "lr": 0.0003,
    "gamma": 0.99,
    "lam": 0.95,
    "eps_clip": 0.2,
    "n_epochs": 10,
    "batch_size": 64,
    "n_steps": 2048,
    "ent_coef": 0.0,
    "vf_coef": 0.5,
    "max_grad_norm": 0.5,
    "use_obs_norm": true,
    "use_adv_norm": true,
    "use_lr_anneal": true,
    "use_vclip": false,
    "device": "cpu",
    "total_timesteps": 1000000,
    "eval_freq": 20480,
    "n_eval_episodes": 10,
    "eval_mode": "deterministic_mean"
  },
  "total_steps": 1001472,
  "elapsed_s": 1784.6909549236298,
  "final_reward": 2407.7792567010415,
  "peak_reward": 2407.7792567010415,
  "max_reward": 2642.076983043804,
  "eval_rewards": [
    1021.0580907951875,
    906.8291553943702,
    864.0401646548486,
    662.9606222989198,
    398.63198462233424,
    298.9963354959263,
    480.7451520879132,
    554.518443955166,
    503.96479049147445,
    743.6012684247909,
    746.4807369243739,
    860.3861152562565,
    589.8619223634062,
    889.9942969945135,
    1168.7693149977717,
    1433.0903958579945,
    1146.6240354397048,
    1411.4547356425535,
    1015.1566840869284,
    1258.401352344347,
    1151.98590558572,
    1388.016604359038,
    1337.578166979482,
    1844.222753859638,
    1855.7892750636645,
    1750.3411998380138,
    1856.1253600449477,
    1445.2603738458665,
    1375.4279743861996,
    1657.422262087599,
    2028.2818856886054,
    1983.3238874266076,
    1888.3714671396351,
    1836.402587137353,
    2005.0848284762221,
    2441.888106326312,
    1896.7667503473517,
    1992.9250555653853,
    2537.4700601830127,
    2391.0163636751963,
    2132.0984755934232,
    2332.7560413116385,
    2542.7123492601836,
    2409.772194787227,
    2571.5648101021716,
    2520.454726939817,
    2055.361593900002,
    2642.076983043804,
    2479.979028396953
  ],
  "eval_steps": [
    2048,
    22528,
    43008,
    63488,
    83968,
    104448,
    124928,
    145408,
    165888,
    186368,
    206848,
    227328,
    247808,
    268288,
    288768,
    309248,
    329728,
    350208,
    370688,
    391168,
    411648,
    432128,
    452608,
    473088,
    493568,
    514048,
    534528,
    555008,
    575488,
    595968,
    616448,
    636928,
    657408,
    677888,
    698368,
    718848,
    739328,
    759808,
    780288,
    800768,
    821248,
    841728,
    862208,
    882688,
    903168,
    923648,
    944128,
    964608,
    985088
  ],
  "episode_rewards": [
    1196.6552135114725,
    2294.8289228535277,
    2145.0446733438453,
    296.6427262659875,
    1012.8230163000906,
    2294.0232625063254,
    2119.3542549447857,
    72.0397188629737,
    2175.9482974958837,
    1932.8602980029423,
    536.6367734302712,
    2127.3416875172034,
    1495.8750432250208,
    1102.9600208934564,
    773.3663820511783,
    307.5075591145683,
    1975.1457211587178,
    1489.9484569646083,
    224.40279688317725,
    2154.3934409971575,
    2097.9337723893236,
    440.47338180399436,
    366.5766504467068,
    144.50928908003448,
    2238.2611435519616,
    278.36341337768806,
    1714.4916751988749,
    2088.7223668219194,
    1300.9289281446404,
    2330.040069893056,
    534.6256054707512,
    2174.2911360702196,
    1806.9700100669415,
    542.4257950898425,
    888.5718374727394,
    2172.6997283239334,
    1233.578282212954,
    1585.717842935712,
    2228.9038479653063,
    2239.5863465214197,
    2315.9655368594827,
    117.97200483484643,
    1085.393209498372,
    2209.2806870194145,
    67.2620748865754,
    814.2504060274695,
    2269.4689047839456,
    2258.36070813701,
    2225.3328376076697,
    214.01061135640583,
    2335.977106866919,
    889.5282114718947,
    536.3641406751353,
    2009.4053724379833,
    2184.5171413808434,
    2130.221429025831,
    2203.12862371613,
    2252.605515305158,
    2005.3711224264628,
    2030.4723941264692,
    1317.7633670513412,
    493.5683339955594,
    2186.221883093411,
    2005.529906231069,
    1027.1799660094432,
    1918.8492842659878,
    2213.073684870974,
    1250.8465056474308,
    1255.5460401063017,
    977.2568464094651,
    2322.3343214066354,
    1109.2670848912069,
    1337.0990029966963,
    1780.00469804156,
    2209.3739478464654,
    2289.279814619344,
    1004.5789137804603,
    307.01707132483347,
    2293.7065766068963,
    2289.092336769946,
    21.60023966390349,
    732.9692803764323,
    2112.6277117599548,
    582.2972961772199,
    1007.5879845457752,
    2224.690001790021,
    1151.7872860728685,
    2081.6254856761493,
    2103.9486211013177,
    2257.2525762818395,
    2089.158776161131,
    1890.9919129314799,
    2202.2950077186115,
    2204.096112148045,
    204.2138262938239,
    2033.6797316008606,
    1300.1037421736814,
    1843.9245729045456,
    27.711088564187474,
    1049.0936640740915,
    1756.732803994733,
    2125.5949111706354,
    2194.803683222243,
    2190.203909129893,
    917.7362084619508,
    1881.5079168376014,
    1073.3649548444942,
    2280.0945766536897,
    1499.2813863229514,
    2098.2802278452,
    2248.66500089979,
    2327.689215390614,
    801.5560028806391,
    1092.8230924924248,
    1015.9462673772123,
    1722.1615411568985,
    1399.1357050241184,
    781.0542981568608,
    2249.7847952047205,
    2272.2489021333586,
    1788.0887244811142,
    2078.291399259746,
    828.1299613660309,
    1179.9475224189973,
    2209.8052475027307,
    731.6730129792044,
    926.7496423329893,
    2226.461554904543,
    940.8887020052584,
    1140.1282922326434,
    799.8077994999752,
    2246.2406339371114,
    2214.8684403551742,
    1450.274441637552,
    2249.61102085159,
    2261.537903701427,
    2187.394895733018,
    1541.3557615406196,
    119.34756598127346,
    2028.004934678932,
    626.1728682522119,
    2229.177960822747,
    1524.290427476153,
    1262.1866537151172,
    2106.194791762836,
    876.2603881082781,
    2316.326444159867,
    2340.461750383426,
    2223.5915311153863,
    2199.276608061298,
    2371.8755041313243,
    2339.078512730271,
    2290.1452009689383,
    2187.9887923358915,
    1800.608801206712,
    2224.0462242204417,
    2389.6804936553467,
    2326.806534404387,
    2445.0573970092546,
    2289.0119686048283,
    827.8572787530193,
    2359.5436052606997,
    2048.884623994747,
    775.8324514817044,
    2419.5084122146845,
    985.1169048055083,
    2394.264861396628,
    1132.3634465383498,
    1382.8483124534164,
    1747.0666890716875,
    2377.833109383136,
    388.56701823675456,
    264.619663471829,
    729.1873674343749,
    2292.8499694177813,
    1271.1155372625099,
    387.03485571412995,
    991.3990775300574,
    1528.429455217111,
    224.61005714510665,
    2301.9649912267787,
    805.0263103464829,
    2282.94045339671,
    1035.5012029004527,
    1376.8954792606667,
    2367.6435293993536,
    27.532127162816764,
    2302.5486581425516,
    2242.218219306296,
    2232.655186841724,
    2247.7347968482554,
    2403.4577229092256,
    384.0115673177538,
    873.4414885712335,
    1824.9070679700453,
    2285.9865141140995,
    784.6059969711614,
    749.956078197256,
    2340.301029065417,
    1695.8414845825093
  ],