{
  "env": "Ant-v4",
  "agent": "Optimal_PPO",
  "seed": 19,
  "config": {
    "hidden_dim": 256,
    "lr": 0.0003,
    "gamma": 0.99,
    "lam": 0.95,
    "eps_clip": 0.2,
    "n_epochs": 10,
    "batch_size": 64,
    "n_steps": 2048,
    "ent_coef": 0.0,
    "vf_coef": 0.5,
    "max_grad_norm": 0.5,
    "use_obs_norm": true,
    "use_adv_norm": true,
    "use_lr_anneal": true,
    "use_vclip": false,
    "device": "cpu",
    "total_timesteps": 1000000,
    "eval_freq": 20480,
    "n_eval_episodes": 10,
    "eval_mode": "deterministic_mean"
  },
  "total_steps": 1001472,
  "elapsed_s": 1589.2337930202484,
  "final_reward": 2810.9401452028897,
  "peak_reward": 2758.8960960908335,
  "max_reward": 3121.1718403425016,
  "eval_rewards": [
    999.8352911300432,
    986.1791970645684,
    756.0751750973094,
    175.75684421551725,
    233.03130266869567,
    205.88807766697238,
    300.67633963518995,
    272.7339003667415,
    484.67773908284533,
    514.2699690139298,
    803.7066163112748,
    973.7768940043019,
    1110.5721827633372,
    1076.5924622797563,
    1173.6116466612416,
    1378.5759256009917,
    1292.227400525763,
    1397.0134655785919,
    1468.3902758529127,
    1461.6867469631416,
    1729.1560010346413,
    1869.404976590828,
    1548.8664039664832,
    1862.555537761839,
    1398.1810193612898,
    1742.0488265688068,
    2047.07712776466,
    2048.668604598267,
    1873.3046582340678,
    1585.7890207371452,
    2463.325201584249,
    2510.190548625432,
    2561.5324055459787,
    2632.834420569263,
    2364.9930661695626,
    2442.4827409763325,
    2186.933439976908,
    2725.47689626977,
    2549.221506688123,
    2213.6329426482944,
    2294.7285223313806,
    2760.2498023050075,
    2660.9030731417693,
    3121.1718403425016,
    3089.274006884419,
    2889.11374848514,
    3080.5109633225265,
    2930.1545547591727,
    3069.661997808687
  ],
  "eval_steps": [
    2048,
    22528,
    43008,
    63488,
    83968,
    104448,
    124928,
    145408,
    165888,
    186368,
    206848,
    227328,
    247808,
    268288,
    288768,
    309248,
    329728,
    350208,
    370688,
    391168,
    411648,
    432128,
    452608,
    473088,
    493568,
    514048,
    534528,
    555008,
    575488,
    595968,
    616448,
    636928,
    657408,
    677888,
    698368,
    718848,
    739328,
    759808,
    780288,
    800768,
    821248,
    841728,
    862208,
    882688,
    903168,
    923648,
    944128,
    964608,
    985088
  ],
  "episode_rewards": [
    868.0706653742895,
    2259.3592859752243,
    2148.5558169553788,
    2473.2660358223097,
    2347.1348879705292,
    368.0293638999574,
    2436.455219091792,
    705.8326917605814,
    2524.6936921021656,
    2490.6477908617408,
    874.812925996898,
    943.6193356576821,
    2609.8224900016203,
    2591.2461048336463,
    1389.007943172581,
    1434.0135615604624,
    2443.2883797004297,
    2444.0120932836803,
    267.56316650261465,
    2592.6351580744245,
    434.86399048273427,
    2503.3156405230034,
    1146.3901598746693,
    1164.5448556497365,
    1531.3578745626362,
    2457.836415204498,
    916.0116374013219,
    672.3481634169985,
    2668.4017506066793,
    874.1638494265229,
    2365.5366325651335,
    2317.538646888606,
    1329.5065330346056,
    2140.363324770171,
    568.1280036466752,
    2515.446142337494,
    899.9442673011889,
    2505.7925517417425,
    443.7390643891023,
    2460.966625315139,
    2382.9952993069887,
    1452.19242250963,
    1232.8078757059202,
    389.6258250496054,
    830.6700209301083,
    2503.768720578541,
    2528.6730717620494,
    630.1113780237872,
    685.3653462731302,
    694.8822274525525,
    361.7360797487108,
    2664.6070130775333,
    2664.7569424494627,
    370.8119815170637,
    2646.093115216913,
    2484.0150115964484,
    2573.4956339449955,
    1150.265857849358,
    2572.6493884712036,
    413.9036331192345,
    2709.2888378251437,
    839.8711601766267,
    2339.8857576735854,
    2403.5175053440485,
    2682.403162445122,
    2654.9458509608576,
    515.0237057995096,
    1658.7272101446179,
    2510.0678635448185,
    172.64188042688247,
    2713.2345470654586,
    112.49381917064547,
    2526.8887673426493,
    579.4743310921807,
    1965.7888799269274,
    2121.0625819027578,
    532.4397212763772,
    1291.8083756043534,
    620.8532451622343,
    2652.396519808175,
    997.1211822341434,
    2674.6908566879592,
    2750.3755141833067,
    1238.8890570527851,
    2062.854190597235,
    291.37171806290314,
    2451.057001366959,
    297.5023313772896,
    1452.8844300411233,
    2665.3343203123727,
    2707.1454110196687,
    1158.537231717037,
    1501.6257212702192,
    390.5118195293312,
    2628.2563172135597,
    2542.9772982238983,
    690.55927605447,
    2395.32019139771,
    2682.856311471536,
    307.4287512914759,
    2664.5565470726237,
    430.28991984453705,
    2421.632631117138,
    373.22394027030504,
    374.92126796810817,
    1332.6514976678752,
    2732.882797996071,
    357.88074052636097,
    2566.5824259577653,
    2228.486378967575,
    2187.343413005326,
    1677.3746318458643,
    162.28574150808666,
    679.5044686055344,
    2318.2492795896687,
    2625.7543764567654,
    1643.6218784338753,
    729.6157021339317,
    2770.8384110457223,
    1645.1300073892025,
    705.7714336030665,
    2580.1133313997384,
    1764.1696301107213,
    560.1566964953091,
    402.321748281239,
    2598.82378050704,
    1423.5038556177417,
    2027.279652657543,
    2668.754869038872,
    848.1112834517824,
    2760.3411636567075,
    2601.196880426084,
    132.52156301121778,
    2447.29366673383,
    2377.945802524086,
    1282.8676453525804,
    2871.486630096418,
    2352.7466884066107,
    2519.1522734653163,
    477.089920624618,
    2644.7777103162507,
    2514.95667549349,
    1437.6948882854758,
    2717.916042729648,
    2866.0088711200406,
    2765.2084101925198,
    2567.3878703134937,
    54.145987826498896,
    191.52905088058495,
    615.9138046443686,
    2660.556995439962,
    152.8346215634953,
    2630.041503993405,
    834.537847246049,
    656.317183870234,
    260.8421223345745,
    1139.394683104907,
    2342.185078851476,
    1383.7444777356707,
    2785.4471916079306,
    1802.373376198205,
    771.0020398219475,
    2685.93079176234,
    2597.2749635420955,
    1765.6937898935084,
    1348.2432100506749,
    2326.484724129619,
    2624.8821491036965,
    327.0953608521577,
    2371.59376314749,
    27.024425266659627,
    670.2322907656439,
    911.0248457066944,
    2646.5525634751502,
    271.9826359672468,
    540.6995961291424,
    1012.5568784490586,
    2715.382709640592,
    2772.6472730741752,
    2762.9789864156696,
    2612.0275677599207,
    523.9918155519706,
    1294.7629597261707,
    2798.664819001041,
    1382.8197784761528,
    2741.34250579669,
    1034.6782812510567,
    2110.5303381527924,
    2811.065786587237,
    2352.198813331713,
    141.34736272642192,
    2755.289605367362,
    2822.0942733250495,
    1087.545699233077,
    2791.3555232714953,
    2187.5469913555007,
    1561.5911989329402,
    2675.4733207717413,
    2570.2914333012372,
    192.75144333438263
  ],