{
  "progress": {
    "total_done": 90,
    "total_target": 270
  },
  "results": {
    "Hopper-v4": {
      "Standard_PPO": {
        "mean": 1566.5636280230292,
        "std": 225.945814953336,
        "sem": 41.2518732079434,
        "n": 30
      },
      "Optimal_PPO": {
        "mean": 931.7740551419085,
        "std": 295.8041215960001,
        "sem": 54.00619666704343,
        "n": 30
      },
      "Optimal_HCGAE_v2": {
        "mean": 934.481016050275,
        "std": 258.7727686939058,
        "sem": 47.24522756057296,
        "n": 30
      }
    }
  },
  "timestamp": "2026-04-05 02:53:08"
}