{
  "env": "Hopper-v4",
  "agent": "Standard_PPO",
  "seed": 8,
  "config": {
    "hidden_dim": 256,
    "lr": 0.0003,
    "gamma": 0.99,
    "lam": 0.95,
    "eps_clip": 0.2,
    "n_epochs": 10,
    "batch_size": 64,
    "n_steps": 2048,
    "ent_coef": 0.0,
    "vf_coef": 0.5,
    "max_grad_norm": 0.5,
    "use_obs_norm": false,
    "use_adv_norm": false,
    "use_lr_anneal": false,
    "total_timesteps": 1000000,
    "eval_freq": 20480,
    "n_eval_episodes": 10,
    "eval_mode": "deterministic_mean",
    "scr_ema_alpha": null,
    "clip_c": null,
    "use_dcppo_s": false,
    "dcppo_w_min": 0.1
  },
  "total_steps": 1001472,
  "elapsed_s": 4255.284125089645,
  "final_reward": 1823.0819997687856,
  "max_reward": 3199.2770880142266,
  "eval_rewards": [
    138.9293329070884,
    306.5455654206909,
    487.5552049083153,
    1480.9586007473533,
    2194.3256000435076,
    1502.7755890891417,
    1131.0044493774483,
    787.3788551341191,
    754.2487912386332,
    2742.8075369232365,
    2876.72406760419,
    1005.8335328512146,
    2952.9763306071864,
    3079.050349417348,
    1121.9992920340433,
    2003.9964334647266,
    1583.973750108525,
    3043.1140382815165,
    2982.3215338267646,
    2387.317513674573,
    3103.756520143851,
    1284.3726591698546,
    1031.4244080346575,
    2918.2931752887857,
    2936.791194840635,
    973.7523164085148,
    1192.3789718013943,
    1966.0220093720643,
    1076.6608277410944,
    2974.845415325161,
    3199.2770880142266,
    1316.1440783716998,
    2663.6381297625962,
    2962.2300801593055,
    2915.908707014244,
    2568.025257228882,
    1115.7704234095108,
    1130.4738425306025,
    2917.011012794448,
    1620.675504016192,
    2534.9216337065513,
    1221.90160554678,
    1387.4459077921997,
    1502.1825017355554,
    2713.273799145348,
    1746.4129957595153,
    1852.3400927014368,
    1309.9817982913041,
    2341.6841589929704
  ],
  "eval_steps": [
    2048,
    22528,
    43008,
    63488,
    83968,
    104448,
    124928,
    145408,
    165888,
    186368,
    206848,
    227328,
    247808,
    268288,
    288768,
    309248,
    329728,
    350208,
    370688,
    391168,
    411648,
    432128,
    452608,
    473088,
    493568,
    514048,
    534528,
    555008,
    575488,
    595968,
    616448,
    636928,
    657408,
    677888,
    698368,
    718848,
    739328,
    759808,
    780288,
    800768,
    821248,
    841728,
    862208,
    882688,
    903168,
    923648,
    944128,
    964608,
    985088
  ],
  "episode_rewards": [
    1913.458898280814,
    3406.281731747259,
    1361.5944453629475,
    2648.898815186859,
    3443.7724262895404,
    3343.5720922498363,
    1507.5145087727124,
    1530.7466401830895,
    1363.6274766681759,
    1246.8605349794545,
    1218.7792385642326,
    990.3465486053885,
    1426.6718340655498,
    1237.5787721536137,
    1151.5264513161037,
    1292.696279584425,
    2364.042941782423,
    1393.1398389058336,
    1394.733156360964,
    1366.1981909042852,
    1122.4331786616278,
    1439.0106294780346,
    1723.3596693395812,
    996.2030053438315,
    2043.3799703583568,
    1029.5578358217972,
    3392.026594825145,
    3372.49504119703,
    1064.7734597540734,
    2873.730481354012,
    1465.776365551051,
    1505.847831678848,
    979.6432733203386,
    1583.5202239293349,
    3335.4002475402363,
    3525.028383644391,
    1737.6473890934467,
    3411.6886955338286,
    3421.2445404953114,
    3452.367430832677,
    844.4816125961479,
    1179.8821725591017,
    2074.0201305743585,
    1232.412721539747,
    1077.7247234294848,
    957.6639337865225,
    1800.3790380947553,
    679.9020528753385,
    1179.735416241141,
    1239.0117173249566,
    993.8027511705243,
    1510.357421030417,
    2786.434398183091,
    1254.9377202184287,
    839.9909906530874,
    966.3665810273683,
    2195.1253371797898,
    859.9088662285096,
    1321.4401859752736,
    3406.2585747465014,
    3295.662659473465,
    3413.126433919723,
    1245.0056666471614,
    950.0445757014215,
    1413.7324931471906,
    1194.1039228221816,
    1052.1473361284882,
    1341.9319039738373,
    1162.3100217515941,
    3389.6593682300168,
    3407.099792939973,
    3359.0467761279297,
    2066.565168278478,
    2880.0875203651594,
    1118.1722817723073,
    1320.672057388171,
    1109.717861341238,
    1040.6817823977474,
    1420.6970127602985,
    1475.0833817790474,
    975.2172917511152,
    1019.7144485475043,
    846.7595402877769,
    1211.1778883654904,
    1721.3214126558232,
    1217.1340841601575,
    1014.5107966694029,
    1568.0630204583695,
    950.352076417054,
    2176.2820711553572,
    1076.237809264267,
    1036.0876610657158,
    2873.916406086128,
    1897.8258420448974,
    816.6554700679584,
    788.3333293068407,
    1969.5799234438998,
    1031.6453283926378,
    1571.077762922045,
    889.9948809692729,
    1804.4822591126367,
    1000.6543961639162,
    2773.0286132075043,
    1084.2662235049613,
    949.3338916913906,
    866.9005081337706,
    1354.3752080709467,
    980.8057693101539,
    3547.3666974920816,
    1297.4349810292101,
    906.3889352059434,
    2126.1746370075366,
    1045.7937303006597,
    2405.5840797990413,
    834.0204211916091,
    1599.3876434846986,
    1198.6864345932465,
    2491.936945407953,
    1000.8701214281675,
    3407.081513820609,
    1902.939062947115,
    860.7444427228008,
    1017.561378755389,
    1628.5099358560233,
    800.4948532300199,
    1000.83166970384,
    990.9424551785268,
    969.0674583578617,
    947.2811231410642,
    2003.482445131128,
    851.2318744870549,
    1030.1489185170242,
    3452.4054344164642,
    3406.5969711735565,
    1555.9095396649413,
    3464.842903335442,
    962.6085415002717,
    776.7053142127264,
    1115.1139683767874,
    972.5745819357824,
    967.3767072102404,
    1277.6709354043871,
    972.079375420234,
    635.1672878443595,
    834.5104470040494,
    3225.143795951592,
    1613.2923657520555,
    1251.9396933376186,
    1401.1564069809535,
    1755.4355249964872,
    1179.1861142142604,
    1385.4289789573238,
    1765.5008795053884,
    793.5255748596873,
    833.5757837275966,
    2126.351397571233,
    2758.047932708634,
    1637.6314614982455,
    1062.0519663367731,
    1554.2021552513115,
    856.7289809848604,
    2090.737887979514,
    1291.6855850967681,
    849.377106237999,
    940.4021315274688,
    957.6974933973183,
    882.3236266033673,
    1202.8857529760444,
    1442.0991038397528,
    2482.316780478014,
    1260.871237474496,
    1060.6573943370456,
    3377.190829116832,
    3444.4990469242907,
    1015.3615361322395,
    3202.79104009214,
    2200.8635831667107,
    834.759411977012,
    2692.53879050144,
    1144.7937270446805,
    887.0609978020085,
    3122.3974830908505,
    2144.495118841383,
    1457.1196624145368,
    655.292118242557,
    839.9867354736433,
    3275.9420014461402,
    3231.7270948137025,
    1493.2833980632856,
    847.5342594453723,
    1814.9611130584904,
    2662.3182698992514,
    1576.7571334605789,
    3167.845304418985,
    1724.770167753454,
    1748.2306881578197,
    1380.5651493670068,
    3129.4023369597585,
    3177.1839367663715,
    1855.3441677689066
  ],
  "bhvf_diagnostics": []
}