{
  "env": "Hopper-v4",
  "agent": "Standard_PPO",
  "seed": 0,
  "config": {
    "hidden_dim": 256,
    "lr": 0.0003,
    "gamma": 0.99,
    "lam": 0.95,
    "eps_clip": 0.2,
    "n_epochs": 10,
    "batch_size": 64,
    "n_steps": 2048,
    "ent_coef": 0.0,
    "vf_coef": 0.5,
    "max_grad_norm": 0.5,
    "use_obs_norm": false,
    "use_adv_norm": false,
    "use_lr_anneal": false,
    "total_timesteps": 1000000,
    "eval_freq": 20480,
    "n_eval_episodes": 10,
    "eval_mode": "deterministic_mean",
    "scr_ema_alpha": null,
    "scr_relax": null,
    "clip_c": null,
    "use_dcppo_s": false,
    "dcppo_w_min": 0.1
  },
  "total_steps": 1001472,
  "elapsed_s": 835.2094976902008,
  "final_reward": 1498.6409074857256,
  "max_reward": 3113.8908791947056,
  "eval_rewards": [
    115.15200839095048,
    313.1070791435583,
    340.2524332891723,
    430.134235952599,
    435.7363146339367,
    691.5654250749224,
    840.0058226380861,
    1121.9549883806494,
    1177.988640651146,
    1245.9090922116357,
    1375.7213365170614,
    917.8499419108657,
    932.2102343263086,
    1512.0885851547541,
    976.0689201371113,
    1350.249378267937,
    748.2894971796604,
    1016.1197363189825,
    1611.10611776354,
    3113.8908791947056,
    2264.097704071073,
    2242.846418447498,
    320.6907172199419,
    404.37267599530156,
    500.0661476694892,
    646.5949509777304,
    527.0494394150128,
    1987.7731382916222,
    1444.773256695478,
    1737.8382285410044,
    1599.5514165156724,
    1058.0714881791964,
    1409.5822842689704,
    2325.5901998549502,
    1237.2318069884673,
    1674.604618371794,
    1348.227245941213,
    1604.3181888648216,
    1624.1802640429155,
    1468.7499412180707,
    2428.4186445653786,
    1413.511549049166,
    1353.2437794867794,
    1236.001813963091,
    1124.2895975308297,
    1736.1545697915305,
    1881.0977852497101,
    977.8079586307329,
    1367.1334353719676
  ],
  "eval_steps": [
    2048,
    22528,
    43008,
    63488,
    83968,
    104448,
    124928,
    145408,
    165888,
    186368,
    206848,
    227328,
    247808,
    268288,
    288768,
    309248,
    329728,
    350208,
    370688,
    391168,
    411648,
    432128,
    452608,
    473088,
    493568,
    514048,
    534528,
    555008,
    575488,
    595968,
    616448,
    636928,
    657408,
    677888,
    698368,
    718848,
    739328,
    759808,
    780288,
    800768,
    821248,
    841728,
    862208,
    882688,
    903168,
    923648,
    944128,
    964608,
    985088
  ],
  "episode_rewards": [
    1581.2052053386674,
    1409.436795832523,
    1410.75677864323,
    1072.886259954433,
    1002.8106098093265,
    1656.113900458918,
    517.8138405231358,
    1334.3708480654059,
    487.68218361819675,
    1043.4641671871086,
    526.9255666304787,
    1682.8305051393577,
    952.1636189226886,
    1115.2680570139657,
    810.292660586205,
    793.6685775881025,
    1689.7669899941693,
    1108.572585569875,
    1345.9656832416777,
    1099.0214997111132,
    1423.6179872923324,
    819.0549248589517,
    844.8624012383742,
    2264.340040056514,
    1119.8925028338242,
    837.0018296714387,
    1934.7828503739886,
    1135.674138923179,
    1669.9648589137557,
    834.8877342192724,
    878.6545743807695,
    635.7111710396696,
    1079.709059256921,
    982.8075884938522,
    540.5676167404548,
    2626.38763590435,
    2895.7256475240933,
    596.5300851792738,
    835.2171501589547,
    1111.458537792474,
    2601.7483479546495,
    2580.587993308264,
    799.1350710615451,
    1653.5315147465756,
    2710.985583822073,
    2299.760956906138,
    707.1831998499486,
    2724.0987230306964,
    715.2295563838143,
    1127.3311030259279,
    726.5427487345726,
    2707.820332332402,
    2643.278684519227,
    488.0146128197265,
    2612.1441782152506,
    2876.3884418843313,
    1299.099942088824,
    1033.9724007153052,
    1990.7980742943162,
    1431.217934664378,
    1148.9630456255748,
    2121.0871014743825,
    2677.571035416245,
    830.3757513787406,
    676.1422499806748,
    707.4669713531874,
    1704.6141577418691,
    2765.770632235434,
    1039.4188066786294,
    3010.263094844712,
    2619.8494689441327,
    665.3420553087994,
    835.8726427733952,
    1755.3978032788668,
    2787.1513103819743,
    437.7622407772291,
    1101.6464878185031,
    2061.763111351468,
    732.7778923342798,
    478.87603935657086,
    769.2790645453773,
    677.7001987411132,
    1152.1066863262865,
    1404.0532183293396,
    571.2232775768102,
    803.5409329932488,
    2759.805627271592,
    803.5484332812329,
    1737.6536176878285,
    1392.64725832486,
    784.8867378198206,
    412.5014027821142,
    2475.931347289255,
    653.5357320220685,
    573.4657082379805,
    813.6480868860314,
    872.7409717728423,
    1040.43204010312,
    2706.537138615329,
    1972.5240969372858,
    1026.963445935537,
    1096.028772285592,
    968.5297269566522,
    1176.3373505083812,
    1068.162753306927,
    1200.2136644810337,
    2775.547170059332,
    821.2300880771203,
    908.4822949360713,
    1004.4132273105997,
    818.2197295736053,
    2984.565874009942,
    548.0235182344619,
    2223.5627635390656,
    1009.1041469129293,
    370.98150297140614,
    1344.6622938992064,
    1695.2442953886966,
    1112.7856907161395,
    531.7414196878852,
    1998.0068339709023,
    1648.86404705683,
    1659.1067606440831,
    2110.562265052582,
    1136.777566711096,
    1045.241567980742,
    1138.6945543382749,
    822.0648213590817,
    1671.2758874827214,
    1131.2916872303763,
    1768.5562393214643,
    2157.1910719103025,
    572.8591692351357,
    1096.7887407606986,
    1377.7993344295332,
    1307.6444181814095,
    814.2240209126302,
    735.5592121576482,
    819.0704527345007,
    2386.629275287135,
    1120.3357372321668,
    1571.683802516989,
    1253.6929958606509,
    1010.3955076859078,
    2245.520495616485,
    835.5241978797662,
    1571.5651632245995,
    2768.9087882798194,
    446.77898428322356,
    779.8992172457049,
    982.5572030865978,
    740.9046927010495,
    1720.2858170605564,
    2645.3957773824363,
    828.1563112789055,
    856.0699131645368,
    1397.4997371045326,
    776.2934234211762,
    889.4282388882564,
    875.5731374428914,
    1651.0770150467704,
    843.7490509749107,
    1456.7850936781836,
    866.3071828934103,
    1652.9960749542884,
    819.3914678295712,
    564.6147198262884,
    657.3911122684058,
    2079.3777069102566,
    1355.065051046389,
    1056.4320278649188,
    762.7899003385905,
    1145.1219784258228,
    1725.313965307619,
    1194.6551618268466,
    834.06149581634,
    2800.3188042693478,
    799.0297545079524,
    853.0074697312599,
    743.9682411245612,
    1181.2844274761555,
    1518.2299550453458,
    871.0993134556252,
    918.9538265977642,
    2746.1928055974777,
    723.2576856217838,
    1569.5607300731406,
    1068.3019553077959,
    836.8749690169556,
    724.3446237560365,
    642.5419454753224,
    2773.252686566347,
    2283.542496945412,
    2093.1204841474073,
    791.9188055435495,
    878.3337264938668,
    1346.2223234838675,
    1264.4234789148188,
    1236.3133504652901,
    453.48855304399615
  ],
  "bhvf_diagnostics": []
}