{
  "env": "Hopper-v4",
  "agent": "Standard_PPO",
  "seed": 9,
  "config": {
    "hidden_dim": 256,
    "lr": 0.0003,
    "gamma": 0.99,
    "lam": 0.95,
    "eps_clip": 0.2,
    "n_epochs": 10,
    "batch_size": 64,
    "n_steps": 2048,
    "ent_coef": 0.0,
    "vf_coef": 0.5,
    "max_grad_norm": 0.5,
    "use_obs_norm": false,
    "use_adv_norm": false,
    "use_lr_anneal": false,
    "total_timesteps": 1000000,
    "eval_freq": 20480,
    "n_eval_episodes": 10,
    "eval_mode": "deterministic_mean",
    "scr_ema_alpha": null,
    "clip_c": null,
    "use_dcppo_s": false,
    "dcppo_w_min": 0.1
  },
  "total_steps": 1001472,
  "elapsed_s": 2545.2566730976105,
  "final_reward": 2481.0552999044376,
  "max_reward": 3446.00443610292,
  "eval_rewards": [
    122.16802908406062,
    333.7915264951013,
    479.50579145923746,
    1523.4029520744696,
    1763.3315891429315,
    735.5197056422594,
    1076.197479117058,
    1217.0786124635272,
    1496.7596032077813,
    1738.0052713350826,
    1654.7686984783918,
    2975.471077876271,
    2938.125074311464,
    2301.3021038457337,
    1216.7267813459562,
    1989.7585681180128,
    1667.760129517505,
    2939.278967122719,
    822.4293344636328,
    2592.7434487537294,
    1041.4705500370762,
    1622.7115504565782,
    3332.627794735189,
    3234.001663881175,
    2916.9306927238417,
    1246.5466145425041,
    1420.5768103751811,
    1761.3344435678591,
    1685.8795047837725,
    1023.4740125809719,
    2919.567799893995,
    2396.732435465991,
    1346.7772728801526,
    1181.423285707564,
    3446.00443610292,
    1250.6397762343977,
    1728.4593333365851,
    1972.302378596153,
    1416.500235359141,
    2680.912901784709,
    2502.610124239714,
    2414.4547766789265,
    2761.578155516202,
    3264.5539020185024,
    1946.1684021778558,
    1679.6045529112603,
    2308.782873622039,
    2931.9529414281933,
    2319.9343686669745
  ],
  "eval_steps": [
    2048,
    22528,
    43008,
    63488,
    83968,
    104448,
    124928,
    145408,
    165888,
    186368,
    206848,
    227328,
    247808,
    268288,
    288768,
    309248,
    329728,
    350208,
    370688,
    391168,
    411648,
    432128,
    452608,
    473088,
    493568,
    514048,
    534528,
    555008,
    575488,
    595968,
    616448,
    636928,
    657408,
    677888,
    698368,
    718848,
    739328,
    759808,
    780288,
    800768,
    821248,
    841728,
    862208,
    882688,
    903168,
    923648,
    944128,
    964608,
    985088
  ],
  "episode_rewards": [
    3533.432620297732,
    938.5273040664661,
    1524.142788631261,
    1089.4846300044253,
    1242.0519598341994,
    3601.2277995883155,
    2622.234267733776,
    947.065512525758,
    1440.4512595127767,
    2192.6855121674735,
    1016.28630887798,
    2683.246220678258,
    2462.2166578351303,
    1022.2495991654612,
    3059.881256024771,
    1281.2889952419875,
    1032.6124793895517,
    1103.746122146664,
    1171.1686419569294,
    3475.6189335116733,
    1234.7240170119715,
    1200.337490073722,
    1153.9360885214005,
    1074.173731182699,
    1182.9099773758342,
    1426.4409471214612,
    843.2840152115788,
    1107.757289546661,
    3496.311777162657,
    1898.6669154195642,
    2871.0067850950736,
    3478.0122451556026,
    1075.557803841297,
    860.3311412380824,
    975.2989179640451,
    3188.314364706056,
    1632.723928412657,
    1222.7256915836078,
    1222.9432313588115,
    829.8176102990546,
    1136.3837375500707,
    946.5715419037207,
    976.1514847435665,
    1147.5286043598555,
    1111.526558502864,
    896.8310743013797,
    1007.6879521978244,
    993.5230809336858,
    1014.2526762107253,
    983.9587996803464,
    905.6496125070562,
    751.7166015198214,
    982.912695417442,
    3257.3345597583602,
    960.3645725529309,
    1136.0511325574132,
    1032.7799217111278,
    1774.8774236020124,
    943.2720544899344,
    3477.1498361653025,
    3153.507595408714,
    1112.7393563228738,
    849.2189329851587,
    1275.1665315550194,
    1147.5309148668625,
    3623.1024481047957,
    3496.1105336049704,
    3263.5423354734066,
    1427.6737277423406,
    1281.2008523428005,
    3562.778798329325,
    2346.322759286558,
    867.3042946820435,
    1209.4282162193713,
    1086.9834762480389,
    1370.3028375352508,
    3457.653553959632,
    1019.3464241599627,
    1016.4743277542113,
    1313.508113026207,
    1294.461504137488,
    3009.509697949271,
    3478.8378968236475,
    2235.376780053393,
    1293.5909847850191,
    2786.095125318885,
    1005.2918286227663,
    3465.1288070436854,
    1345.5794763865022,
    1003.7008710370066,
    1660.9063824420662,
    3581.199023233952,
    1148.4732449872101,
    1205.712955085656,
    1275.385175655666,
    1732.3181289305862,
    1019.5777526592258,
    3499.4225130558384,
    3504.266538651639,
    1438.2685115600123,
    1257.6104778014524,
    1969.6315957403406,
    1758.213945296625,
    1259.1301126682908,
    1133.4058510335387,
    1200.4533405053996,
    1532.718097657104,
    1858.6770247644527,
    2161.011836728337,
    2313.7268008275164,
    1538.272842006996,
    1774.4231777019118,
    1590.0108533884,
    2443.6253901895598,
    1252.3469417080962,
    1263.0910354610087,
    1007.7761742527051,
    1066.418292152613,
    1383.2336951555267,
    1152.743782228234,
    1263.4976125338178,
    1301.5990819685962,
    1290.9059056546662,
    1045.369683601611,
    1705.1182503217374,
    1109.7605828612857,
    1255.0828485870009,
    2801.721379825409,
    2182.9256349155953,
    1246.1237750493883,
    3516.825874546741,
    1274.3404674366045,
    3519.0494543107043,
    2126.374748185926,
    1437.8390960799647,
    3565.6932221424427,
    2349.253259771815,
    1878.5523855787087,
    1271.6973833018503,
    1116.4568733578456,
    2741.852743971072,
    1985.6980777584388,
    2108.8048540659724,
    1165.1045868005162,
    1452.637824772446,
    3149.3534233573578,
    2814.4876439599716,
    1393.7401638093454,
    3496.915568992585,
    1279.8561110263918,
    1225.4469157301396,
    1885.1350028635186,
    3335.8837849953325,
    3580.8782211333996,
    3585.105072503235,
    1085.6991504945,
    3546.8883608482324,
    3525.4664698554234,
    1258.2955913644837,
    1557.1473303463179,
    3566.2350097107224,
    1178.7561223951677,
    1388.9524684166793,
    2563.542607160948,
    2706.751743716223,
    1253.634304847868,
    2324.615209543954,
    2381.3978209219504,
    2028.6786251365356,
    3524.5908380308674,
    1219.624128574321,
    1278.1440559172875,
    3577.3517973216763,
    1255.266268612241,
    1843.231412547586,
    939.921469851617,
    970.9816939414778,
    1139.6144561060032,
    2029.9240831925317,
    1051.7704694037045,
    3496.862346931833,
    1596.6702172729338,
    1241.0563586787214,
    1145.0927265785247,
    1298.137958756426,
    1305.4126431118964,
    2968.9874754454418,
    1127.284932569906,
    2374.356971956945,
    1938.9683810798683,
    2288.5711302445793,
    3521.4205119775684,
    1030.9808803906867,
    1021.7454690328935,
    1237.917893186647,
    1012.3816916996213,
    1839.4618183431169,
    1163.9517590098772,
    1553.0965287050274,
    1542.640006898929
  ],
  "bhvf_diagnostics": []
}