{
  "env": "Hopper-v4",
  "agent": "Standard_PPO",
  "seed": 4,
  "config": {
    "hidden_dim": 256,
    "lr": 0.0003,
    "gamma": 0.99,
    "lam": 0.95,
    "eps_clip": 0.2,
    "n_epochs": 10,
    "batch_size": 64,
    "n_steps": 2048,
    "ent_coef": 0.0,
    "vf_coef": 0.5,
    "max_grad_norm": 0.5,
    "use_obs_norm": false,
    "use_adv_norm": false,
    "use_lr_anneal": false,
    "total_timesteps": 1000000,
    "eval_freq": 20480,
    "n_eval_episodes": 10,
    "eval_mode": "deterministic_mean",
    "scr_ema_alpha": null,
    "clip_c": null,
    "use_dcppo_s": false,
    "dcppo_w_min": 0.1
  },
  "total_steps": 1001472,
  "elapsed_s": 2716.296933889389,
  "final_reward": 2242.2791710520114,
  "max_reward": 3205.359519911987,
  "eval_rewards": [
    103.56145245526889,
    326.3751120844076,
    471.87368731806254,
    1077.1523835049968,
    1177.0413797883393,
    1006.6317999619766,
    2097.4901625519224,
    1105.2288001633917,
    1117.2981685730977,
    1073.8560661476238,
    1257.4369412825592,
    1079.0390940029642,
    1033.6004846422643,
    1019.4548156908479,
    1091.6445490025221,
    1690.8579510765471,
    3103.770315316856,
    3126.006138530281,
    3205.359519911987,
    1370.0395383828782,
    3173.9160842434985,
    1865.0991033099558,
    1314.7111351939402,
    794.0755920862405,
    2112.353109602437,
    3038.6847605366174,
    2911.645413759909,
    2256.397906236834,
    971.8235865818903,
    2423.4914917558176,
    2478.5951621223053,
    1599.2389206729124,
    2472.6461355337115,
    2177.869496743635,
    2114.5558501604983,
    2204.1042324651294,
    1746.2787813448754,
    3026.193102163583,
    3062.6281832516897,
    2079.4342855947843,
    3170.271299587407,
    1281.6264730649248,
    3151.0431852833362,
    1761.453609301907,
    1589.574989744492,
    3002.638052984171,
    2341.0907108772585,
    1009.7382949849107,
    3035.9208090969214
  ],
  "eval_steps": [
    2048,
    22528,
    43008,
    63488,
    83968,
    104448,
    124928,
    145408,
    165888,
    186368,
    206848,
    227328,
    247808,
    268288,
    288768,
    309248,
    329728,
    350208,
    370688,
    391168,
    411648,
    432128,
    452608,
    473088,
    493568,
    514048,
    534528,
    555008,
    575488,
    595968,
    616448,
    636928,
    657408,
    677888,
    698368,
    718848,
    739328,
    759808,
    780288,
    800768,
    821248,
    841728,
    862208,
    882688,
    903168,
    923648,
    944128,
    964608,
    985088
  ],
  "episode_rewards": [
    1473.5358603019056,
    774.4486852235553,
    1524.4775759735437,
    1254.028976483404,
    1036.865059414795,
    3277.92449828464,
    1692.0462724894728,
    1607.1195400957972,
    1150.6059030662252,
    1188.3744481218976,
    2128.8707793041585,
    1019.3906298107667,
    1039.1047728689723,
    1146.3783800507981,
    1140.707038535917,
    1951.0466638080425,
    1474.2903424733436,
    1731.7793952442432,
    1209.4570683065901,
    862.0833993485033,
    954.241306913064,
    950.4392683907323,
    957.7726227553429,
    1198.1845249655144,
    3275.1011955645904,
    2018.904052476189,
    2982.243385138169,
    1507.5208263491595,
    1233.714984141855,
    1372.753289858681,
    3272.8314285303195,
    2824.2133215540407,
    862.0432866037072,
    846.6655361768431,
    104.55844312097906,
    1000.9954052677258,
    1218.3614866580026,
    872.8470020296952,
    3258.5118391578817,
    3230.060528854161,
    1034.1413379857563,
    926.533452542111,
    3233.42579534378,
    3210.300943126453,
    3218.7695454901245,
    958.0634996009564,
    3201.259374737329,
    959.7294038230162,
    963.460709487722,
    882.1584338276588,
    3230.8403023136316,
    849.8311095582999,
    3244.0598830282024,
    950.5046223769467,
    2968.8457762397675,
    700.0952898445307,
    1246.361900002995,
    1201.5047717251086,
    2009.8901598004252,
    2164.114233739858,
    1469.547695645554,
    611.4004716974697,
    1400.8481828963581,
    3278.063446102645,
    3269.528912653955,
    1575.5690139929548,
    3267.7932687276643,
    2281.664007052897,
    1196.128270278287,
    1947.5490854229545,
    896.8141599354005,
    1714.8226670638924,
    3284.244906556908,
    1747.6761335663273,
    1208.0556905618887,
    1982.7044959288708,
    942.2232129347288,
    961.4233502476736,
    943.4422252227095,
    2390.523635350168,
    2988.140023174395,
    947.193849330057,
    1456.961319339532,
    1880.5754668029808,
    3230.105566114166,
    1256.1051848134678,
    916.3919478181226,
    691.9528306882993,
    3253.760601385128,
    932.5369068565608,
    3203.6969715622704,
    3225.123611544185,
    3155.2612493007205,
    2099.3326614324824,
    109.99044468258319,
    1980.3848056211277,
    1655.9945303498073,
    3303.5601071088063,
    2646.483182569028,
    1120.6625946276897,
    1727.276696349581,
    2254.812948831037,
    1511.6980229134235,
    1896.8655787811012,
    2291.715143827347,
    1986.411275437203,
    921.133168690944,
    925.381702939775,
    2518.2206662182566,
    1671.1712991482605,
    1763.2074039393826,
    3296.067911525184,
    979.5394419238106,
    3360.1856679879374,
    1786.752098876564,
    1386.7661945485152,
    1378.1948153515416,
    3275.1427765827584,
    972.9176519223746,
    946.9986790012617,
    720.647344000189,
    961.7798160679024,
    1195.8397059035265,
    1002.3374046015012,
    1568.7345925927325,
    1102.1872347843514,
    1213.2479239180384,
    776.8708981008664,
    1202.2528596535758,
    1169.9735488195777,
    911.0815672710463,
    924.5233331574283,
    1194.9821994436288,
    956.3767413026017,
    968.983239124798,
    998.4088970134511,
    969.6953909978679,
    963.4182806545687,
    1055.9970693801108,
    1964.987075965543,
    878.9477474480495,
    946.4454959171812,
    945.689609953755,
    968.2813315864208,
    1178.9151855301245,
    1564.6171809835043,
    2743.8526970647627,
    2556.8168164814733,
    1210.1935019297696,
    955.5584294662598,
    1953.990447458114,
    983.4574779059267,
    1983.1130794214012,
    967.9953618063371,
    953.4625381288758,
    1165.3330263675805,
    959.5760007728287,
    1203.714288315414,
    3242.8901369173127,
    1758.3794474535107,
    3201.8609239427556,
    672.5263021776921,
    963.057043115253,
    3324.4510338617247,
    1038.725587030297,
    926.0509976954596,
    1373.527927129651,
    1016.0628006972564,
    1864.4465990726026,
    3257.550962899664,
    947.8334563302571,
    2575.174791371029,
    1422.7377768672663,
    2199.555955542873,
    3250.337326454728,
    1777.1317233591249,
    1585.302024189378,
    2585.076292204115,
    1802.3444709881123,
    3251.374690814185,
    3264.3076826738807,
    3167.083155295743,
    3333.6523820469424,
    1675.1808086658268,
    1224.3863686964014,
    2814.144560752607,
    1220.4579530488209,
    990.7242140580761,
    1316.9262173737704,
    1343.5456537619918,
    1171.42328101059,
    1157.1848626762585,
    1321.5926193205607,
    1221.652206397924,
    1616.8507090108133,
    1506.1963865986045,
    1419.3217206672823,
    1556.8861158129669,
    1520.521531689163,
    2533.4917568913925
  ],
  "bhvf_diagnostics": []
}