{
  "env": "HalfCheetah-v4",
  "agent": "Optimal_GRPO",
  "seed": 2,
  "config": {
    "hidden_dim": 256,
    "lr": 0.0003,
    "gamma": 0.99,
    "lam": 0.95,
    "eps_clip": 0.2,
    "n_epochs": 10,
    "batch_size": 64,
    "n_steps": 2048,
    "ent_coef": 0.0,
    "vf_coef": 0.5,
    "max_grad_norm": 0.5,
    "use_obs_norm": true,
    "use_adv_norm": true,
    "use_lr_anneal": true,
    "use_vclip": false,
    "device": "cpu",
    "total_timesteps": 500000,
    "eval_freq": 20480,
    "n_eval_episodes": 10,
    "eval_mode": "deterministic_mean"
  },
  "total_steps": 501760,
  "elapsed_s": 793.0873908996582,
  "final_reward": 1155.6832747372296,
  "peak_reward": 1155.6832747372296,
  "max_reward": 1254.1991531662509,
  "eval_rewards": [
    -1.0865622371179395,
    -8.76172560501264,
    -40.8460529790867,
    -112.49237325521332,
    -54.87453010908807,
    -65.93925777201346,
    -155.5831942589205,
    -100.56523230021196,
    -93.9463378089981,
    -156.93616609112377,
    -131.24453166772795,
    -33.177255877266546,
    34.04660696960629,
    244.73568392288152,
    1127.405200710883,
    952.1707303644189,
    1140.0770026309133,
    1123.8715848305924,
    1084.3422073231618,
    1141.6981766035135,
    1169.9455212003388,
    1226.822108679032,
    1230.7417330473645,
    1232.9645295267076,
    1254.1991531662509
  ],
  "eval_steps": [
    2048,
    22528,
    43008,
    63488,
    83968,
    104448,
    124928,
    145408,
    165888,
    186368,
    206848,
    227328,
    247808,
    268288,
    288768,
    309248,
    329728,
    350208,
    370688,
    391168,
    411648,
    432128,
    452608,
    473088,
    493568
  ],
  "episode_rewards": [
    619.2767494462194,
    607.213165523207,
    601.330001996439,
    670.7644735981007,
    641.9285562625909,
    730.0133052430709,
    690.0002529874197,
    694.7054591651198,
    602.2834458226713,
    691.9002861239533,
    727.3737357855633,
    698.1636286768221,
    650.7032715458786,
    635.0906848025044,
    747.8297434370286,
    716.9455500448602,
    529.8098913873257,
    701.4527475891392,
    715.0193083234033,
    753.7372610057093,
    698.7004449683458,
    716.5950656360945,
    721.1834235765608,
    721.7329413896617,
    740.461866206312,
    671.7299027821068,
    663.8835661601898,
    736.5044760151582,
    720.7625056280762,
    745.9465235026423,
    733.284621624295,
    663.8333344809511,
    771.3900191003229,
    705.8402650669153,
    605.617870225921,
    705.7486602883446,
    745.0718889552546,
    719.1895631572169,
    732.2233099521292,
    747.9523044361391,
    661.7131242854882,
    697.2668699844264,
    804.0507584067838,
    602.9612997346568,
    616.6649558978722,
    731.1064552216839,
    722.0638292349304,
    744.4008002071357,
    705.9131747742592,
    555.0561916011125,
    628.8472412934926,
    477.9728067126801,
    718.1566232620106,
    749.1077654728253,
    693.6802273621759,
    750.2091344527051,
    767.5860300548281,
    724.0062888035985,
    675.9125155381247,
    628.774570797951,
    697.945057161902,
    796.6543281222246,
    738.2708690229503,
    700.7591924261325,
    616.9487410975663,
    786.6946351499774,
    710.700858572603,
    679.1602726438488,
    690.5791172863918,
    776.2128871911348,
    729.2272641955665,
    736.6596297904094,
    796.8597323693538,
    690.5317365383395,
    791.5505021093354,
    796.4542880530603,
    610.146379098051,
    720.7942802332144,
    769.3523252990711,
    625.5819453688424,
    668.0051639845163,
    775.0221592739406,
    778.1174882307707,
    692.7790271853527,
    674.2020569311193,
    797.1636133287374,
    759.739814465125,
    834.2658658555091,
    756.6973603525306,
    786.9275081914376,
    763.5756549737451,
    772.0022974699625,
    763.7930301096837,
    795.029025005875,
    734.6696925555264,
    799.6787687930927,
    774.3867964512276,
    735.3949654627065,
    786.9782544250352,
    722.8014187507455,
    810.2498079546622,
    699.9768024878628,
    795.7797831770165,
    775.491240695027,
    785.734868113332,
    807.729569278735,
    762.2744014836063,
    795.6069495555968,
    795.8765179770029,
    828.3830960504031,
    724.7181011472787,
    802.0701828446013,
    752.2980401705777,
    856.9367407039568,
    847.5561256624454,
    715.5447682033997,
    833.1694659941243,
    772.9104132248608,
    726.5564558722435,
    820.9367935000024,
    791.8879332825859,
    835.7609042815285,
    842.9991533347843,
    794.688238160766,
    751.6628112177699,
    794.3820564257409,
    803.3904475400318,
    784.6694334492703,
    746.7523117334933,
    760.4246773055286,
    779.1619729321197,
    765.0989045354726,
    796.4579816485572,
    795.1199946749596,
    920.3082605308775,
    709.8964510939212,
    831.5775954334846,
    818.4069532996998,
    835.2614929219161,
    887.3733809015985,
    747.4081385983565,
    888.8831081459545,
    906.3535750820621,
    798.3609722304917,
    849.6857985567893,
    857.8152066384812,
    880.4827953377159,
    856.6798261088112,
    793.4351238887132,
    856.8567006795796,
    888.3301189042022,
    863.9551694599706,
    817.4962198983529,
    803.643250911986,
    778.1264304746077,
    860.2381269180854,
    829.8539661688482,
    816.312818844741,
    870.9643274917242,
    833.4352505212931,
    915.1245785332488,
    829.2901511356166,
    839.8399732561376,
    872.2483521164144,
    880.8229975908026,
    825.7621573157437,
    867.7258689351473,
    906.1975421732433,
    852.6098802999232,
    857.1276021030009,
    802.6024179197857,
    861.4746630091552,
    755.2640311366434,
    830.8228317582887,
    749.7560680945827,
    860.300122234944,
    813.3352278567397,
    887.6362434292295,
    869.7503439151957,
    852.9193133977192,
    751.9879837835865,
    915.4080941219294,
    808.3047753073095,
    922.2387286772837,
    814.4826207967499,
    854.794999185781,
    918.0572117038873,
    875.6859637264173,
    847.5258253543186,
    883.9727645896371,
    887.9836494047431,
    914.339967855689,
    760.208462289698,
    827.8601913328047,
    871.2926000594877,
    839.0181307285636,
    829.7860025992044,
    829.3130263457546,
    919.8911374117325,
    802.9505568301479
  ],
  "diagnostics": [
    {
      "step": 2048
    },
    {
      "step": 22528
    },
    {
      "step": 43008
    },
    {
      "step": 63488
    },
    {
      "step": 83968
    },
    {
      "step": 104448
    },
    {
      "step": 124928
    },
    {
      "step": 145408
    },
    {
      "step": 165888
    },
    {
      "step": 186368
    },
    {
      "step": 206848
    },
    {
      "step": 227328
    },
    {
      "step": 247808
    },
    {
      "step": 268288
    },
    {
      "step": 288768
    },
    {
      "step": 309248
    },
    {
      "step": 329728
    },
    {
      "step": 350208
    },
    {
      "step": 370688
    },
    {
      "step": 391168
    },
    {
      "step": 411648
    },
    {
      "step": 432128
    },
    {
      "step": 452608
    },
    {
      "step": 473088
    },
    {
      "step": 493568
    }
  ]
}