{
  "env": "Hopper-v4",
  "agent": "Optimal_PPO",
  "seed": 6,
  "config": {
    "hidden_dim": 256,
    "lr": 0.0003,
    "gamma": 0.99,
    "lam": 0.95,
    "eps_clip": 0.2,
    "n_epochs": 10,
    "batch_size": 64,
    "n_steps": 2048,
    "ent_coef": 0.0,
    "vf_coef": 0.5,
    "max_grad_norm": 0.5,
    "use_obs_norm": true,
    "use_adv_norm": true,
    "use_lr_anneal": true,
    "total_timesteps": 1000000,
    "eval_freq": 20480,
    "n_eval_episodes": 10,
    "eval_mode": "deterministic_mean",
    "scr_ema_alpha": null,
    "clip_c": null,
    "use_dcppo_s": false,
    "dcppo_w_min": 0.1
  },
  "total_steps": 1001472,
  "elapsed_s": 3158.2055909633636,
  "final_reward": 3272.685854514217,
  "max_reward": 3637.079535489457,
  "eval_rewards": [
    114.60258790646057,
    252.4953661563226,
    409.1353188640909,
    607.4699800252699,
    605.4712939129321,
    677.5976017017102,
    904.5560917460441,
    969.0286768198561,
    1020.9161264051857,
    1263.9138882030302,
    1440.7659281614349,
    1885.4161928704962,
    3320.64840467464,
    3141.402410675824,
    3558.541307314654,
    3438.770591189962,
    3515.3413747186482,
    3521.36876217608,
    3510.078747607098,
    3550.7017250652884,
    3540.0803882782884,
    2900.7236171694176,
    3562.44754684935,
    3387.723553356852,
    3620.7905835812066,
    2799.54795606838,
    3544.2934492198874,
    3569.6857807032916,
    3571.4640720963207,
    3483.9750814380704,
    2836.1078700843286,
    3594.596510235539,
    3037.0276689022767,
    3208.628609430202,
    3441.636228570797,
    2546.070526385126,
    3505.114913445295,
    3569.9974040966963,
    3611.420270514085,
    3555.1777875791654,
    3298.6459754710586,
    3628.4208159066097,
    3403.1670968045714,
    3561.774279531587,
    2877.229956268317,
    3250.4290069046283,
    3637.079535489457,
    3142.962918172991,
    2371.971173013783
  ],
  "eval_steps": [
    2048,
    22528,
    43008,
    63488,
    83968,
    104448,
    124928,
    145408,
    165888,
    186368,
    206848,
    227328,
    247808,
    268288,
    288768,
    309248,
    329728,
    350208,
    370688,
    391168,
    411648,
    432128,
    452608,
    473088,
    493568,
    514048,
    534528,
    555008,
    575488,
    595968,
    616448,
    636928,
    657408,
    677888,
    698368,
    718848,
    739328,
    759808,
    780288,
    800768,
    821248,
    841728,
    862208,
    882688,
    903168,
    923648,
    944128,
    964608,
    985088
  ],
  "episode_rewards": [
    2229.6708426846785,
    2128.6259415871164,
    2528.4820372232525,
    1286.1761729548512,
    1534.8919838112422,
    3686.293797751954,
    1207.4536909690585,
    3563.5132256453303,
    1498.2721413732809,
    2986.6729572373733,
    2532.4067570970824,
    1043.0467645796878,
    1360.8030154463686,
    1312.1237743856539,
    2138.4274620639653,
    1385.6864728280063,
    3164.26106033553,
    1297.7761421491732,
    3663.968766768186,
    1336.4861768729893,
    1597.6295696386817,
    1138.3237172313413,
    1378.4649082425492,
    1792.2996453777052,
    1311.712771071852,
    1352.0822963127462,
    1514.691975219985,
    1722.3105700012222,
    3455.7473401803145,
    1611.6659016490657,
    1697.0484089295512,
    2121.7844564949055,
    1878.8796756746597,
    1713.4494458317654,
    1790.7000826020917,
    3248.427841259054,
    1448.8403173060067,
    1578.2618554709434,
    1201.9002138807618,
    1485.5526785891052,
    2333.823590165911,
    1329.1379656296842,
    1916.6477277255212,
    1822.8477013316701,
    1555.3616727380627,
    1027.1894713837507,
    1534.1564801099853,
    1579.5462777404116,
    1020.5275302170515,
    1264.838801423796,
    1685.8272830044223,
    3204.1406126980273,
    1277.4007701192572,
    1492.7336904809351,
    1174.4721379387322,
    1692.2506165060554,
    3094.180750526875,
    2496.3317262084133,
    1165.023493596598,
    1722.19265316213,
    1363.479631914192,
    2363.2964372359816,
    1126.7481751624164,
    1512.1195929408113,
    1374.9394483254218,
    2950.305835658628,
    2281.435232456076,
    3356.3633667300783,
    1452.4972222552722,
    3003.2759058188453,
    2122.3694919719997,
    1671.1688943579086,
    3597.483133334759,
    1948.2828860606944,
    2375.467497328241,
    1658.4091235499939,
    2487.74718294153,
    1236.9460747106864,
    1499.0298904748042,
    3713.72820377458,
    2482.154641902593,
    1673.7453330726737,
    2811.1601664631376,
    1321.9217813496612,
    2119.3292084786835,
    1903.4345772742445,
    2379.7988281571093,
    2156.966366440112,
    2332.323359660411,
    3646.0732378984953,
    2012.0973527854958,
    3168.9094329216737,
    1802.537594859333,
    2653.2455775080134,
    3676.2220574798152,
    1624.8515057025934,
    2327.9305429129226,
    1436.228290393295,
    2274.16884288477,
    1460.6355145143054,
    3127.26775762864,
    1662.2108166320156,
    1361.505661698972,
    1519.1964231996808,
    1781.5065901760925,
    2404.300271152312,
    3677.3974659758956,
    1284.3439604272344,
    2530.1802298035727,
    1512.735045816118,
    1773.2980246635818,
    2007.8472981968498,
    1485.8435545188167,
    1464.614265567218,
    1226.488138857688,
    1157.2680980108034,
    1613.4362327490587,
    3480.651294362506,
    1779.9927554094759,
    1608.3242568951296,
    3670.673555972495,
    1618.3795001988083,
    3445.067271694506,
    1478.6473923976362,
    2288.8782941684785,
    1257.1264157282676,
    1267.9880957232845,
    1917.065393603464,
    2452.4860006306126,
    1442.710579899272,
    3753.900949839084,
    1387.0623348003726,
    3733.05741148655,
    1816.893296185988,
    3026.5753357121043,
    2344.5008650849536,
    2522.1175165406567,
    1515.775995735888,
    1822.6726037559004,
    1916.406511085896,
    1443.480096819889,
    2231.988299958013,
    1644.6115657699154,
    2143.7599350964865,
    1818.9574011268928,
    1969.4900212815087,
    2533.1699663742984,
    1408.8053655246836,
    3088.4728572103395,
    1041.3852509151177,
    1656.4570702200433,
    2969.828714541362,
    1929.434942073049,
    1710.4628102662173,
    1932.8328272842994,
    1754.2171542803442,
    1823.7246469036434,
    2068.452746089377,
    2019.5809603656578,
    1631.149666751508,
    1885.4856556796815,
    1566.5742577835763,
    1327.8789943200518,
    1738.6668595339113,
    1433.6499743881307,
    2761.1054986492586,
    1457.8828741779046,
    1685.4600716526875,
    2485.323857848851,
    1883.021633993432,
    3454.9576644436543,
    2482.681461121483,
    1344.4704198935342,
    1591.816639819233,
    1967.6510315651924,
    1458.4390376903941,
    2147.2222681057233,
    1975.0745238383695,
    1369.2358507121996,
    2389.7404739108633,
    1792.2389113469994,
    3239.5319783896693,
    2119.567465245591,
    2315.57849603704,
    2407.6952255719248,
    2650.87545302787,
    2730.3341388866716,
    2120.199425759555,
    1380.6395595735767,
    2757.1716199407188,
    1385.4908517588926,
    1624.5122756470166,
    2853.653994900435,
    2488.937041540144,
    1886.4661051330932,
    1612.0226434276299,
    1833.2420906453096,
    2170.68653322103,
    1557.6198536175352,
    1095.5400269541399
  ],
  "bhvf_diagnostics": []
}