{
  "env": "Hopper-v4",
  "agent": "Optimal_PPO",
  "seed": 8,
  "config": {
    "hidden_dim": 256,
    "lr": 0.0003,
    "gamma": 0.99,
    "lam": 0.95,
    "eps_clip": 0.2,
    "n_epochs": 10,
    "batch_size": 64,
    "n_steps": 2048,
    "ent_coef": 0.0,
    "vf_coef": 0.5,
    "max_grad_norm": 0.5,
    "use_obs_norm": true,
    "use_adv_norm": true,
    "use_lr_anneal": true,
    "total_timesteps": 1000000,
    "eval_freq": 20480,
    "n_eval_episodes": 10,
    "eval_mode": "deterministic_mean",
    "scr_ema_alpha": null,
    "clip_c": null,
    "use_dcppo_s": false,
    "dcppo_w_min": 0.1
  },
  "total_steps": 1001472,
  "elapsed_s": 3258.5384073257446,
  "final_reward": 3023.0549479338056,
  "max_reward": 3660.1245866747727,
  "eval_rewards": [
    87.078657059367,
    316.18531082626475,
    384.78040854569076,
    455.69387031396707,
    273.0308096131195,
    970.7365669337667,
    1493.4324108121978,
    3222.2154924824913,
    2259.4027038207114,
    1489.3022702181227,
    2647.4935475350976,
    2359.8844648982235,
    2468.4382161628555,
    2130.0180819122047,
    1934.7960444582525,
    2758.8258931154937,
    3113.7093747601425,
    3359.3423882200323,
    1688.1160443003075,
    3467.412838319283,
    1212.887037793706,
    3295.3069478508232,
    2131.3828508194338,
    3290.827345792449,
    1863.1543843793745,
    1641.4756293182782,
    2658.261567479752,
    2787.41414984369,
    2354.218330189406,
    1303.0790461218496,
    3660.1245866747727,
    3646.57342625209,
    3621.1375462389233,
    3238.9049455819477,
    3167.5800888614476,
    3584.2305884272055,
    3640.2616868313344,
    3652.6020657889603,
    3319.0372243230086,
    3658.416660526725,
    2590.5085082962273,
    2309.870021832447,
    2225.9382481013586,
    3464.5841774352293,
    2950.2030105151034,
    3166.1700369620116,
    3301.6537435098317,
    3524.245106483531,
    3038.9599656755936
  ],
  "eval_steps": [
    2048,
    22528,
    43008,
    63488,
    83968,
    104448,
    124928,
    145408,
    165888,
    186368,
    206848,
    227328,
    247808,
    268288,
    288768,
    309248,
    329728,
    350208,
    370688,
    391168,
    411648,
    432128,
    452608,
    473088,
    493568,
    514048,
    534528,
    555008,
    575488,
    595968,
    616448,
    636928,
    657408,
    677888,
    698368,
    718848,
    739328,
    759808,
    780288,
    800768,
    821248,
    841728,
    862208,
    882688,
    903168,
    923648,
    944128,
    964608,
    985088
  ],
  "episode_rewards": [
    1619.0738244346855,
    995.9629670485924,
    1750.3636663477434,
    3626.3734137672163,
    1724.9199161120182,
    3423.5108280195204,
    1521.4863102242543,
    1100.514601608244,
    1381.7370184864744,
    2168.5551388046706,
    3638.5210346572744,
    1229.6798540623172,
    2504.796548138085,
    2327.9232348209503,
    2156.1654122171913,
    3689.831673627864,
    3541.818048264891,
    3765.8962623494913,
    1728.0720619540414,
    1692.199148225427,
    1966.8352178412467,
    2449.3834631346576,
    892.0729647984115,
    2680.9812647418294,
    3634.4137921423926,
    3589.2177025593833,
    3176.0561871702866,
    2022.4892972351893,
    1784.9865947756882,
    1700.610872196792,
    1272.727412322677,
    1496.006680290217,
    3677.161070294899,
    2214.393328912859,
    2028.6904860070338,
    2545.687528869502,
    1742.8608366634455,
    3659.2538726352905,
    1552.2691357614738,
    3654.9262243985536,
    3126.002337116839,
    1374.672696495947,
    1161.8687442448868,
    1617.0329808920358,
    2952.3437134480964,
    2690.708097512959,
    3867.3004157675086,
    1288.0571631915645,
    2982.4039918303915,
    1172.008567889585,
    2085.7568557190816,
    1419.4025904715438,
    1326.449993298397,
    2851.9082781293187,
    1542.7887332141902,
    1210.539300744726,
    2284.1027009659338,
    2007.3919766404842,
    1442.511669123331,
    1763.7854799532693,
    1858.6259952782088,
    1427.8038159904136,
    1802.7730538316057,
    3258.389396603143,
    1286.0576740301335,
    1752.2890007692351,
    1636.6160805841887,
    1943.835706462973,
    2299.725772356425,
    2376.968434752726,
    1546.967810549554,
    2102.67205811251,
    1558.6388593787171,
    2356.28192935007,
    1792.4219274124139,
    1929.6386305246851,
    1857.1671753022736,
    2365.6629580789418,
    1323.7967573501362,
    2931.9415918028603,
    2981.373975851101,
    1537.025856378396,
    1729.3546934850506,
    1367.043754635818,
    2670.0868026320736,
    2131.9362919644204,
    2436.1316426520452,
    2540.079721815574,
    2179.6814708833977,
    2471.7712621641876,
    1100.7879594975723,
    2645.9705540222726,
    1169.2806378270218,
    1093.4506651785418,
    1217.281127187942,
    3692.967574680854,
    2114.7448966755805,
    2666.8732075487605,
    1630.016015424866,
    3684.0245429270662,
    3648.9918508749306,
    1259.702707074674,
    3643.5903619426995,
    1504.81431434587,
    2794.862994186271,
    731.5892969204339,
    3526.046861895835,
    2388.4800993151543,
    1602.9263851622895,
    3644.0033267084095,
    1899.213513859524,
    2354.654162537953,
    1883.5357489330943,
    2497.4316071212984,
    2997.86356896878,
    804.6380436074876,
    1572.96272894553,
    2192.955506602527,
    3464.991409997703,
    2293.8867865589164,
    3688.246937603924,
    3793.138613003778,
    2911.865944194167,
    2069.8707292132226,
    1897.4977056960154,
    1533.140091737501,
    1929.0428003721747,
    2843.9235867466527,
    3667.880221152808,
    1401.2725789742499,
    2067.888183159648,
    1834.666512758681,
    1420.17893944963,
    1732.165011515958,
    1903.7166142832743,
    2173.7587185466405,
    3104.2403748256957,
    3588.64260444078,
    3732.74567123454,
    1408.4499352418152,
    1485.8287037890464,
    2048.4085224009505,
    1621.4140015992182,
    1772.360572429279,
    3422.455763219649,
    3636.222058538426,
    1962.302239667504,
    2787.016013114492,
    3670.1145445406837,
    1419.1462288432679,
    1735.7000695152612,
    3672.668570284891,
    3675.4901426490214,
    1884.149543480203,
    1355.597483959923,
    3742.208670559429,
    2733.2076979844783,
    2763.866216424037,
    3709.105633153303,
    3760.8133340798463,
    2183.781021175093,
    1835.9617861922225,
    3200.9326598538196,
    3626.0979537479716,
    1777.7763930118688,
    3737.3497732193305,
    1827.0631416021156,
    2391.97504653152,
    3638.8356502626075,
    3715.6482383379202,
    3646.2317434572146,
    2640.163434214343,
    3657.1800020667924,
    2973.787818450674,
    2682.9785656105337,
    1815.0644340452,
    1449.0953315436439,
    2208.3111001237876,
    3844.2159536830463,
    3640.619741984107,
    2071.680882132429,
    3671.72426545496,
    3615.049907467979,
    2895.89411507057,
    3817.658159221847,
    1693.6970559783435,
    2719.075077533603,
    3814.0793289361063,
    3664.1070641664573,
    3647.859218946965,
    3625.6685513931325,
    1939.3805070867493,
    3634.399121226291,
    2299.1752219994864,
    2996.9216378349756,
    1753.4819621139657,
    3688.6002518150854,
    1484.32185116991,
    1381.7378458058508,
    3660.8964130420177
  ],
  "bhvf_diagnostics": []
}