{
  "env": "Hopper-v4",
  "agent": "Optimal_PPO",
  "seed": 4,
  "config": {
    "hidden_dim": 256,
    "lr": 0.0003,
    "gamma": 0.99,
    "lam": 0.95,
    "eps_clip": 0.2,
    "n_epochs": 10,
    "batch_size": 64,
    "n_steps": 2048,
    "ent_coef": 0.0,
    "vf_coef": 0.5,
    "max_grad_norm": 0.5,
    "use_obs_norm": true,
    "use_adv_norm": true,
    "use_lr_anneal": true,
    "total_timesteps": 1000000,
    "eval_freq": 20480,
    "n_eval_episodes": 10,
    "eval_mode": "deterministic_mean",
    "scr_ema_alpha": null,
    "clip_c": null,
    "use_dcppo_s": false,
    "dcppo_w_min": 0.1
  },
  "total_steps": 1001472,
  "elapsed_s": 3104.0619921684265,
  "final_reward": 2577.5005182471527,
  "max_reward": 3588.6548569918514,
  "eval_rewards": [
    128.62426596844003,
    318.3860233716133,
    595.0728388313944,
    722.982859894669,
    812.7834424560446,
    890.3346757160127,
    897.0486584392805,
    860.820093294636,
    893.4257822694153,
    1586.5799141899388,
    1457.154527828986,
    3022.206611738492,
    3007.697649676776,
    3209.443117047712,
    3154.803381947123,
    2402.4555972100247,
    3277.9550240158087,
    3284.342188150509,
    3303.4639169539214,
    3226.1259421617797,
    3306.832066797854,
    3356.7067549491367,
    3253.583070875752,
    3381.817522739635,
    2675.5152111919137,
    2457.112000290952,
    3496.525840934529,
    3506.03897675127,
    3519.2763585475477,
    3570.219345819113,
    3552.6722108442,
    3039.631593986148,
    2772.0685972958436,
    3118.1057820243564,
    1754.5560705802552,
    3588.6548569918514,
    3580.3473582418846,
    3574.224915639694,
    2750.8214553714797,
    1514.9946388427984,
    3069.8101669283355,
    2998.627812062373,
    2270.0373311326643,
    2841.9624144381983,
    2499.459414522299,
    3029.4779144986924,
    2673.509200051373,
    2547.0073034499196,
    2330.1189865448714
  ],
  "eval_steps": [
    2048,
    22528,
    43008,
    63488,
    83968,
    104448,
    124928,
    145408,
    165888,
    186368,
    206848,
    227328,
    247808,
    268288,
    288768,
    309248,
    329728,
    350208,
    370688,
    391168,
    411648,
    432128,
    452608,
    473088,
    493568,
    514048,
    534528,
    555008,
    575488,
    595968,
    616448,
    636928,
    657408,
    677888,
    698368,
    718848,
    739328,
    759808,
    780288,
    800768,
    821248,
    841728,
    862208,
    882688,
    903168,
    923648,
    944128,
    964608,
    985088
  ],
  "episode_rewards": [
    1515.9540217853157,
    3588.272234994505,
    3538.8180898461474,
    160.89563582172897,
    1998.3250533125174,
    1933.3325789707453,
    2258.0115099145496,
    1408.5619007369346,
    1809.2672118936725,
    3093.058259196098,
    1904.2261341735075,
    2091.4442361958727,
    1482.8847242680786,
    1395.0740393736803,
    3008.2260061679867,
    2414.1088105981767,
    1357.190582822087,
    1021.3698939742256,
    2615.923946412218,
    1334.656115629753,
    3626.627334992633,
    567.1669605931304,
    2700.179533491574,
    2021.4248630134475,
    1300.178531317198,
    2881.642754851744,
    152.6775311115946,
    2289.7934659438392,
    3517.724685999907,
    153.39400056096318,
    1004.6577742437654,
    157.05417625699465,
    1597.5308242173633,
    2500.0726821524995,
    2987.2225270018207,
    1719.3120046475046,
    1286.072225680541,
    1653.3177812084666,
    1610.1731235547654,
    2520.1354350931338,
    1053.7583908097747,
    2426.0137277599683,
    1394.609606405444,
    157.02417487799332,
    1644.8720626588963,
    2833.9721942971732,
    1425.4342063185618,
    3517.8691220032824,
    161.2445568082251,
    3568.330598982262,
    1859.3759471897872,
    1021.5441719405709,
    2858.6165780562374,
    158.06837052400198,
    2591.794278872862,
    1700.7314125029911,
    3125.762399524643,
    1936.256388816616,
    1230.07640120745,
    2325.3978838117328,
    2584.167806207267,
    2961.477294441195,
    3461.1294513038924,
    3524.1550763712157,
    1263.3922510892246,
    966.2127238619938,
    1932.597233160569,
    1387.3293192649367,
    2352.4159844736546,
    835.2526408995832,
    2003.725372233403,
    154.8003672945606,
    1743.6648828872073,
    3387.7870059713873,
    1488.6644533106494,
    3583.6877303541532,
    2491.0185845401434,
    1370.4033274272194,
    3542.0558220845146,
    3738.412667850101,
    3006.138755243744,
    2464.2833576293565,
    2544.0093844952535,
    2608.247275671267,
    1866.8753592738515,
    2546.3543227937375,
    3037.3224805371633,
    1708.3169422776396,
    1346.2318394194458,
    1661.5669722860725,
    1150.7866445526374,
    1571.9439407614523,
    3563.480277604021,
    1256.5727098697535,
    1096.2885799693267,
    1852.2012238863051,
    2342.3137501567,
    1477.8917423569835,
    3639.2375628832947,
    3543.0178714234826,
    2552.479843545035,
    1045.6378846391196,
    2183.842955214068,
    1884.979541794921,
    3363.1007056899502,
    158.81309202712418,
    1891.9298824039356,
    1497.3567917259165,
    3618.693253325106,
    3548.098882542557,
    963.2347838676504,
    2213.3035564079955,
    1146.6445973049078,
    3238.703148874451,
    3055.6369257844726,
    903.9884984922018,
    2019.9663530991515,
    843.7939811852679,
    3630.194999014393,
    3526.6615150099565,
    1008.7780315762815,
    3504.960855574677,
    983.0722251572417,
    888.0299287352805,
    920.9777190838988,
    1512.9994441907052,
    851.4487560276082,
    2160.9881455262093,
    1434.135003547963,
    1349.9847569917472,
    1370.9909445394712,
    163.25407373829182,
    3642.384514287039,
    3739.89878169405,
    1286.34648385891,
    1766.655622098939,
    1220.6027203247527,
    1772.8029756030144,
    3554.7764441358954,
    1994.2804560889329,
    3054.4278379558255,
    3562.7020926924124,
    1842.3081594982534,
    1426.535611826977,
    158.5694264511263,
    2245.4311328124722,
    3613.653718654317,
    3560.671961536101,
    1789.437215174444,
    3645.9182643201,
    1352.5322747678722,
    776.1702144362323,
    1313.0191386059466,
    1675.3555640351144,
    1212.4596220355497,
    819.0048135208577,
    1660.165224563651,
    1474.4030566736787,
    3609.27615350937,
    389.763550035621,
    1004.569409988182,
    924.9569868939697,
    1962.4509267195097,
    1739.0141683693048,
    1412.0437199137211,
    3454.899423753982,
    3597.5829002443706,
    2495.3481895776276,
    1743.5708192838083,
    3568.090025991205,
    741.057864652081,
    2045.6823123338818,
    1792.7419117797403,
    1191.0609533906852,
    2996.5039930384132,
    1283.6948189031891,
    2039.9283615766299,
    2167.362193926502,
    3332.8751747352694,
    3573.4501023962603,
    3012.9066065172374,
    1013.7154504075769,
    3711.950868135031,
    3735.2771087720425,
    3205.496351062843,
    3344.3190002043493,
    3586.7226056441464,
    892.6800809831166,
    1616.9406108042153,
    1470.5057720293423,
    1344.7262514764732,
    2832.3407509128874,
    2434.405493308187,
    3822.3249437851514,
    2787.0144237014742,
    1310.5134343103257,
    3555.5987794266243,
    3596.820090036958,
    2853.5270605305413,
    159.98223176136122
  ],
  "bhvf_diagnostics": []
}