{
  "env": "Hopper-v4",
  "agent": "Optimal_PPO",
  "seed": 7,
  "config": {
    "hidden_dim": 256,
    "lr": 0.0003,
    "gamma": 0.99,
    "lam": 0.95,
    "eps_clip": 0.2,
    "n_epochs": 10,
    "batch_size": 64,
    "n_steps": 2048,
    "ent_coef": 0.0,
    "vf_coef": 0.5,
    "max_grad_norm": 0.5,
    "use_obs_norm": true,
    "use_adv_norm": true,
    "use_lr_anneal": true,
    "total_timesteps": 1000000,
    "eval_freq": 20480,
    "n_eval_episodes": 10,
    "eval_mode": "deterministic_mean",
    "scr_ema_alpha": null,
    "clip_c": null,
    "use_dcppo_s": false,
    "dcppo_w_min": 0.1
  },
  "total_steps": 1001472,
  "elapsed_s": 4454.4201130867,
  "final_reward": 3065.379377869023,
  "max_reward": 3652.209444341959,
  "eval_rewards": [
    75.97768209818938,
    347.59758140646755,
    547.7756149139148,
    749.8600627998892,
    846.1710169613473,
    699.0704743398984,
    1165.372264982466,
    992.328971804062,
    947.287899348916,
    1255.9274376712256,
    1377.6121190055105,
    1434.1215525028406,
    2218.3584837461085,
    3267.8999089409035,
    2851.6148487710025,
    1893.4444656161618,
    1325.5445578565682,
    1597.5603032322229,
    3358.563418224062,
    1737.7612210390203,
    2766.474688217414,
    3438.518638929683,
    3448.0424056948114,
    1286.9111589063377,
    1957.0144753793745,
    3521.002508144053,
    2711.0162176845597,
    3527.6841711664747,
    2417.139985147023,
    3562.67362054304,
    3603.408769598117,
    2751.745553000051,
    3586.854530237909,
    3587.9501004709055,
    1326.1608481081216,
    1460.4914622749993,
    3417.6311619346584,
    2106.3934794943275,
    1704.682256980132,
    2416.7875021181776,
    1723.5486807517832,
    3059.8220561533117,
    3398.6296518005865,
    3329.0625697156634,
    3311.101246283032,
    3274.435673838826,
    2976.2677257195674,
    3511.9292279673195,
    3652.209444341959
  ],
  "eval_steps": [
    2048,
    22528,
    43008,
    63488,
    83968,
    104448,
    124928,
    145408,
    165888,
    186368,
    206848,
    227328,
    247808,
    268288,
    288768,
    309248,
    329728,
    350208,
    370688,
    391168,
    411648,
    432128,
    452608,
    473088,
    493568,
    514048,
    534528,
    555008,
    575488,
    595968,
    616448,
    636928,
    657408,
    677888,
    698368,
    718848,
    739328,
    759808,
    780288,
    800768,
    821248,
    841728,
    862208,
    882688,
    903168,
    923648,
    944128,
    964608,
    985088
  ],
  "episode_rewards": [
    1626.0986020682521,
    1282.8763261067857,
    1380.6883849177134,
    1306.609234289265,
    3631.647141193417,
    2507.8264764674823,
    1402.281712946203,
    1875.3845575825537,
    2594.2900498874033,
    2910.176200728301,
    3812.6320193480587,
    1914.1690786930274,
    928.140813684102,
    1276.0097880207638,
    2516.088648944157,
    2169.791886220242,
    1409.1291952818196,
    739.8366433923956,
    1661.2461220929406,
    1454.090143948338,
    2198.429299453244,
    2672.062889304068,
    1575.5749419270337,
    1395.7562839580248,
    2343.1065136126595,
    2156.5488932294356,
    2376.5586919938473,
    3184.86770759093,
    2945.6606563360224,
    1947.4759571799423,
    1917.3562894803163,
    1323.6359506516171,
    1404.7359665153504,
    2199.068537897116,
    2016.4675429130325,
    2911.7378180864703,
    2319.9890697656583,
    1697.1377721941385,
    3013.325920193649,
    2472.9052081838404,
    3608.5362109680796,
    1705.6439073479414,
    1641.4323504535976,
    1169.30076709613,
    1982.565487596063,
    3173.568792447643,
    2223.7514579986346,
    1248.3407533458615,
    1565.66303765345,
    2015.869405623471,
    744.2725675174853,
    2573.3530225443806,
    1320.620708614333,
    994.2940226381588,
    3642.914857111816,
    660.037680389139,
    1649.1408795482844,
    1205.4964670468855,
    1926.9682812091944,
    2293.8185921369713,
    2000.4750070464213,
    1724.0637552539497,
    446.57991685922406,
    1570.321991381018,
    1978.3374308261277,
    1300.9830857374873,
    1214.828661187682,
    1821.1103567545767,
    1755.0490147218961,
    1937.304812377911,
    1956.1461943774716,
    1332.4429389391446,
    1101.2754604995619,
    1066.4457536328864,
    3644.986405161795,
    1033.1261161337393,
    2301.0153519955975,
    3701.8612717915266,
    2368.9147479211633,
    1559.7002397731728,
    2161.868014144921,
    1168.2384292205943,
    1404.867613677433,
    2187.0347875450834,
    1663.1355941400566,
    3706.1993753106917,
    3663.2630523519406,
    1722.199239467767,
    1925.4618606316792,
    3639.3680425102807,
    3696.903063618718,
    3642.875114861256,
    2006.7401278793916,
    3027.226815117474,
    3691.7807662617656,
    1310.0942504743102,
    2342.4170064793034,
    1609.4769486453943,
    1978.2375025962915,
    2507.7867612956597,
    1599.8999909685876,
    2356.76895047513,
    1617.9594033544497,
    3667.1442910489695,
    1319.9216568469628,
    1078.3213204353478,
    2572.1683813954473,
    2004.631083098511,
    1694.4104680892954,
    13.132583455740571,
    1597.4582655852491,
    1731.1470515408796,
    984.9092973695238,
    1656.8782937183776,
    1702.2654013785234,
    2536.835762146963,
    1986.037297575862,
    3647.1076382305127,
    1355.3673620735758,
    1393.1712971390498,
    3209.900270394941,
    455.78802766878033,
    2635.5447075462325,
    2442.9167875897137,
    870.9574636035317,
    2679.6525960776758,
    2882.0231299559814,
    2035.7061272886058,
    2844.9200276771503,
    2086.9249407036996,
    1416.596707583717,
    14.526983538900417,
    2721.6213106873556,
    2548.4623242265848,
    1725.982871647343,
    3647.9688280135992,
    1559.0928237592711,
    1194.4838172957295,
    2809.5668147926067,
    1753.491248509496,
    2549.3017794994403,
    1927.5148133687298,
    2228.6066630093096,
    1878.2645387661935,
    1730.0760166813677,
    2075.4067218256064,
    2588.6475471586446,
    3671.718885308654,
    1679.5229893913613,
    1951.5328700179239,
    2223.9892286825316,
    2683.8368799848,
    1406.5589549950998,
    3781.648085323687,
    2409.6059677521384,
    1966.7054639624857,
    2804.6217754404524,
    1708.1992962549728,
    2782.6228693005755,
    1371.643952989978,
    2349.918917267383,
    3649.274591486908,
    3111.2507360707577,
    3708.911271907919,
    1733.2686097987919,
    741.9365330565092,
    1413.8925055840823,
    3761.3298882131917,
    3752.01896650397,
    954.1608213124675,
    1195.171052956327,
    2128.693954024443,
    1656.513293019797,
    10.68617852920539,
    3633.179611553046,
    1534.6989802247006,
    3148.2266263192178,
    3633.7051224735446,
    1558.133545520634,
    3762.04815033577,
    2648.1257548568437,
    1325.861708280854,
    3633.467165883811,
    2854.41994664123,
    2890.2829971698916,
    3768.435214292485,
    2837.5431696962632,
    1404.7390536933406,
    1400.51621017339,
    1527.673487879012,
    2510.0392923046406,
    3128.5721768074923,
    1833.9292938899107,
    1968.577971849153,
    2599.702851698153,
    3664.5348618208554,
    3624.1885041428177,
    1212.404547837138,
    1141.2983017094552,
    1500.534345946849
  ],
  "bhvf_diagnostics": []
}