{
  "env": "Ant-v4",
  "agent": "Optimal_HCGAE_Optimal",
  "seed": 9,
  "config": {
    "hidden_dim": 256,
    "lr": 0.0003,
    "gamma": 0.99,
    "lam": 0.95,
    "eps_clip": 0.2,
    "n_epochs": 10,
    "batch_size": 64,
    "n_steps": 2048,
    "ent_coef": 0.0,
    "vf_coef": 0.5,
    "max_grad_norm": 0.5,
    "use_obs_norm": true,
    "use_adv_norm": true,
    "use_lr_anneal": true,
    "use_vclip": false,
    "device": "cpu",
    "total_timesteps": 1000000,
    "eval_freq": 20480,
    "n_eval_episodes": 10,
    "eval_mode": "deterministic_mean"
  },
  "total_steps": 1001472,
  "elapsed_s": 1431.4180071353912,
  "final_reward": 4401.696776924078,
  "peak_reward": 4401.696776924078,
  "max_reward": 4859.565303449172,
  "eval_rewards": [
    991.5431687312523,
    873.898182633098,
    541.1722444320372,
    202.5015963020558,
    264.752968612363,
    265.039309061094,
    62.833805642735456,
    198.97118265486458,
    54.08921853559629,
    184.43750731639065,
    204.534755411078,
    209.43431360644234,
    667.1617571163348,
    360.40375816099464,
    448.9080188341298,
    627.5333504390926,
    654.8279012016089,
    817.7504666745659,
    783.8203295047116,
    1238.711208847158,
    1353.5704832205306,
    1558.4299242073475,
    1834.0396044544534,
    1557.699454268153,
    1976.8748333328447,
    1992.2665306315569,
    2378.8870728396632,
    2726.4911580607154,
    2680.468870257154,
    2801.868025337476,
    3479.9641713504657,
    3215.999250461124,
    3649.9427680018007,
    3753.129941984258,
    3871.568573842679,
    3999.0869514078877,
    3940.3988390184677,
    4150.163047279202,
    4199.663819022107,
    3988.5372738141277,
    4474.605903156113,
    4061.8721208544403,
    4164.47320343774,
    4624.103563620955,
    4015.7608905655834,
    4575.641220809735,
    4465.808634256414,
    4786.5996552765055,
    4859.565303449172
  ],
  "eval_steps": [
    2048,
    22528,
    43008,
    63488,
    83968,
    104448,
    124928,
    145408,
    165888,
    186368,
    206848,
    227328,
    247808,
    268288,
    288768,
    309248,
    329728,
    350208,
    370688,
    391168,
    411648,
    432128,
    452608,
    473088,
    493568,
    514048,
    534528,
    555008,
    575488,
    595968,
    616448,
    636928,
    657408,
    677888,
    698368,
    718848,
    739328,
    759808,
    780288,
    800768,
    821248,
    841728,
    862208,
    882688,
    903168,
    923648,
    944128,
    964608,
    985088
  ],
  "episode_rewards": [
    3666.776995480833,
    3669.3811029094495,
    2368.4896430453327,
    3398.495334044197,
    87.41790536040307,
    3631.2329454033934,
    1811.8364622826487,
    3456.924152139681,
    2772.158403288236,
    3806.7902977002486,
    3582.228461357213,
    3311.772956495969,
    1388.5890906868221,
    3680.082198890293,
    1481.1061978731211,
    1345.737209453046,
    1627.8160486026418,
    171.21837890677315,
    3674.526014175264,
    1099.6354311330213,
    224.03488492708016,
    36.24711028388747,
    3717.4048257957315,
    3847.6823840678453,
    191.76464417434036,
    1362.6654836067219,
    1607.8823404281447,
    1255.7068519811116,
    42.82498936989683,
    1049.873263886012,
    3452.618624734472,
    3805.243926772553,
    1035.2774011538716,
    3671.065266323939,
    198.7362271015451,
    1761.40781322477,
    4.53527770246942,
    3641.1142441074408,
    3134.2109773195943,
    3645.0872397390326,
    646.1307779331635,
    3382.142710814426,
    1080.9600745615357,
    3846.394559334493,
    3584.1653188152723,
    3566.5007003967385,
    2057.4732558732367,
    1190.2342224470256,
    3836.51371207603,
    3953.15863267033,
    3663.9616040241176,
    3432.1380037337112,
    3957.0111888962238,
    617.3533870077727,
    3827.417328850873,
    833.5244266068896,
    1288.9418946275998,
    1105.2494856916055,
    3880.840965173071,
    3684.779861821784,
    799.9756208107508,
    3853.3946353253677,
    1040.3321267137312,
    3865.7667179832956,
    1782.8390221527923,
    4080.4987370651243,
    1318.1584765510229,
    3372.8177437708136,
    3447.10805381888,
    1338.8830319762533,
    1542.2918065255135,
    3879.2420693198346,
    3826.6119111423636,
    2131.3662856561423,
    2117.516255837773,
    671.8241727447911,
    1442.3794290501307,
    3951.0451514651213,
    2111.101531185587,
    883.7350598367726,
    441.2525099459799,
    3736.890517857687,
    2306.4137051334656,
    3053.8456760525096,
    4144.8272103474865,
    3841.1292199047857,
    3681.820028249447,
    3704.555460419497,
    710.9204233780911,
    1143.3624018369562,
    3105.662533481076,
    881.9491306014211,
    3409.5114907509746,
    3659.5592394593086,
    347.31050594375535,
    4195.438490188735,
    4068.9691030270205,
    2477.6559956336305,
    3985.714245652574,
    3961.061992626014,
    2358.757088057819,
    3927.929336459565,
    1743.3650255290397,
    882.1628370990694,
    1450.512959372934,
    2993.7568505607214,
    2609.8607570122185,
    3686.5978114362206,
    3337.009876707655,
    3804.594350474491,
    3997.859277428563,
    3683.132062340736,
    437.5472465917623,
    2044.447448438853,
    1312.6329173678043,
    70.49245661678191,
    2971.9335194461582,
    3876.245331616261,
    3946.5943507844113,
    2655.580963881461,
    2373.85286468752,
    3889.416368496863,
    765.3131716848071,
    3913.0357576386623,
    2910.695336890847,
    565.3217341027333,
    3079.943911794431,
    242.00245285830772,
    536.941566568021,
    25.128452440146624,
    1239.8762054849644,
    1847.237315968751,
    3502.9660797496363,
    136.22074917291482,
    4138.970864660075,
    2923.514055174525,
    466.9965264728479,
    3137.3897400642213,
    3455.4519486784093,
    4038.1987114999242,
    719.879759065064,
    2373.1863545825063,
    1484.271902265496,
    3954.7936585304565,
    940.2714234425741,
    1467.7637205808248,
    1812.0690687966326,
    2811.645374312504,
    3886.390847808751,
    1753.1914651089953,
    1543.329268550593,
    4138.145166037786,
    1757.7015600216378,
    4216.255229850432,
    3963.6636263978176,
    330.7962129585297,
    1561.334760569645,
    3558.0911956556474,
    1189.3523272749135,
    794.5818524209722,
    4012.441978041433,
    2528.028206769859,
    3752.3500943692256,
    3717.9814021778884,
    3957.7861105775414,
    3279.5075303910717,
    798.4748385120572,
    4095.7551384466956,
    877.2235403302394,
    2750.749277529138,
    2252.70884837828,
    11.1852846838368,
    496.9818574823974,
    4182.3524219387,
    2566.2837676490503,
    3520.8514262748304,
    3340.593646818418,
    4298.076495525917,
    1307.6033474596343,
    3310.29291457775,
    3786.653320331724,
    2348.953591673605,
    1578.2716081261683,
    4111.8211825203425,
    4195.813522323646,
    179.2004525984058,
    4161.442242832258,
    3690.940993632487,
    2313.7800579889367,
    3568.3505603594313,
    1840.7379682529129,
    3916.744508811237,
    3696.3884641375516,
    4029.29606046833,
    1003.4758594476359,
    3915.396204096566,
    4177.566307781674,
    3766.7578358362534,
    2534.3057689566785,
    3927.386552674258
  ],
  "diagnostics": [
    {
      "step": 2048,
      "scr_ema": 1.1251540655183785,
      "ev_ema": 3.9805419392707766e-05,
      "g_std_ema": 11.044833375023439
    },
    {
      "step": 22528,
      "scr_ema": 0.8420005171255682,
      "ev_ema": 0.0987564343785241,
      "g_std_ema": 58.84642230363698
    },
    {
      "step": 43008,
      "scr_ema": 0.7429392275648102,
      "ev_ema": 0.132523448822163,
      "g_std_ema": 64.09912976017402
    },
    {
      "step": 63488,
      "scr_ema": 0.5934007289952635,
      "ev_ema": 0.25084298749107026,
      "g_std_ema": 63.03837525191561
    },
    {
      "step": 83968,
      "scr_ema": 0.560567478537248,
      "ev_ema": 0.3131091904748662,
      "g_std_ema": 54.76928285565015
    },
    {
      "step": 104448,