{
  "env": "Ant-v4",
  "agent": "Optimal_HCGAE_Optimal",
  "seed": 5,
  "config": {
    "hidden_dim": 256,
    "lr": 0.0003,
    "gamma": 0.99,
    "lam": 0.95,
    "eps_clip": 0.2,
    "n_epochs": 10,
    "batch_size": 64,
    "n_steps": 2048,
    "ent_coef": 0.0,
    "vf_coef": 0.5,
    "max_grad_norm": 0.5,
    "use_obs_norm": true,
    "use_adv_norm": true,
    "use_lr_anneal": true,
    "use_vclip": false,
    "device": "cpu",
    "total_timesteps": 1000000,
    "eval_freq": 20480,
    "n_eval_episodes": 10,
    "eval_mode": "deterministic_mean"
  },
  "total_steps": 1001472,
  "elapsed_s": 1462.680496931076,
  "final_reward": 2360.9943979297195,
  "peak_reward": 2360.9943979297195,
  "max_reward": 2636.949964951184,
  "eval_rewards": [
    998.8209675168742,
    987.3034111344632,
    610.1794426159256,
    115.42767874940839,
    367.29061985441314,
    441.8194408099606,
    72.04543863499319,
    5.386101428498309,
    93.98064235457029,
    6.516164978239388,
    278.29613371732023,
    355.35523650086463,
    390.4651300581413,
    710.5916539901208,
    840.6575060532925,
    866.131946212756,
    878.3935945492985,
    883.2619834924493,
    823.4493317800358,
    858.7421850227435,
    943.5049269171348,
    924.2579030550636,
    987.2089139482698,
    1074.1940750678054,
    1274.4713073154182,
    1194.726060044164,
    1234.5359394663064,
    1592.3619146266549,
    1405.9441896466265,
    1508.8976546516583,
    1366.2163967035867,
    1558.5995903571973,
    1787.2224063533617,
    1926.6668230794269,
    1918.0473550549607,
    1935.8634422918046,
    2126.4017311931975,
    2170.538739289069,
    2210.396850751302,
    2200.0518016437204,
    2338.586756203834,
    2285.2635335323325,
    2420.581594081409,
    2402.629346707754,
    2432.064992207121,
    2378.5512307360536,
    2127.1203782492325,
    2388.1443809845496,
    2636.949964951184
  ],
  "eval_steps": [
    2048,
    22528,
    43008,
    63488,
    83968,
    104448,
    124928,
    145408,
    165888,
    186368,
    206848,
    227328,
    247808,
    268288,
    288768,
    309248,
    329728,
    350208,
    370688,
    391168,
    411648,
    432128,
    452608,
    473088,
    493568,
    514048,
    534528,
    555008,
    575488,
    595968,
    616448,
    636928,
    657408,
    677888,
    698368,
    718848,
    739328,
    759808,
    780288,
    800768,
    821248,
    841728,
    862208,
    882688,
    903168,
    923648,
    944128,
    964608,
    985088
  ],
  "episode_rewards": [
    869.7894685415359,
    1847.2305091516207,
    1132.3700956841492,
    1573.6394445045598,
    2017.5929695722182,
    193.41700559136706,
    1896.2817085009096,
    1419.0447092537745,
    1445.3737825384821,
    2151.6628005098787,
    1081.902653162781,
    1992.4493553543223,
    1689.1592170828724,
    2002.0514281200808,
    990.1538812488499,
    2029.8246825515764,
    586.6046019996222,
    617.4978101317909,
    2052.1129428297445,
    1219.193143488559,
    1914.0481065308777,
    1096.9591076971246,
    1937.1154009985771,
    896.1150971448535,
    779.3722790826127,
    1191.1374427573107,
    1962.871852861022,
    2024.2273055681353,
    1213.469807611496,
    1953.49063696165,
    1986.4996794811973,
    1957.6036324284378,
    1642.1573937611038,
    2111.8145152711813,
    1944.3058323905398,
    1507.8648853543564,
    2029.8413683795,
    2053.3372384835684,
    690.2174411151026,
    1895.086924448059,
    1683.4653622584458,
    175.68582589253603,
    1768.8536086175714,
    2071.086435553257,
    1904.5589169120726,
    366.4840983420221,
    921.1730292119427,
    532.9404482184999,
    1390.767600941107,
    1938.509087729873,
    584.1071556877387,
    1843.9226835631098,
    1218.0285934943188,
    64.27570526893409,
    1994.4325455306073,
    812.976039791734,
    1994.806452372258,
    1302.1370567597971,
    927.8756951107564,
    243.90159208697295,
    1089.0176943587662,
    2000.84062992415,
    838.7317654098998,
    860.7606423991049,
    1306.4086084805092,
    1737.2959586421503,
    1547.9363539448395,
    2094.9377841235178,
    902.1420530069016,
    2103.6623375365007,
    1997.1619351782886,
    349.5988785309199,
    1964.1340832151654,
    2007.1952704647222,
    2161.980293914704,
    1975.642104494083,
    2066.852807784637,
    1763.7811236270677,
    920.8840201381824,
    811.4050180735356,
    2030.3494829598571,
    1084.327091950557,
    2132.8644016431444,
    1271.1617530423378,
    2133.298489907246,
    2078.981071846919,
    2124.8087791082894,
    2169.5089906904304,
    1925.3654509214275,
    2138.7319381174693,
    1194.1842015717207,
    851.454313494528,
    2082.078067251152,
    1163.6289732068233,
    781.6533040942405,
    2082.084406386634,
    831.9554661893218,
    1935.9247137032883,
    509.00170131154215,
    2132.3910605558376,
    1128.9258044859032,
    2058.5375287201696,
    2213.552369336848,
    630.1778446099287,
    2206.4657883090995,
    825.8678283513866,
    1128.6979447071797,
    2118.511112168943,
    988.2613181927292,
    1095.5798880185387,
    2125.769333275914,
    2114.5118501609822,
    1960.006846161532,
    2219.8609359580446,
    1135.7173045660002,
    2068.7054815913216,
    1615.7055948788632,
    2266.0751305497915,
    1520.2907047620988,
    1695.5582356103919,
    2193.1630353795917,
    1664.7047438643338,
    1210.866623184626,
    1755.983698508423,
    2195.7064090410568,
    1179.2210404853936,
    1622.6953631207052,
    1148.4491295819216,
    2177.990253481645,
    2231.1333450894185,
    2118.369183592372,
    2066.848440135549,
    1097.3948805593236,
    2079.2750868738876,
    2021.1540535266702,
    2005.721286416604,
    1914.608766347543,
    2187.7691904875483,
    957.9248864226322,
    2233.039624919901,
    2224.1319111234284,
    1457.0096398857995,
    1102.138977829174,
    1833.7764019330357,
    2321.119141583447,
    1044.839626752272,
    2268.2547783649006,
    2235.181692144764,
    839.1004051338114,
    809.9003245855246,
    214.62649897595654,
    2233.669622116646,
    1259.3330833177533,
    864.828579377181,
    1027.292959037168,
    1206.5609274864564,
    879.1211841579563,
    1005.6698436492605,
    1493.2539826303635,
    112.83236764953148,
    1729.9405512556136,
    2209.79217418638,
    2279.744651446755,
    1372.5336098468258,
    2072.716586022877,
    2229.7522870565194,
    1259.1706891814197,
    2118.095247599201,
    2300.3853123921213,
    946.0213698554924,
    1337.5889961388589,
    2275.3118588397606,
    2169.152212532391,
    1829.795361256082,
    2156.500772750647,
    70.38356258094703,
    1128.2943696131376,
    2168.68578310504,
    2295.216050254974,
    2301.398432640012,
    103.05231373408586,
    2205.983873588497,
    1088.211193727068,
    2180.4189790075575,
    1926.2316038578813,
    1151.4441843526563,
    1061.185190805963,
    2146.884289561658,
    2257.3375853374396,
    2204.3261845196134,
    2348.390216439731,
    2237.5055374977974,
    2157.0302171582525,
    1163.7758030581463,
    1424.63802448586,
    2187.471912242115,
    2198.3490408942016,
    1491.729480025471,
    605.5301978802768,
    1799.053420570636
  ],
  "diagnostics": [
    {
      "step": 2048,
      "scr_ema": 1.0600403976389747,
      "ev_ema": -0.00012471103026912012,
      "g_std_ema": 10.569607544945313
    },
    {
      "step": 22528,
      "scr_ema": 0.9609018527004225,
      "ev_ema": 0.1168286320568836,
      "g_std_ema": 56.49873739761815
    },
    {
      "step": 43008,
      "scr_ema": 0.5784253406395827,
      "ev_ema": 0.2081377175010441,
      "g_std_ema": 64.54503129115758
    },
    {
      "step": 63488,
      "scr_ema": 0.5715539095660893,
      "ev_ema": 0.3179582351732785,
      "g_std_ema": 60.39239866913003
    },
    {
      "step": 83968,
      "scr_ema": 0.5456189154631959,
      "ev_ema": 0.3327348858945802,