{
  "env": "Ant-v4",
  "agent": "Optimal_HCGAE_Optimal",
  "seed": 17,
  "config": {
    "hidden_dim": 256,
    "lr": 0.0003,
    "gamma": 0.99,
    "lam": 0.95,
    "eps_clip": 0.2,
    "n_epochs": 10,
    "batch_size": 64,
    "n_steps": 2048,
    "ent_coef": 0.0,
    "vf_coef": 0.5,
    "max_grad_norm": 0.5,
    "use_obs_norm": true,
    "use_adv_norm": true,
    "use_lr_anneal": true,
    "use_vclip": false,
    "device": "cpu",
    "total_timesteps": 1000000,
    "eval_freq": 20480,
    "n_eval_episodes": 10,
    "eval_mode": "deterministic_mean"
  },
  "total_steps": 1001472,
  "elapsed_s": 1221.7757120132446,
  "final_reward": 2127.390053055244,
  "peak_reward": 2127.390053055244,
  "max_reward": 2634.9615551001566,
  "eval_rewards": [
    995.3992489080505,
    907.6278094554597,
    410.2690634102399,
    56.51342111146711,
    143.1268480132638,
    39.000303735918465,
    42.17653350371241,
    31.792913306710908,
    121.11495870626618,
    390.47381528622316,
    306.4965765594375,
    785.7678394203438,
    599.6540957990624,
    774.1111468408496,
    859.0292284302329,
    957.5604407961825,
    765.2678744556592,
    1084.808031309763,
    908.608199724343,
    1048.377776187295,
    1331.214822647116,
    1381.7987833636278,
    1479.9037045349596,
    1524.1116570276124,
    1694.316548145808,
    1681.542358954762,
    1678.3573918257287,
    1722.5508488353976,
    1041.9588558259068,
    1451.0938742960975,
    1254.5751402010173,
    1732.2060298683864,
    1615.520993163534,
    1517.7080957891733,
    1727.6592802425832,
    1815.3526514583857,
    1792.8294652463696,
    1745.6778457654286,
    2140.8511419304814,
    1649.7152006691401,
    2292.2810955533414,
    1330.5092505876314,
    2395.3176849065103,
    2085.7024972660975,
    2156.446437548243,
    1903.4322462319003,
    2634.9615551001566,
    2345.4256691919973,
    2480.108893497421
  ],
  "eval_steps": [
    2048,
    22528,
    43008,
    63488,
    83968,
    104448,
    124928,
    145408,
    165888,
    186368,
    206848,
    227328,
    247808,
    268288,
    288768,
    309248,
    329728,
    350208,
    370688,
    391168,
    411648,
    432128,
    452608,
    473088,
    493568,
    514048,
    534528,
    555008,
    575488,
    595968,
    616448,
    636928,
    657408,
    677888,
    698368,
    718848,
    739328,
    759808,
    780288,
    800768,
    821248,
    841728,
    862208,
    882688,
    903168,
    923648,
    944128,
    964608,
    985088
  ],
  "episode_rewards": [
    1651.8340179561442,
    44.246406840736654,
    1059.56427093528,
    1974.026622851778,
    2097.717362373991,
    2076.2463519952344,
    897.1917039393951,
    2220.612417658321,
    2160.175337104432,
    109.42555179066449,
    2201.3913248259214,
    1086.239192894009,
    2179.9929348359024,
    2172.8475861654842,
    1655.09566718891,
    916.9701962768527,
    1240.7345001781953,
    150.3195586653469,
    1809.9916817333244,
    1115.6090867912555,
    2167.0374892342056,
    914.5064030761625,
    635.4171567927675,
    1270.4044786220918,
    1541.034166943874,
    613.8237433708433,
    412.5048760786352,
    998.3304001830772,
    176.2733126389079,
    81.50656349470665,
    400.69413276123015,
    1708.6837646174242,
    2134.5683919322837,
    1150.1256732700792,
    2245.605396187001,
    286.1679591811785,
    1295.9766107432374,
    1217.0783712262098,
    1264.221372623384,
    2043.8592433988592,
    1018.8457950816529,
    805.1825172981594,
    2219.3276005805074,
    189.04809108915836,
    2195.9746058154565,
    853.6455952784227,
    1327.0571995327607,
    406.5668794323896,
    2119.1153131933115,
    1829.493305854858,
    2271.0701465480934,
    2268.193401402488,
    620.5854858338031,
    904.2561346573387,
    549.2086236688292,
    1033.6252123690604,
    2337.244407210743,
    1386.8607777020206,
    753.5764070499075,
    2209.757681408709,
    2314.623415372741,
    2265.420755824275,
    2073.1978216696166,
    2004.1287204606385,
    1449.9537271688932,
    2236.969903672193,
    1996.2865448908353,
    387.62229855461624,
    772.900035150323,
    2394.9985840251643,
    2229.5935128804554,
    1799.6732990517949,
    2018.0402454744724,
    2122.138804681509,
    1390.6062963666743,
    2122.7234124657048,
    2087.006909157621,
    748.6678603629631,
    75.2372014476439,
    1429.5097575237182,
    2345.6303072056708,
    1783.8995307079133,
    2308.6566104906374,
    1026.307574049541,
    1995.9512044064495,
    2360.5623298871387,
    1224.4448210486148,
    2134.6910248251497,
    1140.3711571437523,
    2154.0550410507767,
    748.2674355647224,
    1186.2360320442508,
    2132.283752437652,
    2257.975984210835,
    1038.6566009145586,
    842.0609443214724,
    840.3393654258455,
    2307.1733387528893,
    2323.053603955623,
    2172.6419685968644,
    2414.5760747020277,
    146.86370723479527,
    2349.353059842774,
    2210.3844036779665,
    1297.1649321705436,
    2152.4421546365247,
    810.1196785394004,
    2319.76858707847,
    161.15388789504564,
    2331.2115919293224,
    1815.2795817792805,
    1673.064410435365,
    2183.6808976098114,
    2435.617763060627,
    2229.560389680938,
    1711.5021768613688,
    963.6654535975437,
    2280.9110875998435,
    830.4121864691231,
    2299.199441322742,
    1952.1530191050724,
    2395.39738939733,
    2171.7871296169155,
    1505.2773186134434,
    1175.3284842927785,
    2304.104900607321,
    2402.7889795466667,
    2295.437504103526,
    1608.056034555845,
    2482.812499349805,
    2248.0211713492668,
    1049.8407631447608,
    2406.61932463187,
    2420.753770711227,
    2279.5914110708018,
    128.61220415862633,
    2299.0250976289267,
    927.0280280052042,
    1310.5153701817098,
    2392.3553582245004,
    2196.5585179598115,
    1579.1068584472412,
    1356.6836196969589,
    2376.4113617932057,
    506.25541222037214,
    2301.6923954951644,
    2381.737591292888,
    2421.583251007242,
    1395.059095035295,
    1973.5214695427162,
    2394.994478057683,
    1163.5249192501838,
    2200.670019351251,
    2321.342955177375,
    2251.466082613451,
    2392.4227926919275,
    2276.4610736436443,
    2498.4823754826166,
    2365.8631665425382,
    2456.7109120036143,
    2147.958628308592,
    2426.4173655104673,
    2232.6678763807913,
    749.8449629475576,
    977.765564735869,
    2460.203419109762,
    677.8660694606386,
    1873.7265714965902,
    1590.0014457621041,
    1269.355524705415,
    85.69944366406642,
    693.8823567696737,
    2546.2249184704865,
    1047.2486914631402,
    738.3671933314386,
    638.3423162928822,
    1814.4839333272087,
    2511.731935695144,
    193.527336098993,
    2304.3665526350424,
    2611.5840270144145,
    2522.2610243941676,
    1326.635671820476,
    2303.9384301817713,
    1884.6294741271106,
    439.2661454164027,
    2320.8768611991723,
    2502.0132933057366,
    1727.2941910411673,
    2254.7893005861088,
    1597.6639440081356,
    772.8880974018141,
    2071.2736944759895,
    2273.391021725341,
    2465.5575407046126,
    1560.5287432425093,
    2473.43280511479,
    2474.088275458056,
    1939.1635669692973,
    2308.1001952894844
  ],
  "diagnostics": [
    {
      "step": 2048,
      "scr_ema": 1.1947491482066848,
      "ev_ema": 0.00010441166665935976,
      "g_std_ema": 9.594978333519531
    },
    {
      "step": 22528,
      "scr_ema": 0.9597794295764304,
      "ev_ema": 0.09009027955624796,
      "g_std_ema": 54.03685078942725
    },
    {
      "step": 43008,
      "scr_ema": 0.5374966111713356,
      "ev_ema": 0.2325689552502992,
      "g_std_ema": 62.1849213382246
    },
    {
      "step": 63488,
      "scr_ema": 0.35142837365522794,
      "ev_ema": 0.34444110086711854,
      "g_std_ema": 62.42380944969531
    },
    {
      "step": 83968,
      "scr_ema": 0.271443464357454,
      "ev_ema": 0.3980479495529069,