{
  "env": "Ant-v4",
  "agent": "Optimal_HCGAE_Optimal",
  "seed": 14,
  "config": {
    "hidden_dim": 256,
    "lr": 0.0003,
    "gamma": 0.99,
    "lam": 0.95,
    "eps_clip": 0.2,
    "n_epochs": 10,
    "batch_size": 64,
    "n_steps": 2048,
    "ent_coef": 0.0,
    "vf_coef": 0.5,
    "max_grad_norm": 0.5,
    "use_obs_norm": true,
    "use_adv_norm": true,
    "use_lr_anneal": true,
    "use_vclip": false,
    "device": "cpu",
    "total_timesteps": 1000000,
    "eval_freq": 20480,
    "n_eval_episodes": 10,
    "eval_mode": "deterministic_mean"
  },
  "total_steps": 1001472,
  "elapsed_s": 1410.5144550800323,
  "final_reward": 2482.781108842173,
  "peak_reward": 2482.781108842173,
  "max_reward": 2960.104472554696,
  "eval_rewards": [
    989.6759219452715,
    868.0705380936557,
    745.0391836684262,
    488.7358845696299,
    158.30104577073882,
    223.70666294475419,
    275.8084833498548,
    703.1999001579366,
    609.4401676494305,
    883.5619401899276,
    864.1460466628316,
    834.7313156621427,
    940.234332831242,
    784.0170823485039,
    842.2123639449701,
    939.6535728618643,
    857.2409844639946,
    1029.744519228919,
    1063.6910986906084,
    1081.210639888527,
    1045.4078529721821,
    1225.6072842289118,
    1205.395543883766,
    1188.058696970059,
    1102.0995683019376,
    1141.2969442395538,
    1337.4568895000716,
    1366.3351380014221,
    1571.3683023387425,
    1633.5368222095992,
    1675.8294060685391,
    1879.1179670731435,
    2068.9435437712345,
    2141.0337857189998,
    2004.8973416241865,
    2301.6465901301776,
    2218.8102092562463,
    2131.7738345949947,
    2580.2728353696816,
    2168.1059801430447,
    2160.2252911699866,
    1857.2644345474941,
    2481.0973197919566,
    2458.238256002339,
    2449.2711724611922,
    2850.368439449146,
    2660.4165502770493,
    2782.719172024831,
    2960.104472554696
  ],
  "eval_steps": [
    2048,
    22528,
    43008,
    63488,
    83968,
    104448,
    124928,
    145408,
    165888,
    186368,
    206848,
    227328,
    247808,
    268288,
    288768,
    309248,
    329728,
    350208,
    370688,
    391168,
    411648,
    432128,
    452608,
    473088,
    493568,
    514048,
    534528,
    555008,
    575488,
    595968,
    616448,
    636928,
    657408,
    677888,
    698368,
    718848,
    739328,
    759808,
    780288,
    800768,
    821248,
    841728,
    862208,
    882688,
    903168,
    923648,
    944128,
    964608,
    985088
  ],
  "episode_rewards": [
    1694.3913382662233,
    2289.205509325168,
    1589.3032558595567,
    2332.38235610762,
    2259.5627719248923,
    1692.4712039216504,
    2300.510703733586,
    2305.1770167626064,
    2290.8806561561523,
    2446.3014469141463,
    830.2488557528187,
    714.2253421225716,
    2374.545028220004,
    1535.8264537889936,
    548.5732887555691,
    2201.024115506802,
    1568.9160407100242,
    2389.5300491735907,
    1678.5552730719485,
    2345.43681453758,
    2195.7454972562596,
    2296.529099351738,
    2200.9018726929853,
    2291.3251483675094,
    2435.834988488098,
    2290.3428812246802,
    834.7327192749425,
    1257.5424043188184,
    2363.4931364381655,
    2138.139505134727,
    2473.2511773496617,
    1853.8909454999873,
    2321.1942986052545,
    1832.6343959427604,
    812.4741646951418,
    2536.7624063767325,
    840.7142090281853,
    2464.4474474875146,
    2348.7074283805123,
    1615.7134536334502,
    2483.981894752309,
    2316.7910731172014,
    2291.135062821839,
    2208.322405687613,
    753.8092800566387,
    2236.906162965186,
    2391.397484222853,
    1362.1342504035897,
    2367.22814401116,
    1041.7137155793264,
    2416.1882604111092,
    260.3717349914283,
    1116.6657368475508,
    2395.4384008782117,
    2464.7733543212657,
    2370.7553486508436,
    1399.4063383063171,
    2513.7270426627115,
    2496.420721475757,
    2402.813877526157,
    2455.5329506975854,
    2464.8979621347085,
    2329.672833097734,
    1903.17032518472,
    870.3143533712451,
    2512.6401467682094,
    2167.164713467038,
    2414.360023637283,
    2259.433392657827,
    821.3944404276735,
    2448.35692233778,
    1546.936271175731,
    2585.911271911247,
    976.9261546272144,
    2316.4117133133996,
    2483.5119992162463,
    2592.0102700716297,
    988.4091756731549,
    2419.210138446013,
    2431.6072821449548,
    202.53981609610378,
    2408.2748711898903,
    654.4089692051946,
    2385.7575841304565,
    1461.574139362377,
    1478.483353485541,
    1303.4508950073198,
    2465.2757537523175,
    1629.3402314591658,
    1468.7553080657522,
    2433.5411377260216,
    2585.311078969109,
    1812.7663692568276,
    1390.5120182432013,
    752.441798162616,
    726.0107666137092,
    640.6644507660257,
    1782.0427933305348,
    815.7044370292842,
    1374.877344759666,
    2486.0255243953898,
    2010.4275253518354,
    2452.946674467597,
    2325.518628016375,
    2442.4837164084392,
    2546.956346847948,
    2296.5743463611734,
    238.5025949016851,
    2471.240634501455,
    2387.810271232887,
    1046.212592333352,
    2509.1931463771793,
    1351.2824347735918,
    859.0977082773378,
    1164.135580677557,
    2606.893218707418,
    1592.0778324747262,
    722.9386976523208,
    1202.5136733914287,
    2339.5850678336687,
    1122.1336734491022,
    867.138895109357,
    1032.0960580890844,
    2425.9724767543057,
    2627.3072848773845,
    1481.3325511367,
    2534.1637307862957,
    1985.2463453396126,
    2364.739963736379,
    1942.1487010422384,
    2536.8111926681972,
    605.8307511236997,
    2604.772650824549,
    1684.2369653619453,
    2585.1245209024337,
    2505.069067001941,
    1234.9678423189746,
    2367.218244855845,
    1676.7622487657009,
    2102.5887946604803,
    1604.6095168628872,
    2496.1992764783695,
    890.407094046712,
    2374.341596088746,
    1371.0979252281297,
    1053.0253881878677,
    2718.0444193370063,
    1557.7634984716074,
    1297.1907126819206,
    1481.1345951475769,
    2434.262661625947,
    2541.842556349821,
    1379.3249558964742,
    2567.8154194787235,
    2473.293278237338,
    147.71430292156685,
    1373.1130674369663,
    2068.1938270350424,
    2530.858108911894,
    932.9012627374892,
    2070.3668202147046,
    2652.448632724297,
    2558.0365344379693,
    1813.4867416920633,
    1600.7643072114085,
    1295.137959946711,
    2579.549418120699,
    699.9004004225966,
    1088.5450083161604,
    2560.0631090761835,
    258.61421307963707,
    2623.021674464166,
    2629.246573420089,
    2343.140626479475,
    1532.9805001968236,
    2424.9887237537173,
    1569.1751338607032,
    2608.790468983897,
    1974.6648002813456,
    2473.8271729814037,
    1788.141735600016,
    2468.2984788741933,
    2626.050246475698,
    87.28644368234151,
    2622.270932451865,
    2626.5732538218363,
    2547.5839724892044,
    1652.1553877659871,
    2579.503011435921,
    2659.265639622529,
    2603.8847475243588,
    2479.996618349171,
    2626.7483019635856,
    1292.9105299884197,
    765.0751371329121,
    1837.5154193423114,
    888.2516275792892,
    646.5971621051193,
    2100.1541684988515,
    2772.117885926988
  ],
  "diagnostics": [
    {
      "step": 2048,
      "scr_ema": 1.358614501591299,
      "ev_ema": 4.411296114626984e-05,
      "g_std_ema": 6.814660264061525
    },
    {
      "step": 22528,
      "scr_ema": 1.2337066952112354,
      "ev_ema": 0.06462489633847236,
      "g_std_ema": 49.11490525182586
    },
    {
      "step": 43008,
      "scr_ema": 0.8222350031879138,
      "ev_ema": 0.11532397771704758,
      "g_std_ema": 53.34524034583729
    },
    {
      "step": 63488,
      "scr_ema": 0.5585839263150578,
      "ev_ema": 0.19247591509550852,
      "g_std_ema": 46.3458629220024
    },
    {
      "step": 83968,
      "scr_ema": 0.46920651946032316,
      "ev_ema": 0.2462114810615799,