{
  "env": "Ant-v4",
  "agent": "Optimal_HCGAE_Optimal",
  "seed": 13,
  "config": {
    "hidden_dim": 256,
    "lr": 0.0003,
    "gamma": 0.99,
    "lam": 0.95,
    "eps_clip": 0.2,
    "n_epochs": 10,
    "batch_size": 64,
    "n_steps": 2048,
    "ent_coef": 0.0,
    "vf_coef": 0.5,
    "max_grad_norm": 0.5,
    "use_obs_norm": true,
    "use_adv_norm": true,
    "use_lr_anneal": true,
    "use_vclip": false,
    "device": "cpu",
    "total_timesteps": 1000000,
    "eval_freq": 20480,
    "n_eval_episodes": 10,
    "eval_mode": "deterministic_mean"
  },
  "total_steps": 1001472,
  "elapsed_s": 1427.4219679832458,
  "final_reward": 2010.7256688186972,
  "peak_reward": 2010.7256688186972,
  "max_reward": 2156.6795540569838,
  "eval_rewards": [
    1014.8326447555448,
    925.711938083499,
    565.7363006903192,
    515.5886423931115,
    372.1838013748828,
    308.151050197309,
    471.7152468320563,
    186.72534381757265,
    396.59221686225305,
    648.7713536186491,
    664.1660907408038,
    761.6547590787548,
    973.3460379441303,
    939.417411059804,
    1003.3330372204822,
    1168.600006997121,
    914.6751821570449,
    1128.2148717405228,
    977.1206879715577,
    1022.8522728810542,
    1187.5038354454919,
    1531.6512461526054,
    1110.4364751418202,
    1444.3390539957006,
    1417.9746373682858,
    1415.5499558127997,
    1303.0522275995893,
    1569.1827421724633,
    1525.8308880513064,
    1440.7900881057078,
    1586.1078140128006,
    1493.6700279898064,
    1436.9213627682266,
    1477.6917908865116,
    1642.7713362003046,
    1375.1951433719298,
    1782.5107641526072,
    1907.100526050103,
    1975.2382088789025,
    2089.928863531051,
    2036.5552647824254,
    1758.5937881870148,
    2084.5389683696076,
    2122.6865691621515,
    2050.809165801775,
    2156.6795540569838,
    2096.5111946471757,
    2005.8867282313,
    1705.0665914174856
  ],
  "eval_steps": [
    2048,
    22528,
    43008,
    63488,
    83968,
    104448,
    124928,
    145408,
    165888,
    186368,
    206848,
    227328,
    247808,
    268288,
    288768,
    309248,
    329728,
    350208,
    370688,
    391168,
    411648,
    432128,
    452608,
    473088,
    493568,
    514048,
    534528,
    555008,
    575488,
    595968,
    616448,
    636928,
    657408,
    677888,
    698368,
    718848,
    739328,
    759808,
    780288,
    800768,
    821248,
    841728,
    862208,
    882688,
    903168,
    923648,
    944128,
    964608,
    985088
  ],
  "episode_rewards": [
    377.82376326709704,
    1016.1612352935886,
    1202.350609111214,
    985.7302235506643,
    1259.2032004285195,
    145.71390940581963,
    1790.945725916414,
    1579.226665784379,
    1267.9406961615375,
    326.2504193656186,
    1070.901770894737,
    1837.5885487752905,
    588.9331658318166,
    594.4601911964369,
    1004.1433150310332,
    1337.820014671171,
    1379.3350171625748,
    1651.2562800177832,
    767.4644273368518,
    104.83877458685775,
    1745.5135161584178,
    1309.191144092518,
    1557.035970789271,
    762.3608643545006,
    1241.9004260115428,
    1779.5744610460015,
    242.65352957283673,
    1772.5380855587214,
    900.9041166542851,
    1527.2556195199043,
    1809.7194004940663,
    1576.3048966448148,
    1258.0057566549588,
    828.4743264814288,
    859.2648574487297,
    1723.3915593813222,
    1663.4910654152914,
    1799.1141509761912,
    818.1484839033554,
    1736.9911783695316,
    1502.07450312732,
    1736.1258165875001,
    1756.1086088572597,
    881.9264584662343,
    67.4988974288367,
    689.5341523865397,
    1669.1695364300922,
    1405.7090933534673,
    1834.5750944639203,
    1804.9315926391298,
    1818.0759582685662,
    1004.8045181349787,
    990.6590004573925,
    1773.7416045946327,
    1794.8190369444387,
    193.64127281733755,
    1787.8020487095332,
    1757.546802873774,
    1373.7378061172699,
    1918.9126225807913,
    1786.3640602987812,
    1473.5430545635215,
    1889.8541069484188,
    1519.5776174608181,
    589.0194327793329,
    1864.6780908003786,
    205.7670070839847,
    1874.509832862396,
    1914.9434323011824,
    832.1397763321147,
    1798.6768952153534,
    1372.041089015948,
    1820.9985162090386,
    1295.1923821675446,
    947.924560918743,
    1845.2930567618137,
    1818.83869713295,
    1942.003569864171,
    1880.7418134144332,
    1574.0281003957768,
    1978.879972255325,
    1830.3736993014195,
    1367.9012754422945,
    27.39590712262865,
    1863.7971278330033,
    1212.7960230224357,
    1862.8915994348865,
    1836.5138885309186,
    1806.144690808211,
    1823.5443098820429,
    1887.7753154428092,
    1967.99945713849,
    1884.8815091039305,
    663.1606306671335,
    1966.6130992824778,
    1938.707288476287,
    2033.3842793796216,
    725.0843939436373,
    1861.267353477878,
    80.40606904949057,
    1562.1129158927622,
    1802.9057964744038,
    1993.228756906171,
    1340.3959352257407,
    707.8662265758204,
    1970.9608739327657,
    1794.187959478892,
    892.2524327726543,
    204.37146955197656,
    1774.3863202184148,
    1950.3545274203943,
    1927.6888037257286,
    1852.2612585659683,
    713.1060451390149,
    1890.7320018857251,
    1913.924600203511,
    1441.9924112430904,
    1939.931991409986,
    1144.641707092059,
    1798.7427071615102,
    713.8920473661934,
    1006.7485403791825,
    1084.7350401818478,
    1741.118942781745,
    1866.3547430371175,
    1934.3165602945826,
    933.9829075892176,
    2007.269692152352,
    1772.8156875207094,
    1762.7035864131308,
    688.3829059393736,
    1928.8072831664936,
    1910.2516400373493,
    1537.297377704173,
    1936.3927580447644,
    2104.30195632656,
    45.39270158682791,
    885.3877568912611,
    1139.1671080958165,
    1963.0060661887926,
    1701.9314194472606,
    1833.926597963687,
    1974.7698738639053,
    2043.1077323921268,
    2026.3529755251293,
    870.060305526684,
    83.18362791475117,
    466.1825148642798,
    1315.6888940957608,
    1831.8327680978164,
    1957.2603948748733,
    843.2702048514244,
    1809.2241097666417,
    1558.6609530387154,
    2000.7807469693441,
    69.58926681821544,
    1986.412384058449,
    1810.3818401173899,
    1962.9566180573047,
    1791.9491550169678,
    1933.3964246521375,
    2043.8000127613723,
    2005.781325854707,
    1004.0556747570845,
    819.2354129872967,
    964.8752724036208,
    1301.0504650080227,
    2072.7233358124213,
    1991.757049379129,
    1899.9633758591533,
    1936.062595655303,
    1227.3408842240096,
    2153.897968717874,
    473.60682867620585,
    1311.1830825812513,
    2103.888610945724,
    1195.1251623476587,
    1170.2909976332749,
    1768.694834878048,
    213.9005008006257,
    1220.502605264063,
    1459.7891982893887,
    1815.583429396457,
    1998.6396565489358,
    506.63619240256276,
    711.1172439774732,
    390.5827879222893,
    803.7297602780804,
    1667.1406206783863,
    1894.319100293007,
    1970.5622056792795,
    1831.3716945833335,
    2058.7394601801975,
    1701.3624741016952,
    1258.155130784979,
    1617.7111581160532,
    2073.5456855465995,
    1980.6541900048564,
    1877.6868444234267,
    1976.922567890236
  ],
  "diagnostics": [
    {
      "step": 2048,
      "scr_ema": 1.1195991908370524,
      "ev_ema": 2.0466573399169353e-05,
      "g_std_ema": 10.89456558327539
    },
    {
      "step": 22528,
      "scr_ema": 0.8496570701342507,
      "ev_ema": 0.10077660655422224,
      "g_std_ema": 56.63008272576501
    },
    {
      "step": 43008,
      "scr_ema": 0.40744425311192484,
      "ev_ema": 0.2742828468524631,
      "g_std_ema": 64.83117407934353
    },
    {
      "step": 63488,
      "scr_ema": 0.28590109853495504,
      "ev_ema": 0.3933800406664539,
      "g_std_ema": 62.484979472794485
    },
    {
      "step": 83968,
      "scr_ema": 0.2953261114091119,
      "ev_ema": 0.38237061878799494,