{
  "env": "Hopper-v4",
  "agent": "Optimal_PPO",
  "seed": 9,
  "config": {
    "hidden_dim": 256,
    "lr": 0.0003,
    "gamma": 0.99,
    "lam": 0.95,
    "eps_clip": 0.2,
    "n_epochs": 10,
    "batch_size": 64,
    "n_steps": 2048,
    "ent_coef": 0.0,
    "vf_coef": 0.5,
    "max_grad_norm": 0.5,
    "use_obs_norm": true,
    "use_adv_norm": true,
    "use_lr_anneal": true,
    "use_vclip": false,
    "device": "cpu",
    "total_timesteps": 1000000,
    "eval_freq": 20480,
    "n_eval_episodes": 10,
    "eval_mode": "deterministic_mean"
  },
  "total_steps": 1001472,
  "elapsed_s": 2080.9773819446564,
  "final_reward": 2356.098212158639,
  "peak_reward": 3639.5510454357122,
  "max_reward": 3711.380819283177,
  "eval_rewards": [
    85.28122834043982,
    289.44204885619934,
    411.89048273506125,
    540.2780186580791,
    644.8564427736283,
    829.9689386413795,
    925.5511353262066,
    1138.5068910263678,
    1176.1793323415757,
    2086.3199923783127,
    3311.498833922924,
    1523.4998065145278,
    1829.8391703761124,
    1950.3849817870105,
    2453.460828844681,
    1563.1811393218286,
    3464.308423218806,
    3205.2673692176186,
    2296.11511431726,
    2065.7866363679614,
    3161.894718543631,
    2533.1780843284814,
    2967.8078985900806,
    3450.7237835232545,
    3353.7469896742705,
    3672.4343058336585,
    3673.9705831773217,
    3694.908957522657,
    3693.26854956687,
    3702.5877708389226,
    3696.61467930836,
    3689.5508243694117,
    3560.3030964204577,
    3709.8397056561093,
    3711.380819283177,
    3295.47131028407,
    3662.425431260298,
    3667.60849235636,
    3699.728324579958,
    3231.029035583854,
    3281.2212141934956,
    2286.5196765263936,
    1784.2041643343541,
    2964.33801984588,
    1442.321979712548,
    1383.361889761127,
    2241.1862311512123,
    1580.2144018523497,
    3366.585508625175
  ],
  "eval_steps": [
    2048,
    22528,
    43008,
    63488,
    83968,
    104448,
    124928,
    145408,
    165888,
    186368,
    206848,
    227328,
    247808,
    268288,
    288768,
    309248,
    329728,
    350208,
    370688,
    391168,
    411648,
    432128,
    452608,
    473088,
    493568,
    514048,
    534528,
    555008,
    575488,
    595968,
    616448,
    636928,
    657408,
    677888,
    698368,
    718848,
    739328,
    759808,
    780288,
    800768,
    821248,
    841728,
    862208,
    882688,
    903168,
    923648,
    944128,
    964608,
    985088
  ],
  "episode_rewards": [
    1524.2703629043747,
    2282.5194950334167,
    2288.060640506562,
    3214.1900752229417,
    1832.2401777827893,
    3167.6850591587,
    1985.3709269727985,
    2341.234890498673,
    1344.427280432174,
    2289.8209055712664,
    3020.2470415999765,
    3255.912387662637,
    1438.9977503435794,
    1405.4903742169106,
    1078.690981502465,
    2383.905693929351,
    2174.0134948339137,
    2298.188667778606,
    2311.0502232816443,
    1749.6163048538967,
    1217.2353058544338,
    3710.212933156674,
    1717.52259987752,
    2662.8587165877257,
    3672.3567849228302,
    1902.4502152188368,
    1701.664224878596,
    1576.8790134855462,
    1650.2906015988303,
    2706.2388472885395,
    1412.2828793280946,
    3658.9228420565246,
    1742.1808910231866,
    3648.9114642599043,
    2949.518330096327,
    1319.3346634443042,
    2963.1121013835846,
    2302.012338024228,
    1135.5348951690974,
    1514.9252338654812,
    818.1358503046594,
    2868.9594566674523,
    2828.3695902385903,
    3502.7900948884835,
    1929.7251069419747,
    1360.299579389695,
    2572.1330551188594,
    2433.9203821294254,
    9.372819232269336,
    2554.1445678785362,
    1943.820371790128,
    2285.787277626785,
    1385.2159596194435,
    1943.3505825743327,
    1938.5375357492999,
    1553.8455528608026,
    1310.766147448636,
    235.67243667186565,
    1107.4668451036657,
    1677.590284479637,
    1324.0733277444233,
    1685.7832642121652,
    2564.0038364871775,
    3733.0617879981405,
    1039.402622715083,
    1386.8632856137467,
    2537.3059495989646,
    1241.618676111218,
    1480.343482558698,
    1770.6295498770799,
    1447.2369572885652,
    2180.7197626346797,
    1971.3333949653102,
    2854.82639767411,
    2603.955022832796,
    3739.9881383003117,
    2991.3966076974234,
    1667.5590810677925,
    1395.3180286493455,
    2006.3796259802787,
    1295.7355125158426,
    1699.6081851227007,
    2464.3535127325067,
    1720.1843128475323,
    2052.253175573678,
    3317.540138058868,
    1372.7936516033094,
    3038.6895021536807,
    1009.4401997133577,
    240.63588742258796,
    3713.674444435637,
    1944.4225302383811,
    1751.330265789135,
    2252.774432451137,
    3465.3793238400986,
    1221.7039041299254,
    3677.586608403815,
    1470.4563207639485,
    3703.548691021808,
    3705.8892703123856,
    3688.3651830566705,
    2609.4619054296977,
    1995.643714810835,
    2965.4687082364267,
    1374.490892490614,
    3668.823466848023,
    2662.6672888789785,
    3673.4405875893654,
    3835.3026766469666,
    3673.0789408232054,
    3659.348224837808,
    2844.254056067158,
    1298.14125760772,
    3721.826669862602,
    2659.998013067834,
    1754.1045235381646,
    3678.1752358567196,
    1286.6035603607968,
    2896.8571030937023,
    1547.6024469737438,
    3692.2384793631422,
    1083.212780391235,
    2795.523788767489,
    1712.7515646073539,
    1642.4100373351719,
    3108.040083015138,
    1658.8525902643364,
    3261.42980627647,
    1173.2551213291779,
    1589.4798315517132,
    1364.0762601161869,
    1822.6563380623709,
    3552.301462520704,
    2497.870462025665,
    3169.2943867413637,
    2369.7104857744735,
    2154.9383310495177,
    1190.1068414364554,
    1305.4934110562735,
    2305.1009404449023,
    1672.31970220359,
    3778.447470943701,
    2007.0250098876904,
    2619.220623055127,
    2116.2979386319516,
    1792.2432132809379,
    1666.723658402854,
    1662.4964347814691,
    1625.919979738006,
    1708.1031583502538,
    3718.301828191216,
    936.3147596511456,
    2926.4737014352027,
    3264.5359526952498,
    3160.7143940903807,
    2465.1200826048726,
    2417.2240583265834,
    1195.4542023083768,
    1127.7164643291533,
    1506.4435642238018,
    1638.915706960896,
    1710.3968711043224,
    1919.1785819292973,
    2862.2169661900325,
    1726.911494080799,
    2885.139158445231,
    2343.708336693728,
    2975.012711350415,
    1669.3047178251331,
    1689.4635005562563,
    3686.204348314171,
    3210.0963097143594,
    3696.559700711733,
    265.831609623256,
    3058.216403138307,
    2088.8404888460122,
    3693.853717555084,
    1471.8835337000098,
    1063.0627796519814,
    3659.3017858892294,
    3652.4526159511797,
    3687.926003792939,
    2546.650818308705,
    1848.036057641333,
    3666.069948379956,
    3542.5026295073085,
    3237.4998227800997,
    3656.8107237203853,
    3679.003581779884,
    1334.4722765331946,
    3704.2912661767027,
    1409.0022798829664,
    3269.3679155998984,
    2298.0554821952546,
    2268.690315516571,
    3678.2978056894776,
    1282.5236863373464,
    1675.1515849076154,
    3687.0042568137223,
    2635.7818509776434
  ],