{
  "env": "Hopper-v4",
  "agent": "Optimal_PPO",
  "seed": 15,
  "config": {
    "hidden_dim": 256,
    "lr": 0.0003,
    "gamma": 0.99,
    "lam": 0.95,
    "eps_clip": 0.2,
    "n_epochs": 10,
    "batch_size": 64,
    "n_steps": 2048,
    "ent_coef": 0.0,
    "vf_coef": 0.5,
    "max_grad_norm": 0.5,
    "use_obs_norm": true,
    "use_adv_norm": true,
    "use_lr_anneal": true,
    "use_vclip": false,
    "device": "cpu",
    "total_timesteps": 1000000,
    "eval_freq": 20480,
    "n_eval_episodes": 10,
    "eval_mode": "deterministic_mean"
  },
  "total_steps": 1001472,
  "elapsed_s": 1534.7254891395569,
  "final_reward": 2224.8565746565846,
  "peak_reward": 2964.232310584416,
  "max_reward": 3692.3333901131605,
  "eval_rewards": [
    221.03965655736835,
    321.9494998273386,
    401.81089883848676,
    603.0877299435405,
    672.634061859735,
    673.6329260394953,
    806.3436429139999,
    820.9991595208676,
    981.3356241136178,
    1130.9143521185968,
    1235.935240559054,
    1270.2057306017464,
    1350.0156497501662,
    2741.0397031315943,
    1858.916081851691,
    2710.928148044543,
    3559.3022268715586,
    3230.1068220960506,
    3526.9580798999777,
    3606.710308866991,
    3619.8631560718954,
    3631.656742511864,
    3618.234792741775,
    3292.186578719381,
    3610.1530850626623,
    2515.560240871429,
    2935.0720404002122,
    2420.7593761250223,
    3309.268590772904,
    2931.929066160102,
    3636.089070237723,
    2920.817669326531,
    3650.5857915308843,
    3056.031623772019,
    3040.995339160531,
    2120.300560277811,
    3096.3661259218256,
    3681.894000858437,
    3431.640798873506,
    3692.3333901131605,
    3582.257900588903,
    3017.5268072306035,
    2629.143552035246,
    1349.864630784139,
    1694.7043553295734,
    1905.2010320002405,
    1689.7086897565634,
    1290.6991703065091,
    1397.1262184209077
  ],
  "eval_steps": [
    2048,
    22528,
    43008,
    63488,
    83968,
    104448,
    124928,
    145408,
    165888,
    186368,
    206848,
    227328,
    247808,
    268288,
    288768,
    309248,
    329728,
    350208,
    370688,
    391168,
    411648,
    432128,
    452608,
    473088,
    493568,
    514048,
    534528,
    555008,
    575488,
    595968,
    616448,
    636928,
    657408,
    677888,
    698368,
    718848,
    739328,
    759808,
    780288,
    800768,
    821248,
    841728,
    862208,
    882688,
    903168,
    923648,
    944128,
    964608,
    985088
  ],
  "episode_rewards": [
    1550.1774463503998,
    1327.6536315889614,
    1238.3256406294736,
    757.1146788875811,
    2239.646237677246,
    1354.4397516088216,
    1793.0820862800292,
    2684.466209377646,
    1628.0721331501288,
    1230.517111416474,
    2643.7595680330396,
    2282.323265557864,
    730.6903828215204,
    1286.457572765725,
    1105.6515571984398,
    2432.176897429545,
    725.0700986600899,
    3827.337696620019,
    1744.1996623034056,
    3727.5412094705594,
    3703.5981494996363,
    2921.8360867486067,
    1644.620515709153,
    2421.706862567042,
    1393.7731352296837,
    1896.8850564956867,
    740.145059238739,
    1363.2184363909055,
    2136.1841929127318,
    2311.0748022771213,
    2534.4942739620105,
    2407.5885410343403,
    3373.245922481012,
    2282.032754131827,
    1754.184891063971,
    3372.362201171547,
    735.8852295565393,
    1539.2400632516021,
    3704.255928372739,
    3078.6416550976583,
    2049.3138866748855,
    1787.9299908184878,
    2984.636040532226,
    3710.370422067276,
    1767.3366644014873,
    2036.7149884609973,
    1265.9527541343696,
    1571.827643515426,
    2719.918565671636,
    2217.680053411118,
    1221.4475810558267,
    1030.487472587648,
    1553.6663670178834,
    1315.159314628745,
    1538.1936056582163,
    1450.1488311191963,
    1279.1383216520715,
    1909.3056986536787,
    2644.300298519151,
    1289.848661595041,
    2669.7977400821205,
    1256.175183566145,
    3669.3625388849455,
    2016.7447732182031,
    1333.2172987980343,
    1681.93598371701,
    1346.5003288646467,
    974.5291157899401,
    1319.2538688738603,
    1386.6539723445283,
    1999.2901185983587,
    2291.920312903115,
    3234.399068834204,
    1391.1765692376318,
    2280.7270010343964,
    1413.8697303553959,
    1889.1720299573105,
    2408.046164048732,
    1278.1541456606503,
    1437.0423911566472,
    1358.8571758213998,
    1091.4479556676586,
    3742.9871537175172,
    1691.495839416013,
    1786.2548634582672,
    1029.6075637512188,
    3766.7399490777984,
    1167.8284424886294,
    1215.3037421661531,
    1089.4215983016252,
    1729.5191913178624,
    1102.462714148192,
    1107.033110285902,
    1150.4429923173627,
    1241.6196612139222,
    1167.5523698490915,
    1112.2675166718884,
    1027.4954799819436,
    3088.758885315445,
    2223.3329068450776,
    1084.081850480501,
    1127.4550519580243,
    2087.7320455064946,
    1403.5063431159053,
    1332.262419155616,
    1576.9093679089665,
    1239.5519690002484,
    1246.475598847052,
    1196.6357704274155,
    1158.0340675093419,
    2899.5688208067627,
    1122.4609699922466,
    1113.9155055231452,
    3490.62410283915,
    1139.3361561045497,
    1230.7622603080029,
    735.4249124102863,
    729.2306215765528,
    1457.0331051569515,
    1260.0516529720628,
    3732.6013449974193,
    1510.3587978297446,
    720.2242458182147,
    1037.119925200809,
    3272.0459099270665,
    1068.4609837182331,
    1112.7408648440758,
    1303.9751372830406,
    1784.2016701025773,
    1312.0072321070402,
    1358.8693492108923,
    1225.2366816959604,
    1279.0186320479272,
    2803.998478626701,
    1111.7701995049567,
    1609.178111925262,
    3072.1842728065994,
    2277.1469043723832,
    1284.2535883125104,
    2951.1911367797943,
    1135.5084704772457,
    1335.6362833622084,
    1653.5091908499503,
    982.3513897592554,
    3783.0198375153527,
    2057.3703450699195,
    1201.5795584659234,
    1812.6416359812893,
    1326.9591621201876,
    2391.0747397591745,
    1279.5436750197,
    1969.1042445169182,
    1167.499983078514,
    1945.4456503940544,
    731.4982691180975,
    1174.3564770838666,
    3537.2928369127844,
    1406.0370438826722,
    1139.0227843035136,
    1044.6986172005047,
    1580.539279228711,
    736.6048470493561,
    2734.8576428728834,
    3628.572340082982,
    2209.496124699653,
    1269.9918240955988,
    2055.982696572368,
    1094.4262016602365,
    1315.4687087063353,
    3700.1067315245573,
    2662.0871423498897,
    1045.8175434257012,
    1374.7877680703014,
    735.1403972919979,
    1200.4792307810662,
    3725.377804584086,
    1642.8491928527237,
    1560.6877958974321,
    1403.9545018158906,
    1791.8962547734614,
    2158.7594927813484,
    1032.7649842655799,
    1503.0817766032135,
    2550.95432895316,
    1150.0926934507331,
    1247.29246391777,
    1369.5541166465562,
    746.2145544615853,
    1767.744301208446,
    1445.8322377012428,
    3800.9603270001994,
    1372.3907130778648,
    1107.9208759553394,
    738.7460201702256,
    1198.7022034934837,
    1675.728560472726,
    1156.7914861528654,
    2412.2620296600917,
    722.3018286508989,
    2586.3571312898052
  ],