{
  "env": "Hopper-v4",
  "agent": "Optimal_PPO",
  "seed": 2,
  "config": {
    "hidden_dim": 256,
    "lr": 0.0003,
    "gamma": 0.99,
    "lam": 0.95,
    "eps_clip": 0.2,
    "n_epochs": 10,
    "batch_size": 64,
    "n_steps": 2048,
    "ent_coef": 0.0,
    "vf_coef": 0.5,
    "max_grad_norm": 0.5,
    "use_obs_norm": true,
    "use_adv_norm": true,
    "use_lr_anneal": true,
    "use_vclip": false,
    "device": "cpu",
    "total_timesteps": 1000000,
    "eval_freq": 20480,
    "n_eval_episodes": 10,
    "eval_mode": "deterministic_mean"
  },
  "total_steps": 1001472,
  "elapsed_s": 2087.423491001129,
  "final_reward": 1939.688549297632,
  "peak_reward": 3244.823270014362,
  "max_reward": 3661.7969256686565,
  "eval_rewards": [
    79.91292486943507,
    321.9090404838455,
    468.7630777345754,
    590.7426858905208,
    624.6793056638669,
    725.5679289237394,
    886.3359788971675,
    929.0312312833737,
    1076.7203593997826,
    1205.6841023138902,
    1233.9147996018307,
    1874.5069382823178,
    3265.1577728668713,
    3308.747143410967,
    3414.1766737582097,
    3451.1128910109883,
    3513.214751694931,
    3589.7404735419527,
    3580.327254380033,
    3174.6103157866814,
    2880.1783380379156,
    2554.64486933327,
    2334.6104232419357,
    3225.4284852260134,
    2962.576935882217,
    2811.870313147739,
    2438.76967632754,
    2676.127211175892,
    2474.5238024055234,
    2738.666922784444,
    3567.176543998417,
    3072.481239991982,
    1452.924350460757,
    2757.7950700993665,
    2950.8790660905433,
    2716.1066050163436,
    3546.830657247501,
    3639.897892445111,
    3661.7969256686565,
    3653.838086882389,
    2849.140660788065,
    3404.874229547871,
    3267.0735063577754,
    76.30491200492929,
    86.13261613270318,
    2859.150489561631,
    3033.260792538504,
    82.52515065654731,
    84.58504850590893
  ],
  "eval_steps": [
    2048,
    22528,
    43008,
    63488,
    83968,
    104448,
    124928,
    145408,
    165888,
    186368,
    206848,
    227328,
    247808,
    268288,
    288768,
    309248,
    329728,
    350208,
    370688,
    391168,
    411648,
    432128,
    452608,
    473088,
    493568,
    514048,
    534528,
    555008,
    575488,
    595968,
    616448,
    636928,
    657408,
    677888,
    698368,
    718848,
    739328,
    759808,
    780288,
    800768,
    821248,
    841728,
    862208,
    882688,
    903168,
    923648,
    944128,
    964608,
    985088
  ],
  "episode_rewards": [
    3643.4884875791417,
    3685.8998148265773,
    2080.7849439740153,
    3637.4874050789863,
    1463.3935256179288,
    3239.058289637447,
    1450.9357726668368,
    1554.259220881524,
    3048.891595527373,
    1134.9189559836254,
    1234.6461875706027,
    3811.063265879561,
    2357.1270142978633,
    2407.881398299777,
    3676.9125888698586,
    2091.902305013794,
    2860.3106481664704,
    2473.346773089484,
    2678.2050204794423,
    1181.1239723795102,
    2871.4356654359062,
    3645.2131514147727,
    3606.290192901927,
    3588.674459539977,
    3685.0849627120365,
    88.12699414152964,
    1387.365081093218,
    3813.5950258015027,
    3076.6340843905773,
    3667.6726232060973,
    2344.7858210903046,
    2723.331160019683,
    3672.2077827329617,
    1842.9412961232408,
    1924.8349047281265,
    2099.194863483342,
    2172.2646924750634,
    3673.1095747986997,
    2702.956031885077,
    2960.162055749543,
    1849.0665800793117,
    2424.1345538618366,
    1673.186692417026,
    3419.48401477185,
    3666.4506559304195,
    3519.906490189673,
    2203.150083383727,
    3754.642671689087,
    2603.509368593145,
    3710.4965559641073,
    1104.8196770210486,
    1800.4366738806473,
    3257.352750461941,
    3673.7761357074105,
    2450.1218574371114,
    3088.216107332206,
    3663.351182409147,
    3838.908771480058,
    2096.9299373197,
    90.3739635067071,
    1411.9017862715896,
    2077.709039705404,
    1876.3419677705253,
    2767.357108350751,
    75.91475345808263,
    88.2595482727061,
    1639.6954861681886,
    1487.904144500025,
    3008.9079500365388,
    1840.3352557718001,
    2107.2436845817597,
    1917.2244847265642,
    3300.1085825715377,
    3269.253495311331,
    953.2235225747397,
    3684.238342636033,
    2703.817804434866,
    3101.5099704978015,
    2120.5108584430864,
    1621.8351862170941,
    1257.631898306412,
    3670.6014250323533,
    3685.242282445202,
    2639.026484312966,
    3658.5505141591852,
    2314.9148509604865,
    1931.748457970948,
    1605.0223617533438,
    3692.37021584932,
    3656.7910919435612,
    2265.838077910171,
    2364.930390552926,
    3570.156864060185,
    2017.4095529904048,
    1914.9896643967134,
    2088.435980644334,
    2105.6437365916404,
    2585.6809212582853,
    1743.3396489977106,
    2105.324773513569,
    2438.261241736335,
    1430.4675152377476,
    2605.3949786481417,
    2156.5810583355023,
    1405.3623491067208,
    1770.2080770968003,
    2700.68980860069,
    3598.546994441124,
    1649.080017894087,
    2749.4816751960584,
    2025.069977786847,
    3107.293158437712,
    2100.313247081939,
    3472.1525599588635,
    2090.9135934412775,
    2073.504509787166,
    3210.005223757799,
    3260.121970679841,
    3673.4425861810387,
    3126.3944703316256,
    3057.730680849631,
    3687.595665051935,
    1757.38607724437,
    2403.7114766092104,
    2471.0846405122848,
    1762.470196723158,
    2072.2520760366538,
    2937.199720604816,
    3619.93940506359,
    582.8812066429007,
    1233.910225003953,
    2684.644371371406,
    3559.198740324124,
    2227.6362299283082,
    2147.42736261773,
    2107.908090500404,
    3666.2630056921835,
    3735.0780139864755,
    3677.8847342181566,
    1331.8135070441135,
    2280.981480673846,
    2731.4081558196585,
    2619.6878655043665,
    2645.9284564369073,
    616.4153164676667,
    2679.365453766659,
    1417.1803252629559,
    3631.0253994938507,
    3685.9155098800024,
    2731.461673080601,
    1445.0237233738956,
    3711.479990371941,
    3677.738639878609,
    2295.163293086103,
    1244.122991823546,
    2938.4596294423127,
    3697.9464004246647,
    3607.429852843033,
    3770.0589869241935,
    1934.7478578186788,
    2750.9389566803643,
    3203.5239524322014,
    2021.9992714913574,
    2099.336383023881,
    3774.4777138273967,
    2353.248571552487,
    2462.929416484352,
    2732.0262287260934,
    3066.9731566462633,
    3559.0167626970124,
    3604.7690770276,
    2227.731874932378,
    1736.0886345869894,
    1157.5870443558865,
    1751.7266238783081,
    603.9550260561019,
    3626.0443957946322,
    977.2022944610329,
    3631.2434940566704,
    2078.2008497589936,
    971.2852657453614,
    1398.9231774427747,
    1728.1510631377353,
    3649.5811143067835,
    3660.205776704124,
    1956.8942399378052,
    3638.107612616172,
    3775.5872394331254,
    3708.2514033103384,
    2926.24939917311,
    3064.586335850137,
    3612.8788316090545,
    3589.6304475656266,
    3645.97549973304,
    3591.8408858500516,
    93.6239621628024,
    84.30333730280799,
    3653.306808414067,
    2647.1967036932565,
    951.540872905216
  ],