{
  "env": "Hopper-v4",
  "agent": "Optimal_PPO",
  "seed": 19,
  "config": {
    "hidden_dim": 256,
    "lr": 0.0003,
    "gamma": 0.99,
    "lam": 0.95,
    "eps_clip": 0.2,
    "n_epochs": 10,
    "batch_size": 64,
    "n_steps": 2048,
    "ent_coef": 0.0,
    "vf_coef": 0.5,
    "max_grad_norm": 0.5,
    "use_obs_norm": true,
    "use_adv_norm": true,
    "use_lr_anneal": true,
    "use_vclip": false,
    "device": "cpu",
    "total_timesteps": 1000000,
    "eval_freq": 20480,
    "n_eval_episodes": 10,
    "eval_mode": "deterministic_mean"
  },
  "total_steps": 1001472,
  "elapsed_s": 1523.705134153366,
  "final_reward": 2582.816952904734,
  "peak_reward": 2895.367109613954,
  "max_reward": 3315.4223552617623,
  "eval_rewards": [
    88.24542529153682,
    203.6113191771408,
    269.9944496648568,
    1009.6266372394778,
    1160.8562244828006,
    1062.0608976559265,
    1254.000378749444,
    2088.108141463793,
    1799.2126171949344,
    1614.4026073569898,
    1874.3034347764471,
    2161.0063728596906,
    3195.335027464579,
    3216.1753035610072,
    2518.420226845357,
    2342.683611209865,
    2552.567197722484,
    3133.186720817794,
    1894.6546475793082,
    1700.0707639583197,
    1693.7090191018156,
    3136.7727541177437,
    3291.5595292835396,
    3292.2270769483393,
    3292.399565699818,
    2992.062202224717,
    3199.982729903478,
    3135.8593563123327,
    3289.336146828956,
    2975.037955645772,
    3288.8744485356133,
    3279.580443517186,
    1823.4538817302887,
    2895.2979285993324,
    1795.9493690395825,
    3315.4223552617623,
    3297.6858228234705,
    3296.7642977912355,
    3129.8351973040394,
    2830.8073515370293,
    2499.770083521602,
    1403.5905783498724,
    3290.3460147538594,
    3284.844260590159,
    2932.9318051900855,
    2645.7059768925546,
    2033.0835594939228,
    1877.8522024065878,
    3029.2376963116653
  ],
  "eval_steps": [
    2048,
    22528,
    43008,
    63488,
    83968,
    104448,
    124928,
    145408,
    165888,
    186368,
    206848,
    227328,
    247808,
    268288,
    288768,
    309248,
    329728,
    350208,
    370688,
    391168,
    411648,
    432128,
    452608,
    473088,
    493568,
    514048,
    534528,
    555008,
    575488,
    595968,
    616448,
    636928,
    657408,
    677888,
    698368,
    718848,
    739328,
    759808,
    780288,
    800768,
    821248,
    841728,
    862208,
    882688,
    903168,
    923648,
    944128,
    964608,
    985088
  ],
  "episode_rewards": [
    1849.5449214287419,
    2930.181359094522,
    1844.6093469801103,
    1132.4181994955215,
    2569.866647083335,
    3283.8745611200716,
    2023.7276644451272,
    3292.5330620975897,
    938.0546899624953,
    2202.347767942215,
    892.1100974647694,
    935.667269089776,
    1245.6065047135435,
    2695.704033031764,
    1908.083117782088,
    1446.1856257684697,
    1151.8031214773089,
    1932.6949711923562,
    1710.846254369172,
    2452.1731075352372,
    1083.237853754692,
    1215.8816438261658,
    3300.9898710676985,
    1648.9389170823206,
    2423.6495777453165,
    1445.8544637138934,
    3214.5343794842784,
    2195.622084224353,
    1183.8387309630211,
    2871.0246903617567,
    1437.670661048415,
    1610.6457233365675,
    3287.2129068908303,
    1937.664893585906,
    2954.9672119111974,
    1194.5078760341028,
    2502.516403435518,
    2941.6349232820185,
    1822.5197988723487,
    956.5276863146986,
    1556.9755365207736,
    3281.665267619767,
    2395.4114573536635,
    3403.7176556620966,
    1690.9039478225434,
    1018.8660918833872,
    1166.4226817562778,
    2704.047359379092,
    2256.644244175815,
    3281.7936002196197,
    2434.523118180113,
    1191.987287575508,
    2761.353427783705,
    2483.325179660614,
    1378.854811182435,
    3201.555388191108,
    944.1463958172994,
    1032.585985842578,
    1511.4390847112866,
    3353.065002340786,
    1168.8259679920268,
    1422.6968506044454,
    1369.5160023924423,
    1326.3525551850637,
    1748.2646720514542,
    1750.619596742159,
    2723.249505635617,
    1751.823811925633,
    898.7629334466769,
    2075.585094945487,
    1293.126063027062,
    1219.6104963122982,
    1255.540388466757,
    1115.7283373779567,
    3288.202857245405,
    2375.0832011059556,
    1064.428006281621,
    1129.533991816622,
    1176.3749032035557,
    1304.746193842866,
    1119.8590679094611,
    1186.3600684139635,
    1152.2312959924752,
    1054.8545158818558,
    940.4958320751547,
    1191.955276298415,
    1168.0511105412004,
    1689.7164505919925,
    986.5371449844388,
    1446.5956929073172,
    1102.1257809186475,
    1097.8462762603704,
    1119.355362616581,
    2750.649745354924,
    1029.0524603119356,
    1192.754245824448,
    965.5704670796868,
    1464.395932691349,
    1897.1482647076054,
    1437.5351750783182,
    1444.0375614007646,
    1107.0444272070342,
    1159.6648792184492,
    1404.4703915471769,
    1375.2540421206904,
    2310.1930086258158,
    1106.2361339619106,
    1132.7747590424603,
    2488.855826989059,
    1082.7824083830017,
    2591.689779101778,
    1785.1521767944444,
    1714.0759150583497,
    2601.522902341589,
    1606.6228099813238,
    1099.055989622365,
    1638.4773883412254,
    2154.660175369529,
    2047.1667975823534,
    1364.162796897431,
    2050.759417885695,
    1637.1239118724095,
    1490.7623732489074,
    1532.3931567405707,
    1984.1977361102179,
    912.9009986916469,
    1109.294928426915,
    1435.534701619895,
    1049.5791256096072,
    967.0057749034379,
    931.5963011923488,
    1869.5196863296442,
    1411.7278217040798,
    2196.783796455935,
    1386.6783791851321,
    1448.5286525976817,
    889.5842402028733,
    1116.5623567085595,
    1626.97260806391,
    1603.0522368002328,
    1277.1866155411474,
    1832.9104335196355,
    1131.144413384935,
    1221.9152214235846,
    994.8673471012359,
    1754.3666053308814,
    1873.2252854960425,
    2589.3543687598885,
    2147.4242559901527,
    1541.1079144406212,
    2390.6178689616027,
    975.926104159935,
    1136.4252308142168,
    1262.5455980508468,
    944.0488894854758,
    2037.8006628029873,
    3225.308834150854,
    1355.8421660425763,
    1385.0599993523306,
    1738.8374936950102,
    1701.2408295246412,
    1877.4939619156153,
    3283.332004590474,
    1994.8330278385033,
    2631.9213125524357,
    1431.00316878739,
    1119.3178459743851,
    1141.1444771103231,
    1037.0821673245064,
    2195.0779147463645,
    866.2700296209107,
    1874.7837634740813,
    1081.8604423213192,
    1043.8105518314298,
    3113.485406063279,
    1607.1292875445095,
    920.9970647581127,
    1494.387114168173,
    2626.2396142390007,
    1412.134279073265,
    1179.2041455903977,
    1527.328026902188,
    972.3810759298748,
    1084.3419451642937,
    954.3774481778456,
    2193.8429720858776,
    1984.3522914174425,
    1253.4633114562057,
    2425.467949235977,
    1442.838032983056,
    1877.1957549520193,
    1195.3253150964695,
    3324.013256758056,
    1607.6251482244884,
    1426.4353478629243,
    1755.5358739345747,
    2719.518527689412,
    1697.795052381339,
    1348.4375712439773,
    1695.1392277221146
  ],