{
  "env": "Hopper-v4",
  "agent": "Optimal_PPO",
  "seed": 11,
  "config": {
    "hidden_dim": 256,
    "lr": 0.0003,
    "gamma": 0.99,
    "lam": 0.95,
    "eps_clip": 0.2,
    "n_epochs": 10,
    "batch_size": 64,
    "n_steps": 2048,
    "ent_coef": 0.0,
    "vf_coef": 0.5,
    "max_grad_norm": 0.5,
    "use_obs_norm": true,
    "use_adv_norm": true,
    "use_lr_anneal": true,
    "use_vclip": false,
    "device": "cpu",
    "total_timesteps": 1000000,
    "eval_freq": 20480,
    "n_eval_episodes": 10,
    "eval_mode": "deterministic_mean"
  },
  "total_steps": 1001472,
  "elapsed_s": 1577.2435357570648,
  "final_reward": 2196.7085966160566,
  "peak_reward": 3166.208988008041,
  "max_reward": 3519.4886429751896,
  "eval_rewards": [
    224.0701745553597,
    308.84558750606425,
    591.7612730239451,
    712.9058916835312,
    866.0468109879042,
    948.7700794912287,
    1255.3137480170706,
    1803.751607565197,
    2769.6648554284866,
    3247.93496774784,
    2502.0232213209965,
    2911.263341875162,
    3256.647487386729,
    3254.761671162341,
    2257.617111891802,
    3320.4553554034437,
    2829.134543106292,
    3236.8337278003028,
    3375.8887749906266,
    3447.9367054402705,
    3457.0529578020482,
    3482.410932675876,
    3519.4886429751896,
    2015.2431080731542,
    3474.823107485268,
    3140.587684709077,
    2511.824238128601,
    2386.309456199957,
    971.2935063282073,
    2184.9320186041236,
    2549.937164078186,
    2392.7366721379817,
    2218.71919634882,
    1294.3381990708476,
    1392.0323787367774,
    1086.1771313695556,
    1071.9508366459413,
    1060.958585536568,
    1664.8015171472248,
    1375.4911595390613,
    1243.9928350951666,
    1809.1789486307116,
    2381.9335544456,
    2661.526442807238,
    2152.963063851431,
    2368.547814821795,
    3163.3961605637833,
    2621.8181464554805,
    2188.237839950301
  ],
  "eval_steps": [
    2048,
    22528,
    43008,
    63488,
    83968,
    104448,
    124928,
    145408,
    165888,
    186368,
    206848,
    227328,
    247808,
    268288,
    288768,
    309248,
    329728,
    350208,
    370688,
    391168,
    411648,
    432128,
    452608,
    473088,
    493568,
    514048,
    534528,
    555008,
    575488,
    595968,
    616448,
    636928,
    657408,
    677888,
    698368,
    718848,
    739328,
    759808,
    780288,
    800768,
    821248,
    841728,
    862208,
    882688,
    903168,
    923648,
    944128,
    964608,
    985088
  ],
  "episode_rewards": [
    1104.736647492566,
    3028.4018291301536,
    2029.5685807712562,
    2254.9040333026355,
    1362.160622573536,
    2781.4287428373823,
    1276.1257288265876,
    1355.7688380472982,
    1669.6952376972092,
    2011.1412304439448,
    1373.036053090678,
    1608.1180787959615,
    1494.6497136995874,
    1175.440818531068,
    2709.747760243639,
    747.8409744513758,
    1973.023041411671,
    1054.5816431434803,
    1160.225607121719,
    1395.0622196739357,
    1186.587330813678,
    1970.9845956144884,
    3327.4707719477296,
    1070.3332348937727,
    1034.7492280221054,
    1310.228106856491,
    1261.2444802806585,
    2246.457926218543,
    1262.8629223639452,
    1162.7862161188202,
    1609.2579205451868,
    731.911025370303,
    420.8985569019116,
    1159.6913738107532,
    1051.930048798611,
    1520.8675320497891,
    1140.6885253249357,
    1051.9741277597589,
    1204.5793176994687,
    1339.4162900835936,
    3796.513328082265,
    1173.1176179904694,
    1056.9258241100542,
    2142.7451764572284,
    2704.6590628735817,
    1679.9338851005148,
    1359.5909055851191,
    1780.3294144490917,
    2775.5720061925776,
    2641.803373784273,
    2343.170462668489,
    3684.889632751205,
    2377.604165975704,
    741.5222931877748,
    2277.3055548948373,
    2657.8060035906915,
    1190.5914894020773,
    1323.3081351497483,
    1018.5209478649563,
    1182.1848774377288,
    1804.0376886442568,
    2645.4377431560406,
    1214.5733096528597,
    1622.8604667148932,
    1067.939480047114,
    1403.0790658815786,
    1290.3035905343202,
    1150.4050008932718,
    1058.960973726922,
    1491.8633537976252,
    2003.1495338062323,
    830.7307679013908,
    1147.1903052620498,
    1315.677905525976,
    1698.3593147949357,
    1074.1751304416182,
    1133.2152567771066,
    3740.655589457508,
    1046.7222121564228,
    738.651699253264,
    2920.9307621286775,
    1183.1850844135995,
    1059.9276702987866,
    1133.1897752833838,
    1963.0830088610012,
    1281.6892921068243,
    1249.5224206892997,
    1567.8839087593171,
    1137.7550429094729,
    3671.925559618201,
    940.2120496347504,
    1783.6358211017446,
    1674.1928100882399,
    1650.2784315287163,
    1643.2099916569005,
    1194.1781817202593,
    2377.9957464111667,
    2257.817814706401,
    1306.7067614983703,
    1205.1033530433767,
    1162.553732639591,
    1375.6225711173836,
    3629.4421573786053,
    1204.3429671812762,
    2627.2447229823388,
    1048.559757837349,
    1009.9117437959006,
    1176.7402881301969,
    2088.945317581523,
    728.2984187298507,
    1709.2078887535513,
    2641.5469218468593,
    2127.581199205515,
    1056.102773906494,
    1075.1224456880661,
    2072.528384101281,
    1130.7585303838453,
    1229.1280045799292,
    1100.6631060130169,
    1317.609224608381,
    1324.4163853779303,
    1050.3558298040625,
    2381.051681301192,
    1569.8745953173834,
    1818.1287217647316,
    2386.799063460486,
    3125.613279643426,
    1880.260866356502,
    1173.2079096755406,
    2478.4438738875015,
    1075.5816125009253,
    2386.4911489027063,
    1557.0452562330258,
    2017.638021342208,
    1274.7619076750725,
    1246.9773606534707,
    2367.422083393183,
    2492.2984487910603,
    1139.108686859453,
    2777.0230304585502,
    2436.5342501258683,
    1299.4058498904496,
    1538.2268085463572,
    2442.640272257714,
    1396.2416752929455,
    2638.3827894561855,
    2760.921304206359,
    2490.522663924803,
    1010.6522113066312,
    905.3392637039141,
    1109.5444362122576,
    2315.0711423547873,
    1028.2433774334236,
    1601.2886239253253,
    1170.5650895032968,
    3501.6729481739653,
    1583.8450422652763,
    2349.6810666744286,
    2332.7753261600897,
    3196.366894814095,
    1566.2459529275536,
    1562.5981821928697,
    1765.7427735429296,
    1156.061475613905,
    1399.8426182901246,
    1618.9865867087228,
    1700.7932928926625,
    1060.4307153054194,
    1058.046554509526,
    1236.7650307662293,
    2173.491312813812,
    1646.5434814498524,
    1029.900911307837,
    1566.9831231264197,
    1463.3174230371892,
    1996.2445734298694,
    2025.484219810709,
    1009.8949263631844,
    2349.047675958989,
    1606.205045217693,
    1193.6009876358548,
    797.7725099307303,
    1059.3588590681188,
    1679.8134511431017,
    1401.585504944462,
    2444.411349275992,
    807.3490065027075,
    1524.5645575438864,
    2204.940530103532,
    1042.5817854902775,
    1441.5755727374521,
    990.9208020008227,
    1193.5574198798274,
    990.5001264637463,
    1551.2536564701572,
    1556.1113422996727,
    2213.228533541329,
    1160.5719976587854,
    1603.5582461272654,
    2395.4610382028136
  ],