{
  "env": "Walker2d-v4",
  "agent": "Optimal_PPO",
  "seed": 1,
  "config": {
    "hidden_dim": 256,
    "use_obs_norm": true,
    "use_adv_norm": true,
    "use_lr_anneal": true,
    "eval_mode": "deterministic_mean"
  },
  "total_steps": 200000,
  "final_reward": 1496.3642496395346,
  "eval_rewards": [
    260.47820227944123,
    331.7143904144468,
    336.62393955703806,
    368.3289484924292,
    374.6129726506174,
    358.4691044364248,
    345.6308857686069,
    357.29010065841993,
    370.7017850115943,
    384.7425780061846,
    446.8542350735614,
    588.758398449384,
    557.9971150460868,
    638.3868702816828,
    813.0345596817391,
    867.0665389212772,
    992.5902488105572,
    1120.840959321458,
    1966.409149700557,
    2534.914351443823
  ],
  "eval_steps": [
    10240,
    20480,
    30720,
    40960,
    51200,
    61440,
    71680,
    81920,
    92160,
    102400,
    112640,
    122880,
    133120,
    143360,
    153600,
    163840,
    174080,
    184320,
    194560,
    200000
  ],
  "elapsed_s": 151.3
}