{
  "env": "Hopper-v4",
  "agent": "Optimal_PPO",
  "seed": 4,
  "config": {
    "hidden_dim": 256,
    "obs_norm": true,
    "adv_norm": true,
    "lr_anneal": true,
    "eval_mode": "deterministic_mean",
    "n_seeds": 12,
    "total_timesteps": 1000000
  },
  "total_steps": 1001472,
  "final_reward": 2944.819250629625,
  "max_reward": 3627.8026515086663,
  "best10_mean": 3619.5297450400853,
  "eval_rewards": [
    227.31690439165305,
    350.2433998317718,
    605.429172032433,
    884.8127754303772,
    754.3690104225016,
    977.9069397204054,
    1076.5719239715818,
    1304.7234497856311,
    3054.234320787606,
    3327.09897941125,
    3389.7395025204714,
    3547.8183406523813,
    3587.2059923538973,
    3570.1343558010785,
    3615.1139368482422,
    3588.584323783426,
    3612.8579683748117,
    3436.398002238579,
    3565.6191934913163,
    3217.304389865974,
    3618.1263860942227,
    3594.5067713140124,
    3620.77652768976,
    3625.7511894932286,
    3618.6835536150306,
    3616.197116080634,
    3617.232971703032,
    3627.8026515086663,
    3622.755148993228,
    3511.007859493961,
    2731.8651424312984,
    3116.2176967195164,
    3598.953652438812,
    3360.5547438523417,
    3603.006190367813,
    3272.944141375869,
    3004.5086397767764,
    3327.1389143971915,
    2844.554052985643,
    2421.1530169406856,
    2579.2931913534253,
    3148.527572183876,
    2845.8898145744733,
    2736.694905561701,
    3120.056211867064,
    3542.405321304738,
    3453.901448731439,
    2755.7169707932035
  ],
  "eval_steps": [
    20480,
    40960,
    61440,
    81920,
    102400,
    122880,
    143360,
    163840,
    184320,
    204800,
    225280,
    245760,
    266240,
    286720,
    307200,
    327680,
    348160,
    368640,
    389120,
    409600,
    430080,
    450560,
    471040,
    491520,
    512000,
    532480,
    552960,
    573440,
    593920,
    614400,
    634880,
    655360,
    675840,
    696320,
    716800,
    737280,
    757760,
    778240,
    798720,
    819200,
    839680,
    860160,
    880640,
    901120,
    921600,
    942080,
    962560,
    983040
  ],
  "episode_rewards": [
    2109.6599757886243,
    3640.4933629283505,
    3521.5900125164885,
    1061.4983743619748,
    1831.3286365100666,
    1916.6642839424078,
    1387.6791796251568,
    1118.2684386299045,
    2848.9897202813536,
    2130.195458972543,
    2730.6695496969965,
    2531.4889441814676,
    1384.6707651708125,
    2165.7615390992814,
    1737.5962123006561,
    2204.2054902345844,
    1394.939666403097,
    2001.7009570352725,
    1839.1927137181758,
    1858.3078248692398,
    2362.7034201594456,
    2062.5099287973435,
    3131.5611967039954,
    1613.477652583979,
    2871.924456007947,
    1395.3462552482426,
    1868.6850632951844,
    1434.5990333708087,
    3733.7131904065654,
    2384.9082931395787,
    1960.864144242451,
    1913.9849249828617,
    1616.8129191463613,
    1996.4204951451675,
    3172.562527344593,
    1309.8735557732753,
    3606.6940458722383,
    1838.2283561166832,
    1850.5815794394152,
    1524.3213052302094,
    2892.4996269895655,
    1358.611839057166,
    2290.5730837279452,
    3649.8545193891578,
    2971.134231494005,
    2330.2397909351826,
    1912.3667961894796,
    853.4498410748787,
    872.1811038173034,
    1826.251706327017,
    1385.5823549430734,
    1500.7823605278304,
    916.9468424249094,
    3260.1022116758854,
    2283.0772959981546,
    2129.23422567849,
    951.0842746929108,
    3679.4155920486855,
    954.8331734988953,
    3033.4773807979927,
    2223.33956661618,
    3735.2486195419206,
    1983.6472691849247,
    1528.133232232968,
    1843.0500311725143,
    1633.3503913620063,
    2393.815712059405,
    657.6002636789597,
    2047.7997268428571,
    2023.9905068446064,
    114.08865104580792,
    960.2739774446454,
    887.2203394731633,
    2133.335904029321,
    1337.4184632662173,
    1356.8033896138295,
    2154.544825757171,
    2514.4094855100316,
    1994.1935992465862,
    1210.8051409486923,
    2117.661714204013,
    1055.792406733649,
    3709.9360271679748,
    1750.9482573548273,
    3331.7566337881744,
    3178.5563161244445,
    1088.1913833687734,
    1042.082809884441,
    3710.7795488756997,
    3646.925506599552,
    1082.8236635220226,
    3528.296751117902,
    1582.1562639068754,
    2029.5622642334804,
    3659.3937954064377,
    3302.392085631872,
    2255.7826092553128,
    3757.8405739835757,
    828.8107623412063,
    3686.3708016973765,
    1876.7505253389818,
    1237.296061485841,
    2604.448332765003,
    2183.293203197746,
    1519.0221635489263,
    2424.726949935581,
    3037.4891970729473,
    1122.0480088548102,
    2286.7728293930104,
    1289.9000000374688,
    2403.684402474524,
    3700.952434570059,
    3675.844656551883,
    3666.4905574523955,
    2507.8135465176874,
    3847.208266736931,
    3318.332017860876,
    3372.387088331956,
    1443.6172012094685,
    1937.2009100486482,
    116.8514759679052,
    3708.467555046506,
    2611.9026143761444,
    2188.569305601525,
    3448.0913393047235,
    3703.8401196900018,
    3701.54445543304,
    1825.1547674086744,
    3693.3223446783177,
    3696.4544080984265,
    1117.8086128654518,
    1602.9068589538736,
    114.48902199757184,
    122.07054843652115,
    2527.7219610943143,
    2350.197730111891,
    3816.2411000847674,
    3292.820278489063,
    1346.6820665293658,
    1389.4533999993755,
    3686.20298818192,
    1993.2461672033555,
    122.86305487808262,
    2619.482067021548,
    2154.7794734347526,
    1966.98666881893,
    2519.349050502217,
    3657.2185743514565,
    2337.120519753713,
    3018.360713222375,
    2243.305292961991,
    1692.9690619638766,
    1814.6014773030508,
    2314.3492625491435,
    3747.1533415950153,
    2095.2373881961316,
    3755.0192724497983,
    3018.599579291473,
    2732.612085922765,
    1923.6414296715645,
    2046.7981632244273,
    1642.1196228080523,
    3226.5229173402813,
    1479.175724625932,
    2310.0019179322167,
    1942.6069286686102,
    1956.6312134021657,
    1987.1862245639538,
    2502.2345269555726,
    3726.711586831773,
    2514.4522355309446,
    2388.0854259214807,
    1397.4067336757423,
    1845.8913953744975,
    1370.9700139832373,
    1474.0515655728575,
    1523.0402687638264,
    1170.279493326433,
    1695.3924834846046,
    3289.544383730143,
    3268.5959184210938,
    3757.2027097488226,
    2770.0974060753438,
    2986.2983258499876,
    1011.8988440607923,
    1167.4506808602202,
    1689.0491931937356,
    1335.9519502346466,
    1212.5272451526944,
    2169.485528229871,
    1681.4967141203829,
    3437.7156228283716,
    3757.02013744023,
    2724.5810562939764,
    3038.943278770061,
    948.6956971878267,
    2367.2732292209184,
    1241.9506523512437,
    3402.2064075948433,
    2305.332409403837
  ],
  "elapsed_s": 620.3554890155792
}