{
  "env": "Hopper-v4",
  "agent": "Optimal_PPO",
  "seed": 0,
  "config": {
    "hidden_dim": 256,
    "obs_norm": true,
    "adv_norm": true,
    "lr_anneal": true,
    "eval_mode": "deterministic_mean",
    "n_seeds": 12,
    "total_timesteps": 1000000
  },
  "total_steps": 1001472,
  "final_reward": 2993.34768526154,
  "max_reward": 3462.4727685995704,
  "best10_mean": 3373.127856111597,
  "eval_rewards": [
    202.23782615106484,
    325.84538832423567,
    429.4526388760749,
    438.0377690638672,
    479.56927034586226,
    696.9101165663337,
    923.1219586731277,
    1088.5737314604416,
    986.3842341058802,
    948.2772144871573,
    1905.985597378393,
    1595.570261431455,
    2705.524257348391,
    2547.040972672151,
    3341.6653775451878,
    2896.200275213653,
    3209.9199307723893,
    1832.7207294879165,
    2129.807759199224,
    2092.475510178884,
    1170.9994121034936,
    2075.357929656168,
    3122.5268296109475,
    1050.2644268778838,
    3256.999073284459,
    3390.736116319349,
    3414.9124768189054,
    2951.3300317448247,
    2693.2207487161277,
    3436.817495415244,
    2928.092938653671,
    2909.315245068902,
    2993.9160494898742,
    3240.5661453161456,
    3159.72150167004,
    2909.0218272210063,
    1441.4720382270298,
    1325.6943565294218,
    3462.4727685995704,
    3271.352921212398,
    3204.835266428672,
    3458.0920602641954,
    3457.6641263405136,
    3066.596931804147,
    3168.3503136057748,
    2235.2163043190185,
    2069.517955669218,
    2539.378204371893
  ],
  "eval_steps": [
    20480,
    40960,
    61440,
    81920,
    102400,
    122880,
    143360,
    163840,
    184320,
    204800,
    225280,
    245760,
    266240,
    286720,
    307200,
    327680,
    348160,
    368640,
    389120,
    409600,
    430080,
    450560,
    471040,
    491520,
    512000,
    532480,
    552960,
    573440,
    593920,
    614400,
    634880,
    655360,
    675840,
    696320,
    716800,
    737280,
    757760,
    778240,
    798720,
    819200,
    839680,
    860160,
    880640,
    901120,
    921600,
    942080,
    962560,
    983040
  ],
  "episode_rewards": [
    1651.517965450133,
    3297.452847592787,
    1590.355381783404,
    1484.8582843108197,
    1264.8144631858459,
    1780.6194707318054,
    2933.8733052313128,
    3136.281156442893,
    2514.759170703513,
    1848.823259497764,
    2398.306139559543,
    1017.9953331582558,
    1501.57859288862,
    1274.2431305902367,
    3454.4822765670046,
    1166.2082492973302,
    1256.5714729872216,
    2472.9183461949456,
    2120.036485749861,
    2786.0635426933713,
    2354.029943683339,
    1869.0619559611146,
    1607.4220176076144,
    1850.6032882293716,
    1246.926165848486,
    2427.6681632976142,
    3186.0717544255326,
    2995.9777832865398,
    1101.163966853951,
    2147.9205651899633,
    1266.3761978910188,
    1801.9185626435644,
    1233.8305368114613,
    3276.2177992978777,
    1753.6973436051233,
    3459.379720177603,
    1748.3544640468579,
    966.5814280571354,
    1547.5332281981955,
    1240.9898499265196,
    1546.089892820304,
    3284.9191229569774,
    1431.6637764260029,
    968.4637631260026,
    946.322607173206,
    1254.7631131133342,
    2128.1421625244166,
    1855.6464684687148,
    3415.6339367914657,
    1344.5325273427693,
    2124.934127148465,
    1325.5264556579168,
    1533.2587215765611,
    2107.6484133728486,
    1573.8864323280266,
    2241.9093853503123,
    3445.8274072203358,
    1046.2546107575006,
    3382.9092446422856,
    3284.549311676535,
    3342.319219486789,
    2024.903508774451,
    3448.5258852434586,
    2314.9177645790487,
    1289.6852475257517,
    2991.6221106856833,
    2362.4948342844214,
    1723.993403382222,
    2327.0155790948056,
    935.3603248524868,
    1087.9448332267814,
    1632.9505140914332,
    1270.8188547762538,
    1552.20090676086,
    2412.7381709609217,
    1542.4335655990953,
    1445.2407600182178,
    963.2697338568934,
    628.0293965655766,
    1820.8623400219606,
    3443.9722930810663,
    1842.3570566211604,
    1839.1161445479922,
    3491.585741117498,
    859.256195713159,
    1531.7082732643562,
    1442.1856306656277,
    2061.4417026432634,
    1277.812791414785,
    3462.4204541415434,
    1243.055238085751,
    3424.495343595637,
    1819.594821657889,
    2325.184525659908,
    3555.750916161357,
    3446.8042068309965,
    1562.0615417806046,
    3529.2140978603957,
    1251.4620664542415,
    1253.2601698679746,
    961.4895101840456,
    2191.9606660893705,
    781.1409309646248,
    2113.1519533245123,
    3547.3174658243042,
    3441.1395018021794,
    1757.8350183236723,
    2853.6563424935994,
    1896.8384432885532,
    1836.1469575792635,
    1265.7394914594486,
    1562.0195182198854,
    1275.61095505866,
    1886.0197207594526,
    3562.426361863173,
    1507.637219421533,
    2608.912107236779,
    1820.5265937725064,
    1301.8737462472739,
    2254.102990333042,
    1537.0665962744558,
    2110.9996845203304,
    3486.6384585410956,
    1607.0588558177203,
    1253.432970765224,
    2351.8356671259603,
    2607.2604871744124,
    1532.9153231496014,
    1722.6837649671809,
    1262.6513046951545,
    1673.991763695501,
    2464.9633855503976,
    1222.2918436147736,
    1841.0837327775894,
    2181.3852241975223,
    2934.58354517947,
    1226.6897517640202,
    1748.1311979476204,
    2176.105701691053,
    1798.1149452573957,
    1372.0370074062582,
    2378.9747435803374,
    1330.1972694622643,
    1718.6275769006697,
    2110.9189885969504,
    1511.901014145512,
    1271.207270387499,
    2324.2137112016903,
    2230.3772058152986,
    1244.2454194465363,
    3044.4299453220647,
    2993.1374119923903,
    2145.721764729344,
    1399.7201432990362,
    2417.1143919048736,
    3559.600738880312,
    2412.8746993491354,
    1351.4132741553244,
    1280.833072233567,
    2856.432531951627,
    1625.2758771028864,
    1546.400925037087,
    1270.3802350949184,
    1283.9504851465813,
    2099.03359253805,
    1271.6596748409365,
    2705.5076314299777,
    1017.8678033526572,
    1250.1949354517126,
    1271.4895911597598,
    1281.2017364180647,
    2717.1001799112382,
    2117.0525284603577,
    1837.729363121387,
    1470.2514667675914,
    2391.5692295130502,
    1289.1995641583078,
    2080.750310616543,
    3471.799773224489,
    1854.3616798533067,
    2768.1112863340777,
    1523.039481095616,
    2982.199741370102,
    2488.3065112134086,
    3463.1290525818035,
    3455.7523696314825,
    2503.234095965068,
    2035.7521434363418,
    1175.3647061021566,
    1754.878022294808,
    1508.0359046371175,
    1216.101558882224,
    2710.944056164448,
    1843.6395104428445,
    1452.1645237619978,
    2442.33531012938,
    2913.152114326219,
    3443.162488985356,
    2119.7150706668417,
    1912.8068416341355
  ],
  "elapsed_s": 644.3860950469971
}