{
  "env": "Hopper-v4",
  "agent": "Optimal_PPO",
  "seed": 7,
  "config": {
    "hidden_dim": 256,
    "obs_norm": true,
    "adv_norm": true,
    "lr_anneal": true,
    "eval_mode": "deterministic_mean",
    "n_seeds": 12,
    "total_timesteps": 1000000
  },
  "total_steps": 1001472,
  "final_reward": 3294.618250149529,
  "max_reward": 3721.2973386571416,
  "best10_mean": 3630.0421481327767,
  "eval_rewards": [
    181.02424879134426,
    391.52244057070783,
    465.5221278433834,
    606.6856813508565,
    665.6355262458103,
    721.3202432399564,
    790.1857723953298,
    964.8309981214588,
    926.2666818773148,
    1028.9134197968474,
    1483.8958310763583,
    2716.7320551187945,
    2412.4453405128675,
    2588.3996458775996,
    1272.371903369296,
    3239.667659315003,
    3552.179545419287,
    2974.421105492787,
    3547.2950425217978,
    3625.6870327267397,
    3395.8282738694807,
    2132.620818458146,
    3086.1710949975727,
    3626.994211164063,
    2169.3888508946966,
    3507.1469201478685,
    3616.2304744676976,
    2839.4212492782435,
    3604.2366793904694,
    2574.068306272363,
    2418.3054289395604,
    2567.220183092406,
    2424.5093179579117,
    3016.6359873927695,
    3021.8079940471994,
    2015.4310682062726,
    2058.160142953595,
    1333.469820966501,
    3623.9324248443854,
    3642.189136029587,
    3507.9547354751494,
    3647.096338966944,
    3640.578299661447,
    2561.559217609346,
    3721.2973386571416,
    3172.771112898462,
    3119.220997510372,
    2309.5828998424563
  ],
  "eval_steps": [
    20480,
    40960,
    61440,
    81920,
    102400,
    122880,
    143360,
    163840,
    184320,
    204800,
    225280,
    245760,
    266240,
    286720,
    307200,
    327680,
    348160,
    368640,
    389120,
    409600,
    430080,
    450560,
    471040,
    491520,
    512000,
    532480,
    552960,
    573440,
    593920,
    614400,
    634880,
    655360,
    675840,
    696320,
    716800,
    737280,
    757760,
    778240,
    798720,
    819200,
    839680,
    860160,
    880640,
    901120,
    921600,
    942080,
    962560,
    983040
  ],
  "episode_rewards": [
    1113.1922433588727,
    3648.308081321556,
    3602.5692024084883,
    2132.3492616269837,
    3598.572409117909,
    3603.1985601743036,
    3601.9081007143877,
    3125.9716376405563,
    3640.3572332836297,
    2426.970249802559,
    3657.4025515336316,
    1115.4214790737897,
    3649.6395653436457,
    3641.7297534786912,
    1862.0557601831053,
    3526.9101198510434,
    1466.7460668743386,
    1200.9192928852685,
    3441.1187922853674,
    3792.8900760987826,
    1441.5062334306451,
    1906.5984047373659,
    2334.218993004976,
    2033.8798259965474,
    1435.8265417519767,
    1668.9757134074048,
    3662.267205921261,
    1572.1846625756505,
    2431.202053046844,
    3004.435588043463,
    1704.1023026355306,
    2957.7253803527506,
    1250.615896455061,
    1839.3266164105225,
    1693.2057547887189,
    2222.8922696501027,
    3682.8205809572464,
    1298.6445459686945,
    2297.7072129515705,
    1828.0490214875708,
    3670.9490430458736,
    1639.4375329535278,
    3607.331954044451,
    3702.1693135683404,
    2646.011289918835,
    1747.1572630131873,
    3091.3912452747836,
    1289.8295778722065,
    3631.297708801672,
    2415.2801885734802,
    3619.654096644116,
    3261.368923813364,
    1334.0230549939179,
    1782.2918435710283,
    2074.913345956516,
    3682.0622656557343,
    1091.518750537197,
    1304.5427600636658,
    2835.167509038871,
    2732.2376016176327,
    1365.5334535424238,
    1903.94769807075,
    1664.2157276455941,
    3713.6409736047676,
    2001.036641852196,
    1499.669577252192,
    1117.2201448458843,
    1284.5529076785072,
    2056.171883990726,
    1302.1482161895967,
    2660.2325097525286,
    1910.9025063808308,
    1371.767482247409,
    3386.2533361812752,
    2684.6411538409134,
    2824.1128556285194,
    2581.100615153214,
    1681.9590358477446,
    3105.594680494692,
    2320.1935812964753,
    2122.1918009134665,
    1283.620683514511,
    1285.3626179423363,
    1960.9333581114113,
    1821.5178459657618,
    3523.7671016478125,
    1233.3437858147083,
    2187.0642138303183,
    1383.263039812712,
    2814.9143457477007,
    3230.182116651273,
    3618.309505215986,
    2484.0185788511467,
    2777.729075221455,
    1310.3069476799376,
    1721.9624490011165,
    1145.0419125080114,
    1388.895157189499,
    1799.4028450737082,
    1349.2620472257602,
    2190.349175159734,
    2367.3891877269443,
    1717.4036909336676,
    3688.328377439446,
    1242.0577723902159,
    2035.6481100632157,
    1517.8955260643493,
    3743.449758633451,
    1188.7400158722712,
    2399.071812479896,
    1683.6354468044897,
    1556.5889356474918,
    1435.4760028510593,
    3597.230859675124,
    1592.8682711441277,
    3807.34581870638,
    1177.8722057893176,
    3295.8990206745534,
    3785.1199482023676,
    1756.0631045908608,
    1510.896456519712,
    3677.5712849047695,
    2286.771881267192,
    1022.8844784922608,
    1106.2890212992038,
    3627.638373097617,
    2636.8438383818007,
    2153.096398206038,
    1400.0650718788759,
    1496.843408924127,
    2332.695101369873,
    3632.541322215815,
    1244.30315051709,
    1220.4300913409045,
    1563.5991678671128,
    1373.4142250494012,
    2652.576097418111,
    3421.157764184489,
    1704.2235471253323,
    1331.7611596855704,
    1206.62234830958,
    1331.9897300417617,
    2008.1478308653702,
    2978.133126715166,
    2946.7040055051802,
    2332.978846176159,
    1280.4238018636204,
    1494.0444556213163,
    1852.4771860969777,
    1171.0889374350063,
    1610.314643987657,
    2962.4501095605365,
    2907.1812745862962,
    3487.458171616321,
    1292.4096658857188,
    1841.9144778756834,
    1223.3626436129355,
    1365.1032315360048,
    2704.009351510769,
    1739.047297443542,
    1159.404532458875,
    2468.723869888517,
    1434.6092072838421,
    2597.8028093566213,
    2393.2211766881533,
    1475.1734025926037,
    3044.2354225840786,
    3130.6519737038843,
    1159.620799094974,
    2070.5117641471343,
    2813.4256102184336,
    3615.5293849612995,
    1177.6879444038518,
    1323.4268187687078,
    2584.211167198384,
    3694.925765329882,
    1718.557554622496,
    2524.5515524189846,
    1600.0016807659076,
    1491.3660876146596,
    2098.0934052741977,
    3208.5878169269863,
    1685.028107519927,
    1710.0557694823885,
    1212.105860109208,
    2140.646253595248,
    1974.6186430109162,
    1429.1281277569785,
    3034.39803312094,
    2144.595470204202,
    1356.7150571609193,
    1627.428016551945,
    1286.9227606410177,
    3601.5787453638013,
    1354.2090042715254,
    1438.0938088372623,
    2829.0938904661093,
    1862.5529573959695,
    2650.0677370788158,
    2724.582730045597
  ],
  "elapsed_s": 615.6645488739014
}