{
  "env": "HalfCheetah-v4",
  "variant": "ADVANCE_Base",
  "seed": 42,
  "final_reward": 1072.4923081381771,
  "best_reward": 1137.3084572430057,
  "mean_reward": 450.2434261627822,
  "all_eval_rewards": [
    23.33028708818349,
    -2.8642797377040967,
    43.25842974362945,
    166.8989061723035,
    267.9536157140773,
    177.0250919043526,
    82.41484911573323,
    66.94593567029025,
    201.6706664064591,
    302.32680062097035,
    441.6068893139039,
    283.6783839157584,
    248.2693881511491,
    186.0396980220267,
    368.5089996500908,
    416.36682525950374,
    184.06334140051752,
    399.929623133413,
    459.0781038080093,
    734.5971133433225,
    817.2921030488235,
    728.3275263606096,
    761.2274268346887,
    798.423334983104,
    784.6003965366879,
    898.6129778462486,
    1039.0225002999405,
    1041.1459668715854,
    1137.3084572430057
  ],
  "eval_steps": [
    10240,
    20480,
    30720,
    40960,
    51200,
    61440,
    71680,
    81920,
    92160,
    102400,
    112640,
    122880,
    133120,
    143360,
    153600,
    163840,
    174080,
    184320,
    194560,
    204800,
    215040,
    225280,
    235520,
    245760,
    256000,
    266240,
    276480,
    286720,
    296960
  ],
  "elapsed_s": 100.9
}