{
  "env": "HalfCheetah-v4",
  "variant": "ADVANCE_ImpAB",
  "seed": 123,
  "final_reward": 742.6264848330267,
  "best_reward": 747.7347266416562,
  "mean_reward": 287.25856914233367,
  "all_eval_rewards": [
    -42.01797766371121,
    -249.08172079718742,
    -61.72950216032693,
    -43.76354313036058,
    -95.95160429360146,
    28.78212556653429,
    137.59705164645,
    110.57571307356318,
    239.92189454675037,
    194.48637083666975,
    562.6398366955385,
    496.11072889284276,
    66.17207998008334,
    247.71905518036374,
    86.09063621047486,
    130.72287222577398,
    214.7359315808422,
    115.03235112464945,
    150.835601413502,
    194.57079906554932,
    376.50819885493377,
    509.1159089097256,
    593.6262513770346,
    646.6613690595148,
    745.5238957913299,
    747.7347266416562,
    744.8132048668574,
    738.4519843697093,
    744.6142652625135
  ],
  "eval_steps": [
    10240,
    20480,
    30720,
    40960,
    51200,
    61440,
    71680,
    81920,
    92160,
    102400,
    112640,
    122880,
    133120,
    143360,
    153600,
    163840,
    174080,
    184320,
    194560,
    204800,
    215040,
    225280,
    235520,
    245760,
    256000,
    266240,
    276480,
    286720,
    296960
  ],
  "elapsed_s": 99.8
}