{
  "env": "HalfCheetah-v4",
  "variant": "ADVANCE_ImpB",
  "seed": 456,
  "final_reward": 1118.5519789491793,
  "best_reward": 1136.0928456926054,
  "mean_reward": 364.1299239223087,
  "all_eval_rewards": [
    -10.757942843989099,
    -165.17008478276472,
    83.4801580062987,
    -47.098582213206875,
    81.71909460664949,
    -31.1842414902913,
    10.78076229242637,
    -21.753662145830162,
    -4.074622650639247,
    -33.87825724827261,
    -59.841287518808045,
    -90.52910733897234,
    -6.358630108327508,
    -93.34679202126108,
    20.03333536276883,
    126.03361690535954,
    382.19945572272775,
    478.49285146143694,
    469.13899600677416,
    681.1759184085679,
    709.9468405244459,
    820.700888387647,
    882.1087333430438,
    1022.3701997586035,
    996.0740635782313,
    1003.8501528967975,
    1102.81481984022,
    1116.7482713147124,
    1136.0928456926054
  ],
  "eval_steps": [
    10240,
    20480,
    30720,
    40960,
    51200,
    61440,
    71680,
    81920,
    92160,
    102400,
    112640,
    122880,
    133120,
    143360,
    153600,
    163840,
    174080,
    184320,
    194560,
    204800,
    215040,
    225280,
    235520,
    245760,
    256000,
    266240,
    276480,
    286720,
    296960
  ],
  "elapsed_s": 99.7
}