{
  "env": "HalfCheetah-v4",
  "variant": "ADVANCE_ImpB",
  "seed": 42,
  "final_reward": 669.2219239837232,
  "best_reward": 696.7831066523656,
  "mean_reward": 247.08307309313076,
  "all_eval_rewards": [
    123.10704470547418,
    1.0975449931884387,
    -29.961894036188433,
    -33.375435792726144,
    448.12524688481824,
    387.5541698508997,
    251.30472850552215,
    263.9897891711219,
    159.41472083860657,
    106.68963503079333,
    54.434959930574735,
    25.375848015261862,
    32.72874208945437,
    66.91407974167917,
    12.1583996496875,
    87.42454324389337,
    32.003654733824064,
    -37.06291745946891,
    41.866247699590815,
    25.03593799960634,
    302.58131388960095,
    471.48848654990286,
    510.53757236657947,
    559.8736255489684,
    624.554029335782,
    669.8832742631756,
    696.7831066523656,
    687.2824878876916,
    623.6001774111122
  ],
  "eval_steps": [
    10240,
    20480,
    30720,
    40960,
    51200,
    61440,
    71680,
    81920,
    92160,
    102400,
    112640,
    122880,
    133120,
    143360,
    153600,
    163840,
    174080,
    184320,
    194560,
    204800,
    215040,
    225280,
    235520,
    245760,
    256000,
    266240,
    276480,
    286720,
    296960
  ],
  "elapsed_s": 103.6
}