{
  "env": "HalfCheetah-v4",
  "variant": "ADVANCE_ImpBC",
  "seed": 123,
  "final_reward": 1018.863950554348,
  "best_reward": 1033.8059386280722,
  "mean_reward": 443.1767850647622,
  "all_eval_rewards": [
    -35.82557429054954,
    -282.20289925673035,
    416.19300990830044,
    362.97169853474367,
    205.82085591475598,
    -152.90429366625003,
    113.07199446070251,
    195.75179154756182,
    211.70483149293494,
    364.1073247061337,
    372.59336883056466,
    421.6607624767663,
    530.1775376226448,
    -3.83751643554709,
    55.173072362665735,
    227.71322206014526,
    363.8623443541496,
    448.1485592572455,
    499.7304609303007,
    553.0354802170339,
    760.2419242200298,
    734.819274510435,
    748.50409882525,
    846.6052919522459,
    891.6556485837302,
    946.7626460957952,
    1005.8645078268879,
    1016.9214052080839,
    1033.8059386280722
  ],
  "eval_steps": [
    10240,
    20480,
    30720,
    40960,
    51200,
    61440,
    71680,
    81920,
    92160,
    102400,
    112640,
    122880,
    133120,
    143360,
    153600,
    163840,
    174080,
    184320,
    194560,
    204800,
    215040,
    225280,
    235520,
    245760,
    256000,
    266240,
    276480,
    286720,
    296960
  ],
  "elapsed_s": 101.2
}