{
  "env": "HalfCheetah-v4",
  "variant": "ADVANCE_ImpA",
  "seed": 123,
  "final_reward": 768.421353660215,
  "best_reward": 790.7925675327007,
  "mean_reward": 257.20533265846007,
  "all_eval_rewards": [
    -1.4786385395543475,
    118.0218329376147,
    54.459241128996624,
    22.338179400853146,
    28.22292365067715,
    74.10507316106435,
    29.412747431187466,
    224.1305651119967,
    59.05216972446688,
    33.61447501443797,
    38.08985209408683,
    84.3622834570355,
    71.97804199043743,
    77.54766641415804,
    137.37971899645672,
    130.03121758676673,
    171.49533444617683,
    215.2237704187849,
    217.01781260839886,
    306.57443435130256,
    334.67250532567834,
    381.0536531835113,
    486.5434717199772,
    528.9183631471052,
    664.1014118366307,
    666.8224795164483,
    739.0857742248361,
    790.7925675327007,
    775.3857192231078
  ],
  "eval_steps": [
    10240,
    20480,
    30720,
    40960,
    51200,
    61440,
    71680,
    81920,
    92160,
    102400,
    112640,
    122880,
    133120,
    143360,
    153600,
    163840,
    174080,
    184320,
    194560,
    204800,
    215040,
    225280,
    235520,
    245760,
    256000,
    266240,
    276480,
    286720,
    296960
  ],
  "elapsed_s": 101.8
}