{
  "env": "HalfCheetah-v4",
  "agent": "Optimal_HCGAE_SCR",
  "seed": 3,
  "total_steps": 501760,
  "final_reward": 1266.701788247698,
  "eval_rewards": [
    -710.5057257883191,
    -647.9108812779339,
    -523.0661397358317,
    -456.1942073888078,
    -462.550867504597,
    -349.99206963807933,
    -335.69139630143667,
    -305.1217651970696,
    -224.06125489273032,
    -128.17078717316866,
    -77.28663706122096,
    20.140526221810056,
    166.01778150055506,
    220.48821889215984,
    324.562879275835,
    396.0072844872747,
    471.3837708629262,
    532.1052721454565,
    602.6963832460563,
    684.0567288165321,
    747.3708076016708,
    777.983708691396,
    815.3587031289261,
    885.2106784893724,
    909.7053194420671,
    945.1198634220287,
    982.6921912074051,
    962.2735703747354,
    1058.407203454768,
    1059.2569113433924,
    1103.452546539753,
    1116.5577160134549,
    1129.016203510452,
    1165.6912775012224,
    1161.0762441067625,
    1197.1168218229618,
    1197.3530141393417,
    1207.9786062825951,
    1208.901320671634,
    1220.4557110876367,
    1228.7316423266434,
    1174.4378989888269,
    1237.1671809685404,
    1247.757369422187,
    1246.5229249574909,
    1269.280416143993,
    1271.0211479929021,
    1258.0917344203165,
    1288.5927177237884
  ],
  "eval_steps": [
    10240,
    20480,
    30720,
    40960,
    51200,
    61440,
    71680,
    81920,
    92160,
    102400,
    112640,
    122880,
    133120,
    143360,
    153600,
    163840,
    174080,
    184320,
    194560,
    204800,
    215040,
    225280,
    235520,
    245760,
    256000,
    266240,
    276480,
    286720,
    296960,
    307200,
    317440,
    327680,
    337920,
    348160,
    358400,
    368640,
    378880,
    389120,
    399360,
    409600,
    419840,
    430080,
    440320,
    450560,
    460800,
    471040,
    481280,
    491520,
    501760
  ],
  "episode_rewards": [
    -646.8135306524504,
    -630.3672604564296,
    -714.2227568251891,
    -593.1550861494115,
    -772.7672119483489,
    -849.5125664858356,
    -682.1876671646525,
    -705.3868138592715,
    -567.8095188733836,
    -549.0542238974074,
    -715.6319468467957,
    -615.5176928230067,
    -685.064840654773,
    -598.9119910147049,
    -563.3572226013798,
    -691.3918545770365,
    -681.1373620777794,
    -699.8723824323623,
    -686.6760752561912,
    -539.7761855363632,
    -610.5960994338917,
    -565.8607540139936,
    -584.8681558839735,
    -464.65952471149427,
    -514.5308407578066,
    -539.6406094746337,
    -491.8921627234212,
    -594.0270938411444,
    -728.2299852024107,
    -559.0665917573663,
    -557.9025601653786,
    -513.7464121873124,
    -608.399462230187,
    -532.7386562529516,
    -471.90229579676765,
    -593.7417735791213,
    -501.2235211478508,
    -517.1965129019534,
    -504.71489269462063,
    -533.5830649481204,
    -515.4645150043335,
    -323.2819544676931,
    -445.5263503772862,
    -527.7993495304606,
    -557.6281377033787,
    -468.7404176963721,
    -426.18874549881457,
    -335.8484845136278,
    -411.31009021228226,
    -364.71184149625014,
    -396.4923590890328,
    -446.8685189056966,
    -423.2277400013585,
    -434.3005914943413,
    -398.8770542008673,
    -383.81545092848495,
    -452.94296760194845,
    -432.83941782718506,
    -411.0530623247226,
    -388.92127944663605,
    -362.55059242004165,
    -325.1549355717406,
    -340.1363820890215,
    -518.1719479023576,
    -340.52280025237627,
    -405.2994221940123,
    -378.74458820949343,
    -410.6465988048557,
    -324.33312820340944,
    -342.18692595351786,
    -511.81593008430826,
    -279.86786926627224,
    -375.9446351615562,
    -249.19472217680186,
    -219.98551532667355,
    -232.16014090902445,
    -274.88005321596665,
    -337.9954018325294,
    -272.09184181741267,
    -337.3268944649214,
    -288.62890216622543,
    -406.2069636545027,
    -256.33728068585845,
    -235.94225900942328,
    -323.3833365367719,
    -239.18666283653226,
    -385.7543924574896,
    -241.2401253018531,
    -249.72100018062946,
    -234.39706123729138,
    -228.373314652401,
    -148.76854612561766,
    -192.50209277251162,
    -230.90295869134243,
    -136.7253584098845,
    -333.97940410471944,
    -117.68121973594214,
    -241.59110881605747,
    -148.72488828785364,
    -206.5345678022677,
    -193.86017847515072,
    -141.93802608832132,
    -91.28169406329962,
    -149.7004040538564,
    -100.84071023133802,
    -57.83415180148493,
    -277.6226721526864,
    -124.54990865266521,
    -108.20708347013591,
    -74.40818735010079,
    -9.003307736087956,
    -104.11946216768874,
    20.022424106870993,
    -110.17672370606978,
    -27.061801161035422,
    -32.30338622161113,
    -105.04659030625822,
    17.701827799878675,
    -121.01401904749277,
    41.20668760616533,
    82.56588785271099,
    -12.802563125606824,
    8.443555165447622,
    102.43503408983618,
    112.4988658112364,
    177.43213013476918,
    78.89907129714872,
    100.60128753009833,
    -288.36298870932643,
    172.74136867611966,
    163.91063915391067,
    167.33004499408258,
    143.9979722634013,
    203.99611065590412,
    208.5854481245659,
    87.61965429978606,
    -30.089573925729653,
    169.11505075855692,
    212.16322106069566,
    226.73432733209705,
    167.24127361585877,
    194.84558129315218,
    313.29511592349957,
    279.1742055711838,
    264.5585139417804,
    247.54101676545622,
    229.82311009821817,
    302.4490308595902,
    204.20480351097007,
    331.96435695831565,
    338.0617541394704,
    364.9997551452926,
    340.28188502515746,
    338.2653346570192,
    434.70658023096416,
    291.89830121786576,
    422.8754197748086,
    368.7279921615513,
    430.0978734275237,
    472.1474100397987,
    434.94728687437856,
    409.6258452081271,
    285.30753303708167,
    247.34649505022114,
    404.84234741907824,
    427.4083358449146,
    514.7129191669678,
    448.77330958495816,
    461.11372133722006,
    455.8975652317261,
    424.30266524221105,
    563.9504546175001,
    498.42395428183187,
    552.1919964552849,
    527.3318864587154,
    380.66776773084024,
    570.4202097842258,
    525.5199323422332,
    472.0105116366707,
    562.0676925605904,
    551.4655047416161,
    660.5884750714524,
    539.417118444535,
    271.6561486322473,
    480.60720160870807,
    595.6332560317021,
    208.26246102696726,
    282.1520713732327,
    667.3938436588564,
    482.06373590403007,
    623.9776978233461,
    597.3015879952499,
    624.0668947307735,
    547.9920293403894,
    666.6739815876642,
    546.3200182336084,
    424.1477794779413,
    318.23012385016665,
    685.1131183964102,
    675.1525128554658,
    649.6424249097256,
    686.1429603173502,
    694.1930126824992,
    650.7268491350258,
    700.5909852256577,
    712.0776708463171,
    725.347044437206,
    722.8973792878157,
    729.8369315879238,
    747.7162227320956,
    755.9919321534643,
    779.5510496287764,
    754.277983648133,
    721.497941776144,
    774.0653000725763,
    610.8204701510845,
    754.4015167561174,
    680.9886408433165,
    762.1558429210999,
    835.1941754152814,
    761.0276463863098,
    783.0765041336815,
    802.7970267899377,
    818.8363618294746,
    648.8789491221725,
    795.7312892046739,
    857.6941631058837,
    781.6590368086335,
    838.4151651139864,
    826.4261517403446,
    880.0620816838035,
    822.518551316262,
    849.3130634070538,
    830.6171801290268,
    876.8972509915355,
    825.149480932288,
    898.3852752360668,
    938.5917646285096,
    882.148216991395,
    852.8869633782095,
    933.3469887116297,
    819.72734158147,
    918.3905230720898,
    905.7506078665722,
    884.1884701458198,
    919.3611170311921,
    866.9076302754507,
    889.6236257945695,
    944.4688592489638,
    955.6322813522536,
    894.4981939368414,
    915.0514523572206,
    898.9766998787267,
    890.5786952532125,
    949.248173652269,
